,diff,commit_id,summary,commit_time,files
0,"@@ -3,3 +3,4 @@ target
 .project
 .classpath
 bin
",80,,,
1,"@@ -1,5 +1,5 @@
 /*
  * JBoss, Home of Professional Open Source.
  * See the COPYRIGHT.txt file distributed with this work for information
  * regarding copyright ownership.  Some portions may be licensed
  * to Red Hat, Inc. under one or more contributor license agreements.
@@ -1099,9 +1099,15 @@ public ModelNode wrap(SessionMetadata session, ModelNode node) {
 			if (session.getApplicationName() != null) {
 				node.get(APPLICATION_NAME).set(session.getApplicationName());
 			}
 			node.get(CREATED_TIME).set(session.getCreatedTime());
 			node.get(CLIENT_HOST_NAME).set(session.getClientHostName());
 			node.get(IP_ADDRESS).set(session.getIPAddress());
 			node.get(LAST_PING_TIME).set(session.getLastPingTime());
 			node.get(SESSION_ID).set(session.getSessionId());
 			node.get(USER_NAME).set(session.getUserName());
@@ -1126,8 +1132,15 @@ public SessionMetadata unwrap(ModelNode node) {
 				session.setApplicationName(node.get(APPLICATION_NAME).asString());
 			}
 			session.setCreatedTime(node.get(CREATED_TIME).asLong());
 			session.setClientHostName(node.get(CLIENT_HOST_NAME).asString());
 			session.setIPAddress(node.get(IP_ADDRESS).asString());
 			session.setLastPingTime(node.get(LAST_PING_TIME).asLong());
 			session.setSessionId(node.get(SESSION_ID).asString());
 			session.setUserName(node.get(USER_NAME).asString());
",73,,,
2,"@@ -29,6 +29,7 @@
 import java.util.Collection;
 import java.util.LinkedList;
 import java.util.List;
 import java.util.concurrent.ConcurrentHashMap;
 import java.util.concurrent.ConcurrentMap;
 
@@ -53,14 +54,25 @@
 import org.teiid.dqp.internal.process.DQPCore;
 import org.teiid.dqp.internal.process.DQPWorkContext;
 import org.teiid.dqp.service.SessionServiceException;
 import org.teiid.logging.LogConstants;
 import org.teiid.logging.LogManager;
 import org.teiid.logging.MessageLevel;
 import org.teiid.net.ConnectionException;
 import org.teiid.net.socket.AuthenticationType;
 import org.teiid.security.SecurityHelper;
 import org.teiid.services.SessionServiceImpl;
 import org.teiid.transport.*;
 
 public class TransportService implements Service<ClientServiceRegistry>, ClientServiceRegistry {
 	private enum Protocol {teiid, pg};
@@ -161,7 +173,26 @@ public ClassLoader getCallerClassloader() {
     		}
     		else if (protocol == Protocol.pg) {
         		getVdbRepository().odbcEnabled();
         		ODBCSocketListener odbc = new ODBCSocketListener(address, this.socketConfig, this.csr, getBufferManagerInjector().getValue(), getMaxODBCLobSizeAllowed(), this.logon);
         		odbc.setAuthenticationType(this.sessionService.getAuthenticationType());
         		this.socketListener = odbc;
     	    	LogManager.logInfo(LogConstants.CTX_RUNTIME, IntegrationPlugin.Util.gs(IntegrationPlugin.Event.TEIID50037, address.getHostName(), String.valueOf(address.getPort()), (sslEnabled?""ON"":""OFF""), authenticationDomains)); //$NON-NLS-1$ //$NON-NLS-2$
",63,,,
3,"@@ -38,11 +38,11 @@ public class ODBCSocketListener extends SocketListener {
 	private TeiidDriver driver;
 	private ILogon logonService;
 	
 	public ODBCSocketListener(InetSocketAddress address, SocketConfiguration config, final ClientServiceRegistryImpl csr, StorageManager storageManager, int maxLobSize, ILogon logon) {
 		//the clientserviceregistry isn't actually used by ODBC 
 		super(address, config, csr, storageManager);
 		this.maxLobSize = maxLobSize;
 		this.driver = new TeiidDriver();
 		this.logonService = logon;
 	}
 	
",81,,,
4,"@@ -128,13 +128,13 @@ public void start() throws Exception {
 			addr = new InetSocketAddress(0);
 			config.setBindAddress(addr.getHostName());
 			config.setPortNumber(addr.getPort());
 			odbcTransport = new ODBCSocketListener(addr, config, Mockito.mock(ClientServiceRegistryImpl.class), BufferManagerFactory.getStandaloneBufferManager(), 100000, Mockito.mock(ILogon.class));
 			odbcTransport.setMaxBufferSize(1000); //set to a small size to ensure buffering over the limit works
 			FakeServer server = new FakeServer(true);
 			server.setUseCallingThread(false);
 			server.deployVDB(""parts"", UnitTestUtil.getTestDataPath() + ""/PartsSupplier.vdb"");
 			
 			odbcTransport.setDriver(server.getDriver());
 		}
 		
 		public void stop() {
",82,,,
5,"@@ -31,8 +31,12 @@
 import java.security.KeyStore;
 import java.security.KeyStoreException;
 import java.security.NoSuchAlgorithmException;
 import java.security.cert.CertificateException;
 import java.util.Arrays;
 import java.util.Properties;
 import java.util.logging.Logger;
 
@@ -42,6 +46,7 @@
 import javax.net.ssl.SSLSocket;
 import javax.net.ssl.TrustManager;
 import javax.net.ssl.TrustManagerFactory;
 
 import org.teiid.core.util.PropertiesUtils;
 import org.teiid.jdbc.JDBCPlugin;
@@ -64,6 +69,7 @@ public class SocketUtil {
     static final String KEYSTORE_PASSWORD = ""org.teiid.ssl.keyStorePassword""; //$NON-NLS-1$
     static final String KEYSTORE_FILENAME = ""org.teiid.ssl.keyStore""; //$NON-NLS-1$
     public static final String ALLOW_ANON = ""org.teiid.ssl.allowAnon""; //$NON-NLS-1$
     
     static final String DEFAULT_KEYSTORE_TYPE = ""JKS""; //$NON-NLS-1$
     
@@ -98,7 +104,8 @@ public static SSLSocketFactory getSSLSocketFactory(Properties props) throws IOEx
         String keystoreProtocol = props.getProperty(PROTOCOL, DEFAULT_PROTOCOL); 
         String keystoreAlgorithm = props.getProperty(KEYSTORE_ALGORITHM); 
         String truststore = props.getProperty(TRUSTSTORE_FILENAME, keystore); 
         String truststorePassword = props.getProperty(TRUSTSTORE_PASSWORD, keystorePassword); 
         
         boolean anon = PropertiesUtils.getBooleanProperty(props, ALLOW_ANON, true);
         
@@ -110,10 +117,10 @@ public static SSLSocketFactory getSSLSocketFactory(Properties props) throws IOEx
         // 3) else = javax properties; this is default way to define the SSL anywhere.
         if (keystore != null) {
             // 2 way SSL
             result = getClientSSLContext(keystore, keystorePassword, truststore, truststorePassword, keystoreAlgorithm, keystoreType, keystoreProtocol);
         } else  if(truststore != null) {
             // One way SSL with custom properties defined
             result = getClientSSLContext(null, null, truststore, truststorePassword, keystoreAlgorithm, keystoreType, keystoreProtocol);
         } else {
         	result = SSLContext.getDefault();
         }
@@ -130,8 +137,9 @@ static SSLContext getClientSSLContext(String keystore,
                                             String truststorePassword,
                                             String algorithm,
                                             String keystoreType,
                                             String protocol) throws IOException, GeneralSecurityException {
         return getSSLContext(keystore, password, truststore, truststorePassword, algorithm, keystoreType, protocol);
     }
     
     public static boolean addCipherSuite(SSLSocket engine, String cipherSuite) {
@@ -151,7 +159,7 @@ public static boolean addCipherSuite(SSLSocket engine, String cipherSuite) {
     }
 
     public static SSLContext getAnonSSLContext() throws IOException, GeneralSecurityException {
         return getSSLContext(null, null, null, null, null, null, DEFAULT_PROTOCOL);
     }
     
     public static SSLContext getSSLContext(String keystore,
@@ -160,7 +168,8 @@ public static SSLContext getSSLContext(String keystore,
                                             String truststorePassword,
                                             String algorithm,
                                             String keystoreType,
                                             String protocol) throws IOException, GeneralSecurityException {
         
     	if (algorithm == null) {
     		algorithm = KeyManagerFactory.getDefaultAlgorithm();
@@ -170,9 +179,22 @@ public static SSLContext getSSLContext(String keystore,
         if (keystore != null) {
             KeyStore ks = loadKeyStore(keystore, password, keystoreType);
             if (ks != null) {
                 KeyManagerFactory kmf = KeyManagerFactory.getInstance(algorithm);
                 kmf.init(ks, password.toCharArray());
                 keyManagers = kmf.getKeyManagers();
             }
         }
         
@@ -225,4 +247,43 @@ public static KeyStore loadKeyStore(String name, String password, String type) t
         return ks;
     }
 
 }
",9,,,
6,"@@ -174,4 +174,5 @@ unexpected_element=Unexpected Element {0} encountered, expecting one of {1}
 ambigious_gss_selection=Either configure ""java.security.krb5.conf"" property or combination of ""java.security.krb5.realm"" and ""java.security.krb5.kdc"" properties. Not both.
 no_gss_selection=No KRB5 configuration found. Either configure ""java.security.krb5.conf"" property or combination of ""java.security.krb5.realm"" and ""java.security.krb5.kdc"" properties.
 TEIID20029={0} value outside of 32-bit value range.  Please set the system property org.teiid.longDatesTimes to true to avoid this error.
 TEIID20030=The position cannot be set by a blocking call in asynch mode as the results have not yet been formed. 
\ No newline at end of file
\ No newline at end of file
",83,,,
7,"@@ -36,6 +36,12 @@ org.teiid.ssl.keyStoreType=JKS
 
 #org.teiid.ssl.keyStorePassword=
 
 #
 # The classpath or filesystem location of the
 # trust store.
",84,,,
8,"@@ -122,6 +122,7 @@ enum Element {
 	SSL_ENABLED_CIPHER_SUITES_ATTRIBUTE(""enabled-cipher-suites"", ""enabled-cipher-suites"", ModelType.STRING, false, null),
 	SSL_KETSTORE_ELEMENT(""keystore""),
 	SSL_KETSTORE_NAME_ATTRIBUTE(""name"", ""keystore-name"", ModelType.STRING, false, null),
 	SSL_KETSTORE_PASSWORD_ATTRIBUTE(""password"", ""keystore-password"", ModelType.EXPRESSION, false, null),
 	SSL_KETSTORE_TYPE_ATTRIBUTE(""type"", ""keystore-type"", ModelType.STRING, false, ""JKS""),
 	SSL_TRUSTSTORE_ELEMENT(""truststore""),
",85,,,
9,"@@ -168,6 +168,7 @@ private void writeTransportConfiguration( XMLExtendedStreamWriter writer, ModelN
 				writeAttribute(writer, Element.SSL_KETSTORE_NAME_ATTRIBUTE, node);
 				writeAttribute(writer, Element.SSL_KETSTORE_PASSWORD_ATTRIBUTE, node);
 				writeAttribute(writer, Element.SSL_KETSTORE_TYPE_ATTRIBUTE, node);
 				writer.writeEndElement();
 			}
 			
@@ -543,6 +544,10 @@ private ModelNode parseKeystore(XMLExtendedStreamReader reader, ModelNode node)
     				node.get(element.getModelName()).set(attrValue);
     				break;
 
     			default:
     				throw ParseUtils.unexpectedAttribute(reader, i);    			
     			}
",86,,,
10,"@@ -91,7 +91,8 @@ class TransportAdd extends AbstractAddStepHandler implements DescriptionProvider
 		Element.SSL_KETSTORE_PASSWORD_ATTRIBUTE,
 		Element.SSL_KETSTORE_TYPE_ATTRIBUTE,
 		Element.SSL_TRUSTSTORE_NAME_ATTRIBUTE,
 		Element.SSL_TRUSTSTORE_PASSWORD_ATTRIBUTE
 		
 	};
 	
@@ -266,6 +267,10 @@ private SocketConfiguration buildSocketConfiguration(final OperationContext cont
     		ssl.setKeystoreFilename(Element.SSL_KETSTORE_NAME_ATTRIBUTE.asString(node, context));
     	}	
     	
     	if (Element.SSL_ENABLED_CIPHER_SUITES_ATTRIBUTE.isDefined(node)) {
     		ssl.setEnabledCipherSuites(Element.SSL_ENABLED_CIPHER_SUITES_ATTRIBUTE.asString(node, context));
     	}
",63,,,
11,"@@ -160,6 +160,7 @@ ssl-ssl-protocol.describe=SSL protocol used
 ssl-keymanagement-algorithm.describe=Use key management algorithm
 enabled-cipher-suites.describe=Cipher suites that are allowed to be used for SSL. Use to restrict encryption strength(128 bit, 256 bit). Only provide encryption suites that are supported by both client and server JVM. ex:SSL_RSA_WITH_RC4_128_MD5, SSL_RSA_WITH_RC4_128_SHA, SSL_RSA_WITH_3DES_EDE_CBC_SHA, SSL_DHE_DSS_WITH_3DES_EDE_CBC_SHA, SSL_DHE_RSA_WITH_3DES_EDE_CBC_SHA, TLS_DHE_RSA_WITH_AES_128_CBC_SHA, TLS_DHE_DSS_WITH_AES_128_CBC_SHA, TLS_KRB5_WITH_RC4_128_MD5, TLS_KRB5_WITH_RC4_128_SHA, TLS_RSA_WITH_AES_128_CBC_SHA, TLS_KRB5_WITH_3DES_EDE_CBC_MD5, TLS_KRB5_WITH_3DES_EDE_CBC_SHA, TLS_DHE_RSA_WITH_AES_256_CBC_SHA, TLS_DHE_DSS_WITH_AES_256_CBC_SHA, TLS_RSA_WITH_AES_256_CBC_SHA
 keystore-name.describe=Keystore File Name
 keystore-password.describe=Keystore password
 keystore-type.describe=Keystore type
 truststore-name.describe=Truststore Name
",87,,,
12,"@@ -321,6 +321,11 @@
                                         <xs:documentation>Keystore Type</xs:documentation>
                                     </xs:annotation>                    
                                 </xs:attribute>
                             </xs:complexType>                        
                         </xs:element>
                         <xs:element name=""truststore"" minOccurs=""0"" maxOccurs=""1"">
",88,,,
13,"@@ -109,5 +109,10 @@
         ""type"" => EXPRESSION,
         ""description"" => ""Truststore Password"",
         ""required"" => false
     }
 }}
\ No newline at end of file
",89,,,
14,"@@ -60,6 +60,7 @@ public class SSLConfiguration {
     private String trustStorePassword = """"; //$NON-NLS-1$
     private String authenticationMode = ONEWAY;
     private String[] enabledCipherSuites;
     
 
 	public SSLEngine getServerSSLEngine() throws IOException, GeneralSecurityException {
@@ -79,7 +80,8 @@ public SSLEngine getServerSSLEngine() throws IOException, GeneralSecurityExcepti
                                     trustStorePassword,
                                     keyManagerFactoryAlgorithm,
                                     keyStoreType,
                                     sslProtocol);
         } 
 
         SSLEngine result = context.createSSLEngine();
@@ -157,4 +159,8 @@ public void setEnabledCipherSuites(String enabledCipherSuites) {
 	public String[] getEnabledCipherSuitesAsArray() {
 		return enabledCipherSuites;
 	}
 }
",90,,,
15,"@@ -363,5 +363,11 @@ public void undeploy(final DeploymentUnit deploymentUnit) {
         if (controller != null) {
             controller.setMode(ServiceController.Mode.REMOVE);
         }
 	}
 }
",91,,,
16,"@@ -259,10 +259,6 @@ private ServiceBuilder<Void> addVDBFinishedService(StartContext context) {
 
 	@Override
 	public void stop(StopContext context) {
 		ServiceController<?> switchSvc = context.getController().getServiceContainer().getService(TeiidServiceNames.vdbSwitchServiceName(vdb.getName(), vdb.getVersion()));
         if (switchSvc != null) {
             switchSvc.setMode(ServiceController.Mode.REMOVE);
         }
 		// stop object replication
 		if (this.objectReplicatorInjector.getValue() != null) {
 			GlobalTableStore gts = vdb.getAttachment(GlobalTableStore.class);
",92,,,
17,"@@ -33,6 +33,7 @@
 import org.teiid.adminapi.VDBImport;
 import org.teiid.adminapi.impl.DataPolicyMetadata;
 import org.teiid.adminapi.impl.ModelMetaData;
 import org.teiid.adminapi.impl.VDBMetaData;
 import org.teiid.core.CoreConstants;
 import org.teiid.dqp.internal.datamgr.ConnectorManager;
@@ -130,7 +131,7 @@ private void buildCompositeState(VDBRepository vdbRepository) throws VirtualData
 		newMergedVDB.addAttchment(ConnectorManagerRepository.class, mergedRepo);
 		this.children = new LinkedHashMap<VDBKey, CompositeVDB>();
 		newMergedVDB.setImportedModels(new TreeSet<String>(String.CASE_INSENSITIVE_ORDER));
 		for (VDBImport vdbImport : vdb.getVDBImports()) {
 			CompositeVDB importedVDB = vdbRepository.getCompositeVDB(new VDBKey(vdbImport.getName(), vdbImport.getVersion()));
 			if (importedVDB == null) {
 				throw new VirtualDatabaseException(RuntimePlugin.Event.TEIID40083, RuntimePlugin.Util.gs(RuntimePlugin.Event.TEIID40083, vdb.getName(), vdb.getVersion(), vdbImport.getName(), vdbImport.getVersion()));
@@ -162,6 +163,7 @@ private void buildCompositeState(VDBRepository vdbRepository) throws VirtualData
 					throw new VirtualDatabaseException(RuntimePlugin.Event.TEIID40086, RuntimePlugin.Util.gs(RuntimePlugin.Event.TEIID40086, vdb.getName(), vdb.getVersion(), vdbImport.getName(), vdbImport.getVersion(), entry.getKey()));
 				}
 			}
 		}
 		this.mergedVDB = newMergedVDB;
 	}
",93,,,
258,"@@ -18,12 +18,22 @@
               <groupId>org.infinispan</groupId>
               <artifactId>infinispan-client-hotrod</artifactId>
               <version>${version.org.infinispan.6}</version>
             </dependency>      
             <dependency>
                 <groupId>org.infinispan</groupId>
                 <artifactId>infinispan-commons</artifactId>
                 <version>${version.org.infinispan.6}</version>
             </dependency> 
              <dependency>
                 <groupId>org.infinispan</groupId>
                 <artifactId>infinispan-remote-query-client</artifactId>
@@ -43,9 +53,26 @@
     </dependencyManagement>
     
     <dependencies>
         <dependency>
             <groupId>org.jboss.teiid.connectors</groupId>
             <artifactId>translator-infinispan-dsl</artifactId>
         </dependency>
         <dependency>
             <groupId>org.jboss.teiid</groupId>
@@ -62,11 +89,20 @@
         <dependency>
             <groupId>org.infinispan</groupId>
             <artifactId>infinispan-client-hotrod</artifactId>
         </dependency>     
         <dependency>
             <groupId>org.infinispan</groupId>
             <artifactId>infinispan-commons</artifactId>
         </dependency> 
         <dependency>
           <groupId>org.infinispan</groupId>
           <artifactId>infinispan-remote-query-client</artifactId>
@@ -78,7 +114,11 @@
         <dependency>
             <groupId>org.infinispan.protostream</groupId>
             <artifactId>protostream</artifactId>
         </dependency>            
         <dependency>
             <groupId>org.jboss.modules</groupId>
             <artifactId>jboss-modules</artifactId>
",293,,,
259,"@@ -1,5 +1,5 @@
 /*
  * JBoss, Home of Professional Open Source.
  * See the COPYRIGHT.txt file distributed with this work for information
  * regarding copyright ownership.  Some portions may be licensed
  * to Red Hat, Inc. under one or more contributor license agreements.
@@ -19,7 +19,7 @@
  * Foundation, Inc., 51 Franklin Street, Fifth Floor, Boston, MA
  * 02110-1301 USA.
  */
 package org.teiid.resource.adapter.infinispan.dsl.base;
 
 import java.util.Collections;
 import java.util.HashMap;
@@ -73,6 +73,8 @@ private enum CACHE_TYPE {
 	private String messageMarshallers = null;
 	private String messageDescriptor = null;
 	
 	private RemoteCacheManager cacheContainer = null;
 	private String stagingCacheName;
 	private String aliasCacheName;
@@ -89,16 +91,22 @@ private enum CACHE_TYPE {
 	public BasicConnectionFactory<InfinispanConnectionImpl> createConnectionFactory()
 			throws ResourceException {
 		
 		if (protobufDefFile == null) {
 			throw new InvalidPropertyException(InfinispanPlugin.Util.gs(InfinispanPlugin.Event.TEIID25030));
 		}
 
 		if (messageMarshallers == null) {
 			throw new InvalidPropertyException(InfinispanPlugin.Util.gs(InfinispanPlugin.Event.TEIID25029));
 		}
 		
 		if (messageDescriptor == null) {
 			throw new InvalidPropertyException(InfinispanPlugin.Util.gs(InfinispanPlugin.Event.TEIID25020));
 		}
 		
 		if (this.cacheTypes == null) {
@@ -246,7 +254,7 @@ public String getMessageMarshallers() {
 	}
 
 	/**
 	 * Set the Protobin Marshallers classname[,classname,..]
 	 * 
 	 * @param messageMarshallers
 	 *            the class names of the marshallers to use
@@ -445,12 +453,12 @@ protected ClassLoader getClassLoader() {
 	
 	protected Class<?> loadClass(String className) throws ResourceException {
 		try {
 			return Class.forName(className, true, getClassLoader());
 		} catch (ClassNotFoundException e) {
 			throw new ResourceException(e);
 		}
 	}
 
 	@SuppressWarnings(""rawtypes"")
 	protected synchronized ClassLoader loadClasses() throws ResourceException {
 
@@ -474,8 +482,10 @@ protected synchronized ClassLoader loadClasses() throws ResourceException {
 				throw new ResourceException(e);
 			}
 
 		} else {
 			cl = this.getClass().getClassLoader();
 		}
 		
 			
@@ -496,6 +506,9 @@ protected synchronized ClassLoader loadClasses() throws ResourceException {
 		setCacheName(cn);
 		String className = cacheClassparm.get(1);
 		cacheTypeClass = loadClass(className);
 		try {
 			methodUtil.registerClass(cacheTypeClass);
 		} catch (TranslatorException e1) {
@@ -513,40 +526,43 @@ protected synchronized ClassLoader loadClasses() throws ResourceException {
 				}
 			}
 		}
 
 		List<String> marshallers = StringUtil.getTokens(this.getMessageMarshallers(), "",""); //$NON-NLS-1$
 		
 		Map<String, BaseMarshaller> mmp = new HashMap<String, BaseMarshaller>(marshallers.size());
 		
 		for (String mm : marshallers) {
 			
 			List<String> marshallMap = StringUtil.getTokens(mm, "":""); //$NON-NLS-1$
 			if (marshallMap.size() != 2) {
 				throw new InvalidPropertyException(InfinispanPlugin.Util.gs(InfinispanPlugin.Event.TEIID25031, new Object[] {mm}));
 			}
 			final String clzName = marshallMap.get(0);
 			final String m = marshallMap.get(1);
 
 			try {
 				Object bmi = (loadClass(m)).newInstance();
 				Class ci = loadClass(clzName);
 
 				mmp.put(clzName, (BaseMarshaller) bmi); 	
 
 				methodUtil.registerClass(ci);
 		
 			} catch (InstantiationException e) {
 				throw new ResourceException(e);
 			} catch (IllegalAccessException e) {	
 				throw new ResourceException(e);
 			} catch (TranslatorException e) {
 				throw new ResourceException(e);
 			}
 		
 		}
 		
 		messageMarshallerMap=Collections.unmodifiableMap(mmp);
 
 		return cl;
 
 	}
@@ -557,32 +573,32 @@ protected synchronized void createCacheContainer() throws ResourceException {
 		
 		RemoteCacheManager cc = null;
 
 		ClassLoader cl = Thread.currentThread().getContextClassLoader();
 		try {
 			Thread.currentThread().setContextClassLoader(
 					this.getClass().getClassLoader());
 		
 			ClassLoader classLoader = loadClasses();
 
 
 			switch (cacheType) {
 			case USE_JNDI:
 				cc = getRemoteCacheWrapperFromJNDI(this.getCacheJndiName(), classLoader);
 				break;
 	
 			case REMOTE_HOT_ROD_PROPERTIES:
 				cc = createRemoteCacheWrapperFromProperties(classLoader);
 				break;
 	
 			case REMOTE_SERVER_LISTS:
 				cc = createRemoteCacheWrapperFromServerList(classLoader);
 				break;
 	
 			}
 
 			setCacheContainer(cc);
 
 			registerMarshallers(getContext(), cc, classLoader);
 			
 			// if configured for materialization, initialize the cacheNameProxy
 			if (cacheNameProxy.useMaterialization()) {
@@ -596,7 +612,7 @@ protected synchronized void createCacheContainer() throws ResourceException {
 
 		
 		} finally {
 			Thread.currentThread().setContextClassLoader(cl);
 		}
 		
 		
@@ -614,14 +630,14 @@ private void determineCacheType() {
 		}
 	}
 
 	protected abstract RemoteCacheManager createRemoteCacheWrapperFromProperties(
 			ClassLoader classLoader) throws ResourceException;
 	
 	protected abstract RemoteCacheManager createRemoteCacheWrapperFromServerList(
 			ClassLoader classLoader) throws ResourceException;
 
 	
 	private RemoteCacheManager getRemoteCacheWrapperFromJNDI(
 			String jndiName, ClassLoader classLoader) throws ResourceException {
 
 		Object cache = null;
@@ -649,8 +665,9 @@ private RemoteCacheManager getRemoteCacheWrapperFromJNDI(
 		throw new ResourceException(InfinispanPlugin.Util.gs(InfinispanPlugin.Event.TEIID25026, cacheContainer.getClass().getName()));
 
 	}
 
 	protected void registerMarshallers(SerializationContext ctx, RemoteCacheManager cc, ClassLoader cl) throws ResourceException {
 	}
 
 	@Override
",28,,,
260,"@@ -19,7 +19,7 @@
  * Foundation, Inc., 51 Franklin Street, Fifth Floor, Boston, MA
  * 02110-1301 USA.
  */
 package org.teiid.translator.infinispan.dsl;
 
 import static org.teiid.language.visitor.SQLStringVisitor.getRecordName;
 
@@ -51,7 +51,9 @@
 import org.teiid.logging.LogConstants;
 import org.teiid.logging.LogManager;
 import org.teiid.metadata.Column;
 import org.teiid.translator.TranslatorException;
 import org.teiid.translator.object.ObjectConnection;
 import org.teiid.translator.object.ObjectVisitor;
 import org.teiid.translator.object.SearchType;
@@ -74,17 +76,33 @@
  */
 public final class DSLSearch implements SearchType  {
 	
 	@Override
 	/** 
 	 * Calling to make a key value search on the cache.
 	 * 
 	 * The assumption is the <code>value</code> has already been converted the key object type
 	 * {@inheritDoc}
 	 *
 	 * @see org.teiid.translator.object.SearchType#performKeySearch(java.lang.String, java.lang.Object, org.teiid.translator.object.ObjectConnection)
 	 */
 	public Object performKeySearch(String columnNameInSource, Object value, ObjectConnection conn) throws TranslatorException {
 	    
 		
 		@SuppressWarnings(""rawtypes"")
 		QueryBuilder qb = getQueryBuilder(conn);
@@ -107,8 +125,18 @@ public Object performKeySearch(String columnNameInSource, Object value, ObjectCo
 		
 	@Override
 	public List<Object> performSearch(ObjectVisitor visitor,
 				ObjectConnection conn) throws TranslatorException {
 			
 		Condition where = visitor.getWhereCriteria();
 		OrderBy orderby = visitor.getOrderBy();		
 
@@ -172,7 +200,7 @@ private static QueryBuilder getQueryBuilder(ObjectConnection conn) throws Transl
 		
 		Class<?> type = conn.getCacheClassType();
 		
 		QueryFactory qf = ((InfinispanDSLConnection) conn).getQueryFactory();
 	    		  
 	    return qf.from(type);
 	}
",65,,,
261,"@@ -20,14 +20,16 @@
  * 02110-1301 USA.
  */
 
 package org.teiid.resource.adapter.infinispan.dsl.base;
 
 
 import java.util.ArrayList;
 import java.util.Collection;
 import java.util.List;
 import java.util.Map;
 
 import org.infinispan.client.hotrod.RemoteCache;
 import org.infinispan.client.hotrod.Search;
 import org.infinispan.protostream.descriptors.Descriptor;
@@ -39,6 +41,7 @@
 import org.teiid.translator.infinispan.dsl.InfinispanDSLConnection;
 import org.teiid.translator.infinispan.dsl.InfinispanPlugin;
 import org.teiid.translator.object.ObjectMaterializeLifeCycle;
 
 /** 
  * Represents a connection to an Infinispan cache container. The <code>cacheName</code> that is specified will dictate the
@@ -49,9 +52,11 @@ public class InfinispanConnectionImpl extends BasicConnection implements Infinis
 	
 	AbstractInfinispanManagedConnectionFactory config = null;
 
 	public InfinispanConnectionImpl(AbstractInfinispanManagedConnectionFactory config)   {
 		this.config = config;
 
 		LogManager.logDetail(LogConstants.CTX_CONNECTOR, ""Infinispan Connection has been newly created ""); //$NON-NLS-1$
 	}
 	
@@ -246,5 +251,16 @@ public void clearCache(String cacheName) throws TranslatorException {
 		config.getCache(cacheName).clear();
 	}
 
 
 }
",34,,,
262,"@@ -39,12 +39,13 @@
 import org.infinispan.protostream.BaseMarshaller;
 import org.infinispan.protostream.FileDescriptorSource;
 import org.infinispan.protostream.SerializationContext;
 import org.infinispan.query.remote.client.ProtobufMetadataManagerConstants;
 import org.teiid.core.BundleUtil;
 import org.teiid.core.util.PropertiesUtils;
 import org.teiid.logging.LogConstants;
 import org.teiid.logging.LogManager;
 import org.teiid.resource.adapter.infinispan.dsl.base.AbstractInfinispanManagedConnectionFactory;
 import org.teiid.translator.infinispan.dsl.InfinispanPlugin;
 
 public class InfinispanManagedConnectionFactory extends AbstractInfinispanManagedConnectionFactory {
@@ -55,7 +56,7 @@ public class InfinispanManagedConnectionFactory extends AbstractInfinispanManage
 	private static final long serialVersionUID = 1L;
 
 	@Override
 	protected RemoteCacheManager createRemoteCacheWrapperFromProperties(
 			ClassLoader classLoader) throws ResourceException {
 
 		File f = new File(this.getHotRodClientPropertiesFile());
@@ -74,7 +75,7 @@ protected RemoteCacheManager createRemoteCacheWrapperFromProperties(
 							LogConstants.CTX_CONNECTOR,
 							""=== Using RemoteCacheManager (created from properties file "" + f.getAbsolutePath() + "") ===""); //$NON-NLS-1$
 
 			return createRemoteCacheWrapper(props, classLoader);
 
 		} catch (Exception err) {
 			throw new ResourceException(err);
@@ -83,7 +84,7 @@ protected RemoteCacheManager createRemoteCacheWrapperFromProperties(
 	}
 
 	@Override
 	protected RemoteCacheManager createRemoteCacheWrapperFromServerList(
 			ClassLoader classLoader) throws ResourceException {
 
 		Properties props = new Properties();
@@ -93,10 +94,10 @@ protected RemoteCacheManager createRemoteCacheWrapperFromServerList(
 		LogManager.logInfo(LogConstants.CTX_CONNECTOR,
 				""=== Using RemoteCacheManager (loaded by serverlist) ===""); //$NON-NLS-1$
 
 		return createRemoteCacheWrapper(props, classLoader);
 	}
 
 	protected RemoteCacheManager createRemoteCacheWrapper(Properties props,
 			ClassLoader classLoader) throws ResourceException {
 		RemoteCacheManager remoteCacheManager;
 		try {
@@ -121,11 +122,19 @@ protected SerializationContext getContext() {
 				.getCacheContainer());
 	}
 
 	@SuppressWarnings({ ""rawtypes"", ""unchecked"" })
 	@Override
 	protected void registerMarshallers(SerializationContext ctx,
 			RemoteCacheManager cc, ClassLoader cl) throws ResourceException {
 
 		String protoBufResource = getProtobufDefinitionFile();
 		try {
 			FileDescriptorSource fds = new FileDescriptorSource();
@@ -160,6 +169,41 @@ protected void registerMarshallers(SerializationContext ctx,
 					e);
 		}
 	}
 
 	private String readResource(String resourcePath, ClassLoader cl)
 			throws IOException {
@@ -177,4 +221,6 @@ private String readResource(String resourcePath, ClassLoader cl)
 			is.close();
 		}
 	}
 }
",49,,,
263,"@@ -0,0 +1,78 @@
",294,,,
264,"@@ -19,99 +19,78 @@
  * Foundation, Inc., 51 Franklin Street, Fifth Floor, Boston, MA
  * 02110-1301 USA.
  */
 package org.teiid.resource.adapter.infinispan;
 
 import java.io.IOException;
 
 import org.infinispan.manager.DefaultCacheManager;
 import org.infinispan.server.hotrod.HotRodServer;
 import org.infinispan.server.hotrod.configuration.HotRodServerConfiguration;
 import org.infinispan.server.hotrod.configuration.HotRodServerConfigurationBuilder;
 import org.teiid.translator.infinispan.cache.TestInfinispanConnection;
 import org.teiid.translator.object.testdata.annotated.TradesAnnotatedCacheSource;
 
 
 /**
  */
 @SuppressWarnings(""nls"")
 public class RemoteInfinispanTestHelper {
 	protected static final String TEST_CACHE_NAME = ""test"";
 	protected static final String TRADE_CACHE_NAME = TradesAnnotatedCacheSource.TRADES_CACHE_NAME;
 	protected static final Class<?> TRADE_CLASS = TradesAnnotatedCacheSource.TRADE_CLASS_TYPE;
 	protected static final String PKEY_COLUMN = TradesAnnotatedCacheSource.TRADE_PK_KEY_NAME;
 	
 	protected static String CACHE_NAME = ""NA""; //$NON-NLS-1$
 	protected static final int PORT = 11312;
 	protected static final int TIMEOUT = 0;
 	protected static final String CONFIG_FILE = ""src/test/resources/infinispan_remote_config.xml"";
 
 	private static HotRodServer server = null;
 	private static int count = 0;
 	private static DefaultCacheManager CACHEMANAGER = null;
 
 	private static synchronized HotRodServer createServer() throws IOException {
 		count++;
 		if (server == null) {
 			
 			try {
 				CACHEMANAGER = TestInfinispanConnection.createContainer();
 				CACHEMANAGER.start();
 //				CACHEMANAGER.startCache(TRADE_CACHE_NAME);
 				TradesAnnotatedCacheSource.loadCache(CACHEMANAGER.getCache(CACHE_NAME));
 				
 			} catch (Exception e) {
 				e.printStackTrace();
 				return null;
 			}
 			
 //			CACHEMANAGER = new DefaultCacheManager(CONFIG_FILE);
 
 //			CACHEMANAGER.start();
 			// This doesn't work on IPv6, because the util assumes ""127.0.0.1""
 			// ...
 //		 server = HotRodTestingUtil.startHotRodServer(cacheManager, HOST,
 			// PORT);
 			
 			String hostAddress = hostAddress();
 //			String hostPort = Integer.toString(hostPort());
 //			String timeoutStr = Integer.toString(TIMEOUT);
 
 			HotRodServerConfigurationBuilder bldr = new HotRodServerConfigurationBuilder();
 			bldr.host(hostAddress);
 			bldr.port(PORT);
 //			bldr.proxyPort(PORT);
 
 			HotRodServerConfiguration config = bldr.create();
 
 			server = new HotRodServer();
 
 
 			server.startInternal(config, CACHEMANAGER);
 			server.cacheManager().startCaches(CACHE_NAME);
 
 		}
 		return server;
 	}
 
 	public static void loadCacheSimple() throws IOException {
 		CACHE_NAME = TEST_CACHE_NAME;
 
 		createServer();
 
 		server.getCacheManager().getCache(CACHE_NAME)
 				.put(""1"", new String(""value1"")); //$NON-NLS-1$  //$NON-NLS-2$
 		server.getCacheManager().getCache(CACHE_NAME)
 				.put(""2"", new String(""value2"")); //$NON-NLS-1$  //$NON-NLS-2$   	
 	}
 
 	public static void loadCacheTrades() throws IOException {
 		CACHE_NAME = TRADE_CACHE_NAME;
 
 		createServer();
 
 //		TradesCacheSource.loadCache(server.getCacheManager().getCache(
 //				CACHE_NAME));
 
 	}
 
 	public static DefaultCacheManager getCacheManager() {
@@ -128,25 +107,20 @@ public static int hostPort() {
 	 * @return the IP address as a string
 	 */
 	public static String hostAddress() {
 //		try {
 			return ""localhost"";
 //			return InetAddress.getLocalHost().getHostAddress();
 //		} catch (IOException e) {
 //			throw new RuntimeException(e);
 //		}
 	}
 
 	public static synchronized void releaseServer() {
 		--count;
 		if (count <= 0) {
 
 			try {
 				if (CACHEMANAGER != null) {
 					CACHEMANAGER.stop();
 				}
 			} finally {
 				CACHEMANAGER = null;
 			}
 
 			try {
 				// System.out.println(""Stopping HotRot Server at "" +
@@ -157,7 +131,7 @@ public static synchronized void releaseServer() {
 			} finally {
 				server = null;
 			}
 
 		}
 	}
 }
",40,,,
265,"@@ -19,8 +19,10 @@
  * Foundation, Inc., 51 Franklin Street, Fifth Floor, Boston, MA
  * 02110-1301 USA.
  */
 package org.teiid.resource.adapter.infinispan;
 
 import static org.junit.Assert.assertEquals;
 
 import java.io.File;
@@ -32,7 +34,7 @@
 import org.junit.Test;
 import org.teiid.core.util.PropertiesUtils;
 import org.teiid.translator.object.ObjectConnection;
 import org.teiid.translator.object.testdata.trades.Trade;
 
 @SuppressWarnings(""nls"")
 @Ignore
@@ -43,23 +45,24 @@ public class TestInfinispanConfigFileRemoteCache {
 
 	@BeforeClass
     public static void beforeEachClass() throws Exception {  
 		RemoteInfinispanTestHelper.loadCacheSimple();
 		
   		System.out.println(""Hostaddress "" + RemoteInfinispanTestHelper.hostAddress());
   		
   		// read in the properties template file and set the server host:port and then save for use
   		File f = new File(""./src/test/resources/hotrod-client.properties"");
   		
   		Properties props = PropertiesUtils.load(f.getAbsolutePath());
   		props.setProperty(""infinispan.client.hotrod.server_list"", RemoteInfinispanTestHelper.hostAddress() + "":"" + RemoteInfinispanTestHelper.hostPort());
 		
   		PropertiesUtils.print(""./target/hotrod-client.properties"", props);
 
 		factory = new InfinispanManagedConnectionFactory();
 
 		factory.setHotRodClientPropertiesFile(""./target/hotrod-client.properties"");
 		factory.setCacheTypeMap(RemoteInfinispanTestHelper.TEST_CACHE_NAME + "":"" + ""org.teiid.translator.object.testdata.trades.Trade;stringValue:java.lang.String"");
 
 	}
 	
 	@AfterClass
@@ -70,21 +73,25 @@ public static void closeConnection() throws Exception {
 	
     @Test
     public void testConnection() throws Exception {
     	
     		ObjectConnection conn = factory.createConnectionFactory().getConnection();
 
     		Class<?> clz = conn.getCacheClassType();
 	
     		assertEquals(Trade.class, clz);
     		
     		Class<?> t = conn.getCacheKeyClassType();
     		
     		assertEquals(String.class, t);
     		
     		assertEquals(""stringValue"", conn.getPkField());
     		
     		conn.getAll();
     		
     		conn.cleanUp();
     }
 }
",43,,,
266,"@@ -20,46 +20,48 @@
  * 02110-1301 USA.
  */
 
 package org.teiid.resource.adapter.infinispan;
 
 import static org.junit.Assert.assertEquals;
 import static org.junit.Assert.assertNotNull;
 import static org.junit.Assert.assertNull;
 
 import org.junit.Before;
 import org.junit.BeforeClass;
 import org.junit.Test;
 import org.teiid.translator.object.ObjectConnection;
 
 
 
 @SuppressWarnings(""nls"")
 public class TestInfinispanServerList {
 	    private static InfinispanManagedConnectionFactory factory = null;
 			
 		@BeforeClass
 	    public static void beforeEachClass() throws Exception { 
 			RemoteInfinispanTestHelper.loadCacheTrades();
 			
 			Thread.sleep(10000);
 	
 		}
 
 		@Before public void beforeEachTest() throws Exception{	
 	        
 			factory = new InfinispanManagedConnectionFactory();
 
 			factory.setRemoteServerList(RemoteInfinispanTestHelper.hostAddress() + "":"" + RemoteInfinispanTestHelper.hostPort());
 			factory.setCacheTypeMap(RemoteInfinispanTestHelper.TRADE_CACHE_NAME + "":"" + RemoteInfinispanTestHelper.TRADE_CLASS.getName()+ "";"" + RemoteInfinispanTestHelper.PKEY_COLUMN);
 	    }
 
 	    @Test
 	    public void testRemoteConnection() throws Exception {
 	    	try {
 	    		ObjectConnection conn = factory.createConnectionFactory().getConnection();
 	    		Class<?> clz = conn.getCacheClassType();
 	    
 	    		assertEquals(RemoteInfinispanTestHelper.TRADE_CLASS, clz);
 	    		
 	    		Class<?> t = conn.getCacheKeyClassType();
 	    		
@@ -71,16 +73,5 @@ public void testRemoteConnection() throws Exception {
 	    		 
 	    		 conn.cleanUp();
 	    		 
 	    		 
 	
 	    	} finally {
 		    	factory.cleanUp();
 		    	RemoteInfinispanTestHelper.releaseServer();
 	    	}
 	    }
 
 
 		
 
 
 }
",8,,,
267,"@@ -19,7 +19,7 @@
  * Foundation, Inc., 51 Franklin Street, Fifth Floor, Boston, MA
  * 02110-1301 USA.
  */
 package org.teiid.translator.infinispan.dsl;
 
 import static org.junit.Assert.assertEquals;
 import static org.junit.Assert.assertNotEquals;
@@ -33,21 +33,21 @@
 import org.jboss.teiid.jdg_remote.pojo.AllTypes;
 import org.junit.After;
 import org.junit.Before;
 import org.junit.Test;
 import org.teiid.resource.adapter.infinispan.dsl.base.AbstractInfinispanManagedConnectionFactory;
 
 
 @SuppressWarnings(""nls"")
 public class TestAbstractInfinispanConnectionFactory  {
 	protected static final String JNDI_NAME = ""java/MyCacheManager"";
 
 
 	private static AbstractInfinispanManagedConnectionFactory afactory;
 	
 	@Before
     public void beforeEach() throws Exception {  
   
         afactory = new AbstractInfinispanManagedConnectionFactory() {
 			/**
 			 */
 			private static final long serialVersionUID = 1L;
@@ -59,19 +59,23 @@ protected SerializationContext getContext() {
 			}
 
 			@Override
 			protected RemoteCacheManager createRemoteCacheWrapperFromProperties(
 					ClassLoader classLoader) throws ResourceException {
 				// TODO Auto-generated method stub
 				return null;
 			}
 
 			@Override
 			protected RemoteCacheManager createRemoteCacheWrapperFromServerList(
 					ClassLoader classLoader) throws ResourceException {
 				// TODO Auto-generated method stub
 				return null;
 			}
 			
 
 		};
 		
@@ -93,7 +97,7 @@ public void closeConnection() throws Exception {
      */
 	@Test public void testtCacheTypeMap1() throws Exception {
 		afactory.setProtobufDefinitionFile(""allTypes.proto"");
 		afactory.setMessageMarshallers("""");
 		afactory.setMessageDescriptor(""org.jboss.teiid.jdg_remote.pojo.AllTypes"");
 		afactory.setCacheTypeMap(""AllTypesCache:org.jboss.teiid.jdg_remote.pojo.AllTypes;intKey:"" + Integer.class.getName());
 		afactory.setHotRodClientPropertiesFile("""");
@@ -115,7 +119,7 @@ public void closeConnection() throws Exception {
      */
 	@Test public void testCacheTypeMap2() throws Exception {
 		afactory.setProtobufDefinitionFile(""allTypes.proto"");
 		afactory.setMessageMarshallers("""");
 		afactory.setMessageDescriptor(""org.jboss.teiid.jdg_remote.pojo.AllTypes"");
 		afactory.setCacheTypeMap(""AllTypesCache:org.jboss.teiid.jdg_remote.pojo.AllTypes;intKey:"" + String.class.getName());
 		afactory.setHotRodClientPropertiesFile("""");
@@ -139,7 +143,7 @@ public void closeConnection() throws Exception {
 	//  @Test( expected = SQLException.class )
 	@Test public void testCacheTypeMap3() throws Exception {
 		afactory.setProtobufDefinitionFile(""allTypes.proto"");
 		afactory.setMessageMarshallers("""");
 		afactory.setMessageDescriptor(""org.jboss.teiid.jdg_remote.pojo.AllTypes"");
 		afactory.setCacheTypeMap(""AllTypesCache:org.jboss.teiid.jdg_remote.pojo.AllTypes"");
 		afactory.setHotRodClientPropertiesFile("""");
@@ -160,7 +164,7 @@ public void closeConnection() throws Exception {
      */
 	@Test public void testCacheTypeMapNoCacheKeytype() throws Exception {
 		afactory.setProtobufDefinitionFile(""allTypes.proto"");
 		afactory.setMessageMarshallers("""");
 		afactory.setMessageDescriptor(""org.jboss.teiid.jdg_remote.pojo.AllTypes"");
 		afactory.setCacheTypeMap(""AllTypesCache:org.jboss.teiid.jdg_remote.pojo.AllTypes;intKey"");
 		afactory.setHotRodClientPropertiesFile("""");
",10,,,
268,"@@ -0,0 +1,17 @@
\ No newline at end of file
",295,,,
269,"@@ -0,0 +1,18 @@
",296,,,
270,"@@ -55,7 +55,7 @@
             </config-property>  
             
             <config-property>
                <description>{$display:""[Deprecated] Config File for Local Cache"",$description:""[Deprecated] Infinispan Configuration File for configuring local cache""}</description>
                <config-property-name>ConfigurationFileNameForLocalCache</config-property-name>
                <config-property-type>java.lang.String</config-property-type>
             </config-property>      
",297,,,
271,"@@ -15,9 +15,10 @@
         <module name=""org.jboss.teiid.common-core""/>
         <module name=""org.jboss.teiid.api""/>
         <module name=""org.jboss.teiid.translator.object""/>
         <module name=""org.jboss.teiid.translator.infinispan.cache""/>   
         <module name=""org.jboss.modules""/>
         
 		<module name=""org.infinispan"" slot=""${jdg.slot}"" optional=""true"" services=""export""  export=""true"" />
     </dependencies>
 </module>
",298,,,
272,"@@ -19,7 +19,7 @@
  * Foundation, Inc., 51 Franklin Street, Fifth Floor, Boston, MA
  * 02110-1301 USA.
  */
 package org.teiid.translator.infinispan.cache;
 
 import java.util.ArrayList;
 import java.util.Collection;
@@ -34,12 +34,26 @@
 import org.infinispan.query.dsl.SortOrder;
 import org.teiid.core.types.DataTypeManager;
 import org.teiid.core.types.TransformationException;
 import org.teiid.language.*;
 import org.teiid.language.visitor.SQLStringVisitor;
 import org.teiid.logging.LogConstants;
 import org.teiid.logging.LogManager;
 import org.teiid.metadata.Column;
 import org.teiid.translator.TranslatorException;
 import org.teiid.translator.object.ObjectConnection;
 import org.teiid.translator.object.ObjectVisitor;
 import org.teiid.translator.object.SearchType;
@@ -63,18 +77,33 @@
  */
 public final class DSLSearch implements SearchType   {
 
 	
 	@Override
 	/** 
 	 * Calling to make a key value search on the cache.
 	 * 
 	 * The assumption is the <code>value</code> has already been converted the key object type
 	 * {@inheritDoc}
 	 *
 	 * @see org.teiid.translator.object.SearchType#performKeySearch(java.lang.String, java.lang.Object, org.teiid.translator.object.ObjectConnection)
 	 */
 	public Object performKeySearch(String columnNameInSource, Object value, ObjectConnection conn) throws TranslatorException {
 	    
 		
 		@SuppressWarnings(""rawtypes"")
 		QueryBuilder qb = getQueryBuilder(conn);
@@ -96,7 +125,17 @@ public Object performKeySearch(String columnNameInSource, Object value, ObjectCo
 	
 	@Override
 	public List<Object> performSearch(ObjectVisitor visitor,
 			ObjectConnection conn) throws TranslatorException {
 		
 		Condition where = visitor.getWhereCriteria();
 		OrderBy orderby = visitor.getOrderBy();		
",62,,,
273,"@@ -31,6 +31,7 @@
 import org.teiid.translator.infinispan.cache.InfinispanCacheConnection;
 import org.teiid.translator.object.ClassRegistry;
 import org.teiid.translator.object.ObjectMaterializeLifeCycle;
 
 /**
  * @author vanhalbert
@@ -181,5 +182,15 @@ public ObjectMaterializeLifeCycle getMaterializeLifeCycle() {
 		return cacheWrapper.getMaterializeLifeCycle();
 	}
 
 
 }
",299,,,
274,"@@ -112,5 +112,10 @@ public ClassRegistry getClassRegistry() {
 	public ObjectMaterializeLifeCycle getMaterializeLifeCycle() {
 		return new ObjectMaterializeLifeCycle(this, getConfig().getCacheNameProxy());
 	}	
 
 }
\ No newline at end of file
",300,,,
275,"@@ -273,10 +273,9 @@ public void setRemoteServerList(String remoteServerList) {
 	 * Get the name of the configuration resource or file that should be used to
 	 * configure a local cache manager
 	 * 
 	 * @return the name of the resource or file configuration that should be
 	 *         passed to the cache container
 	 * @see #setConfigurationFileNameForLocalCache(String)
 	 * @deprecated
 	 */
 	
 	public String getConfigurationFileNameForLocalCache() {
@@ -288,10 +287,9 @@ public String getConfigurationFileNameForLocalCache() {
 	 * local cache .
 	 * 
 	 * @param configurationFileName
 	 *            the name of the configuration file that should be used to load
 	 *            the cacheContainer
 	 * @see #getConfigurationFileNameForLocalCache()
 	 * @deprecated
 	 */
 	public void setConfigurationFileNameForLocalCache(
 			String configurationFileName) {
",301,,,
276,"@@ -19,7 +19,7 @@
  * Foundation, Inc., 51 Franklin Street, Fifth Floor, Boston, MA
  * 02110-1301 USA.
  */
 package org.teiid.translator.infinispan.cache;
 
 import java.util.Collections;
 import java.util.List;
@@ -39,7 +39,9 @@
 import org.teiid.logging.LogConstants;
 import org.teiid.logging.LogManager;
 import org.teiid.metadata.Column;
 import org.teiid.translator.TranslatorException;
 import org.teiid.translator.object.ObjectConnection;
 import org.teiid.translator.object.ObjectVisitor;
 import org.teiid.translator.object.SearchType;
@@ -56,37 +58,50 @@
 @Deprecated
 public class LuceneSearch implements SearchType  {
 	
 
 	
 	@Override
 	public Object performKeySearch(String columnNameInSource, Object value, ObjectConnection connection) throws TranslatorException {
 	   
 		LogManager.logTrace(LogConstants.CTX_CONNECTOR,
 				""Perform Lucene KeySearch.""); //$NON-NLS-1$
 		return connection.get(String.valueOf(value));
 
 	}
 	
 	/**
 	 * {@inheritDoc}
 	 *
 	 * @see org.teiid.translator.object.SearchType#performSearch(org.teiid.translator.object.ObjectVisitor, org.teiid.translator.object.ObjectConnection)
 	 */
 	@Override
 	public List<Object> performSearch(ObjectVisitor visitor,
 			ObjectConnection connection) throws TranslatorException {
 		
 		Condition  where= visitor.getWhereCriteria();
 		OrderBy orderby = visitor.getOrderBy();
 		
 		LogManager.logTrace(LogConstants.CTX_CONNECTOR,
 				""Using Lucene Searching.""); //$NON-NLS-1$
 		
 		Class<?> type = connection.getCacheClassType();
 		
 		//Map<?, ?> cache, 
 		SearchManager searchManager = Search
 				.getSearchManager((Cache<?, ?>) connection.getCache() );
 
 		QueryBuilder queryBuilder = searchManager.buildQueryBuilderForClass(type).get();
 		
",64,,,
277,"@@ -30,15 +30,19 @@
 import javax.resource.ResourceException;
 
 import org.infinispan.Cache;
 import org.infinispan.manager.DefaultCacheManager;
 import org.infinispan.manager.EmbeddedCacheManager;
 import org.infinispan.query.Search;
 import org.infinispan.query.dsl.QueryFactory;
 import org.teiid.logging.LogConstants;
 import org.teiid.logging.LogManager;
 import org.teiid.resource.adapter.infinispan.InfinispanCacheWrapper;
 import org.teiid.resource.adapter.infinispan.InfinispanManagedConnectionFactory;
 import org.teiid.translator.TranslatorException;
 
 /**
  * This wrapper will contain a local Infinispan cache, and will the necessary logic
@@ -81,6 +85,20 @@ public void init(InfinispanManagedConnectionFactory config) throws ResourceExcep
 
 				ecm = cc;
 				
 			} catch (IOException e) {
 				throw new ResourceException(e);
 			}
@@ -233,5 +251,26 @@ public void update(Object key, Object value) {
 	public void clearCache(String cacheName) throws TranslatorException {		
 		getCache(cacheName).clearAsync();
 	}
 
 }
\ No newline at end of file
",302,,,
278,"@@ -43,7 +43,8 @@
 import org.teiid.resource.adapter.infinispan.InfinispanCacheWrapper;
 import org.teiid.resource.adapter.infinispan.InfinispanManagedConnectionFactory;
 import org.teiid.translator.TranslatorException;
 import org.teiid.translator.object.ObjectMaterializeLifeCycle;
 
 
 /**
@@ -253,6 +254,28 @@ public void clearCache(String cacheName) throws TranslatorException {
 			
 		}
 	}
 
 
 }
",303,,,
279,"@@ -0,0 +1,125 @@
",304,,,
280,"@@ -22,36 +22,60 @@
 package org.teiid.resource.adapter.infinispan;
 
 import static org.junit.Assert.assertEquals;
 
 import org.junit.AfterClass;
 import org.junit.BeforeClass;
 import org.junit.Ignore;
 import org.junit.Test;
 import org.teiid.translator.object.ObjectConnection;
 import org.teiid.translator.object.testdata.trades.Trade;
 
 @SuppressWarnings(""nls"")
 @Ignore
 public class TestInfinispanConfigFileLocalCache {
     
     private static InfinispanManagedConnectionFactory factory = null;
     
 	@BeforeClass
     public static void beforeEachClass() throws Exception {  
  		
 		factory = new InfinispanManagedConnectionFactory();
 
 		factory.setConfigurationFileNameForLocalCache(""./src/test/resources/infinispan_persistent_config.xml"");
 		factory.setCacheTypeMap(RemoteInfinispanTestHelper.TEST_CACHE_NAME + "":"" + ""org.teiid.translator.object.testdata.trades.Trade;longValue:long"");
 		
 	}
 	
 	@AfterClass
     public static void closeConnection() throws Exception {    	    
     	    
         RemoteInfinispanTestHelper.releaseServer();
     }
 	
     @Test
     public void testConnection() throws Exception {
     	
",305,,,
281,"@@ -19,54 +19,83 @@
  * Foundation, Inc., 51 Franklin Street, Fifth Floor, Boston, MA
  * 02110-1301 USA.
  */
 package org.teiid.translator.infinispan.cache;
 
 import static org.mockito.Mockito.*;
 
 import org.junit.AfterClass;
 import org.junit.BeforeClass;
 import org.junit.Test;
 import org.teiid.language.Select;
 import org.teiid.translator.ExecutionContext;
 import org.teiid.translator.object.ObjectConnection;
 import org.teiid.translator.object.ObjectExecution;
 import org.teiid.translator.object.testdata.trades.TradesCacheSource;
 import org.teiid.translator.object.testdata.trades.VDBUtility;
 
 @SuppressWarnings(""nls"")
 public class TestInfinispanJndiDSLSearch extends BasicAnnotatedSearchTest {
 	
 	private static int SELECT_STAR_COL_COUNT = TradesCacheSource.NUM_OF_ALL_COLUMNS;
 	
 	private static ObjectConnection CONNECTION;
 	private static ExecutionContext context;
     private static InfinispanCacheExecutionFactory factory;
 	
 	@BeforeClass
     public static void beforeEachClass() throws Exception {  
 	    
 		context = mock(ExecutionContext.class);
 		
 		
 		CONNECTION = TestInfinispanConnection.createConnection(false);
 
 		factory = new InfinispanCacheExecutionFactory();
 		factory.setSupportsDSLSearching(true);
 
 		factory.start();
 
 	}	
 	
 	@AfterClass
     public static void closeConnection() throws Exception {
 
 	    CONNECTION.cleanUp();
 
     }
     
 	@Override
 	protected ObjectExecution createExecution(Select command) throws Exception {
 		return (ObjectExecution) factory.createExecution(command, context, VDBUtility.RUNTIME_METADATA, CONNECTION);
 	}	
 	
 	@Test public void testQueryLikeCriteria1() throws Exception {	
",66,,,
282,"@@ -31,6 +31,7 @@
 import org.teiid.translator.ExecutionContext;
 import org.teiid.translator.infinispan.cache.InfinispanCacheExecutionFactory;
 import org.teiid.translator.object.BasicSearchTest;
 import org.teiid.translator.object.ObjectExecution;
 import org.teiid.translator.object.testdata.trades.Trade;
 import org.teiid.translator.object.testdata.trades.TradesCacheSource;
@@ -46,16 +47,18 @@ public class TestInfinispanJndiNameKeyOnlySearch extends BasicSearchTest {
     private static InfinispanManagedConnectionFactory factory = null;
     
     private static InfinispanCacheExecutionFactory tfactory;
 	
 	@BeforeClass
     public static void beforeEachClass() throws Exception {  
 	    
 		context = mock(ExecutionContext.class);
         
 		final DefaultCacheManager container = new DefaultCacheManager(""./src/test/resources/infinispan_persistent_config.xml"", true);
         
         TradesCacheSource.loadCache(container.getCache(TradesCacheSource.TRADES_CACHE_NAME));
         
 		factory = new InfinispanManagedConnectionFactory() {
 			
 			/**
@@ -71,23 +74,28 @@ protected Object performJNDICacheLookup(String jnidName) throws Exception {
 
 		
 		factory.setCacheJndiName(JNDI_NAME);
 		factory.setCacheTypeMap(RemoteInfinispanTestHelper.TRADE_CACHE_NAME + "":"" + Trade.class.getName());
 
 		tfactory = new InfinispanCacheExecutionFactory();
 
 		tfactory.start();
 
 	}
 	
 	@AfterClass
     public static void closeConnection() throws Exception {
     	
  //       RemoteInfinispanTestHelper.releaseServer();
     }
     
 	@Override
 	protected ObjectExecution createExecution(Select command) throws Exception {
 		return (ObjectExecution) tfactory.createExecution(command, context, VDBUtility.RUNTIME_METADATA, factory.createConnectionFactory().getConnection());
 	}
 
 }
",306,,,
283,"@@ -26,18 +26,31 @@
 import static org.junit.Assert.assertNull;
 
 import org.junit.Test;
 import org.teiid.translator.object.ObjectConnection;
 import org.teiid.translator.object.testdata.trades.Trade;
 
 @SuppressWarnings(""nls"")
 public class TestInfinispanManagedConnectionFactory {
 	
     @Test
     public void testCacheTypeMap1() throws Exception {
     	InfinispanManagedConnectionFactory factory = new InfinispanManagedConnectionFactory();
  
 		factory.setConfigurationFileNameForLocalCache(""./src/test/resources/infinispan_persistent_config.xml"");
 		factory.setCacheTypeMap(RemoteInfinispanTestHelper.TRADE_CACHE_NAME + "":"" + ""org.teiid.translator.object.testdata.trades.Trade"");
     	   	
     		ObjectConnection conn = factory.createConnectionFactory().getConnection();
     		Class<?> clz = conn.getCacheClassType();
@@ -48,23 +61,21 @@ public void testCacheTypeMap1() throws Exception {
     		
     		assertNull(conn.getPkField());
     		
     		assertEquals(RemoteInfinispanTestHelper.TRADE_CACHE_NAME, conn.getCacheName());
     		assertNotNull(conn.getClassRegistry());
      		
     		factory.cleanUp();
     }
     
     @Test
     public void testCacheTypeMap2() throws Exception {
     	InfinispanManagedConnectionFactory factory = new InfinispanManagedConnectionFactory();
  
 		factory.setConfigurationFileNameForLocalCache(""./src/test/resources/infinispan_persistent_config.xml"");
 		factory.setCacheTypeMap(RemoteInfinispanTestHelper.TEST_CACHE_NAME + "":"" + ""org.teiid.translator.object.testdata.trades.Trade;longValue"");
     	
     	
     		ObjectConnection conn = factory.createConnectionFactory().getConnection();
     		
     		assertEquals(conn.getCacheName(), RemoteInfinispanTestHelper.TEST_CACHE_NAME);
 
     		Class<?> clz = conn.getCacheClassType();
     		
@@ -79,13 +90,11 @@ public void testCacheTypeMap2() throws Exception {
     
     @Test
     public void testCacheTypeMap3() throws Exception {
     	InfinispanManagedConnectionFactory factory = new InfinispanManagedConnectionFactory();
  
 		factory.setConfigurationFileNameForLocalCache(""./src/test/resources/infinispan_persistent_config.xml"");
 		factory.setCacheTypeMap(RemoteInfinispanTestHelper.TEST_CACHE_NAME + "":"" + ""org.teiid.translator.object.testdata.trades.Trade;longValue:long"");
     	
     		ObjectConnection conn = factory.createConnectionFactory().getConnection();
     		assertEquals(conn.getCacheName(), RemoteInfinispanTestHelper.TEST_CACHE_NAME);
 
     		Class<?> clz = conn.getCacheClassType();
     		
@@ -102,15 +111,13 @@ public void testCacheTypeMap3() throws Exception {
     
     @Test
     public void testCacheTypeMap4() throws Exception {
     	InfinispanManagedConnectionFactory factory = new InfinispanManagedConnectionFactory();
  
 		factory.setConfigurationFileNameForLocalCache(""./src/test/resources/infinispan_persistent_config.xml"");
 		factory.setCacheTypeMap(RemoteInfinispanTestHelper.TEST_CACHE_NAME + "":"" + ""org.teiid.translator.object.testdata.trades.Trade;longValue:java.lang.Long"");
     	
     	
     		ObjectConnection conn = factory.createConnectionFactory().getConnection();
     		
     		assertEquals(conn.getCacheName(), RemoteInfinispanTestHelper.TEST_CACHE_NAME);
     		
     		Class<?> clz = conn.getCacheClassType();
     		
",307,,,
284,"@@ -1,46 +1,60 @@
 package org.teiid.translator.infinispan.cache;
 
 import static org.junit.Assert.*;
 import static org.mockito.Mockito.*;
 
 import org.junit.AfterClass;
 import org.junit.BeforeClass;
 import org.junit.Test;
 import org.mockito.Mock;
 import org.teiid.cdk.api.TranslationUtility;
 import org.teiid.language.Command;
 import org.teiid.translator.ExecutionContext;
 import org.teiid.translator.TranslatorException;
 import org.teiid.translator.object.ObjectConnection;
 import org.teiid.translator.object.ObjectUpdateExecution;
 import org.teiid.translator.object.testdata.annotated.Trade;
 import org.teiid.translator.object.testdata.trades.VDBUtility;
 
 @SuppressWarnings(""nls"")
 public class TestInfinispanUpdateExecution {
 	private static ObjectConnection CONNECTION;
 	private static TranslationUtility translationUtility = VDBUtility.TRANSLATION_UTILITY;
 
 	private static InfinispanCacheExecutionFactory factory;
 	
 	@Mock
 	private static ExecutionContext context;
 
 	@BeforeClass
     public static void beforeClass() throws Exception {  
 		 
 		context = mock(ExecutionContext.class);
 
 		factory = new InfinispanCacheExecutionFactory();
 		factory.setSupportsDSLSearching(true);
 		factory.start();
 		
 		CONNECTION = TestInfinispanConnection.createConnection(false);
     }
 	
 	@AfterClass
 	public static void afterClass() {
 		CONNECTION.cleanUp();
 	}
 
 	
@@ -51,7 +65,6 @@ public static void afterClass() {
 	 * the behavior when multiple changes are made.
 	 * @throws Exception
 	 */
 
 	@Test
 	public void testScenarios() throws Exception {
 		
@@ -63,7 +76,6 @@ public void testScenarios() throws Exception {
 
 	}
 
 
 	public void testInsertRootClass() throws Exception {
 
 		// check the object doesn't exist before inserting
@@ -113,7 +125,6 @@ public void testInsertRootClass() throws Exception {
 //	}
 //	
 
 
 	public void testUpdateByKey() throws Exception {
 		
 		// check the object exists
@@ -244,7 +255,7 @@ public void testDeleteRootByValue() throws Exception {
 //	
 	protected ObjectUpdateExecution createExecution(Command command) throws TranslatorException {
 
 		return (ObjectUpdateExecution) factory.createUpdateExecution(
 				command,
 				context,
 				VDBUtility.RUNTIME_METADATA, CONNECTION);
",17,,,
285,"@@ -0,0 +1,52 @@
",308,,,
286,"@@ -1,13 +1,23 @@
 <infinispan xmlns:xsi=""http://www.w3.org/2001/XMLSchema-instance""
     xsi:schemaLocation=""urn:infinispan:config:7.2 http://www.infinispan.org/schemas/infinispan-config-7.2.xsd""
     xmlns=""urn:infinispan:config:7.2"">
 
     <cache-container default-cache=""default""
         statistics=""false"" shutdown-hook=""DONT_REGISTER"">
         <jmx duplicate-domains=""true"" />
 
         <local-cache name=""Trades"">
         </local-cache>
         
     </cache-container>
 </infinispan>
\ No newline at end of file
",309,,,
287,"@@ -1,20 +1,29 @@
 <?xml version=""1.0"" encoding=""UTF-8""?>
 <infinispan xmlns:xsi=""http://www.w3.org/2001/XMLSchema-instance""
     xsi:schemaLocation=""urn:infinispan:config:7.2 http://www.infinispan.org/schemas/infinispan-config-7.2.xsd""
     xmlns=""urn:infinispan:config:7.2"">
 
     <cache-container default-cache=""default""
         statistics=""false"" shutdown-hook=""DONT_REGISTER"">
         <jmx duplicate-domains=""true"" />
 
         <local-cache name=""test"">
             <eviction strategy=""LIRS"" max-entries=""1000"" />
             <persistence passivation=""false"">
                 <file-store shared=""false"" fetch-state=""false"" read-only=""false""
                     purge=""false"" preload=""true"" path=""./target/localcache/remote/default"">
                 </file-store>
             </persistence>
         </local-cache>
         
     </cache-container>
 </infinispan>
\ No newline at end of file
",310,,,
288,"@@ -12,28 +12,15 @@
     <dependencies>
         <module name=""javax.api""/>
         <module name=""javax.resource.api""/>
         <!-->module name=""org.jboss.teiid.common-core"" />
         <module name=""org.jboss.teiid.api"" /> 
         <module name=""org.jboss.teiid"" />
         <module name=""org.jboss.modules"" export=""true""/-->
         
         <module name=""org.jboss.teiid.translator.object"" export=""true"" />        
 
         <module name=""org.infinispan"" slot=""${jdg.slot}"" optional=""true""  export=""true""  services=""import"" />
         <module name=""org.infinispan.query"" slot=""${jdg.slot}"" optional=""true"" export=""true""  services=""import"" />
         <!-->module name=""org.infinispan.commons"" slot=""${jdg.slot}"" optional=""true""  export=""true"" /-->
         <module name=""org.infinispan.query.dsl"" slot=""${jdg.slot}"" optional=""true""  export=""true"" /> 
           
         <module name=""org.infinispan.lucene-directory"" slot=""${jdg.slot}"" optional=""true""  export=""true"" /> 
       
         <!--       
         This ""your.pojo.module"" would be used when the infinispan-cache translator is used.
 		The ""your.pojo.module"" name needs to be replaced with the module name that has
 		the java class(s) that's being stored in the JDG cache  
 		-->
 	
 		<module name=""your.pojo.module""  optional=""true""  export=""true"" />
 
     </dependencies>
 </module>
   
\ No newline at end of file
",311,,,
289,"@@ -117,7 +117,7 @@
         <dependency>
             <groupId>org.jboss.spec.javax.resource</groupId>
             <artifactId>jboss-connector-api_1.7_spec</artifactId>
         </dependency>  
        <dependency>
             <groupId>org.mockito</groupId>
             <artifactId>mockito-all</artifactId>
",312,,,
290,"@@ -41,4 +41,5 @@ public interface InfinispanCacheConnection extends ObjectConnection {
 	@SuppressWarnings(""rawtypes"")
 	public QueryFactory getQueryFactory() throws TranslatorException;
 	
 }
",47,,,
291,"@@ -35,7 +35,6 @@
 import org.teiid.translator.object.ObjectExecutionFactory;
 import org.teiid.translator.object.ObjectUpdateExecution;
 import org.teiid.translator.object.ObjectVisitor;
 import org.teiid.translator.object.simpleMap.SearchByKey;
 import org.teiid.translator.object.simpleMap.SimpleKeyVisitor;
 
 /**
@@ -55,7 +54,7 @@ public class InfinispanCacheExecutionFactory extends ObjectExecutionFactory {
 	public static final int MAX_SET_SIZE = 10000;
 
 	private boolean supportsLuceneSearching = false;
 	private boolean supportsDSLSearching = false;
 	
 	private boolean supportsCompareCriteriaOrdered = false;
 	private boolean supportNotCriteria = false;
@@ -73,9 +72,6 @@ public InfinispanCacheExecutionFactory() {
 		setSupportsOuterJoins(true);
 		
 		setSupportedJoinCriteria(SupportedJoinCriteria.EQUI);
 		
 		// default search is by key type
 		setSearchType(new SearchByKey());
 
 	}
 	
@@ -134,30 +130,27 @@ public boolean supportsLuceneSearching() {
 		return this.supportsLuceneSearching;
 	}
 
 	public void setSupportsLuceneSearching(boolean supportsLuceneSearching) {
 		this.supportsLuceneSearching = supportsLuceneSearching;
 		if (this.supportsLuceneSearching) {
 			setSearchType(new LuceneSearch());
 		}
 	}
 	
 	/**
 	 * Indicates if Infinispan DSL Querying is used for searching	 * @return boolean
 	 * @return boolean
 	 * 
 	 * @since 6.1.0
 	 */
 	@TranslatorProperty(display = ""Support Using DSL Searching"", description = ""True means Infinispan DSL Querying is used for searching "", advanced = true)
 	public boolean supportsDSLSearching() {
 		return this.supportsDSLSearching;
 	}
 
 	public void setSupportsDSLSearching(boolean supportsDSLSearching) {
 		this.supportsDSLSearching = supportsDSLSearching;
 		if (this.supportsDSLSearching) {
 			setSearchType(new DSLSearch());
 
 		}
 		this.setSupportsOrderBy(supportsDSLSearching);
 	}	
 
",313,,,
292,"@@ -49,7 +49,7 @@ public static void beforeClass() throws Exception {
         // Set up the mock JNDI ...
    		context = mock(ExecutionContext.class);
 		
 		conn = TestInfinispanConnection.createNonAnnotatedConnection(""./src/test/resources/infinispan_persistent_config.xml"");
 
 	}
 	
",77,,,
293,"@@ -13,12 +13,13 @@
 import org.infinispan.eviction.EvictionStrategy;
 import org.infinispan.manager.DefaultCacheManager;
 import org.infinispan.transaction.TransactionMode;
 import org.teiid.translator.object.ObjectConnection;
 import org.teiid.translator.object.testdata.annotated.Trade;
 import org.teiid.translator.object.testdata.annotated.TradesAnnotatedCacheSource;
 import org.teiid.translator.object.testdata.trades.TradesCacheSource;
 
 public class TestInfinispanConnection  {
 	
 	private static int cnt = 0;
 
@@ -31,21 +32,19 @@ public static ObjectConnection createNonAnnotatedConnection(String configFile)
 		TradesCacheSource.loadCache(container.getCache(TradesCacheSource.TRADES_CACHE_NAME));
 		ObjectConnection conn = TradesCacheSource.createConnection(container.getCache(TradesCacheSource.TRADES_CACHE_NAME));
 
 		return conn;  
 
 		
 	}
 
 	public static ObjectConnection createConnection(String configFile)
 			throws Exception {
 
 		DefaultCacheManager container = new DefaultCacheManager(configFile);
 
 		return createConnection(container);   	
 		
 	}
 		
 	public static ObjectConnection createConnection(boolean useLucene)
 				throws Exception {
 		DefaultCacheManager container = null;
 		
@@ -56,21 +55,19 @@ public static ObjectConnection createConnection(boolean useLucene)
 			container = createContainer();
 		}
 		
 		container.startCache(TradesAnnotatedCacheSource.TRADES_CACHE_NAME);
 		TradesAnnotatedCacheSource.loadCache(container.getCache(TradesAnnotatedCacheSource.TRADES_CACHE_NAME));
 		return TradesAnnotatedCacheSource.createConnection(container.getCache(TradesAnnotatedCacheSource.TRADES_CACHE_NAME));
 
 	}
 	
 	public static DefaultCacheManager createContainer() throws Exception {
 		SearchMapping mapping = new SearchMapping();
 		mapping.entity(Trade.class).indexed().providedId().
 		property(""name"", ElementType.FIELD).field().analyze(Analyze.NO).
 		property(""settled"", ElementType.FIELD).field().analyze(Analyze.NO).
 		property(""tradeDate"", ElementType.FIELD).field().analyze(Analyze.NO);
 
 		Properties properties = new Properties();
 		properties.put(org.hibernate.search.cfg.Environment.MODEL_MAPPING, mapping);
 		properties.put(""lucene_version"", ""LUCENE_CURRENT"");		
 		properties.put(""hibernate.search.default.directory_provider"", ""ram"");
 		
@@ -84,7 +81,6 @@ public static DefaultCacheManager createContainer() throws Exception {
 		
 		Configuration loc = new ConfigurationBuilder()
     		.indexing().enable().addProperty(""hibernate.search.default.directory_provider"", ""filesystem"").addProperty(""hibernate.search.default.indexBase"", ""./target/lucene/indexes"" + cnt)
     		.enable()
     		.indexLocalOnly(true)
     		.withProperties(properties)
 		        .persistence().passivation(false).addSingleFileStore().purgeOnStartup(true).location(""./target/localcache/indexing/trades"" + cnt) //Disable passivation and adds a SingleFileStore that is purged on Startup
@@ -114,13 +110,15 @@ public static DefaultCacheManager createContainerForLucene()
 		return container;
 	}
 	
 	private static ObjectConnection createConnection(DefaultCacheManager container) {
 		container.startCache(TradesAnnotatedCacheSource.TRADES_CACHE_NAME);
 		TradesAnnotatedCacheSource.loadCache(container.getCache(TradesAnnotatedCacheSource.TRADES_CACHE_NAME));
 		ObjectConnection conn = TradesAnnotatedCacheSource.createConnection(container.getCache(TradesAnnotatedCacheSource.TRADES_CACHE_NAME));
 
 		return conn;  
 	}
 
 
 }
",74,,,
294,"@@ -29,7 +29,6 @@
 import org.teiid.translator.object.ObjectExecution;
 import org.teiid.translator.object.ObjectExecutionFactory;
 import org.teiid.translator.object.TestObjectExecutionFactory;
 import org.teiid.translator.object.simpleMap.SearchByKey;
 import org.teiid.translator.object.testdata.trades.VDBUtility;
 
 @SuppressWarnings(""nls"")
@@ -60,9 +59,7 @@ protected ObjectExecutionFactory createFactory() {
 		
 		assertNotNull(exec);
 		assertFalse(f.supportsLuceneSearching());
 		assertFalse(f.supportsDSLSearching());
 		assertFalse(f.isFullQuerySupported());
 		assertTrue(f.getSearchType() instanceof SearchByKey);
 	}	
 	
 	
@@ -75,7 +72,6 @@ protected ObjectExecutionFactory createFactory() {
 		
 		assertNotNull(exec);
 		assertTrue(f.supportsLuceneSearching());
 		assertTrue(f.getSearchType() instanceof LuceneSearch);
 		assertTrue(f.isFullQuerySupported());
 
 	}	
@@ -90,8 +86,7 @@ public void testLuceneSearchNotEnabled() throws Exception {
 		
 		assertNotNull(exec);
 		assertFalse(f.supportsLuceneSearching());
 		assertFalse(f.getSearchType() instanceof LuceneSearch);
 		assertFalse(f.isFullQuerySupported());
 
 	}	
 	
@@ -105,7 +100,6 @@ public void testLuceneSearchNotEnabled() throws Exception {
 		
 		assertNotNull(exec);
 		assertTrue(f.supportsDSLSearching());
 		assertTrue(f.getSearchType() instanceof DSLSearch);
 		assertTrue(f.isFullQuerySupported());
 
 	}	
@@ -120,7 +114,6 @@ public void testDSLSearchNotEnabled() throws Exception {
 		
 		assertNotNull(exec);
 		assertFalse(f.supportsDSLSearching());
 		assertFalse(f.getSearchType() instanceof DSLSearch);
 		assertFalse(f.isFullQuerySupported());
 
 	}		
",68,,,
295,"@@ -1,71 +0,0 @@
 /*
  * JBoss, Home of Professional Open Source.
  * See the COPYRIGHT.txt file distributed with this work for information
  * regarding copyright ownership.  Some portions may be licensed
  * to Red Hat, Inc. under one or more contributor license agreements.
  * 
  * This library is free software; you can redistribute it and/or
  * modify it under the terms of the GNU Lesser General Public
  * License as published by the Free Software Foundation; either
  * version 2.1 of the License, or (at your option) any later version.
  * 
  * This library is distributed in the hope that it will be useful,
  * but WITHOUT ANY WARRANTY; without even the implied warranty of
  * MERCHANTABILITY or FITNESS FOR A PARTICULAR PURPOSE.  See the GNU
  * Lesser General Public License for more details.
  * 
  * You should have received a copy of the GNU Lesser General Public
  * License along with this library; if not, write to the Free Software
  * Foundation, Inc., 51 Franklin Street, Fifth Floor, Boston, MA
  * 02110-1301 USA.
  */
 package org.teiid.translator.infinispan.cache;
 
 import static org.mockito.Mockito.mock;
 
 import org.junit.AfterClass;
 import org.junit.BeforeClass;
 import org.teiid.language.Select;
 import org.teiid.translator.ExecutionContext;
 import org.teiid.translator.infinispan.cache.InfinispanCacheExecutionFactory;
 import org.teiid.translator.object.ObjectConnection;
 import org.teiid.translator.object.ObjectExecution;
 import org.teiid.translator.object.testdata.trades.TradesCacheSource;
 import org.teiid.translator.object.testdata.trades.VDBUtility;
 
 @SuppressWarnings(""nls"")
 public class TestInfinispanJndiILuceneSearch extends BasicAnnotatedSearchTest {
 	
 //	private static int SELECT_STAR_COL_COUNT = TradesCacheSource.NUM_OF_ALL_COLUMNS;
 
 	private static ObjectConnection CONNECTION;
 	private static ExecutionContext context;
     private static InfinispanCacheExecutionFactory factory;
 	
     
 	@BeforeClass
     public static void beforeEachClass() throws Exception {  
 	    
 		context = mock(ExecutionContext.class);
 		
 		CONNECTION = TestInfinispanConnection.createConnection(true);
 		factory = new InfinispanCacheExecutionFactory();
 		factory.setSupportsLuceneSearching(true);
 
 		factory.start();
 
 	}	
 	
 	@AfterClass
     public static void closeConnection() throws Exception {
 
 	    CONNECTION.cleanUp();
 
     }
     
 	@Override
 	protected ObjectExecution createExecution(Select command) throws Exception {
 		return (ObjectExecution) factory.createExecution(command, context, VDBUtility.RUNTIME_METADATA, CONNECTION);
 	}	
 
 }
",314,,,
296,"@@ -1,252 +0,0 @@
 package org.teiid.translator.infinispan.cache;
 
 import static org.junit.Assert.*;
 import static org.mockito.Mockito.*;
 
 import org.junit.AfterClass;
 import org.junit.BeforeClass;
 import org.junit.Test;
 import org.mockito.Mock;
 import org.teiid.cdk.api.TranslationUtility;
 import org.teiid.language.Command;
 import org.teiid.translator.ExecutionContext;
 import org.teiid.translator.TranslatorException;
 import org.teiid.translator.object.ObjectConnection;
 import org.teiid.translator.object.ObjectUpdateExecution;
 import org.teiid.translator.object.testdata.annotated.Trade;
 import org.teiid.translator.object.testdata.trades.VDBUtility;
 
 @SuppressWarnings(""nls"")
 public class TestInfinispanUpdateUsingLuceneExecution {
 	private static ObjectConnection CONNECTION;
 	private static TranslationUtility translationUtility = VDBUtility.TRANSLATION_UTILITY;
 
 	private static InfinispanCacheExecutionFactory factory;
 	
 	@Mock
 	private static ExecutionContext context;
 
 	@BeforeClass
     public static void beforeClass() throws Exception {  
 		 
 		context = mock(ExecutionContext.class);
 
 		factory = new InfinispanCacheExecutionFactory();
 		factory.setSupportsLuceneSearching(true);
 		factory.start();
 		
 		CONNECTION = TestInfinispanConnection.createConnection(true);
     }
 	
 	@AfterClass
 	public static void afterClass() {
 		CONNECTION.cleanUp();
 	}
 
 	
 	
 	/** 
 	 * controller method for all tests, this is so only 1 cacheManager is created
 	 * once for the duration (not 1 for each test).  This is done so that this also test
 	 * the behavior when multiple changes are made.
 	 * @throws Exception
 	 */
 
 	@Test
 	public void testScenarios() throws Exception {
 		
 		testInsertRootClass();
 		testUpdateByKey();
 		testUpdateByValue();
 		testDeleteRootByKey();
 		testDeleteRootByValue();
 
 	}
 
 
 	public void testInsertRootClass() throws Exception {
 
 		// check the object doesn't exist before inserting
 		Object o = CONNECTION.get(Long.valueOf(599));
 		assertNull(o);
 		
 		Command command = translationUtility
 				.parseCommand(""Insert into Trade_Object.Trade (tradeId, TradeName, settled) VALUES (599, 'TestName', 'true')"");
 
 		// no search required by the UpdateExecution logic
 		ObjectUpdateExecution ie = createExecution(command);
 
 		ie.execute();
 
 		Trade p = (Trade) CONNECTION.get(Long.valueOf(599));
 
 		assertNotNull(p);
 		assertTrue(p.getName().equals(""TestName""));
 		assertTrue(p.isSettled());
 		
 	}
 
 //	@Test
 //	public void testInsertChildClass() throws Exception {
 //		
 //		assertNotNull(CONNECTION.getCache(PersonCacheSource.PERSON_CACHE_NAME).get(2));
 //
 //		Command command = translationUtility
 //				.parseCommand(""Insert into PhoneNumber (id, number, type) VALUES (2, '999-888-7777', 'HOME')"");
 //
 //		// no search required by the UpdateExecution logic
 //		@SuppressWarnings(""unchecked"")
 //		InfinispanUpdateExecution ie = createExecution(command, Collections.EMPTY_LIST);
 //
 //		ie.execute();
 //
 //		Person p = (Person) CONNECTION.getCache(PersonCacheSource.PERSON_CACHE_NAME).get(2);
 //		assertNotNull(p);
 //
 //		boolean found = false;
 //		for (PhoneNumber ph : p.getPhones()) {
 //			if (ph.getNumber().equals(""999-888-7777"") && ph.getType().equals(PhoneType.HOME)) {
 //				found = true;
 //			}
 //		}
 //		assertTrue(found);
 //	}
 //	
 
 
 	public void testUpdateByKey() throws Exception {
 		
 		// check the object exists
 		Object o = CONNECTION.get(Long.valueOf(1));
 		assertNotNull(o);
 		
 		Command command = translationUtility
 				.parseCommand(""Update Trade  SET TradeName='Person 1 Changed', settled='true' WHERE TradeId=1"");
 
 		ObjectUpdateExecution ie = createExecution(command);
 
 		ie.execute();
 
 		Trade p = (Trade) CONNECTION.get(Long.valueOf(1));
 
 		assertNotNull(p);
 		assertTrue(p.getName().equals(""Person 1 Changed""));
 		assertTrue(p.isSettled());
 		
 	}
 	
 
 	public void testUpdateByValue() throws Exception {
 	
 		Command command = translationUtility
 				.parseCommand(""Update Trade SET settled='false' WHERE settled='true'"");
 
 		ObjectUpdateExecution ie = createExecution(command);
 
 		ie.execute();
 
 		Trade p = (Trade) CONNECTION.get(Long.valueOf(2));
 
 		assertNotNull(p);
 		assertFalse(p.isSettled());
 		
 		p = (Trade) CONNECTION.get(Long.valueOf(99));
 
 		assertNotNull(p);
 		assertFalse(p.isSettled());
 		
 	}	
 
 	public void testDeleteRootByKey() throws Exception {
 		
 		Object o = CONNECTION.get(Long.valueOf(99));
 		assertNotNull(o);
 
 		Command command = translationUtility
 				.parseCommand(""Delete From Trade Where TradeId = 99"");
 
 		ObjectUpdateExecution ie = createExecution(command);
 
 		ie.execute();
 		
 		// sleep so that the async delete is completed
 		Thread.sleep(3000);
 
 		Trade p = (Trade) CONNECTION.get(Long.valueOf(99));
 
 		assertNull(p);
 
 	}
 
 	public void testDeleteRootByValue() throws Exception {
 
 		assertNotNull(CONNECTION.get(Long.valueOf(2)));
 		assertNotNull(CONNECTION.get(Long.valueOf(3)));
 		
 		Command command = translationUtility
 				.parseCommand(""Delete From Trade Where settled = 'false'"");
 
 
 		ObjectUpdateExecution ie = createExecution(command);
 		
 		ie.execute();
 		
 		// sleep so that the async delete is completed
 		Thread.sleep(3000);
 
 		
 		assertNull(CONNECTION.get(Long.valueOf(2)));
 		assertNull(CONNECTION.get(Long.valueOf(3)));
 
 	}
 //
 //// TODD - add support for deleting container class
 //	public void testDeleteChildByValue() throws Exception {
 //		String phoneNumber=""(111)222-3451"";	
 //		
 //		// check the phone number exists
 //		Iterator it=CONNECTION.getCache(PersonCacheSource.PERSON_CACHE_NAME).values().iterator();
 //		boolean found = false;
 //		while (it.hasNext()) {
 //			Person p = (Person) it.next();
 //			for (PhoneNumber ph : p.getPhones()) {
 //				if (ph.getNumber().equals(phoneNumber)) {
 //					found = true;
 //					break;
 //				}
 //			}
 //		}
 //		assertTrue(""Phone number "" + phoneNumber + "" was found"", found);
 //		
 //		Command command = translationUtility
 //				.parseCommand(""Delete From PhoneNumber Where Number = '"" + phoneNumber + ""'"");	
 //
 //		List rows = new ArrayList();
 //		rows.addAll(TestInfinispanUpdateExecution.DATA.values());
 //
 //		InfinispanUpdateExecution ie = createExecution(command, rows);
 //
 //		assertNotNull(CONNECTION.getCache(PersonCacheSource.PERSON_CACHE_NAME).get(2));
 //		
 //		ie.execute();
 //		int[] cnts = ie.getUpdateCounts();
 //		assertTrue(cnts[0] == 10);
 //		
 //		it=CONNECTION.getCache(PersonCacheSource.PERSON_CACHE_NAME).values().iterator();
 //		// verify phone was completely removed
 //		while (it.hasNext()) {
 //			Person p = (Person) it.next();
 //			for (PhoneNumber ph : p.getPhones()) {
 //				assertFalse(ph.getNumber().equals(phoneNumber));
 //			}
 //		}
 //	}
 //	
 	protected ObjectUpdateExecution createExecution(Command command) throws TranslatorException {
 
 		return (ObjectUpdateExecution) factory.createUpdateExecution(
 				command,
 				context,
 				VDBUtility.RUNTIME_METADATA, CONNECTION);
 	}
 }
",315,,,
297,"@@ -27,8 +27,6 @@
 import java.util.Date;
 import java.util.List;
 
 import javax.persistence.Entity;
 
 import org.hibernate.search.annotations.Analyze;
 import org.hibernate.search.annotations.DateBridge;
 import org.hibernate.search.annotations.Field;
@@ -39,7 +37,7 @@
 import org.hibernate.search.annotations.ProvidedId;
 import org.hibernate.search.annotations.Resolution;
 
 @Entity
 @Indexed @ProvidedId
 public class Trade  implements Serializable {
 	
",316,,,
298,"@@ -9,16 +9,10 @@
 import org.teiid.translator.infinispan.cache.InfinispanCacheConnection;
 import org.teiid.translator.object.CacheNameProxy;
 import org.teiid.translator.object.ClassRegistry;
 import org.teiid.translator.object.ObjectConnection;
 import org.teiid.translator.object.simpleMap.SimpleMapCacheConnection;
 
 public class TradeAnnotatedObjectConnection extends SimpleMapCacheConnection implements InfinispanCacheConnection {
 
 	public static ObjectConnection createConnection(Map<Object,Object> map) {
 		CacheNameProxy proxy = new CacheNameProxy(TradesAnnotatedCacheSource.TRADES_CACHE_NAME);
 
 		return new TradeAnnotatedObjectConnection(map, TradesAnnotatedCacheSource.CLASS_REGISTRY, proxy);
 	}
 	
 	public TradeAnnotatedObjectConnection(Map<Object,Object> map, ClassRegistry registry, CacheNameProxy proxy) {
 		super(map, registry, proxy);
@@ -38,6 +32,7 @@ public QueryFactory getQueryFactory() throws TranslatorException {
 		return Search.getQueryFactory((Cache) getCache());
 
 	}
 	
 }
 
",317,,,
299,"@@ -23,11 +23,15 @@
 
 
 import java.util.ArrayList;
 import java.util.Date;
 import java.util.HashMap;
 import java.util.List;
 import java.util.Map;
 
 import org.teiid.translator.object.ClassRegistry;
 import org.teiid.translator.object.ObjectConnection;
 
@@ -75,21 +79,6 @@ public class TradesAnnotatedCacheSource extends HashMap <Object, Object> {
 		}
 	}
 	
 			
 	public static ObjectConnection createConnection() {
 		Map <Object, Object> objects = TradesAnnotatedCacheSource.loadCache();
 		ObjectConnection toc = createConnection(objects);
 		
 		return toc;
 	}
 	
 	public static ObjectConnection createConnection(Map <Object, Object> objects) {
 				
 		ObjectConnection conn = TradeAnnotatedObjectConnection.createConnection(objects);
 	
 		return conn;
 	}
 	
 	public static void loadCache(Map <Object, Object> cache) {
 		for (long i = 1; i <= 200; i++) {
 			
@@ -140,4 +129,17 @@ public List<Object> get(int key) {
 		return objs;
 	}	
 	
 }
",318,,,
300,"@@ -1,20 +1,23 @@
 <?xml version=""1.0"" encoding=""UTF-8""?>
 <infinispan xmlns:xsi=""http://www.w3.org/2001/XMLSchema-instance""
 	xsi:schemaLocation=""urn:infinispan:config:7.2 http://www.infinispan.org/schemas/infinispan-config-7.2.xsd""
 	xmlns=""urn:infinispan:config:7.2"">
 
 	<cache-container default-cache=""default""
 		statistics=""false"" shutdown-hook=""DONT_REGISTER"">
 		<jmx duplicate-domains=""true"" />
 
 		<local-cache name=""Trades"">
 			<eviction strategy=""LIRS"" max-entries=""1000"" />
 			<persistence passivation=""false"">
 				<file-store shared=""false"" fetch-state=""true"" read-only=""false""
 					purge=""true"" preload=""true"" path=""./target/localcache/persistent/trades"">
 				</file-store>
 			</persistence>
 		</local-cache>
 		
 	</cache-container>
 </infinispan>
\ No newline at end of file
",319,,,
301,"@@ -1,24 +1,23 @@
 <?xml version=""1.0"" encoding=""UTF-8""?>
 <infinispan xmlns:xsi=""http://www.w3.org/2001/XMLSchema-instance""
     xsi:schemaLocation=""urn:infinispan:config:7.2 http://www.infinispan.org/schemas/infinispan-config-7.2.xsd""
     xmlns=""urn:infinispan:config:7.2"">
 
     <cache-container default-cache=""default""
         statistics=""false"" shutdown-hook=""DONT_REGISTER"">
         <jmx duplicate-domains=""true"" />
 
         <local-cache name=""Trades"">        
             <eviction strategy=""LIRS"" max-entries=""1000"" />
             <persistence passivation=""false"">
                 <file-store shared=""false"" fetch-state=""true"" read-only=""false""
                     purge=""true"" preload=""true"" path=""./target/localcache/persistent/trades"">
                 </file-store>
             </persistence>
              <indexing index=""LOCAL"">
                 <property name=""default.directory_provider"">ram</property>
                 <property name=""lucene_version"">4.10.4</property>
              </indexing>        
         </local-cache>
         
     </cache-container>
 </infinispan>
\ No newline at end of file
",320,,,
302,"@@ -1,24 +0,0 @@
 <?xml version=""1.0"" encoding=""UTF-8""?>
 <infinispan xmlns:xsi=""http://www.w3.org/2001/XMLSchema-instance""
     xsi:schemaLocation=""urn:infinispan:config:7.2 http://www.infinispan.org/schemas/infinispan-config-7.2.xsd""
     xmlns=""urn:infinispan:config:7.2"">
 
     <cache-container default-cache=""default""
         statistics=""false"" shutdown-hook=""DONT_REGISTER"">
         <jmx duplicate-domains=""true"" />
 
         <local-cache name=""Trades"">        
             <eviction strategy=""LIRS"" max-entries=""1000"" />
             <persistence passivation=""false"">
                 <file-store shared=""false"" fetch-state=""false"" read-only=""false""
                     purge=""false"" preload=""true"" path=""./target/localcache/remote/default"">
                 </file-store>
             </persistence>
              <indexing index=""LOCAL"">
                 <property name=""default.directory_provider"">ram</property>
                 <property name=""lucene_version"">4.10.4</property>
              </indexing>        
         </local-cache>
         
     </cache-container>
 </infinispan>
\ No newline at end of file
",321,,,
303,"@@ -13,21 +13,11 @@
     <dependencies>
         <module name=""javax.api""/>
         <module name=""javax.resource.api""/>
  <!--
         <module name=""org.jboss.teiid.common-core"" />
         <module name=""org.jboss.teiid.api"" />
         <module name=""org.jboss.teiid"" />
    -->     
                 
         <module name=""org.jboss.teiid.translator.object"" export=""true"" />        
 
 <!--        
         <module name=""org.jboss.modules"" export=""true""/>
  -->       
  	  	<module name=""org.infinispan.commons"" slot=""${jdg.slot}"" optional=""true"" export=""true"" />
    		<module name=""org.infinispan.protostream"" slot=""${jdg.slot}"" optional=""true"" export=""true"" />
    		<module name=""org.infinispan.client.hotrod"" slot=""${jdg.slot}"" optional=""true"" export=""true"" />
         <module name=""org.infinispan.query.dsl"" slot=""${jdg.slot}"" optional=""true"" export=""true"" />    
                 
     </dependencies>   
 </module>
",322,,,
304,"@@ -33,6 +33,7 @@
 import org.teiid.translator.Translator;
 import org.teiid.translator.TranslatorException;
 import org.teiid.translator.TranslatorProperty;
 import org.teiid.translator.infinispan.dsl.metadata.ProtobufMetadataProcessor;
 import org.teiid.translator.object.ObjectConnection;
 import org.teiid.translator.object.ObjectExecutionFactory;
@@ -68,16 +69,13 @@ public InfinispanExecutionFactory() {
 		setSupportsOuterJoins(true);
 		
 		setSupportedJoinCriteria(SupportedJoinCriteria.KEY);
 		setSearchType(new DSLSearch());
 	}
 
 	@Override
 	public int getMaxFromGroups() {
 		return 2;
 	}
 
 
 
 	/**
 	 * {@inheritDoc}
 	 *
@@ -155,6 +153,9 @@ public boolean supportsNotCriteria() {
 
 	@Override
     public MetadataProcessor<ObjectConnection> getMetadataProcessor(){
 	    return new ProtobufMetadataProcessor();
 	}
 
",75,,,
305,"@@ -0,0 +1,98 @@
",16,,,
306,"@@ -106,7 +106,7 @@ private Table createRootTable(MetadataFactory mf, Class<?> entity, Descriptor de
 		String pkField = conn.getPkField();
 		boolean updatable = (pkField != null ? true : false);
 		
 		Table rootTable = addTable(mf, entity, updatable, descriptor);
 		
 	    // add column for cache Object, set to non-selectable by default so that select * queries don't fail by default
 		addRootColumn(mf, Object.class, entity, null, null, SearchType.Unsearchable, rootTable.getName(), rootTable, false, false, NullType.Nullable); //$NON-NLS-1$	
@@ -131,7 +131,7 @@ private Table createRootTable(MetadataFactory mf, Class<?> entity, Descriptor de
 				NullType nt = NullType.Nullable;
 				SearchType st = isSearchable(fd);
 				Class<?> returnType = getJavaType( fd,entity, conn);
 				String j = fd.getJavaType().name();
 				if (fd.getName().equalsIgnoreCase(pkField)) {
 					addKey = true;
 					st = SearchType.Searchable;
@@ -163,18 +163,15 @@ private Table createRootTable(MetadataFactory mf, Class<?> entity, Descriptor de
 		return rootTable;
 	}
 	
 	private Table addTable(MetadataFactory mf, Class<?> entity, boolean updatable, Descriptor descriptor) {
 		String tName = entity.getSimpleName();
 				//getTableName(descriptor);
 		Table t = mf.getSchema().getTable(tName);
 		if (t != null) {
 			//already loaded
 			return t;
 		}
 		t = mf.addTable(tName);
 		t.setSupportsUpdate(updatable);
 		
 //		t.setProperty(ENTITYCLASS, entity.getName());
 
 		return t;
 		
@@ -216,7 +213,7 @@ private void processRepeatedType(MetadataFactory mf, FieldDescriptor fd, Table r
 			throw new TranslatorException(InfinispanPlugin.Util.gs(InfinispanPlugin.Event.TEIID25060, new Object[] { fd.getName() }));
 		}
 		
 		Table t = addTable(mf, c, true, d);
 		
 		// do not use getSourceName, the NameInSource has to be defined as the cache name
 		t.setNameInSource(rootTable.getNameInSource()); 
",70,,,
307,"@@ -18,18 +18,24 @@
 
 import java.util.List;
 
 /**
  * Copied from JDG quickstart - remote-query
  * 
  * @author Adrian Nistor
  */
 public class Person {
 
    private String name;
    private int id;
    private String email;
    private List<PhoneNumber> phones;
 
    public String getName() {
       return name;
    }
@@ -38,6 +44,7 @@ public void setName(String name) {
       this.name = name;
    }
 
    public int getId() {
       return id;
    }
@@ -46,6 +53,8 @@ public void setId(int id) {
       this.id = id;
    }
 
    public String getEmail() {
       return email;
    }
",323,,,
308,"@@ -21,7 +21,12 @@
  */
 package org.jboss.as.quickstarts.datagrid.hotrod.query.domain;
 
 import org.infinispan.client.hotrod.RemoteCache;
 import org.infinispan.protostream.descriptors.Descriptor;
 import org.infinispan.query.dsl.QueryFactory;
 import org.teiid.translator.TranslatorException;
@@ -61,7 +66,19 @@ public PersonCacheConnection(RemoteCache map,
 		if (useKeyClassType) {
 			setCacheKeyClassType(int.class);
 		}
 		this.setCacheClassType(Person.class);
 	}
 
 		@Override
",324,,,
309,"@@ -116,7 +116,7 @@ public static void loadCache(Map<Object, Object> cache) {
 			p.setName(""Person "" + i);
 			p.setPhones(pns);
 				
 			cache.put(i, p);
 
 		}
 	}
@@ -869,6 +869,18 @@ public Set<Object> getListeners() {
 	public void removeClientListener(Object arg0) {
 	}
 
 	/**
 	 * {@inheritDoc}
 	 *
@@ -878,12 +890,6 @@ public void removeClientListener(Object arg0) {
 	public Map<K, V> getAll(Set<? extends K> keys) {
 		return null;
 	}
 
     @Override
     public <T> T execute(String arg0, Map<String, ?> arg1) {
         // TODO Auto-generated method stub
         return null;
     }
 	
 	
 	
",325,,,
310,"@@ -1,26 +1,16 @@
 package org.jboss.teiid.jdg_remote.pojo;
 
 import java.sql.Date;
 import java.sql.Time;
 import java.sql.Timestamp;
 import java.io.Serializable;
 import java.lang.Character;
 import java.math.BigDecimal;
 import java.math.BigInteger;
 
 import javax.persistence.Entity;
 import javax.persistence.Id;
 
 import org.hibernate.search.annotations.Analyze;
 import org.hibernate.search.annotations.DateBridge;
 import org.hibernate.search.annotations.Field;
 import org.hibernate.search.annotations.Index;
 import org.hibernate.search.annotations.Indexed;
 import org.hibernate.search.annotations.IndexedEmbedded;
 import org.hibernate.search.annotations.Resolution;
 import org.hibernate.search.annotations.Store;
 
 @Entity
 @Indexed(index=""AllTypes"")
 public class AllTypes implements Serializable{
 	
@@ -44,7 +34,6 @@ public class AllTypes implements Serializable{
 	private Boolean booleanValue;
 	private Timestamp timeStampValue;
 	
 	@Id 
 	@Field(index=Index.YES)
 	private Integer intKey;
 	private String stringKey;
",326,,,
311,"@@ -963,6 +963,7 @@ public Set<Object> getListeners() {
 	public void removeClientListener(Object arg0) {
 	}
 
 	/**
 	 * {@inheritDoc}
 	 *
@@ -974,8 +975,16 @@ public Map<K, V> getAll(Set<? extends K> keys) {
 	}
 
 
     @Override
     public <T> T execute(String arg0, Map<String, ?> arg1) {
         return null;
     }
 }
",327,,,
312,"@@ -36,11 +36,8 @@
 import org.teiid.language.Select;
 import org.teiid.translator.ExecutionContext;
 import org.teiid.translator.TranslatorException;
 //import org.teiid.translator.infinispan.dsl.util.PersonSchemaVDBUtility;
 import org.teiid.translator.object.testdata.person.PersonSchemaVDBUtility;
 import org.teiid.translator.object.ObjectConnection;
 import org.teiid.translator.object.ObjectExecution;
 import org.teiid.translator.object.ObjectVisitor;
 
 /**
  * NOTES: 
@@ -173,12 +170,12 @@ protected List<Object> performTest(int rowcnt, int colCount, Select command, Lis
 
 	protected ObjectExecution createExecution(Select command, int rowCount, int colCount) throws TranslatorException {
 		InfinispanExecutionFactory translator = new InfinispanExecutionFactory() {
 			@Override
 			public List<Object> search(ObjectVisitor visitor, ObjectConnection connection, ExecutionContext executionContext)
 					throws TranslatorException {
 				List<Object> rows = new ArrayList<Object>(DATA.values());
     			return rows;
 			}
 
         };
         translator.start();
",14,,,
313,"@@ -37,10 +37,8 @@
 import org.teiid.translator.ExecutionContext;
 import org.teiid.translator.TranslatorException;
 import org.teiid.translator.infinispan.dsl.util.AllTypesSchemaVDBUtility;
 import org.teiid.translator.object.testdata.person.PersonSchemaVDBUtility;
 import org.teiid.translator.object.ObjectConnection;
 import org.teiid.translator.object.ObjectExecution;
 import org.teiid.translator.object.ObjectVisitor;
 
 /**
  * NOTES: 
@@ -149,12 +147,12 @@ protected List<Object> performTest(int rowcnt, int colCount, Select command, Lis
 
 	protected ObjectExecution createExecution(Select command, int rowCount, int colCount) throws TranslatorException {
 		InfinispanExecutionFactory translator = new InfinispanExecutionFactory() {
 			@Override
 			public List<Object> search(ObjectVisitor visitor, ObjectConnection connection, ExecutionContext executionContext)
 					throws TranslatorException {
 				List<Object> rows = new ArrayList<Object>(DATA.values());
     			return rows;
 			}
 
         };
         translator.start();
",52,,,
314,"@@ -11,28 +11,30 @@
 import java.util.List;
 import java.util.Map;
 
 //import org.teiid.translator.object.testdata.person.*;
 import org.jboss.as.quickstarts.datagrid.hotrod.query.domain.Person;
 import org.jboss.as.quickstarts.datagrid.hotrod.query.domain.PersonCacheSource;
 import org.jboss.as.quickstarts.datagrid.hotrod.query.domain.PhoneNumber;
 import org.jboss.as.quickstarts.datagrid.hotrod.query.domain.PhoneType;
 import org.junit.Before;
 import org.junit.Test;
 import org.mockito.Mock;
 import org.mockito.MockitoAnnotations;
 import org.teiid.cdk.api.TranslationUtility;
 import org.teiid.language.Command;
 import org.teiid.translator.ExecutionContext;
 import org.teiid.translator.TranslatorException;
 import org.teiid.translator.object.testdata.person.PersonSchemaVDBUtility;
 import org.teiid.translator.object.ObjectConnection;
 import org.teiid.translator.object.ObjectUpdateExecution;
 import org.teiid.translator.object.ObjectVisitor;
 
 public class TestInfinispanUpdateExecution {
 	private static InfinispanDSLConnection CONNECTION;
 	private static TranslationUtility translationUtility = PersonSchemaVDBUtility.TRANSLATION_UTILITY;
 
 	private static Map<Object, Object> DATA = PersonCacheSource.loadCache();
 	private static InfinispanExecutionFactory TRANSLATOR;
 	
@@ -261,17 +263,17 @@ protected ObjectUpdateExecution createExecution(Command command, final List<Obje
 			throws TranslatorException {
 		
 		TRANSLATOR = new InfinispanExecutionFactory() {
 			@Override
 			public List<Object> search(ObjectVisitor visitor, ObjectConnection connection, ExecutionContext executionContext)
 					throws TranslatorException {
     			return results;
 			}
 
        
 			@Override
 			public Object performKeySearch(String columnName, Object value, ObjectConnection connection, ExecutionContext executionContext) throws TranslatorException {
 				return DATA.get(value);
 			}
 
 
 		};
",21,,,
315,"@@ -14,6 +14,7 @@
 import org.jboss.teiid.jdg_remote.pojo.AllTypes;
 import org.jboss.teiid.jdg_remote.pojo.AllTypesCacheSource;
 import org.junit.Before;
 import org.junit.Test;
 import org.mockito.Mock;
 import org.mockito.MockitoAnnotations;
@@ -23,11 +24,9 @@
 import org.teiid.translator.ExecutionContext;
 import org.teiid.translator.TranslatorException;
 import org.teiid.translator.infinispan.dsl.util.AllTypesSchemaVDBUtility;
 import org.teiid.translator.object.ObjectConnection;
 import org.teiid.translator.object.ObjectUpdateExecution;
 import org.teiid.translator.object.ObjectVisitor;
 
 
 public class TestInfinispanUpdateUsingAllTypes {
 	
 	private static InfinispanDSLConnection CONNECTION;
@@ -299,17 +298,17 @@ protected ObjectUpdateExecution createExecution(Command command, final List<Obje
 		
 		TRANSLATOR = new InfinispanExecutionFactory() {
 
 			@Override
 			public List<Object> search(ObjectVisitor visitor, ObjectConnection connection, ExecutionContext executionContext)
 					throws TranslatorException {
     			return results;
 			}
 
        
 			@Override
 			public Object performKeySearch(String columnName, Object value, ObjectConnection connection, ExecutionContext executionContext) throws TranslatorException {
 				return DATA.get(value);
 			}
 
 		};
 		TRANSLATOR.start();
",35,,,
316,"@@ -0,0 +1,64 @@
",36,,,
317,"@@ -29,6 +29,7 @@ public static void setUp() throws TranslatorException {
 	@Before public void beforeEach() throws Exception{	
 		 
 		TRANSLATOR = new InfinispanExecutionFactory();
 		TRANSLATOR.start();
     }
 
",59,,,
318,"@@ -16,19 +16,9 @@
         <module name=""org.jboss.teiid.api""  export=""true"" />
         <!--  need teiid-engine for the scriptengine -->
         <module name=""org.jboss.teiid"" export=""true"" />
         <!-->module name=""org.jboss.teiid"" /-->
         <module name=""org.jboss.modules""  export=""true"" />
  
         <module name=""org.hibernate.search.engine"" />
         
         <!--
         This ""your.pojo.module"" would be used when the map-cache translator is used.
         The ""your.pojo.module"" name needs to be replaced with the module name that has
         the java class(s) that's being stored in the JDG cache 
          
         -->
     
         <module name=""your.pojo.module""  optional=""true""  export=""true"" />
  
     </dependencies>
 </module>
",328,,,
319,"@@ -142,6 +142,13 @@ public interface ObjectConnection {
 	public Collection<Object> getAll() throws TranslatorException;
 	
 	
 	/**
 	 * Called to clear the cache and delete all objects.
 	 * @param cacheName 
",329,,,
320,"@@ -256,7 +256,8 @@ public void execute() throws TranslatorException {
 		}
 	    
 		// column NIS for a column will be used to query the cache
 	    List<Object> objResults = env.search(visitor, connection, executionContext);
 	    
 		if (objResults == null) {
 			objResults = Collections.emptyList();
",330,,,
321,"@@ -50,7 +50,6 @@ public abstract class ObjectExecutionFactory extends
 		ExecutionFactory<ConnectionFactory, ObjectConnection> {
 
 	public static final int MAX_SET_SIZE = 10000;
 	private SearchType searchType=null;
 	private boolean searchabilityBasedOnAnnotations = true;
 	
 	public ObjectExecutionFactory() {
@@ -73,7 +72,6 @@ public ObjectExecutionFactory() {
 	 */
 	@Override
 	public void start() throws TranslatorException {
 		if (searchType == null) throw new TranslatorException(""Programming Error: Search Type was not set"");
 		super.start();
 	}
 
@@ -125,37 +123,10 @@ public boolean supportsOnlyLiteralComparison() {
 		return true;
 	}
 	
 	public void setSearchType(SearchType type) {
 		this.searchType = type;
 	}
 	
 	public SearchType getSearchType() {
 		return this.searchType;
 	}
 	
 	@Override
     public MetadataProcessor<ObjectConnection> getMetadataProcessor(){
 	    return new JavaBeanMetadataProcessor(searchabilityBasedOnAnnotations);
 	}
 	
 	public List<Object> search(ObjectVisitor visitor, ObjectConnection connection, ExecutionContext executionContext)
 			throws TranslatorException {
 		return searchType.performSearch(visitor,connection);
 	}
 	
 	/**
 	 * The searchByKey is used by update operations that need to obtain a specific object, but don't need
 	 * to create a Select command in order to find a single object.
 	 * @param columnName
 	 * @param value
 	 * @param connection
 	 * @param executionContext
 	 * @return Object
 	 * @throws TranslatorException
 	 */
 	public Object performKeySearch(String columnName, Object value, ObjectConnection connection, ExecutionContext executionContext) throws TranslatorException {
 		return searchType.performKeySearch(columnName, value, connection);
 	}
 
 	/**
 	 * {@inheritDoc}
",331,,,
322,"@@ -228,7 +228,8 @@ private int handleInsert(Insert insert, ObjectVisitor visitor,  Class<?> clz, Ma
 		
 		// don't perform a search when doing inserts for materialization, its assume a cleared cache
 		if (!useForMat) {
 			Object rootObject = env.performKeySearch(ObjectUtil.getRecordName(keyCol), keyValue, connection, executionContext);
 	
 			if (rootObject != null) {
 				throw new TranslatorException(ObjectPlugin.Util.gs(ObjectPlugin.Event.TEIID21007, new Object[] {insert.getTable().getName(), keyValue}));
@@ -283,7 +284,8 @@ private int handleInsertChildObject(ObjectVisitor visitor, Object newEntity, Map
 		String fk_nis = fk.getNameInSource();
 		// don't perform a search when doing inserts for materialization
 						
 		Object rootObject = env.performKeySearch(fkeyColNIS, fkeyValue, connection, executionContext);
 
 		if (rootObject == null) {
 			throw new TranslatorException(ObjectPlugin.Util.gs(ObjectPlugin.Event.TEIID21015, new Object[] {fkeyValue, rootTable.getName()}));
@@ -337,7 +339,8 @@ private int handleDelete(Delete delete, ObjectVisitor visitor) throws Translator
 		}
 
 		// Find all the objects that meet the criteria for deletion
 		List<Object> toDelete = env.search(visitor, connection, executionContext);
 		if (toDelete == null || toDelete.isEmpty()) {
 			LogManager.logWarning(LogConstants.CTX_CONNECTOR, ObjectPlugin.Util.gs(ObjectPlugin.Event.TEIID21013, new Object[] {rootTable.getName(), visitor.getWhereCriteria()}));
 			return 0;
@@ -443,7 +446,8 @@ private int handleUpdate(Update update, ObjectVisitor visitor, ClassRegistry cla
 		NamedTable rootTable = visitor.getTable();
 		
 		// Find all the objects that meet the criteria for updating
 		List<Object> toUpdate = env.search(visitor, connection, executionContext);
 		
 		if (toUpdate == null || toUpdate.size() == 0){
 			LogManager.logTrace(LogConstants.CTX_CONNECTOR,
",332,,,
323,"@@ -24,21 +24,27 @@
 import java.util.ArrayList;
 import java.util.List;
 
 import org.teiid.language.BaseLanguageObject;
 import org.teiid.language.ColumnReference;
 import org.teiid.language.Condition;
 import org.teiid.language.Delete;
 import org.teiid.language.DerivedColumn;
 import org.teiid.language.Expression;
 import org.teiid.language.ExpressionValueSource;
 import org.teiid.language.Insert;
 import org.teiid.language.LanguageObject;
 import org.teiid.language.Limit;
 import org.teiid.language.NamedTable;
 import org.teiid.language.OrderBy;
 import org.teiid.language.Select;
 import org.teiid.language.Update;
 import org.teiid.language.visitor.HierarchyVisitor;
 import org.teiid.metadata.Column;
 import org.teiid.metadata.ForeignKey;
 import org.teiid.translator.TranslatorException;
@@ -54,6 +60,9 @@ public class ObjectVisitor extends HierarchyVisitor {
 	private List<DerivedColumn> projectedColumns = new ArrayList<DerivedColumn>();
 	protected ArrayList<TranslatorException> exceptions = new ArrayList<TranslatorException>();
 	
 	private NamedTable table;
 	
 	// will be non-null only when a child table is being processed
@@ -251,7 +260,91 @@ public void visit(Update obj) {
 		super.visit(obj);
 		this.condition = obj.getWhere();
 		this.update = obj;
 	}		
 	
 	protected String getForeignKeyNIS(NamedTable table, ForeignKey fk)  {
 
",60,,,
324,"@@ -23,6 +23,7 @@
 
 import java.util.List;
 
 import org.teiid.translator.TranslatorException;
 
 /**
@@ -35,19 +36,19 @@ public interface SearchType {
 	 * Perform key search to return zero or 1 object based on the key value
 	 * @param columnNameInSource
 	 * @param value
 	 * @param conn
 	 * @return Object
 	 * @throws TranslatorException
 	 */
 	Object performKeySearch(String columnNameInSource, Object value, ObjectConnection conn) throws TranslatorException ;
 
 	/**
 	 * Perform an update
 	 * @param visitor
 	 * @param conn
 	 * @return List of Objects impacted by the update
 	 * @throws TranslatorException
 	 */
 	List<Object> performSearch(ObjectVisitor visitor, ObjectConnection conn) throws TranslatorException;	
 		
 }
\ No newline at end of file
",333,,,
325,"@@ -22,7 +22,6 @@
 
 package org.teiid.translator.object.metadata;
 
 import java.lang.annotation.Annotation;
 import java.lang.reflect.Field;
 import java.lang.reflect.Method;
 import java.util.ArrayList;
@@ -32,8 +31,11 @@
 import org.teiid.logging.LogConstants;
 import org.teiid.logging.LogManager;
 import org.teiid.metadata.BaseColumn.NullType;
 import org.teiid.metadata.*;
 import org.teiid.metadata.Column.SearchType;
 import org.teiid.translator.MetadataProcessor;
 import org.teiid.translator.TranslatorException;
 import org.teiid.translator.TypeFacility;
@@ -83,10 +85,10 @@ private Table createSourceTable(MetadataFactory mf, Class<?> entity, String cach
 		}
 		table = mf.addTable(tableName);
 		table.setSupportsUpdate(this.isUpdatable);
 		table.setNameInSource(cacheName); 
 		
 		String columnName = tableName + OBJECT_COL_SUFFIX;
 		addColumn(mf, entity, entity, columnName, ""this"", SearchType.Unsearchable, table, true); //$NON-NLS-1$
 		Map<String, Method> methods;
 		try {
 			
@@ -99,10 +101,10 @@ private Table createSourceTable(MetadataFactory mf, Class<?> entity, String cach
         if (pkField != null) {
                 pkMethod = methods.get(pkField);
                 if (pkMethod != null) {
                     addColumn(mf, entity, pkMethod.getReturnType(), pkField, pkField, SearchType.Searchable, table, true);
                 } else {
                 	// add a column so the PKey can be created, but make it not selectable
                     addColumn(mf, entity, java.lang.String.class, pkField, pkField, SearchType.Searchable, table, false);
 
                 }
                              
@@ -133,39 +135,73 @@ private Table createSourceTable(MetadataFactory mf, Class<?> entity, String cach
 				methodsToAdd.put(entry.getValue(), entry.getKey());
 			}
 		}
 
         // determine if class is indexed
         boolean isIndexed = false;
 		if (useAnnotations) {
 			isIndexed = isIndexed(entity.getAnnotations());
 		}
 		
 		for (Map.Entry<Method, String> entry : methodsToAdd.entrySet()) {
 			Method m = (Method) entry.getKey();
 	
 				SearchType st = SearchType.Unsearchable;
 
 				// default for Hibernate index = true, so setting based on finding false
 				if (isIndexed) {
 					// first check the method if its indexed
 					if (!isFieldIndexed(m.getDeclaredAnnotations())) {
 						st = SearchType.Unsearchable;
 					} else {
 						// then check if there's an attribute that's indexed
 						Field f = findClassField(entity, m);
 						if (f != null && !isFieldIndexed(f.getDeclaredAnnotations())) {
 							st = SearchType.Unsearchable;
 						} else {
 							st = SearchType.Searchable;
 						}
 					} 
 				}
 				
 				addColumn(mf, entity, m.getReturnType(), entry.getValue(), entry.getValue(), st, table, true);			
 		}
 				
 		return table;
 	}
 	
 	private Field findClassField(Class<?> clzz, Method m) {
 		final String ml = m.getName().toLowerCase();
@@ -182,27 +218,6 @@ private Field findClassField(Class<?> clzz, Method m) {
 		return null;
 		
 	}
 
 	private boolean isIndexed(Annotation[] ai) {
 		for (Annotation a : ai) {
 			if (a.annotationType().getName().equals(""org.hibernate.search.annotations.Indexed"")) {
 				return true;
 			}
 		}
 		return false;
 	}
 	
 	private boolean isFieldIndexed(Annotation[] ai) {
 		for (Annotation a : ai) {
 			if (a instanceof org.hibernate.search.annotations.Field) {
 				org.hibernate.search.annotations.Field f = (org.hibernate.search.annotations.Field) a;
 				if (f.index() == org.hibernate.search.annotations.Index.NO) {
 					return false;
 				}
 			}
 		}
 		return true;
 	}
 	
 	/**
 	 * Call to get the name of table based on the <code>Class</code> entity
@@ -217,7 +232,7 @@ protected void setIsUpdateable(boolean isUpdateable) {
 		this.isUpdatable = isUpdateable;
 	}
 	
 	protected Column addColumn(MetadataFactory mf, Class<?> entity, Class<?> type, String attributeName, String nis, SearchType searchType, Table entityTable, boolean selectable) {
 		Column c = entityTable.getColumnByName(attributeName);
 		if (c != null) {
 			//TODO: there should be a log here
@@ -237,12 +252,11 @@ protected Column addColumn(MetadataFactory mf, Class<?> entity, Class<?> type, S
 			c.setNativeType(type.getName());
 		}
 		
 		c.setUpdatable(this.isUpdatable);
 		c.setSearchType(searchType);
 		c.setSelectable(selectable);
 		if (type.isPrimitive()) {
 			c.setNullType(NullType.No_Nulls);
 		}
 		return c;
 	}
 	
",334,,,
326,"@@ -28,6 +28,7 @@
 
 import org.teiid.logging.LogConstants;
 import org.teiid.logging.LogManager;
 import org.teiid.translator.TranslatorException;
 import org.teiid.translator.object.ObjectConnection;
 import org.teiid.translator.object.ObjectVisitor;
@@ -38,22 +39,40 @@
  * the key, using EQUI and IN clauses on the SELECT statement.
  */
 public  class SearchByKey implements SearchType  {
 	
 	@Override
 	public Object performKeySearch(String columnNameInSource,
 			Object value, ObjectConnection conn) throws TranslatorException  {
 
 		return conn.get(value);
 	}
 
 	@Override
 	public List<Object> performSearch(ObjectVisitor visitor,
 			ObjectConnection conn) throws TranslatorException  {
 
 		LogManager.logTrace(LogConstants.CTX_CONNECTOR,
 				""Perform search by key.""); //$NON-NLS-1$
 		
 		List<Object> values = ( (SimpleKeyVisitor) visitor).getCriteriaValues();
 		List<Object> results = new ArrayList<Object>();
 
 		boolean hasLimit = (visitor.getLimit() > 0);
",31,,,
327,"@@ -21,112 +21,14 @@
  */
 package org.teiid.translator.object.simpleMap;
 
 import java.util.ArrayList;
 import java.util.List;
 
 import org.teiid.language.AndOr;
 import org.teiid.language.ColumnReference;
 import org.teiid.language.Comparison;
 import org.teiid.language.Expression;
 import org.teiid.language.In;
 import org.teiid.language.Literal;
 import org.teiid.logging.LogConstants;
 import org.teiid.logging.LogManager;
 import org.teiid.metadata.Column;
 import org.teiid.translator.TranslatorException;
 import org.teiid.translator.object.ObjectVisitor;
 import org.teiid.translator.object.util.ObjectUtil;
 
 /**
  * @author vanhalbert
  *
  */
 public class SimpleKeyVisitor extends ObjectVisitor {
 		
 	private ArrayList<Object> values = new ArrayList<Object>();
 	
 	public List<Object> getCriteriaValues() {
 		return values;
 	}
 	
 
 	@Override
     public void visit(AndOr obj) {
         visitNode(obj.getLeftCondition());
         visitNode(obj.getRightCondition());
     }
 	
 	@Override
 	public void visit(Comparison obj) {
 		super.visit(obj);
 		
 		LogManager.logTrace(LogConstants.CTX_CONNECTOR,
 		""Parsing Comparison criteria.""); //$NON-NLS-1$
 
 		Expression lhs = obj.getLeftExpression();
 		Expression rhs = obj.getRightExpression();
 
 		// joins between the objects is assumed as if no criteria, and therefore, return all
 		if (lhs instanceof ColumnReference && rhs instanceof ColumnReference) {
 			return;
 		} else if (lhs instanceof Literal && rhs instanceof Literal) {
 			return;
 		}
 
 		Object value=null;
 		Column mdIDElement = null;
 		Literal literal = null;
 		if (lhs instanceof ColumnReference) {
 
 			mdIDElement = ((ColumnReference) lhs).getMetadataObject();
 			literal = (Literal) rhs;
 			value = literal.getValue();
 
 		} else if (rhs instanceof ColumnReference ){
 			mdIDElement = ((ColumnReference) rhs).getMetadataObject();
 			literal = (Literal) lhs;
 			value = literal.getValue();
 		}	
 		
 		Object criteria;
 		try {
 			criteria = ObjectUtil.convertValueToObjectType(value, mdIDElement);
 			values.add(criteria);
 		} catch (TranslatorException e) {
 			exceptions.add(e);
 		}
 
 	}
 	
 	@Override
 	public void visit(In obj) {
 		super.visit(obj);
 		if (obj.isNegated()) {
 			this.addException(new TranslatorException(""ObjectQueryVisitor: Not In criteria is not supported""));
 			return;
 		}
 
 		LogManager.logTrace(LogConstants.CTX_CONNECTOR, ""Parsing IN criteria.""); //$NON-NLS-1$
 		
 		Expression lhs = obj.getLeftExpression();
 		Column col = ((ColumnReference) lhs).getMetadataObject();
 		
 		List<Expression> rhsList = obj.getRightExpressions();
 		
 		for (Expression expr : rhsList) {
 
 			Literal literal = (Literal) expr;
 			
 			Object criteria;
 			try {
 				criteria = ObjectUtil.convertValueToObjectType(literal.getValue(), col);
 				values.add(criteria);
 			} catch (TranslatorException e) {
 				exceptions.add(e);
 			}
 			
 		}				
 	
 	}
 
 }
",335,,,
328,"@@ -10,6 +10,7 @@
 import org.teiid.translator.object.ClassRegistry;
 import org.teiid.translator.object.ObjectConnection;
 import org.teiid.translator.object.ObjectMaterializeLifeCycle;
 
 public class SimpleMapCacheConnection implements ObjectConnection {
 	private Map<String, Map<Object,Object>> mapCaches = new HashMap<String, Map<Object, Object>>(3);
@@ -218,8 +219,20 @@ public ObjectMaterializeLifeCycle getMaterializeLifeCycle() {
 	public void clearCache(String cacheName) throws TranslatorException {
 		Map<Object, Object> c = getCache(cacheName);
 		c.clear();
 	}	
 	
 }
 
 
",336,,,
329,"@@ -61,8 +61,6 @@ public SimpleMapCacheExecutionFactory() {
 		setSupportsFullOuterJoins(false);
 		setSupportsOuterJoins(false);
 		
 		setSearchType(new SearchByKey());
 		
 	}
 	
 	@Override
",337,,,
330,"@@ -42,14 +42,14 @@ public void testPersonMetadata() throws Exception {
 
 		System.out.println(""Schema: "" + metadataDDL);
 		String expected = ""CREATE FOREIGN TABLE Trade (\n""
 	    + ""\tTradeObject object OPTIONS (NAMEINSOURCE 'this', SEARCHABLE 'Unsearchable', NATIVE_TYPE 'org.teiid.translator.object.testdata.annotated.Trade'),\n""
 	    + ""\ttradeId long NOT NULL OPTIONS (NAMEINSOURCE 'tradeId', SEARCHABLE 'Searchable', NATIVE_TYPE 'long'),\n""	    
 	    + ""\tdescription string OPTIONS (NAMEINSOURCE 'description', SEARCHABLE 'Unsearchable', NATIVE_TYPE 'java.lang.String'),\n""
 	    + ""\tname string OPTIONS (NAMEINSOURCE 'name', SEARCHABLE 'Searchable', NATIVE_TYPE 'java.lang.String'),\n""
 	    + ""\tsettled boolean NOT NULL OPTIONS (NAMEINSOURCE 'settled', SEARCHABLE 'Searchable', NATIVE_TYPE 'boolean'),\n""
 	    + ""\ttradeDate date OPTIONS (NAMEINSOURCE 'tradeDate', SEARCHABLE 'Searchable', NATIVE_TYPE 'java.util.Date'),\n""
 		+ ""\tCONSTRAINT PK_TRADEID PRIMARY KEY(tradeId)\n""
 		+ "") OPTIONS (NAMEINSOURCE 'Trades', UPDATABLE TRUE);""		
 		;
 		assertEquals(expected, metadataDDL);	
 
",338,,,
331,"@@ -42,12 +42,12 @@ public void testPersonMetadata() throws Exception {
 
 		System.out.println(""Schema: "" + metadataDDL);
 		String expected =  ""CREATE FOREIGN TABLE Person (\n""
 				+ ""\tPersonObject object OPTIONS (NAMEINSOURCE 'this', SEARCHABLE 'Unsearchable', NATIVE_TYPE 'org.teiid.translator.object.testdata.person.Person'),\n""
 				+ ""\tid integer NOT NULL OPTIONS (NAMEINSOURCE 'id', SEARCHABLE 'Searchable', NATIVE_TYPE 'int'),\n""
 				+ ""\temail string OPTIONS (NAMEINSOURCE 'email', SEARCHABLE 'Unsearchable', NATIVE_TYPE 'java.lang.String'),\n""
 				+ ""\tname string OPTIONS (NAMEINSOURCE 'name', SEARCHABLE 'Unsearchable', NATIVE_TYPE 'java.lang.String'),\n""
 				+ ""\tCONSTRAINT PK_ID PRIMARY KEY(id)\n""
 				+ "") OPTIONS (NAMEINSOURCE 'PersonsCache', UPDATABLE TRUE);""		
 				;
 		assertEquals(expected, metadataDDL);	
 
",339,,,
332,"@@ -42,13 +42,13 @@ public void testTradeMetadata() throws Exception {
 
 		System.out.println(""Schema: "" + metadataDDL);
 		String expected =  ""CREATE FOREIGN TABLE Trade (\n""
 				+ ""\tTradeObject object OPTIONS (NAMEINSOURCE 'this', SEARCHABLE 'Unsearchable', NATIVE_TYPE 'org.teiid.translator.object.testdata.trades.Trade'),\n""
 				+ ""\ttradeId long NOT NULL OPTIONS (NAMEINSOURCE 'tradeId', SEARCHABLE 'Searchable', NATIVE_TYPE 'long'),\n""
 				+ ""\tname string OPTIONS (NAMEINSOURCE 'name', SEARCHABLE 'Unsearchable', NATIVE_TYPE 'java.lang.String'),\n""
 				+ ""\tsettled boolean NOT NULL OPTIONS (NAMEINSOURCE 'settled', SEARCHABLE 'Unsearchable', NATIVE_TYPE 'boolean'),\n""
 				+ ""\ttradeDate date OPTIONS (NAMEINSOURCE 'tradeDate', SEARCHABLE 'Unsearchable', NATIVE_TYPE 'java.util.Date'),\n""
 				+ ""\tCONSTRAINT PK_TRADEID PRIMARY KEY(tradeId)\n""
 				+ "") OPTIONS (NAMEINSOURCE 'Trades', UPDATABLE TRUE);""		
 				;
 		assertEquals(expected, metadataDDL);	
 
",340,,,
333,"@@ -33,12 +33,15 @@
         <version.dom4j>1.6.1</version.dom4j>
          
         <version.org.hibernate.search>5.2.0.Final</version.org.hibernate.search>
         <version.org.infinispan.6>7.2.3.Final</version.org.infinispan.6>  
         <version.org.apache.lucene.infinispan>7.2.3.Final</version.org.apache.lucene.infinispan>
         <version.com.squareup.protoparser>3.1.5</version.com.squareup.protoparser>
         <version.org.infinispan.protostream>3.0.4.Final</version.org.infinispan.protostream>        
         <!-- JDG module slot to use  -->
         <jdg.slot>jdg-6.5</jdg.slot>  
         
 
         <!-- Teiid specific properties -->
",235,,,
334,"@@ -38,6 +38,7 @@
 import org.jboss.modules.Module;
 import org.jboss.modules.ModuleIdentifier;
 import org.jboss.modules.ModuleLoadException;
 import org.teiid.core.util.StringUtil;
 import org.teiid.logging.LogConstants;
 import org.teiid.logging.LogManager;
@@ -149,20 +150,16 @@ public String getCacheName() {
 		return cacheNameProxy.getPrimaryCacheAliasName();
 	}
 	
 	public String getCacheNameForUpdate() {
 		if (cacheNameProxy.useMaterialization()) {
 			return cacheNameProxy.getStageCacheAliasName();
 		}
 		return cacheNameProxy.getPrimaryCacheAliasName();
 	}	
 	
 	@SuppressWarnings(""rawtypes"")
 	public RemoteCache getCache() {
 		return getCache(this.getCacheName());
 	}
 	
 	@SuppressWarnings(""rawtypes"")
 	public RemoteCache getCache(String cacheName) {
 		return cacheContainer.getCache(cacheName);
 	}	
 
@@ -293,19 +290,19 @@ public String getStagingCacheName() {
 	 * An option to configure the staging cache name to use when using JDG to materialize data.
 	 * @param cacheName
 	 */
 	public void setStagingCacheName(String cacheName) {
 		this.stagingCacheName = cacheName;
 	}
 	
 	public String getAliasCacheName() {
 		return this.aliasCacheName;
 	}
 	
 	/**
 	 * An option to configure the alias cache name to use when using JDG to materialize data.
 	 * @param cacheName
 	 */
 	public void setAliasCacheName(String cacheName) {
 		this.aliasCacheName = cacheName;
 	}	
 
@@ -601,7 +598,7 @@ protected synchronized void createCacheContainer() throws ResourceException {
 			registerWithCacheManager(getContext(), cc, classLoader, this.usingAnnotations);
 			
 			// if configured for materialization, initialize the cacheNameProxy
 			if (cacheNameProxy.useMaterialization()) {
 				RemoteCache aliasCache = cc.getCache(cacheNameProxy.getAliasCacheName());
 				if (aliasCache == null) {
 					throw new ResourceException(	
",28,,,
335,"@@ -27,20 +27,22 @@
 import java.util.Collection;
 import java.util.List;
 import java.util.Map;
 
 import javax.resource.ResourceException;
 
 import org.infinispan.client.hotrod.RemoteCache;
 import org.infinispan.client.hotrod.Search;
 import org.infinispan.protostream.descriptors.Descriptor;
 import org.infinispan.query.dsl.QueryFactory;
 import org.teiid.logging.LogConstants;
 import org.teiid.logging.LogManager;
 import org.teiid.resource.spi.BasicConnection;
 import org.teiid.translator.TranslatorException;
 import org.teiid.translator.infinispan.dsl.InfinispanDSLConnection;
 import org.teiid.translator.infinispan.dsl.InfinispanPlugin;
 import org.teiid.translator.object.ObjectMaterializeLifeCycle;
 import org.teiid.translator.object.SearchType;
 
 /** 
@@ -66,7 +68,14 @@ public InfinispanConnectionImpl(AbstractInfinispanManagedConnectionFactory confi
 	 */
 	@Override
     public void close() {
 		config = null;
 	}
 
 	/** 
@@ -82,28 +91,26 @@ public boolean isAlive() {
 
 	@Override
 	public Class<?> getCacheClassType() throws TranslatorException {		
 		LogManager.logTrace(LogConstants.CTX_CONNECTOR, ""=== GetType for cache :"", config.getCacheName(),  ""===""); //$NON-NLS-1$ //$NON-NLS-2$
 
 		Class<?> type = config.getCacheClassType();
 		if (type != null) {
 			return type;
 		}
 		throw new TranslatorException(InfinispanPlugin.Util.gs(InfinispanPlugin.Event.TEIID25040,config.getCacheName()));
 
 	}
 	
 	@Override
 	public Class<?> getCacheKeyClassType() throws TranslatorException {
 		return config.getCacheKeyClassType();
 	}
 	
 
 	@SuppressWarnings({ ""rawtypes"", ""unchecked"" })
 	@Override
 	public RemoteCache getCache() throws TranslatorException {
 
 		return config.getCache();
 
 	}
 
 	/**
@@ -115,7 +122,7 @@ public Descriptor getDescriptor()
 			throws TranslatorException {
 		Descriptor d = config.getContext().getMessageDescriptor(config.getMessageDescriptor());
 		if (d == null) {
 			throw new TranslatorException(InfinispanPlugin.Util.gs(InfinispanPlugin.Event.TEIID25028,  config.getMessageDescriptor(), config.getCacheName()));			
 		}
 		
 		return d;
@@ -124,8 +131,7 @@ public Descriptor getDescriptor()
 	@SuppressWarnings({ ""rawtypes"" })
 	@Override
 	public QueryFactory getQueryFactory() throws TranslatorException {
 		
 		return Search.getQueryFactory(getCache());
 	}
 
 	/**
@@ -136,7 +142,7 @@ public QueryFactory getQueryFactory() throws TranslatorException {
 	@SuppressWarnings(""unchecked"")
 	@Override
 	public void add(Object key, Object value) throws TranslatorException {
 		getCache(config.getCacheNameForUpdate()).put(key, value);
 	}
 
 	/**
@@ -146,7 +152,7 @@ public void add(Object key, Object value) throws TranslatorException {
 	 */
 	@Override
 	public Object remove(Object key) throws TranslatorException {
 		return getCache(config.getCacheNameForUpdate()).removeAsync(key);
 	}
 
 	/**
@@ -157,7 +163,7 @@ public Object remove(Object key) throws TranslatorException {
 	@SuppressWarnings(""unchecked"")
 	@Override
 	public void update(Object key, Object value) throws TranslatorException {
 		getCache(config.getCacheNameForUpdate()).replace(key, value);
 	}
 
 	/**
@@ -177,7 +183,7 @@ public org.teiid.translator.object.ClassRegistry getClassRegistry() {
 	 */
 	@Override
 	public Object get(Object key) throws TranslatorException {
 		return getCache().get(key);
 	}
 
 	/**
@@ -188,7 +194,7 @@ public Object get(Object key) throws TranslatorException {
 	@Override
 	public Collection<Object> getAll() throws TranslatorException {
 		@SuppressWarnings(""rawtypes"")
 		RemoteCache cache = getCache();
 
 		Map<Object, Object> c = cache.getBulk();
 		List<Object> results = new ArrayList<Object>();
@@ -204,11 +210,11 @@ public Collection<Object> getAll() throws TranslatorException {
 	/**
 	 * {@inheritDoc}
 	 *
 	 * @see org.teiid.translator.object.ObjectConnection#getMaterializeLifeCycle()
 	 */
 	@Override
 	public ObjectMaterializeLifeCycle getMaterializeLifeCycle() {
 		return new ObjectMaterializeLifeCycle(this, config.getCacheNameProxy());
 	}
 
 	/**
@@ -228,7 +234,7 @@ public String getPkField() {
 	 */
 	@Override
 	public String getCacheName() {
 		return config.getCacheName();
 	}
 
 	/**
@@ -261,6 +267,4 @@ public SearchType getSearchType() {
 		return new DSLSearch(this);
 	}
 
 	
 
 }
",34,,,
336,"@@ -30,7 +30,7 @@
 import org.teiid.translator.TranslatorException;
 import org.teiid.translator.infinispan.cache.InfinispanCacheConnection;
 import org.teiid.translator.object.ClassRegistry;
 import org.teiid.translator.object.ObjectMaterializeLifeCycle;
 import org.teiid.translator.object.SearchType;
 
 /**
@@ -175,11 +175,11 @@ public void clearCache(String cacheName) throws TranslatorException {
 	/**
 	 * {@inheritDoc}
 	 *
 	 * @see org.teiid.translator.object.ObjectConnection#getMaterializeLifeCycle()
 	 */
 	@Override
 	public ObjectMaterializeLifeCycle getMaterializeLifeCycle() {
 		return cacheWrapper.getMaterializeLifeCycle();
 	}
 
 	/** 
",299,,,
337,"@@ -25,7 +25,7 @@
 
 import org.teiid.translator.infinispan.cache.InfinispanCacheConnection;
 import org.teiid.translator.object.ClassRegistry;
 import org.teiid.translator.object.ObjectMaterializeLifeCycle;
 
 /**
  * @author vanhalbert
@@ -53,6 +53,10 @@ public abstract class InfinispanCacheWrapper<K,V> implements InfinispanCacheConn
 	 */
 	public abstract void init(InfinispanManagedConnectionFactory config, Object cacheManager);
 
 	/**
 	 * {@inheritDoc}
 	 *
@@ -106,16 +110,16 @@ public ClassRegistry getClassRegistry() {
 	/**
 	 * {@inheritDoc}
 	 *
 	 * @see org.teiid.translator.object.ObjectConnection#getMaterializeLifeCycle()
 	 */
 	@Override
 	public ObjectMaterializeLifeCycle getMaterializeLifeCycle() {
 		return new ObjectMaterializeLifeCycle(this, getConfig().getCacheNameProxy());
 	}	
 	
 	/**
 	 * Provided for testing purposes
 	 */
 	protected abstract void shutDownCacheManager();
 
 }
\ No newline at end of file
",300,,,
338,"@@ -113,14 +113,11 @@ public String getCacheName() {
 		// return the cacheName that is mapped as the alias
 		return cacheNameProxy.getPrimaryCacheAliasName();
 	}
 	
 	public String getCacheNameForUpdate() {
 		if (cacheNameProxy.useMaterialization()) {
 			return cacheNameProxy.getStageCacheAliasName();
 		}
 		return cacheNameProxy.getPrimaryCacheAliasName();
 	}
 
 	/** 
 	 * Call to set the name of the cache to access when calling getCache
 	 * @param cacheName
@@ -457,7 +454,7 @@ protected synchronized InfinispanCacheRAConnection createCacheConnection() throw
 				}
 						
 				// if configured for materialization, initialize the 
 				if (cacheNameProxy.useMaterialization()) {
 					Map<Object,Object> aliasCache = (Map<Object, Object>) this.cacheWrapper.getCache(cacheNameProxy.getAliasCacheName());
 					if (aliasCache == null) {
 						throw new ResourceException(	
",301,,,
339,"@@ -91,7 +91,7 @@ public void init(InfinispanManagedConnectionFactory config) throws ResourceExcep
 				}
 				conf.module(config.getCacheClassType());
 				
 				if (config.getCacheNameProxy().useMaterialization()) {
 					conf = cc.getCacheConfiguration(config.getCacheNameProxy().getStageCacheAliasName());
 					if (conf == null) {
 						throw new ResourceException(""Program Error: cache "" +  config.getCacheNameProxy().getStageCacheAliasName() + "" was not configured"");
@@ -118,21 +118,22 @@ public void init(InfinispanManagedConnectionFactory config) throws ResourceExcep
 	@Override
 	public boolean isAlive() {		
 		if (ecm == null) return false;
 		return ecm.isRunning(config.getCacheName());
 	}	
 
 	/**
 	 * {@inheritDoc}
 	 *
 	 * @see org.teiid.resource.adapter.infinispan.InfinispanCacheWrapper#getCache()
 	 */
 	@Override
 	public Cache getCache() {
 		if (config.getCacheName() == null) {
 			return ecm.getCache();
 		}
 		
 		return getCache(config.getCacheName());
 	}
 	
 	/**
@@ -219,7 +220,7 @@ public Object get(Object key)  {
 	 */
 	@Override
 	public void add(Object key, Object value)  {
 		getCache(this.getConfig().getCacheNameForUpdate()).put(key, value);
 	}
 
 	/**
@@ -229,7 +230,7 @@ public void add(Object key, Object value)  {
 	 */
 	@Override
 	public Object remove(Object key)  {
 		return getCache(this.getConfig().getCacheNameForUpdate()).removeAsync(key);
 	}
 
 	/**
@@ -239,7 +240,8 @@ public Object remove(Object key)  {
 	 */
 	@Override
 	public void update(Object key, Object value) {
 		getCache(this.getConfig().getCacheNameForUpdate()).replace(key, value);
 	}
 
 	/**
@@ -248,8 +250,9 @@ public void update(Object key, Object value) {
 	 * @see org.teiid.translator.object.ObjectConnection#clearCache(java.lang.String)
 	 */
 	@Override
 	public void clearCache(String cacheName) throws TranslatorException {		
 		getCache(cacheName).clearAsync();
 	}
 	
 	/**
@@ -273,4 +276,4 @@ public SearchType getSearchType() {
 		return new DSLSearch(this);
 	}
 
 }
\ No newline at end of file
",302,,,
340,"@@ -120,7 +120,7 @@ public List<Object> getAll() {
 	@SuppressWarnings({ ""rawtypes"" })
 	@Override
 	public RemoteCache getCache() {
 		return getCache(config.getCacheName());
 	}
 	
 	/**
@@ -214,7 +214,7 @@ public Object get(Object key) {
 	 */
 	@Override
 	public void add(Object key, Object value)  {
 		getCache(this.getConfig().getCacheNameForUpdate()).put(key, value);
 	}
 
 	/**
@@ -224,7 +224,7 @@ public void add(Object key, Object value)  {
 	 */
 	@Override
 	public Object remove(Object key)  {
 		return getCache(this.getConfig().getCacheNameForUpdate()).removeAsync(key);
 	}
 
 	/**
@@ -234,7 +234,8 @@ public Object remove(Object key)  {
 	 */
 	@Override
 	public void update(Object key, Object value) {
 		getCache(this.getConfig().getCacheNameForUpdate()).replace(key, value);
 	}
 
 
@@ -245,7 +246,7 @@ public void update(Object key, Object value) {
 	 */
 	@Override
 	public void clearCache(String cacheName) throws TranslatorException {
 		RemoteCache cache = getCache(cacheName);
 
 		Map<Object, Object> c = cache.getBulk();
 		List<Object> results = new ArrayList<Object>();
",303,,,
341,"@@ -43,6 +43,7 @@
 import org.teiid.translator.infinispan.dsl.InfinispanDSLConnection;
 import org.teiid.translator.infinispan.dsl.InfinispanPlugin;
 import org.teiid.translator.object.ObjectConnection;
 
 import protostream.com.google.protobuf.Descriptors;
 
@@ -84,34 +85,57 @@
  * 
  */
 public class ProtobufMetadataProcessor implements MetadataProcessor<ObjectConnection>{
 //    @ExtensionMetadataProperty(applicable=Table.class, datatype=String.class, display=""Entity Class"", description=""Java Entity Class that represents this table"", required=true)
 //    public static final String ENTITYCLASS= MetadataFactory.JPA_URI+""entity_class""; //$NON-NLS-1$
 				
 	public static final String VIEWTABLE_SUFFIX = ""View""; //$NON-NLS-1$
 	public static final String OBJECT_COL_SUFFIX = ""Object""; //$NON-NLS-1$
 
 	
 	@Override
 	public void process(MetadataFactory metadataFactory, ObjectConnection conn) throws TranslatorException {
 			
 			String cacheName = conn.getCacheName();			
 
 			Class<?> type = conn.getCacheClassType();
 			createRootTable(metadataFactory, type, ((InfinispanDSLConnection) conn).getDescriptor(), cacheName,conn);
 	}
 
 
 	private Table createRootTable(MetadataFactory mf, Class<?> entity, Descriptor descriptor, String cacheName, ObjectConnection conn) throws TranslatorException {
 			
 		String pkField = conn.getPkField();
 		boolean updatable = (pkField != null ? true : false);
 		
 		Table rootTable = addTable(mf, entity, updatable);
 		
 	    // add column for cache Object, set to non-selectable by default so that select * queries don't fail by default
 		addRootColumn(mf, Object.class, entity, null, null, SearchType.Unsearchable, rootTable.getName(), rootTable, false, false, NullType.Nullable); //$NON-NLS-1$	
 
 		Method pkMethod = null;
 		if (updatable) {
 		    pkMethod = conn.getClassRegistry().getReadClassMethods(entity.getName()).get(pkField);
 		    if (pkMethod == null) {
@@ -151,20 +175,25 @@ private Table createRootTable(MetadataFactory mf, Class<?> entity, Descriptor de
 	        ArrayList<String> x = new ArrayList<String>(1) ;
 	        x.add(pkField);
 	        mf.addPrimaryKey(pkName, x , rootTable);		    
 		}
 		if (repeats) {
 			for (FieldDescriptor fd:descriptor.getFields()) {	
 				if (fd.isRepeated() ) {
 					processRepeatedType(mf,fd, rootTable, pkMethod, conn);	
 				} 
 			}	
 		}
 			
 		return rootTable;
 	}
 	
 	private Table addTable(MetadataFactory mf, Class<?> entity, boolean updatable) {
 		String tName = entity.getSimpleName();
 		Table t = mf.getSchema().getTable(tName);
 		if (t != null) {
 			//already loaded
@@ -213,7 +242,7 @@ private void processRepeatedType(MetadataFactory mf, FieldDescriptor fd, Table r
 			throw new TranslatorException(InfinispanPlugin.Util.gs(InfinispanPlugin.Event.TEIID25060, new Object[] { fd.getName() }));
 		}
 		
 		Table t = addTable(mf, c, true);
 		
 		// do not use getSourceName, the NameInSource has to be defined as the cache name
 		t.setNameInSource(rootTable.getNameInSource()); 
",70,,,
342,"@@ -44,12 +44,9 @@
 import org.infinispan.protostream.descriptors.Descriptor;
 import org.infinispan.protostream.descriptors.FileDescriptor;
 import org.infinispan.protostream.impl.parser.SquareProtoParser;
 import org.jboss.teiid.jdg_remote.pojo.AllTypeCacheConnection;
 import org.teiid.translator.TranslatorException;
 import org.teiid.translator.infinispan.dsl.InfinispanDSLConnection;
 import org.teiid.translator.infinispan.dsl.TestInfinispanDSLConnection;
 import org.teiid.translator.object.ClassRegistry;
 import org.teiid.translator.object.ObjectMaterializeLifeCycle;
 
 /**
  * Sample cache of objects
",325,,,
343,"@@ -31,6 +31,7 @@
 import org.teiid.translator.TranslatorException;
 import org.teiid.translator.object.CacheNameProxy;
 import org.teiid.translator.object.ClassRegistry;
 import org.teiid.translator.object.ObjectConnection;
 import org.teiid.translator.object.simpleMap.SimpleMapCacheConnection;
 import org.teiid.translator.object.testdata.annotated.TestObjectConnection;
@@ -78,13 +79,6 @@ public Collection<Object> getAll() throws TranslatorException {
 		return results;
 	}
 
 //
 //
 //	@Override
 //	public ObjectMaterializeLifeCycle getMaterializeLifeCycle() {
 //		return new ObjectMaterializeLifeCycle(this, proxy);
 //	}
 
 	/**
 	 * {@inheritDoc}
 	 *
",23,,,
344,"@@ -36,121 +36,173 @@
  */
 public class CacheNameProxy {
 	
 	private Map<Object, Object> aliasMap = new HashMap<Object,Object>(2);
 	
 	private String primaryCacheNameKey = null;
 	
 	private String stageCacheNameKey = null;
 	
 	private String aliasCacheName = null;
 	
 	private Object matLock = new Object();
 	
 	public CacheNameProxy(String primaryCacheNameKey, String stageCacheNameKey, String aliasCacheName) {
 		if (primaryCacheNameKey == null) {
 			throw new IllegalArgumentException(""Program error: primaryCacheNameKey must not be null"");
 		}
 		if (stageCacheNameKey == null) {
 			throw new IllegalArgumentException(""Program error: stageCacheNameKey must not be null"");
 		}
 		if (aliasCacheName == null) {
 			throw new IllegalArgumentException(""Program error: aliasCacheName must not be null"");
 		}
 		
 		setPrimaryCacheName(primaryCacheNameKey, primaryCacheNameKey);
 		
 		setStageCacheName(stageCacheNameKey, stageCacheNameKey);
 		
 		setAliasCacheName(aliasCacheName);
 	}
 	
 	/** instantiated when materialization isnt being performed 
 	 * @param primaryCacheName 
    **/
 	public CacheNameProxy(String primaryCacheName) {
 		setPrimaryCacheName(primaryCacheName, primaryCacheName);
 	}
 	
 	/**
 	 * Called to initialize.  If the cache already has the aliases, then set those values
 	 * on the cacheNameProxy.   If they do not exist, generally the first time this runs, then update
 	 * the cache with the defaults.
 	 * @param cache
 	 */
 	public void initializeAliasCache(Map<Object, Object> cache) {
 		String pcn = (String) cache.get(primaryCacheNameKey);
 		if (pcn != null) {
 			setPrimaryCacheName(primaryCacheNameKey, pcn);
 		} else {
 			cache.put(primaryCacheNameKey, primaryCacheNameKey);
 			
 		}
 
 		String scn = (String) cache.get(stageCacheNameKey);
 		if (scn != null) {
 			setPrimaryCacheName(stageCacheNameKey, scn);
 		} else {
 			cache.put(stageCacheNameKey, stageCacheNameKey);
 			
 		}
 	}
 	
 	public boolean useMaterialization() {
 		return (this.stageCacheNameKey != null);
 	}
 	
 	public String getPrimaryCacheKey() {
 		return this.primaryCacheNameKey;
 	}
 	
 	public String getStageCacheKey() {
 		return this.stageCacheNameKey;
 	}	
 	
 	public String getStageCacheAliasName() {
 		return (String) aliasMap.get(getStageCacheKey());
 	}
 	
 	public String getPrimaryCacheAliasName() {
 		synchronized(matLock) {
 			return (String) aliasMap.get(getPrimaryCacheKey());
 		}		
 	}
 
 	public String getCacheName(String cacheNameKey) {
 		return (String) aliasMap.get(cacheNameKey);
 	}
 	
 	public String getAliasCacheName() {
 		return this.aliasCacheName;
 	}
 	
 	public void swapCacheNames( Map<Object, Object> cache){
 		
 		synchronized(matLock) {
 			Object scn = cache.get(stageCacheNameKey);
 			Object pcn = cache.get(primaryCacheNameKey);
 		
 			aliasMap.put(this.primaryCacheNameKey, scn);
 			aliasMap.put(this.stageCacheNameKey, pcn);
 
 			cache.put(primaryCacheNameKey, scn);
 			cache.put(stageCacheNameKey, pcn);
 		}	
 	}
 	
 	private void setPrimaryCacheName(String key, String alias) {
 		this.primaryCacheNameKey = key;
 		aliasMap.put(key, alias);
 	}
 
 	private void setStageCacheName(String key, String alias) {
 		// once set, cannot be changed, can only use swapCacheNames
 		this.stageCacheNameKey = key;
 		aliasMap.put(key, alias);
 	}
 	
 	private void setAliasCacheName(String aliasCacheName) {		
 		this.aliasCacheName = aliasCacheName;
 	}	
 }
",341,,,
345,"@@ -31,13 +31,15 @@
 import java.util.ArrayList;
 import java.util.Collections;
 import java.util.HashMap;
 import java.util.LinkedHashMap;
 import java.util.List;
 import java.util.Map;
 
 import javax.script.ScriptException;
 
 import org.teiid.core.util.LRUCache;
 import org.teiid.query.eval.TeiidScriptEngine;
 import org.teiid.translator.TranslatorException;
 
@@ -134,20 +136,23 @@ public Class<?> getRegisteredClassUsingTableName(String tableName) {
      * @throws Exception
      */
 	public static Object executeSetMethod(Method m, Object api, Object arg) throws Exception {
         
     	List<Object> args = new ArrayList<Object>(1);
     	args.add(arg);
     	try {
     		return m.invoke(api, args.toArray());
     	} catch (java.lang.IllegalArgumentException ia) {
     		String msg = ""Unable to execute method, invalid argument: (api) "" + api.getClass().getName() + "" (method) "" + m.getName() + "" (methodarg) "" +  m.getParameterTypes().toString() + "" (arg) "" + arg.getClass().getName(); 
     				//ObjectPlugin.Util.gs(ObjectPlugin.Event.TEIID21000, ""write"", ""table:"" + tableName);
     		throw new TranslatorException(msg);
     		
     	}
     } 
     
     private static Map<String, Method> getWriteMethodMap(Class<?> clazz) throws TranslatorException {
     	LinkedHashMap<String, Method> methodMap = new LinkedHashMap<String, Method>();
     	
 		try {
@@ -160,32 +165,24 @@ private static Map<String, Method> getWriteMethodMap(Class<?> clazz) throws Tran
 					if (pd.getWriteMethod() == null || pd instanceof IndexedPropertyDescriptor) {
 						continue;
 					}
 					String name = pd.getName();
 						Method m = pd.getWriteMethod();
 						methodMap.put(name, m);
 					if (name.startsWith(""set"")) {
 						
 						String nname = name.substring( 3 );
 						methodMap.put(nname.toLowerCase(), m);
 
 					}
 				}
 			}
 			MethodDescriptor[] mds = info.getMethodDescriptors();
 			if (pds != null) {
 				for (int j = 0; j < mds.length; j++) {
 					MethodDescriptor md = mds[j];
 					if (md.getMethod() == null || md.getMethod().getParameterTypes().length !=1 || (md.getMethod().getReturnType() != Void.class && md.getMethod().getReturnType() != void.class)) {
 						continue;
 					}
 					String name = md.getName();
 						Method m = md.getMethod();
 						methodMap.put(name, m);
 					if (name.startsWith(""set"")) {
 					
 						String nname = name.substring( 3 );
 						methodMap.put(nname.toLowerCase(), m);
 					}
 				}
 			}
 
@@ -195,6 +192,20 @@ private static Map<String, Method> getWriteMethodMap(Class<?> clazz) throws Tran
 		return methodMap;
 	}
     
     public void cleanUp() {
     	registeredClasses.clear();
     	tableNameClassMap.clear();
@@ -203,5 +214,18 @@ public void cleanUp() {
 
     }
 
 
 }
",342,,,
346,"@@ -0,0 +1,104 @@
",53,,,
347,"@@ -157,10 +157,10 @@ public interface ObjectConnection {
 	public void clearCache(String cacheName) throws TranslatorException;
 	
 	/**
 	 * Implement @link ObjectMaterializeLifeCycle if the translator supports materialization.
 	 * @return ObjectMaterializeLifeCycle
 	 */
 	public ObjectMaterializeLifeCycle getMaterializeLifeCycle();
 
 	
 }
",329,,,
348,"@@ -51,17 +51,13 @@ public ObjectDirectExecution(List<Argument> arguments, Command command, ObjectCo
     
     @Override
     public void execute() throws TranslatorException {
     	ObjectMaterializeLifeCycle omlc = connection.getMaterializeLifeCycle();
     	
 		String sourceSQL = (String) this.arguments.get(0).getArgumentValue().getValue();
         LogManager.logDetail(LogConstants.CTX_CONNECTOR, ""Source-specific command: "", sourceSQL); //$NON-NLS-1$
 
         try {
         	omlc.performLifeCycleStep(sourceSQL);
         	updateCount = 1;
         } finally {
         	omlc.cleanup();
         }	 
     }
 
 	@Override
@@ -88,10 +84,6 @@ public List<?> getOutputParameterValues()  {
 		return null;  //could support as an array of output values via given that the native procedure returns an array value
 	}
 	
 	public String getStagingCacheName() {
 		return this.connection.getCacheName() + ""-staging"";
 	}
 
 	/**
 	 * {@inheritDoc}
 	 *
",343,,,
349,"@@ -39,7 +39,9 @@
 import org.teiid.language.ColumnReference;
 import org.teiid.language.Command;
 import org.teiid.language.DerivedColumn;
 import org.teiid.language.Select;
 import org.teiid.logging.LogConstants;
 import org.teiid.logging.LogManager;
 import org.teiid.logging.MessageLevel;
@@ -49,6 +51,7 @@
 import org.teiid.translator.ExecutionContext;
 import org.teiid.translator.ResultSetExecution;
 import org.teiid.translator.TranslatorException;
 import org.teiid.translator.object.util.ObjectUtil;
 
 /**
@@ -249,24 +252,30 @@ public ObjectExecution(Command command,
 
 	@Override
 	public void execute() throws TranslatorException {
 	
 		if (LogManager.isMessageToBeRecorded(LogConstants.CTX_CONNECTOR, MessageLevel.TRACE)) {
 			LogManager.logTrace(LogConstants.CTX_CONNECTOR,
 					""ObjectExecution command:"", query.toString(), ""using connection:"", connection.getClass().getName()); //$NON-NLS-1$ //$NON-NLS-2$
 		}
 	    
 		// column NIS for a column will be used to query the cache
 	    List<Object> objResults = connection.getSearchType().performSearch(visitor, executionContext); 
 	    		//env.search(visitor, connection, executionContext);
 	    
 		if (objResults == null) {
 			objResults = Collections.emptyList();
 		}
 		LogManager.logDetail(LogConstants.CTX_CONNECTOR,
 				""ObjectExecution: number of returned objects is :"", objResults.size() ); //$NON-NLS-1$
 		
 		this.objResultsItr = objResults.iterator();
 		
 	}
 	
 	@SuppressWarnings(""unchecked"")
",330,,,
350,"@@ -26,7 +26,9 @@
 
 import javax.resource.cci.ConnectionFactory;
 
 import org.teiid.language.*;
 import org.teiid.metadata.RuntimeMetadata;
 import org.teiid.translator.ExecutionContext;
 import org.teiid.translator.ExecutionFactory;
@@ -103,11 +105,6 @@ public void setSupportsSearchabilityUsingAnnotations(boolean useAnnotations) {
 		this.searchabilityBasedOnAnnotations = useAnnotations;
 	}
 
 	@Override
 	public boolean supportsBatchedUpdates() {
 		return true;
 	}
 
 	@Override
     public boolean supportsCompareCriteriaEquals() {
 		return true;
",331,,,
351,"@@ -1,170 +0,0 @@
 /*
  * JBoss, Home of Professional Open Source.
  * See the COPYRIGHT.txt file distributed with this work for information
  * regarding copyright ownership.  Some portions may be licensed
  * to Red Hat, Inc. under one or more contributor license agreements.
  * 
  * This library is free software; you can redistribute it and/or
  * modify it under the terms of the GNU Lesser General Public
  * License as published by the Free Software Foundation; either
  * version 2.1 of the License, or (at your option) any later version.
  * 
  * This library is distributed in the hope that it will be useful,
  * but WITHOUT ANY WARRANTY; without even the implied warranty of
  * MERCHANTABILITY or FITNESS FOR A PARTICULAR PURPOSE.  See the GNU
  * Lesser General Public License for more details.
  * 
  * You should have received a copy of the GNU Lesser General Public
  * License along with this library; if not, write to the Free Software
  * Foundation, Inc., 51 Franklin Street, Fifth Floor, Boston, MA
  * 02110-1301 USA.
  */
 package org.teiid.translator.object;
 
 import java.util.List;
 import java.util.Map;
 
 import org.teiid.core.util.StringUtil;
 import org.teiid.logging.LogConstants;
 import org.teiid.logging.LogManager;
 import org.teiid.translator.TranslatorException;
 
 /**
  * The ObjectMaterializeLifeCycle is used to control life cycle behavior that needs to be performed at the different stages 
  * of when object materialization is being performed.
  * 
  * @author vanhalbert
  *
  */
 public class ObjectMaterializeLifeCycle {
 	
 	public static String BEFORE_NATIVE_QUERY_PREFIX = ""truncate cache""; // example:  truncate cache personStageCache 
 	public static String AFTER_NATIVE_QUERY_PREFIX = ""swap cache names""; // example:  swap cache names personCache personStageCache 
 
 	private static String BEFORE_FORMAT = ""truncate cache"";
 	private static String AFTER_FORMAT = ""swap cache names"";
 
 	private static List<String> BEFORENODES = StringUtil.getTokens( BEFORE_NATIVE_QUERY_PREFIX, "" "");
 	private static List<String> AFTERNODES  = StringUtil.getTokens( AFTER_NATIVE_QUERY_PREFIX, "" "");
 	
 	
 	private ObjectConnection connection;
 	private CacheNameProxy proxy;
 	
 	public ObjectMaterializeLifeCycle(ObjectConnection connection, CacheNameProxy proxy) {
 		this.connection = connection;
 		this.proxy = proxy;
 		
 	}
 	
 	protected ObjectConnection getConnection() {
 		return this.connection;
 	}
 	
 	public CacheNameProxy getCacheNameProxy() {
 		return this.proxy;
 	}
 		
 	public void performLifeCycleStep(String nativeQuery) throws TranslatorException {
 		if (isBefore(nativeQuery)) {
 			LogManager.logDetail(LogConstants.CTX_CONNECTOR,
 					""ObjectMaterializeLifeCycle: performing beforeLoad materializatiion :"", nativeQuery ); //$NON-NLS-1$
 			
 			List<String> tokens = StringUtil.getTokens( nativeQuery.trim(), "" "");
 			if (tokens.get(0).equals(BEFORENODES.get(0)) && tokens.get(1).equals(BEFORENODES.get(1)) ) {
 			
 				if (tokens.size() != 2) {
 					throw new TranslatorException(ObjectPlugin.Util.gs(ObjectPlugin.Event.TEIID21301, new Object[] {nativeQuery, BEFORE_FORMAT}));		
 				}
 			} else {
 				throw new TranslatorException(ObjectPlugin.Util.gs(ObjectPlugin.Event.TEIID21301, new Object[] {nativeQuery, BEFORE_FORMAT}));						
 			}
 			
 			beforeMaterialiationOnCache();
 			
 		} else if (isAfter(nativeQuery)) {
 			LogManager.logDetail(LogConstants.CTX_CONNECTOR,
 					""ObjectMaterializeLifeCycle: performing afterLoad materializatiion :"", nativeQuery ); //$NON-NLS-1$
 
 			List<String> tokens = StringUtil.getTokens( nativeQuery.trim(), "" "");
 			if (tokens.get(0).equals(AFTERNODES.get(0)) && tokens.get(1).equals(AFTERNODES.get(1)) && tokens.get(2).equals(AFTERNODES.get(2)) ) {			
 				if (tokens.size() != 3) {
 					throw new TranslatorException(ObjectPlugin.Util.gs(ObjectPlugin.Event.TEIID21301, new Object[] {nativeQuery, AFTER_FORMAT}));		
 				}
 			} else {
 				throw new TranslatorException(ObjectPlugin.Util.gs(ObjectPlugin.Event.TEIID21301, new Object[] {nativeQuery, AFTER_FORMAT}));		
 				
 			}
 
 			afterMaterialiationOnCache();
 			
 		} else {
 			throw new TranslatorException(ObjectPlugin.Util.gs(ObjectPlugin.Event.TEIID21302, new Object[] {nativeQuery, ""["" + BEFORE_NATIVE_QUERY_PREFIX + "","" +  AFTER_NATIVE_QUERY_PREFIX + ""]""}));
 
 		}
 	}
 
 	
 	/**
 	 * Called before the actual materialization of the data is performed.  This is do
 	 * the following:
 	 * <li>Clear the staging cache
 	 * <li>Adding key->value entry to AliasCache, if it doesn't exist
 	 * @throws TranslatorException if the staging cache cannot be determined or is not available
 	 */
 	protected void beforeMaterialiationOnCache() throws TranslatorException {
 		String scn = this.getCacheNameProxy().getStageCacheAliasName();
 		
 		this.connection.clearCache(scn);
 	}
 	
 	/**
 	 * Returns the boolean true if the native query is to be performed in the beforeLoad lifecycle step.
 	 * @param nativeQuery 
 	 * @return boolean true if the nativeQuery is for the beforeLoad lifecycle step
 	 */
 	public boolean isBefore(String nativeQuery) {
 		if (nativeQuery.trim().toLowerCase().startsWith(BEFORE_NATIVE_QUERY_PREFIX)) {
 			return true;
 		}
 		return false;
 	}
 
 	/**
 	 * Call after the actual materialization is performed as the afterLoad lifecycle step.  The following will be done:
 	 * <li>swap the cache names in the AliasCache so that the newly populated staging cache is now the cache used for querying
 	 * <li>do NOT clear the now old cache, as it can currently be queried.
 	 * @throws TranslatorException
 	 */
 	public void afterMaterialiationOnCache() throws TranslatorException {
 		@SuppressWarnings(""unchecked"")
 		Map<Object, Object> c = (Map<Object, Object>) this.getConnection().getCache(proxy.getAliasCacheName());
 		if (c == null) {
 			throw new TranslatorException(ObjectPlugin.Util.gs(ObjectPlugin.Event.TEIID21303, new Object[] {proxy.getAliasCacheName()}));
 		}
 		
 		// now swap the values in the proxy so that the next reads will use the updated cache
 		proxy.swapCacheNames(c);
 	}
 
 	/**
 	 * Returns the boolean true if the native query is to be performed in the afterLoad lifecycle step.
 	 * @param nativeQuery 
 	 * @return boolean true if the nativeQuery is for the afterLoad lifecycle step
 	 */
 	public boolean isAfter(String nativeQuery) {
 		if (nativeQuery.trim().toLowerCase().startsWith(AFTER_NATIVE_QUERY_PREFIX)) {
 			return true;
 		}
 		return false;
 	}
 	
 	/**
 	 * Called at the end of this specific materialization processing
 	 */
 	public void cleanup() {
 		this.connection = null;
 		this.proxy = null;
 	}
 	
 }
",53,,,
352,"@@ -55,9 +55,7 @@ public static enum Event implements BundleUtil.Event{
 		TEIID21013,
 		TEIID21014,
 		TEIID21015,
 		TEIID21301,
 		TEIID21302,
 		TEIID21303
 
     }
 }
",344,,,
353,"@@ -51,6 +51,7 @@
 import org.teiid.language.Update;
 import org.teiid.logging.LogConstants;
 import org.teiid.logging.LogManager;
 import org.teiid.metadata.Column;
 import org.teiid.metadata.ForeignKey;
 import org.teiid.query.eval.TeiidScriptEngine;
@@ -73,9 +74,6 @@ public class ObjectUpdateExecution extends ObjectBaseExecution implements Update
 	private Command command;
 	private Class<?> clz =  null;
 	
 	// the assumption is materialization will on be to do inserts, single or batch.  No updates or deletes will be in the commands
 	private boolean useForMat = false;
 	
 	private String tablename = null;
 
 	private int[] result;
@@ -85,9 +83,6 @@ public ObjectUpdateExecution(Command command,
 			ObjectExecutionFactory env) {
 		super(connection, context, env);
 		this.command = command;
 		
 		useForMat = connection.getMaterializeLifeCycle().getCacheNameProxy().useMaterialization();
 		
 	}
 
 	// ===========================================================================================================================
@@ -135,30 +130,43 @@ private int executeUpdate(Command command, ClassRegistry classRegistry ) throws
 		Map<String, Method> writeMethods = classRegistry.getWriteClassMethods(clz.getSimpleName());
 		
 		int cnt = 0;
 		if (command instanceof Update) {
 			cnt = handleUpdate((Update) command, visitor, classRegistry, writeMethods);
 			
 		} else if (command instanceof Delete) {
 			cnt = handleDelete((Delete) command, visitor);
 			
 		} else if (command instanceof Insert) {
 			cnt = handleInsert((Insert) command, visitor, clz, writeMethods);
 			
 		} else {
 			throw new TranslatorException(ObjectPlugin.Util.gs(ObjectPlugin.Event.TEIID21004, new Object[] {command.getClass().getName()}));
 		}
 		return cnt;
 	}
 	
 	private Class<?> getRegisteredClass(ClassRegistry classRegistry, ObjectVisitor visitor) throws TranslatorException {
 		String tname = visitor.getTable().getName();
 		if (tablename != null && tablename.equals(tname) ) {
 			return clz;
 		}
 		tablename = tname;
 		Class<?> clz = classRegistry.getRegisteredClassUsingTableName(tname);
 		if (clz == null) {
 			throw new TranslatorException(ObjectPlugin.Util.gs(ObjectPlugin.Event.TEIID21005, new Object[] {visitor.getTable().getName()}));
 		}
 		return clz;
 	}
@@ -172,9 +180,7 @@ private int handleInsert(Insert insert, ObjectVisitor visitor,  Class<?> clz, Ma
 			entity = clz.newInstance();
 		} catch (Exception e) {
 			throw new TranslatorException(e);
 		} 
 
 		NamedTable rootTable = visitor.getTable();
 
 		// first determine if the table to be inserted into has a foreign key relationship, which
 		// would then be considered a child table, otherwise it must have a primary key
@@ -189,7 +195,7 @@ private int handleInsert(Insert insert, ObjectVisitor visitor,  Class<?> clz, Ma
 		keyCol = visitor.getPrimaryKeyCol();
 		
 		if (keyCol == null) {
 			throw new TranslatorException(ObjectPlugin.Util.gs(ObjectPlugin.Event.TEIID21006, new Object[] {""insert"", rootTable.getName()}));
 		}
 
 		List<ColumnReference> columns = visitor.getInsert().getColumns();
@@ -226,15 +232,15 @@ private int handleInsert(Insert insert, ObjectVisitor visitor,  Class<?> clz, Ma
 		
 		keyValue = convertKeyValue(keyValue, keyCol);
 		
 		// don't perform a search when doing inserts for materialization, its assume a cleared cache
 		if (!useForMat) {
 			Object rootObject = connection.getSearchType().performKeySearch(ObjectUtil.getRecordName(keyCol), keyValue, executionContext) ;
 					//env.performKeySearch(ObjectUtil.getRecordName(keyCol), keyValue, connection, executionContext);
 	
 			if (rootObject != null) {
 				throw new TranslatorException(ObjectPlugin.Util.gs(ObjectPlugin.Event.TEIID21007, new Object[] {insert.getTable().getName(), keyValue}));
 			}
 		}		
 		connection.add(keyValue, entity);
 
 		return 1;
@@ -245,7 +251,6 @@ private int handleInsertChildObject(ObjectVisitor visitor, Object newEntity, Map
 
 		ForeignKey fk = visitor.getForeignKey();
 
 		NamedTable rootTable = visitor.getTable();
 		String fkeyColNIS = visitor.getForeignKeyNameInSource();
 		
 		List<ColumnReference> columns = visitor.getInsert().getColumns();
@@ -288,7 +293,7 @@ private int handleInsertChildObject(ObjectVisitor visitor, Object newEntity, Map
 				//env.performKeySearch(fkeyColNIS, fkeyValue, connection, executionContext);
 
 		if (rootObject == null) {
 			throw new TranslatorException(ObjectPlugin.Util.gs(ObjectPlugin.Event.TEIID21015, new Object[] {fkeyValue, rootTable.getName()}));
 		}
 		Object childrenObjects = this.evaluate(rootObject, fk_nis, connection.getClassRegistry().getReadScriptEngine());
 			
@@ -304,7 +309,7 @@ private int handleInsertChildObject(ObjectVisitor visitor, Object newEntity, Map
 				writeColumnData(rootObject, fk_nis, c, rootwriteMethods);
 
 			} else if (Map.class.isAssignableFrom(childrenObjects.getClass())) {
 				throw new TranslatorException(ObjectPlugin.Util.gs(ObjectPlugin.Event.TEIID21008, new Object[] {rootTable.getName()}));
 
 			} else if (childrenObjects.getClass().isArray()) {
 				Object[] a = (Object[]) childrenObjects;
@@ -327,9 +332,7 @@ private int handleInsertChildObject(ObjectVisitor visitor, Object newEntity, Map
 
 	// Private method to actually do a delete operation. 
 	private int handleDelete(Delete delete, ObjectVisitor visitor) throws TranslatorException {
 		
 		NamedTable rootTable = visitor.getTable();
 		
 		// if this is the root class (no foreign key), then for each object, obtain
 		// the primary key value and use it to be removed from the cache
 
@@ -342,7 +345,7 @@ private int handleDelete(Delete delete, ObjectVisitor visitor) throws Translator
 		List<Object> toDelete = connection.getSearchType().performSearch(visitor, executionContext) ;
 				//env.search(visitor, connection, executionContext);
 		if (toDelete == null || toDelete.isEmpty()) {
 			LogManager.logWarning(LogConstants.CTX_CONNECTOR, ObjectPlugin.Util.gs(ObjectPlugin.Event.TEIID21013, new Object[] {rootTable.getName(), visitor.getWhereCriteria()}));
 			return 0;
 		}
 		int cnt = 0;
@@ -360,9 +363,9 @@ private int handleDelete(Delete delete, ObjectVisitor visitor) throws Translator
 				Object removed = connection.remove(v);
 				if (removed == null) {
 					if (connection.get(v) == null) {
 						LogManager.logWarning(LogConstants.CTX_CONNECTOR, ObjectPlugin.Util.gs(ObjectPlugin.Event.TEIID21013, new Object[] {rootTable.getName(), v}));
 					} 
 					throw new TranslatorException(ObjectPlugin.Util.gs(ObjectPlugin.Event.TEIID21012, new Object[] {rootTable.getName(), v}));
 						
 				}
 				++cnt;
@@ -443,8 +446,6 @@ private int handleDelete(Delete delete, ObjectVisitor visitor) throws Translator
 
 	// Private method to actually do an update operation. 
 	private int handleUpdate(Update update, ObjectVisitor visitor, ClassRegistry classRegistry, Map<String, Method> writeMethods) throws TranslatorException {
 		NamedTable rootTable = visitor.getTable();
 		
 		// Find all the objects that meet the criteria for updating
 		List<Object> toUpdate = connection.getSearchType().performSearch(visitor, executionContext) ;
 				//env.search(visitor, connection, executionContext);
@@ -479,7 +480,7 @@ private int handleUpdate(Update update, ObjectVisitor visitor, ClassRegistry cla
 					Object value = sc.getValue();
 					
 					if ( keyCol.getName().equals(column.getName()) ) {
 						throw new TranslatorException(ObjectPlugin.Util.gs(ObjectPlugin.Event.TEIID21009, new Object[] {keyCol.getName(),rootTable.getName()}));						
 					}
 					
 					if (value instanceof Literal) {
@@ -554,6 +555,17 @@ private void writeColumnData(Object entity, String nameInSource, Object value, M
 
 			Method m = writeMethods.get(nameInSource);
 			if (m == null) {
 				throw new TranslatorException(ObjectPlugin.Util.gs(ObjectPlugin.Event.TEIID21010, new Object[] {entity.getClass().getSimpleName(), nameInSource}));
 
 			}
",332,,,
354,"@@ -24,6 +24,7 @@
 import java.util.ArrayList;
 import java.util.List;
 
 import org.teiid.language.AndOr;
 import org.teiid.language.BaseLanguageObject;
 import org.teiid.language.ColumnReference;
@@ -48,6 +49,7 @@
 import org.teiid.metadata.Column;
 import org.teiid.metadata.ForeignKey;
 import org.teiid.translator.TranslatorException;
 import org.teiid.translator.object.util.ObjectUtil;
 
 /**
@@ -64,6 +66,9 @@ public class ObjectVisitor extends HierarchyVisitor {
 
 	
 	private NamedTable table;
 	
 	// will be non-null only when a child table is being processed
 	private String rootTableName = null;
@@ -106,9 +111,30 @@ public List<TranslatorException> getExceptions() {
 	public void addException(TranslatorException e) {
 		exceptions.add(e);
 	}
 
 	public NamedTable getTable() {
 		return table;
 	}
 	
 	/**
@@ -157,7 +183,7 @@ public void visit(DerivedColumn obj) {
 	@Override
 	public void visit(NamedTable obj) {
 		super.visit(obj);
 		this.table = obj;
 		
 			if (obj.getMetadataObject().getPrimaryKey() != null) {
 				this.pkkeyCol = table.getMetadataObject().getPrimaryKey()
",60,,,
355,"@@ -34,6 +34,7 @@
 import org.teiid.metadata.Column;
 import org.teiid.metadata.Column.SearchType;
 import org.teiid.metadata.MetadataException;
 import org.teiid.metadata.MetadataFactory;
 import org.teiid.metadata.Table;
 import org.teiid.translator.MetadataProcessor;
@@ -49,6 +50,13 @@
  */
 public class JavaBeanMetadataProcessor implements MetadataProcessor<ObjectConnection>{
 	
 	public static final String GET = ""get""; //$NON-NLS-1$
 	public static final String IS = ""is""; //$NON-NLS-1$
 		
@@ -57,6 +65,7 @@ public class JavaBeanMetadataProcessor implements MetadataProcessor<ObjectConnec
 	
 	protected boolean isUpdatable = false;
 	protected boolean useAnnotations = false;
 	
 	public JavaBeanMetadataProcessor(boolean useAnnotations) {
 		this.useAnnotations = useAnnotations;
@@ -67,25 +76,31 @@ public void process(MetadataFactory mf, ObjectConnection conn) throws Translator
 		String cacheName = conn.getCacheName();			
 
 		Class<?> type = conn.getCacheClassType();
 		createSourceTable(mf, type, cacheName, conn);
 	}
 	
 	private Table createSourceTable(MetadataFactory mf, Class<?> entity, String cacheName, ObjectConnection conn ) {
 
 		ClassRegistry registry = conn.getClassRegistry();
 		
 		String pkField = conn.getPkField();
 		setIsUpdateable(pkField != null ? true : false);
 			
 		String tableName = getTableName(entity);
 		Table table = mf.getSchema().getTable(tableName);
 		if (table != null) {
 			//TODO: probably an error
 			return table;
 		}
 		table = mf.addTable(tableName);
 		table.setSupportsUpdate(this.isUpdatable);
 //		table.setNameInSource(cacheName); 
 		
 		String columnName = tableName + OBJECT_COL_SUFFIX;
 		addColumn(mf, entity, entity, columnName, ""this"", SearchType.Unsearchable, table, false, NullType.Nullable, false); //$NON-NLS-1$
@@ -137,7 +152,7 @@ private Table createSourceTable(MetadataFactory mf, Class<?> entity, String cach
 		}
 		
 		for (Map.Entry<Method, String> entry : methodsToAdd.entrySet()) {
 			Method m = (Method) entry.getKey();
 	
 				SearchType st = SearchType.Unsearchable;
 				
@@ -167,6 +182,11 @@ private Table createSourceTable(MetadataFactory mf, Class<?> entity, String cach
 				
 				addColumn(mf, entity, m.getReturnType(), entry.getValue(), entry.getValue(), st, table, true, nt, this.isUpdatable);			
 		}
 				
 		return table;
 	}
",334,,,
356,"@@ -9,7 +9,7 @@
 import org.teiid.translator.object.CacheNameProxy;
 import org.teiid.translator.object.ClassRegistry;
 import org.teiid.translator.object.ObjectConnection;
 import org.teiid.translator.object.ObjectMaterializeLifeCycle;
 import org.teiid.translator.object.SearchType;
 
 public class SimpleMapCacheConnection implements ObjectConnection {
@@ -200,14 +200,14 @@ public Collection<Object> getAll()  throws TranslatorException {
 	}
 	
 	/**
 	 * Implement @link ObjectMaterializeLifeCycle if the translator supports materialization.
 	 * The default implementation expects to use a second cache to manage the cache alias names
 	 * in order to support materialization into a staging location.
 	 * @return ObjectMaterializeLifeCycle
 	 */
 	@Override
 	public ObjectMaterializeLifeCycle getMaterializeLifeCycle() {
 		return new ObjectMaterializeLifeCycle(this, proxy);
 	}
 
 	/**
",336,,,
357,"@@ -33,13 +33,14 @@ TEIID21006=Unable to perform {0}, no Primary or Foreign Key defined for table {1
 TEIID21007=Unable to insert duplicate into table {0} with key value {1}
 TEIID21008=Table {0} has defined a container class of type Maps, which is not currently supported
 TEIID21009=Updating primary key column {0} in table {1} is not supported, use delete and insert.
 TEIID21010=Did not find a corresponding write method on entity {0} with NameInSource {1}
 TEIID21011=Updates are disabled, no Primary key defined for cache {0} 
 
 TEIID21012=Processing error: Unable to delete the object in table {0} with key {1}
 TEIID21013=ObjectUpdateExecution: Warning - The object does not exist when trying to delete from table {0} with key {1}
 TEIID21014=ObjectUpdateException: Delete ALL is not supported, must pass in criteria for what is to be deleted
 TEIID21015=Unable to insert child object, root object key {0} from table {1} couldn't be found
 
 
 TEIID21301=Materialization Life Cycle Issue: invalid arguments on native query ""{0}"", should use format: ""{1}"" 
",345,,,
358,"@@ -1,8 +1,6 @@
 package org.teiid.translator.object;
 
 import static org.junit.Assert.assertNotNull;
 import static org.junit.Assert.assertNull;
 import static org.junit.Assert.assertTrue;
 
 import java.util.ArrayList;
 import java.util.Collections;
@@ -14,7 +12,6 @@
 import org.mockito.Mock;
 import org.mockito.MockitoAnnotations;
 import org.teiid.cdk.api.TranslationUtility;
 import org.teiid.language.BatchedUpdates;
 import org.teiid.language.Command;
 import org.teiid.translator.ExecutionContext;
 import org.teiid.translator.TranslatorException;
@@ -24,6 +21,7 @@
 import org.teiid.translator.object.testdata.trades.TradesCacheSource;
 import org.teiid.translator.object.testdata.trades.VDBUtility;
 
 public class TestObjectUpdateExecution {
 	private static ObjectConnection CONNECTION;
 	private static TranslationUtility translationUtility = VDBUtility.TRANSLATION_UTILITY;
@@ -87,65 +85,27 @@ public void testInsertRootClass() throws Exception {
 	}
 	
 	@Test
 	public void testInsertBatch() throws Exception {
 		List<Command> commands = new ArrayList<Command>();
 		
 		Command c = translationUtility
 				.parseCommand(""Insert into Trade_Object.Trade (tradeId, TradeName, settled) VALUES (901, 'TestName_901', 'true')"");
 		commands.add(c);
 		c = translationUtility
 				.parseCommand(""Insert into Trade_Object.Trade (tradeId, TradeName, settled) VALUES (902, 'TestName_902', 'true')"");
 		commands.add(c);
 		c = translationUtility
 				.parseCommand(""Insert into Trade_Object.Trade (tradeId, TradeName, settled) VALUES (903, 'TestName_903', 'true')"");
 		commands.add(c);
 		c = translationUtility
 				.parseCommand(""Insert into Trade_Object.Trade (tradeId, TradeName, settled) VALUES (904, 'TestName_904', 'true')"");
 		commands.add(c);
 		
 		
 		BatchedUpdates bu = new BatchedUpdates(commands);
 		
 		// no search required by the UpdateExecution logic
 		@SuppressWarnings(""unchecked"")
 		ObjectUpdateExecution ie = createExecution(bu, Collections.EMPTY_LIST);
 
 		ie.execute();
 		
 		int[] results = ie.getUpdateCounts();
 		
 		assertTrue(results[0] == 1);
 		assertTrue(results[1] == 1);
 		assertTrue(results[1] == 1);
 		assertTrue(results[1] == 1);
 
 		Trade p = (Trade) CONNECTION.get((new Long(901).longValue()));
 
 		assertNotNull(p);
 		assertTrue(p.getName().equals(""TestName_901""));
 		assertTrue(p.getTradeId() == 901);
 		assertTrue(p.isSettled());
 		
 		p = (Trade) CONNECTION.get((new Long(902).longValue()));
 
 		assertNotNull(p);
 		assertTrue(p.getName().equals(""TestName_902""));
 		assertTrue(p.getTradeId() == 902);
 		assertTrue(p.isSettled());
 		
 		p = (Trade) CONNECTION.get((new Long(903).longValue()));
 
 		assertNotNull(p);
 		assertTrue(p.getName().equals(""TestName_903""));
 		assertTrue(p.getTradeId() == 903);
 		assertTrue(p.isSettled());
 		
 		p = (Trade) CONNECTION.get((new Long(904).longValue()));
 
 		assertNotNull(p);
 		assertTrue(p.getName().equals(""TestName_904""));
 		assertTrue(p.getTradeId() == 904);
 		assertTrue(p.isSettled());
 	}
 	
 	@Test
@@ -164,7 +124,7 @@ private void insertChildClass() throws Exception {
 		assertNotNull(CONNECTION.get((new Long(2).longValue())));
 
 		Command command = translationUtility
 				.parseCommand(""Insert into Leg (tradeID, notational, Name) VALUES (2, 3.456, 'legName 2a')"");
 
 		// no search required by the UpdateExecution logic
 		@SuppressWarnings(""unchecked"")
@@ -192,7 +152,7 @@ public void testUpdateRootClass() throws Exception {
 		assertNotNull(o);
 		
 		Command command = translationUtility
 				.parseCommand(""Update Trade  SET TradeName='Person 2 Changed', settled='true' WHERE TradeId=2"");
 
 		// no search required by the UpdateExecution logic
 		List<Object> rows = new ArrayList<Object>();
@@ -217,7 +177,7 @@ public void testDeleteRootByKey() throws Exception {
 		assertNotNull(o);
 
 		Command command = translationUtility
 				.parseCommand(""Delete From Trade Where tradeId = 1"");
 
 		List<Object> rows = new ArrayList<Object>();
 		rows.add(o);
",346,,,
359,"@@ -22,6 +22,7 @@
 package org.teiid.translator.object;
 
 import org.junit.Before;
 import org.teiid.language.Select;
 import org.teiid.translator.ExecutionContext;
 import org.teiid.translator.TranslatorException;
@@ -54,4 +55,10 @@ protected ObjectExecution createExecution(Select command) throws TranslatorExcep
 	}
 	
 
 }
",67,,,
360,"@@ -6,6 +6,8 @@
 
 import org.junit.Before;
 import org.junit.Test;
 import org.teiid.metadata.MetadataFactory;
 import org.teiid.query.metadata.DDLStringVisitor;
 import org.teiid.query.metadata.SystemMetadata;
@@ -53,11 +55,11 @@ public void testTradeMetadata() throws Exception {
 
 	}
 	
 	//@Test
 	public void testTradeMetadataFromVDB() throws Exception {
 		ObjectConnection conn = TradesCacheSource.createConnection();
 		
 		MetadataFactory mf = new MetadataFactory(""vdb"", 1, ""objectvdb"",
 				SystemMetadata.getInstance().getRuntimeTypeMap(),
 				new Properties(), null);		
 
@@ -66,17 +68,30 @@ public void testTradeMetadataFromVDB() throws Exception {
 
 		String metadataDDL = DDLStringVisitor.getDDLString(mf.getSchema(),
 				null, null);
 
 		String expected =  ""CREATE FOREIGN TABLE Trade (\n""
 				+ ""\tTradeObject object OPTIONS (NAMEINSOURCE 'this', SEARCHABLE 'Unsearchable', NATIVE_TYPE 'org.teiid.translator.object.testdata.trades.Trade'),\n""
 				+ ""\ttradeId long NOT NULL OPTIONS (NAMEINSOURCE 'tradeId', SEARCHABLE 'Searchable', NATIVE_TYPE 'long'),\n""
 				+ ""\tname string OPTIONS (NAMEINSOURCE 'name', SEARCHABLE 'Unsearchable', NATIVE_TYPE 'java.lang.String'),\n""
 				+ ""\tsettled boolean NOT NULL OPTIONS (NAMEINSOURCE 'settled', SEARCHABLE 'Unsearchable', NATIVE_TYPE 'boolean'),\n""
 				+ ""\ttradeDate date OPTIONS (NAMEINSOURCE 'tradeDate', SEARCHABLE 'Unsearchable', NATIVE_TYPE 'java.util.Date'),\n""
 				+ ""\tCONSTRAINT PK_TRADEID PRIMARY KEY(tradeId)\n""
 				+ "") OPTIONS (NAMEINSOURCE 'Trades', UPDATABLE TRUE);""		
 				;
 		assertEquals(expected, metadataDDL);	
 
 	}	
 	
",340,,,
361,"@@ -9,8 +9,14 @@
 
 public class TradeObjectConnection extends SimpleMapCacheConnection {
 
 	public static ObjectConnection createConnection(Map<Object,Object> map) {
 		CacheNameProxy proxy = new CacheNameProxy(TradesCacheSource.TRADES_CACHE_NAME);
 
 		return new TradeObjectConnection(map, TradesCacheSource.CLASS_REGISTRY, proxy);
 	}
",61,,,
362,"@@ -70,14 +70,22 @@ public class TradesCacheSource extends HashMap <Object, Object> {
 	public static ObjectConnection createConnection() {
 		Map <Object, Object> objects = TradesCacheSource.loadCache();
 
 		ObjectConnection toc = TradeObjectConnection.createConnection(objects);
 		
 		return toc;
 	}
 	
 	public static ObjectConnection createConnection(Map <Object, Object> cache) {
 
 		ObjectConnection toc = TradeObjectConnection.createConnection(cache);
 		
 		return toc;
 	}
",61,,,
363,"@@ -0,0 +1,8 @@
",347,,,
364,"@@ -0,0 +1,609 @@
",348,,,
365,"@@ -1,13 +1,14 @@
 <?xml version=""1.0"" encoding=""ASCII""?>
 <xmi:XMI xmi:version=""2.0"" xmlns:xmi=""http://www.omg.org/XMI"" xmlns:diagram=""http://www.metamatrix.com/metamodels/Diagram"" xmlns:jdbc=""http://www.metamatrix.com/metamodels/JDBC"" xmlns:mmcore=""http://www.metamatrix.com/metamodels/Core"" xmlns:relational=""http://www.metamatrix.com/metamodels/Relational"">
   <mmcore:ModelAnnotation xmi:uuid=""mmuuid:abbd65a2-2896-4819-9428-fa8ba13a1b71"" primaryMetamodelUri=""http://www.metamatrix.com/metamodels/Relational"" modelType=""PHYSICAL"" ProducerName=""Teiid Designer"" ProducerVersion=""9.1.0.Beta2-v20150624-2132-B3933"">
     <modelImports xmi:uuid=""mmuuid:7c40d324-5eca-472f-a7a8-c20b01f5d848"" name=""SimpleDatatypes-instance"" modelLocation=""http://www.metamatrix.com/metamodels/SimpleDatatypes-instance"" modelType=""TYPE"" primaryMetamodelUri=""http://www.eclipse.org/xsd/2002/XSD""/>
     <modelImports xmi:uuid=""mmuuid:4414223d-d6b6-4300-87ce-4316eeb5ddcb"" name=""XMLSchema"" modelLocation=""http://www.w3.org/2001/XMLSchema"" modelType=""TYPE"" primaryMetamodelUri=""http://www.eclipse.org/xsd/2002/XSD""/>
   </mmcore:ModelAnnotation>
   <diagram:DiagramContainer xmi:uuid=""mmuuid:060329df-f071-436c-91d8-8de84f4a38b3"">
     <diagram xmi:uuid=""mmuuid:0d512295-f6e7-418d-8409-f7e689137c68"" type=""packageDiagramType"" target=""mmuuid/abbd65a2-2896-4819-9428-fa8ba13a1b71"">
       <diagramEntity xmi:uuid=""mmuuid:b81484fc-8676-4c01-a0fb-8c82fdc3744d"" name=""Trade"" modelObject=""mmuuid/e4662c1d-443f-45a8-8623-8a4876ea7539"" xPosition=""20"" yPosition=""20""/>
       <diagramEntity xmi:uuid=""mmuuid:232a8473-80d4-495b-900e-415be34eef35"" name=""Leg"" modelObject=""mmuuid/e1093478-579b-4a84-ad31-8c2a0bdce936"" xPosition=""204"" yPosition=""163""/>
     </diagram>
   </diagram:DiagramContainer>
   <mmcore:AnnotationContainer xmi:uuid=""mmuuid:146acc5c-ec00-4c47-b40f-bcde7a260d72"">
@@ -319,8 +320,8 @@
     </importSettings>
   </jdbc:JdbcSource>
   <relational:BaseTable xmi:uuid=""mmuuid:e4662c1d-443f-45a8-8623-8a4876ea7539"" name=""Trade"" nameInSource=""Trades"">
     <columns xmi:uuid=""mmuuid:73b0ec15-2abe-4f72-b25e-b9113b528b41"" name=""TradeObject"" nameInSource=""this"" nativeType="""" length=""4000"" nullable=""NULLABLE_UNKNOWN"" caseSensitive=""false"" searchability=""UNSEARCHABLE"" radix=""0"" signed=""false"" distinctValueCount=""0"" nullValueCount=""0"">
       <type href=""http://www.metamatrix.com/metamodels/SimpleDatatypes-instance#XMLLiteral""/>
     </columns>
     <columns xmi:uuid=""mmuuid:7ad19ea9-1751-49e0-89c7-e759dd50ff46"" name=""TradeID"" nameInSource=""tradeId"" nativeType=""long"" uniqueKeys=""mmuuid/6bee1ce8-0ac1-4ee0-a0a8-d200e2936b86"">
       <type href=""http://www.w3.org/2001/XMLSchema#long""/>
@@ -351,4 +352,25 @@
     </columns>
     <foreignKeys xmi:uuid=""mmuuid:bcc9abfb-bfc4-4102-9505-66f1667e5efd"" name=""FK_TradeId"" nameInSource=""legs"" columns=""mmuuid/3b7be33a-2e50-4c79-9cdc-13d7b166a2d2"" uniqueKey=""mmuuid/6bee1ce8-0ac1-4ee0-a0a8-d200e2936b86""/>
   </relational:BaseTable>
 </xmi:XMI>
",349,,,
366,"@@ -0,0 +1,19 @@
\ No newline at end of file
",350,,,
367,"@@ -0,0 +1,8 @@
\ No newline at end of file
",351,,,
368,"@@ -34,6 +34,10 @@
                 <include>**/spring-beans*.jar</include>
                 <include>**/spring-context*.jar</include>
                 <include>**/spring-core*.jar</include>
             </includes>           
         </fileSet>
     </fileSets>
",352,,,
369,"@@ -3,14 +3,14 @@
     <resource-root path=""spring-beans-${version.org.springframework}.jar""/>
     <resource-root path=""spring-context-${version.org.springframework}.jar""/>    
     <resource-root path=""spring-core-${version.org.springframework}.jar""/>
     <!-- 
     <resource-root path=""spring-asm.jar""/>
     <resource-root path=""spring-aop.jar""/>    
     <resource-root path=""spring-expression.jar""/>
     <resource-root path=""spring-tx.jar""/>
      -->    
   </resources>
   <dependencies>
     <module name=""javax.api""/>
   </dependencies>
 </module>
",353,,,
370,"@@ -32,9 +32,21 @@
             <artifactId>cxf-rt-frontend-jaxws</artifactId>
             <scope>provided</scope>
         </dependency>
         <dependency>
             <groupId>org.apache.cxf</groupId>
             <artifactId>cxf-bundle</artifactId>
         </dependency>
         <dependency>
             <groupId>org.apache.cxf</groupId>
@@ -45,6 +57,12 @@
             <groupId>org.apache.cxf</groupId>
             <artifactId>cxf-rt-ws-security</artifactId>
             <scope>provided</scope>
         </dependency>
         <dependency>
             <groupId>org.apache.cxf</groupId>
",354,,,
371,"@@ -194,7 +194,9 @@ public LogonResult neogitiateGssLogin(Properties connProps, byte[] serviceTicket
 			
 			// GSS API (jdbc) will make the session in one single call			
 			connProps.put(ILogon.KRB5TOKEN, result.getServiceToken());
 			connProps.put(GSSCredential.class.getName(), result.getDelegationCredential());
 			LogonResult logonResult =  logon(connProps);
 			return logonResult;
 		} catch (LoginException e) {
",79,,,
372,"@@ -14,6 +14,7 @@
     <resource-root path=""spring-tx-${version.org.springframework}.jar""/>    
   </resources>
   <dependencies>
     <module name=""javax.api""/>
   </dependencies>
 </module>
",353,,,
373,"@@ -1,724 +0,0 @@
 /*
  * JBoss, Home of Professional Open Source.
  * See the COPYRIGHT.txt file distributed with this work for information
  * regarding copyright ownership.  Some portions may be licensed
  * to Red Hat, Inc. under one or more contributor license agreements.
  * 
  * This library is free software; you can redistribute it and/or
  * modify it under the terms of the GNU Lesser General Public
  * License as published by the Free Software Foundation; either
  * version 2.1 of the License, or (at your option) any later version.
  * 
  * This library is distributed in the hope that it will be useful,
  * but WITHOUT ANY WARRANTY; without even the implied warranty of
  * MERCHANTABILITY or FITNESS FOR A PARTICULAR PURPOSE.  See the GNU
  * Lesser General Public License for more details.
  * 
  * You should have received a copy of the GNU Lesser General Public
  * License along with this library; if not, write to the Free Software
  * Foundation, Inc., 51 Franklin Street, Fifth Floor, Boston, MA
  * 02110-1301 USA.
  */
 package org.teiid.resource.adapter.infinispan.hotrod;
 
 import java.util.Collections;
 import java.util.HashMap;
 import java.util.List;
 import java.util.Map;
 
 import javax.naming.Context;
 import javax.naming.InitialContext;
 import javax.resource.ResourceException;
 import javax.resource.spi.InvalidPropertyException;
 
 import org.infinispan.client.hotrod.RemoteCache;
 import org.infinispan.client.hotrod.RemoteCacheManager;
 import org.infinispan.protostream.BaseMarshaller;
 import org.infinispan.protostream.SerializationContext;
 import org.jboss.modules.Module;
 import org.jboss.modules.ModuleIdentifier;
 import org.jboss.modules.ModuleLoadException;
 import org.teiid.core.util.Assertion;
 import org.teiid.core.util.StringUtil;
 import org.teiid.logging.LogConstants;
 import org.teiid.logging.LogManager;
 import org.teiid.resource.spi.BasicConnectionFactory;
 import org.teiid.resource.spi.BasicManagedConnectionFactory;
 import org.teiid.translator.TranslatorException;
 import org.teiid.translator.infinispan.hotrod.InfinispanPlugin;
 import org.teiid.translator.object.CacheNameProxy;
 import org.teiid.translator.object.ClassRegistry;
 import org.teiid.util.Version;
 
 
 public abstract class AbstractInfinispanManagedConnectionFactory extends
 		BasicManagedConnectionFactory {
 
 	/**
 	 */
 	private static final long serialVersionUID = -4791974803005018658L;
 
 	private enum CACHE_TYPE {
 		USE_JNDI, REMOTE_SERVER_LISTS, REMOTE_HOT_ROD_PROPERTIES
 	}
 	
 	private String remoteServerList = null;
 	private String hotrodClientPropertiesFile = null;
 	private String cacheJndiName = null;
 	private Class<?> cacheTypeClass = null; // cacheName ==> ClassType
 	private String cacheTypes = null;
 	@SuppressWarnings(""rawtypes"")
 	protected Map<String, BaseMarshaller> messageMarshallerMap = null;
 	private ClassRegistry methodUtil = new ClassRegistry();
 	
 	private String protobufDefFile = null;
 	private String messageMarshallers = null;
 	private String messageDescriptor = null;
 	
 	private boolean usingAnnotations = false;
 	
 	private RemoteCacheManager cacheContainer = null;
 	private String stagingCacheName;
 	private String aliasCacheName;
 	private String pkKey;
 	private Class<?> pkCacheKeyJavaType = null;
 	private CACHE_TYPE cacheType;
 	private String module;
 	private ClassLoader cl;
 	private CacheNameProxy cacheNameProxy;
 
 	@Override
 	public BasicConnectionFactory<InfinispanConnectionImpl> createConnectionFactory()
 			throws ResourceException {
 		
 		// if all the properties are null,then its assumed the pojo has the protobuf annotations for indexing columns
 		if (protobufDefFile == null && messageMarshallers == null && messageDescriptor == null) {
 			usingAnnotations = true;
 		} else {
 			// if any of the following properties are specified, all 3 must be specified
 			if (protobufDefFile == null) {
 				throw new InvalidPropertyException(InfinispanPlugin.Util.gs(InfinispanPlugin.Event.TEIID25030));
 			}
 	
 			if (messageMarshallers == null) {
 				throw new InvalidPropertyException(InfinispanPlugin.Util.gs(InfinispanPlugin.Event.TEIID25029));
 			}
 			
 			if (messageDescriptor == null) {
 				throw new InvalidPropertyException(InfinispanPlugin.Util.gs(InfinispanPlugin.Event.TEIID25020));
 			}
 		}
 		
 		if (this.cacheTypes == null) {
 			throw new InvalidPropertyException(InfinispanPlugin.Util.gs(InfinispanPlugin.Event.TEIID25021));
 		}
 
 		if (remoteServerList == null
 				&& hotrodClientPropertiesFile == null && cacheJndiName == null) {
 			throw new InvalidPropertyException(InfinispanPlugin.Util.gs(InfinispanPlugin.Event.TEIID25023));
 		}
 
 		determineCacheType();
 		if (cacheType == null) {
 			throw new InvalidPropertyException(InfinispanPlugin.Util.gs(InfinispanPlugin.Event.TEIID25022));
 		}
 		
 		/*
 		 * the creation of the cacheContainer has to be done within the
 		 * call to get the connection so that the classloader is driven
 		 * from the caller.
 		 */
 		return new BasicConnectionFactory<InfinispanConnectionImpl>() {
 
 			private static final long serialVersionUID = 1L;
 
 			@Override
 			public InfinispanConnectionImpl getConnection()
 					throws ResourceException {
 				
 				AbstractInfinispanManagedConnectionFactory.this.createCacheContainer();
 
 				return new InfinispanConnectionImpl(AbstractInfinispanManagedConnectionFactory.this);
 			}
 		};
 
 	}
 
 	public String getCacheName() {
 		// return the cacheName that is mapped as the alias
 		return cacheNameProxy.getPrimaryCacheAliasName();
 	}
 	
 	public String getCacheStagingName() {
 		return cacheNameProxy.getStageCacheAliasName();
 	}	
 	
 	@SuppressWarnings(""rawtypes"")
 	public RemoteCache getCache(String cacheName) {
       if (cacheName == null) {
       	Assertion.isNotNull(cacheName, ""Program Error: Cache Name is null"");
       }
 
        return cacheContainer.getCache(cacheName);
       
 	}	
 
 	/**
 	 * Get the <code>cacheName:className[;pkFieldName[:cacheJavaType]]</code> cache
 	 * type mappings.
 	 * 
 	 * @return <code>cacheName:className[;pkFieldName[:cacheJavaType]]</code> cache
 	 *         type mappings
 	 * @see #setCacheTypeMap(String)
 	 */
 	public String getCacheTypeMap() {
 		return cacheTypes;
 	}
 
 	/**
 	 * Set the cache type mapping
 	 * <code>cacheName:className[;pkFieldName[:cacheJavaType]]</code> that represent
 	 * the root node class type for an available cache for access.
 	 * The following is how the string parsed:
 	 * <li>cacheNam = is the name used to retrieve the named cache
 	 * <li>className = is the class that is stored in the cache, and will used to create new instances
 	 * <li> [optional] pkFieldName = defined which attribute is defined as the key to the cache, this will be 
 	 * the key used to access the cache for updates.  If not defined, updates will be disabled.
 	 * Also,  pkFieldName is required if the root object contains child objects that will accessible. 
 	 * <li> [optional] cacheJavaType = is defined when the pkFieldName java type defined in class is different
 	 * than how its stored as the key of the cache.  This will enable the correct java type to be used
 	 * when updates are performed and the object can be directly accessed.
 	 * 
 	 * @param cacheTypeMap
 	 *            the cache type mappings passed in the form of
 	 *            <code>cacheName:className[;pkFieldName[:cacheJavaType]]</code>
 	 * @see #getCacheTypeMap()
 	 */
 	public void setCacheTypeMap(String cacheTypeMap) {
 		this.cacheTypes = cacheTypeMap;
 	}
 
 	/**
 	 * Sets the (optional) module(s) where the ClassName class is defined, that
 	 * will be loaded <code> (module,[module,..])</code>
 	 * 
 	 * @param module
 	 * @see #getModule
 	 */
 	public void setModule(String module) {
 		this.module = module;
 	}
 
 	/**
 	 * Called to get the module(s) that are to be loaded
 	 * 
 	 * @see #setModule
 	 * @return String
 	 */
 	public String getModule() {
 		return module;
 	}
 	
 	/**
 	 * Get the Protobuf Definition File Name
 	 * 
 	 * @return Name of the Protobuf Definition File
 	 * @see #setProtobufDefinitionFile(String)
 	 */
 	public String getProtobufDefinitionFile() {
 		return protobufDefFile;
 	}
 
 	/**
 	 * Set the Google Protobuf Definition File name that describes the objects to be serialized.
 	 * 
 	 * @param protobufDefFile
 	 *            the file name of the protobuf definition file to use
 	 * @see #getProtobufDefinitionFile()
 	 */
 	public void setProtobufDefinitionFile(String protobufDefFile) {
 		this.protobufDefFile = protobufDefFile;
 	}
 
 	/**
 	 * Get the Message Marshaller class names
 	 * 
 	 * @return String comma delimited, class names of Message Marshallers
 	 * @see #setMessageMarshallers(String)
 	 */
 	public String getMessageMarshallers() {
 		return messageMarshallers;
 	}
 
 	/**
 	 * Set the Protobin Marshallers pojoClassName:marshallerClassName[,pojoClassName:marshallerClassName,..]
 	 * 
 	 * @param messageMarshallers
 	 *            the class names of the marshallers to use
 	 * @see #getMessageMarshallers()
 	 */
 	public void setMessageMarshallers(String messageMarshallers) {
 		this.messageMarshallers = messageMarshallers;
 	}
 	
 	/**
 	 * Get the Message descriptor class name for the root object in cache
 	 * 
 	 * @return Message Descriptor name
 	 * @see #setMessageDescriptor(String)
 	 */
 	public String getMessageDescriptor() {
 		return messageDescriptor;
 	}
 
 	/**
 	 * Set the name of the Message Descriptor
 	 * 
 	 * @param messageDescriptor
 	 *            the name of the message descriptor
 	 * @see #getMessageDescriptor()
 	 */
 	public void setMessageDescriptor(String messageDescriptor) {
 		this.messageDescriptor = messageDescriptor;
 	}	
 	
 	public String getStagingCacheName() {
 		return this.stagingCacheName;
 	}
 
 	/**
 	 * An option to configure the staging cache name to use when using JDG to materialize data.
 	 * @param cacheName
 	 */
 	protected void setStagingCacheName(String cacheName) {
 		this.stagingCacheName = cacheName;
 	}
 	
 	protected String getAliasCacheName() {
 		return this.aliasCacheName;
 	}
 	
 	/**
 	 * An option to configure the alias cache name to use when using JDG to materialize data.
 	 * @param cacheName
 	 */
 	protected void setAliasCacheName(String cacheName) {
 		this.aliasCacheName = cacheName;
 	}	
 
 	public String getPk() {
 		return pkKey;
 	}
 	
 	/**
 	 * This is an optional argument when defining the <code>CacheTypeMap</code>
 	 * on the resouce adapter.
 	 * 
 	 * @return Class<?>
 	 */
 	public Class<?> getCacheKeyClassType() {
 		return pkCacheKeyJavaType;
 	}
 
 	/**
 	 * Return the Class that identifies the cache object 
 	 * @return Class<?>
 	 */
 	public Class<?> getCacheClassType() {
 		return this.cacheTypeClass;
 	}
 
 	public void setCacheClassTypeClass(Class<?> classCacheType) {
 		this.cacheTypeClass = classCacheType;
 	}
 
 	public ClassRegistry getClassRegistry() {
 		return methodUtil;
 	}
 	/**
 	 * Returns the <code>host:port[;host:port...]</code> list that identifies
 	 * the remote servers to include in this cluster;
 	 * 
 	 * @return <code>host:port[;host:port...]</code> list
 	 */
 	public String getRemoteServerList() {
 		return remoteServerList;
 	}
 
 	/**
 	 * Set the list of remote servers that make up the Infinispan cluster. The
 	 * servers must be Infinispan HotRod servers. The list must be in the
 	 * appropriate format of <code>host:port[;host:port...]</code> that would be
 	 * used when defining an Infinispan remote cache manager instance. If
 	 * the value is missing, <code>localhost:11311</code> is assumed.
 	 * 
 	 * @param remoteServerList
 	 *            the server list in appropriate
 	 *            <code>server:port;server2:port2</code> format.
 	 */
 	public void setRemoteServerList(String remoteServerList) {
 		this.remoteServerList = remoteServerList;
 	}
 
 
 	/**
 	 * Get the name of the HotRod client properties file that should be used to
 	 * configure a remoteCacheManager.
 	 * 
 	 * @return the name of the HotRod client properties file to be used to
 	 *         configure remote cache manager
 	 * @see #setHotRodClientPropertiesFile(String)
 	 */
 	public String getHotRodClientPropertiesFile() {
 		return hotrodClientPropertiesFile;
 	}
 
 	/**
 	 * Set the name of the HotRod client properties file that should be used to
 	 * configure a remoteCacheManager.
 	 * 
 	 * @param propertieFileName
 	 *            the name of the HotRod client properties file that should be
 	 *            used to configure the remote cache manager
 	 *            
 	 * @see #getHotRodClientPropertiesFile()
 	 */
 	public void setHotRodClientPropertiesFile(String propertieFileName) {
 		this.hotrodClientPropertiesFile = propertieFileName;
 	}
 
 	/**
 	 * Get the JNDI Name of the cache.
 	 * 
 	 * @return JNDI Name of cache
 	 */
 	public String getCacheJndiName() {
 		return cacheJndiName;
 	}
 
 	/**
 	 * Set the JNDI name to a {@link Map cache} instance that should be used as
 	 * this source.
 	 * 
 	 * @param jndiName
 	 *            the JNDI name of the {@link Map cache} instance that should be
 	 *            used
 	 * @see #setCacheJndiName(String)
 	 */
 	public void setCacheJndiName(String jndiName) {
 		this.cacheJndiName = jndiName;
 	}
 	
 	/** 
 	 * Call to set the name of the cache to access when calling getCache
 	 * @param cacheName
 	 * @throws ResourceException 
 	 */
 	protected void setCacheName(String cacheName) throws ResourceException {
 		if (getAliasCacheName() != null && getStagingCacheName() != null) {
 			cacheNameProxy = new CacheNameProxy(cacheName, getStagingCacheName(),getAliasCacheName() );
 			
 		} else if (getStagingCacheName() != null || getAliasCacheName() != null)  {
 				throw new InvalidPropertyException(InfinispanPlugin.Util.gs(InfinispanPlugin.Event.TEIID25011));
 
 		} else {
 			cacheNameProxy = new CacheNameProxy(cacheName);
 		}
 	}
 	
 	public CacheNameProxy getCacheNameProxy() {
 		return cacheNameProxy;
 	}
 	
     public boolean configuredUsingAnnotations() {
     	return this.usingAnnotations;
     }
 
 	public boolean isAlive() {
 		return this.cacheContainer != null;
 	}
 	
 	protected RemoteCacheManager getCacheContainer() {
 		return this.cacheContainer;
 	}
 	
 	protected void setCacheContainer(RemoteCacheManager rcm) {
 		this.cacheContainer = rcm;
 	}
 	
 	abstract protected SerializationContext getContext();
 	
 	protected ClassLoader getClassLoader() {
 		return this.cl;
 	}
 	
 	protected Class<?> loadClass(String className) throws ResourceException {
 		try {
 			return Class.forName(className, false, getClassLoader());
 		} catch (ClassNotFoundException e) {
 			throw new ResourceException(e);
 		}
 	}
 	
 	@SuppressWarnings(""rawtypes"")
 	protected synchronized ClassLoader loadClasses() throws ResourceException {
 
 		cl = null;
 
 		if (getModule() != null) {
 
 			try {
 				List<String> mods = StringUtil.getTokens(getModule(), "",""); //$NON-NLS-1$
 				for (String mod : mods) {
 
 					Module x = Module.getContextModuleLoader().loadModule(
 							ModuleIdentifier.create(mod));
 					// the first entry must be the module associated with the
 					// cache
 					if (cl == null) {
 						cl = x.getClassLoader();
 					}
 				}
 			} catch (ModuleLoadException e) {
 				throw new ResourceException(e);
 			}
 
 		} 
 		
 		if (cl == null) {
 			cl = Thread.currentThread().getContextClassLoader();
 		}
 		
 			
 		/*
 		 * Parsing based on format:  cacheName:className[;pkFieldName[:cacheKeyJavaType]]
 		 * 
 		 */
 		
 		List<String> parms = StringUtil.getTokens(getCacheTypeMap(), "";""); //$NON-NLS-1$
 		String leftside = parms.get(0);
 		List<String> cacheClassparm = StringUtil.getTokens(leftside, "":"");
 		
 		if (cacheClassparm.size() != 2) {
 			throw new InvalidPropertyException(InfinispanPlugin.Util.gs(InfinispanPlugin.Event.TEIID25022));
 		}
 		
 		String cn = cacheClassparm.get(0);
 		setCacheName(cn);
 		String className = cacheClassparm.get(1);
 		cacheTypeClass = loadClass(className);
 	
 		methodUtil.registerClass(cacheTypeClass);
 			
 		if (parms.size() == 2) {
 			String rightside = parms.get(1);
 			List<String> pkKeyparm = StringUtil.getTokens(rightside, "":"");
 			pkKey = pkKeyparm.get(0);
 			if (pkKeyparm.size() == 2) {
 				String pktype = pkKeyparm.get(1);
 				if (pktype != null) {
 					pkCacheKeyJavaType = loadClass(pktype);
 				}
 			}
 		}
 		
 		if (!this.usingAnnotations) {
 	
 			List<String> marshallers = StringUtil.getTokens(this.getMessageMarshallers(), "",""); //$NON-NLS-1$
 			
 			Map<String, BaseMarshaller> mmp = new HashMap<String, BaseMarshaller>(marshallers.size());
 			
 			for (String mm : marshallers) {
 				
 				List<String> marshallMap = StringUtil.getTokens(mm, "":""); //$NON-NLS-1$
 				if (marshallMap.size() != 2) {
 					throw new InvalidPropertyException(InfinispanPlugin.Util.gs(InfinispanPlugin.Event.TEIID25031, new Object[] {mm}));
 				}
 				final String clzName = marshallMap.get(0);
 				final String m = marshallMap.get(1);
 	
 				try {
 					Object bmi = (loadClass(m)).newInstance();
 					Class ci = loadClass(clzName);
 	
 					mmp.put(clzName, (BaseMarshaller) bmi); 	
 	
 					methodUtil.registerClass(ci);
 			
 				} catch (InstantiationException e) {
 					throw new ResourceException(e);
 				} catch (IllegalAccessException e) {	
 					throw new ResourceException(e);
 				} 
 			
 			}
 			
 			messageMarshallerMap=Collections.unmodifiableMap(mmp);
 		}
 		
 		return cl;
 
 	}
 
 	protected synchronized void createCacheContainer() throws ResourceException {
 		if (getCacheContainer() != null)
 			return;
 		
 		RemoteCacheManager cc = null;
 
 
 		ClassLoader lcl = Thread.currentThread().getContextClassLoader();
 		try {
 			Thread.currentThread().setContextClassLoader(
 					this.getClass().getClassLoader());
 		
 			ClassLoader classLoader = loadClasses();
 
 			switch (cacheType) {
 			case USE_JNDI:
 				cc = getRemoteCacheFromJNDI(this.getCacheJndiName(), classLoader);
 				break;
 	
 			case REMOTE_HOT_ROD_PROPERTIES:
 				cc = createRemoteCacheFromProperties(classLoader);
 				break;
 	
 			case REMOTE_SERVER_LISTS:
 				cc = createRemoteCacheFromServerList(classLoader);
 				break;
 	
 			}
 
 			setCacheContainer(cc);
 
 			registerWithCacheManager(getContext(), cc, classLoader, this.usingAnnotations);
 			
 			// if configured for materialization, initialize the cacheNameProxy
 			if (cacheNameProxy.getAliasCacheName() != null) {
 				RemoteCache aliasCache = cc.getCache(cacheNameProxy.getAliasCacheName());
 				if (aliasCache == null) {
 					throw new ResourceException(	
 							InfinispanPlugin.Util.gs(InfinispanPlugin.Event.TEIID25010, new Object[] {cacheNameProxy.getAliasCacheName()}));
 				}
 				cacheNameProxy.initializeAliasCache(aliasCache);
 			}
 
 		
 		} finally {
 			Thread.currentThread().setContextClassLoader(lcl);
 		}
 		
 		
 	}	
 
 	private void determineCacheType() {
 		String jndiName = getCacheJndiName();
 		if (jndiName != null && jndiName.trim().length() != 0) {
 			cacheType = CACHE_TYPE.USE_JNDI;
 		} else if (this.getHotRodClientPropertiesFile() != null) {
 			cacheType = CACHE_TYPE.REMOTE_HOT_ROD_PROPERTIES;
 		} else if (this.getRemoteServerList() != null
 				&& !this.getRemoteServerList().isEmpty()) {
 			cacheType = CACHE_TYPE.REMOTE_SERVER_LISTS;
 		}
 	}
 
 	protected abstract RemoteCacheManager createRemoteCacheFromProperties(
 			ClassLoader classLoader) throws ResourceException;
 	
 	protected abstract RemoteCacheManager createRemoteCacheFromServerList(
 			ClassLoader classLoader) throws ResourceException;
 
 	
 	private RemoteCacheManager getRemoteCacheFromJNDI(
 			String jndiName, ClassLoader classLoader) throws ResourceException {
 
 		Object cache = null;
 		try {
 			Context context = new InitialContext();
 			cache = context.lookup(jndiName);
 		} catch (Exception err) {
 			if (err instanceof RuntimeException)
 				throw (RuntimeException) err;
 			throw new ResourceException(err);
 		}
 
 		if (cache == null) {
 			throw new ResourceException(InfinispanPlugin.Util.gs(InfinispanPlugin.Event.TEIID25025, jndiName));
 		}
 		
 		
 		if (cache instanceof RemoteCacheManager) {
 			LogManager.logInfo(LogConstants.CTX_CONNECTOR,
 				""=== Using RemoteCacheManager (loaded from JNDI "" + jndiName + "") ===""); //$NON-NLS-1$
 
 			return cacheContainer;
 		}
 
 		throw new ResourceException(InfinispanPlugin.Util.gs(InfinispanPlugin.Event.TEIID25026, cacheContainer.getClass().getName()));
 
 	}
 	
 	protected void registerWithCacheManager(SerializationContext ctx, RemoteCacheManager cc, ClassLoader cl, boolean useAnnotations) throws ResourceException {
 		
 	}
 	
 	public Version getVersion() throws TranslatorException {
 		RemoteCache rc = this.getCache(this.getCacheNameProxy().getPrimaryCacheKey());
 		return Version.getVersion(rc.getProtocolVersion());
 
 	}
 
 	@Override
 	public int hashCode() {
 		final int prime = 31;
 		int result = 1;
 		result = prime
 				* result
 				+  (protobufDefFile.hashCode());
 		result = prime
 				* result
 				+ ((remoteServerList == null) ? 0 : remoteServerList.hashCode());
 		result = prime
 				* result
 				+ ((hotrodClientPropertiesFile == null) ? 0
 						: hotrodClientPropertiesFile.hashCode());
 		result = prime * result
 				+ ((cacheJndiName == null) ? 0 : cacheJndiName.hashCode());
 		return result;
 	}
 
 	@Override
 	public boolean equals(Object obj) {
 		if (this == obj)
 			return true;
 		if (obj == null)
 			return false;
 		if (getClass() != obj.getClass())
 			return false;
 		AbstractInfinispanManagedConnectionFactory other = (AbstractInfinispanManagedConnectionFactory) obj;
 
 		if (!checkEquals(this.remoteServerList, other.remoteServerList)) {
 			return false;
 		}
 		if (!checkEquals(this.hotrodClientPropertiesFile,
 				other.hotrodClientPropertiesFile)) {
 			return false;
 		}
 		if (!checkEquals(this.cacheJndiName, other.cacheJndiName)) {
 			return false;
 		}
 		return false;
 
 	}
 
 	public void cleanUp() {
 
 		messageMarshallerMap = null;
 		cacheType = null;
 		cacheContainer = null;
 		cl = null;
 		methodUtil.cleanUp();
 
 	}
 }
\ No newline at end of file
",28,,,
374,"@@ -52,9 +52,9 @@
  */
 public class InfinispanConnectionImpl extends BasicConnection implements InfinispanHotRodConnection { 
 	
 	AbstractInfinispanManagedConnectionFactory config = null;
 
 	public InfinispanConnectionImpl(AbstractInfinispanManagedConnectionFactory config)  throws ResourceException {
 		this.config = config;
 
 		this.config.createCacheContainer();
@@ -115,17 +115,22 @@ public RemoteCache getCache() throws TranslatorException {
 
 	/**
 	 * {@inheritDoc}
 	 *
 	 */
 	@Override
 	public Descriptor getDescriptor()
 			throws TranslatorException {
 		Descriptor d = config.getContext().getMessageDescriptor(config.getMessageDescriptor());
 		if (d == null) {
 			throw new TranslatorException(InfinispanPlugin.Util.gs(InfinispanPlugin.Event.TEIID25028,  config.getMessageDescriptor(), getCacheName()));			
 		}
 		
 		return d;
 	}
 	
 	@SuppressWarnings({ ""rawtypes"" })
",34,,,
375,"@@ -22,43 +22,592 @@
 package org.teiid.resource.adapter.infinispan.hotrod;
 
 import java.io.File;
 import java.io.IOException;
 import java.io.InputStream;
 import java.io.InputStreamReader;
 import java.io.Reader;
 import java.io.StringWriter;
 import java.util.Properties;
 
 import javax.resource.ResourceException;
 import javax.resource.spi.InvalidPropertyException;
 
 import org.infinispan.client.hotrod.RemoteCache;
 import org.infinispan.client.hotrod.RemoteCacheManager;
 import org.infinispan.client.hotrod.configuration.ConfigurationBuilder;
 import org.infinispan.client.hotrod.marshall.ProtoStreamMarshaller;
 import org.infinispan.protostream.BaseMarshaller;
 import org.infinispan.protostream.FileDescriptorSource;
 import org.infinispan.protostream.SerializationContext;
 import org.infinispan.protostream.annotations.ProtoSchemaBuilder;
 import org.infinispan.protostream.annotations.ProtoSchemaBuilderException;
 import org.infinispan.query.remote.client.ProtobufMetadataManagerConstants;
 import org.teiid.core.BundleUtil;
 import org.teiid.core.util.PropertiesUtils;
 import org.teiid.logging.LogConstants;
 import org.teiid.logging.LogManager;
 import org.teiid.translator.infinispan.hotrod.InfinispanPlugin;
 
 public class InfinispanManagedConnectionFactory extends AbstractInfinispanManagedConnectionFactory {
 	public static final BundleUtil UTIL = BundleUtil.getBundleUtil(InfinispanManagedConnectionFactory.class);
 
 	/**
 	 */
 	private static final long serialVersionUID = 1L;
 
 	@Override
 	protected RemoteCacheManager createRemoteCacheFromProperties(
 			ClassLoader classLoader) throws ResourceException {
 
 		File f = new File(this.getHotRodClientPropertiesFile());
 		if (!f.exists()) {
 			throw new InvalidPropertyException(
@@ -82,11 +631,9 @@ protected RemoteCacheManager createRemoteCacheFromProperties(
 		}
 
 	}
 
 	@Override
 	protected RemoteCacheManager createRemoteCacheFromServerList(
 			ClassLoader classLoader) throws ResourceException {
 
 		Properties props = new Properties();
 		props.put(
 				""infinispan.client.hotrod.server_list"", this.getRemoteServerList()); //$NON-NLS-1$
@@ -96,8 +643,8 @@ protected RemoteCacheManager createRemoteCacheFromServerList(
 
 		return createRemoteCache(props, classLoader);
 	}
 
 	protected RemoteCacheManager createRemoteCache(Properties props,
 			ClassLoader classLoader) throws ResourceException {
 		RemoteCacheManager remoteCacheManager;
 		try {
@@ -114,109 +661,98 @@ protected RemoteCacheManager createRemoteCache(Properties props,
 
 		return remoteCacheManager;
 
 	}
 
 	@Override
 	protected SerializationContext getContext() {
 		return ProtoStreamMarshaller.getSerializationContext(this
 				.getCacheContainer());
 	}
 
 	@Override
 	protected void registerWithCacheManager(SerializationContext ctx,
 			RemoteCacheManager cc, ClassLoader cl, boolean useAnnotations) throws ResourceException {
 		if (useAnnotations) {
 			registerToUseAnnotations(ctx, cc, cl);
 		} else {
 			registerMarshallers(ctx, cc, cl);
 		}	
 	}
 	
 	private void registerMarshallers(SerializationContext ctx,
 			RemoteCacheManager cc, ClassLoader cl)  throws ResourceException {
 		
 		String protoBufResource = getProtobufDefinitionFile();
 		try {
 			FileDescriptorSource fds = new FileDescriptorSource();
 			fds.addProtoFile(""protofile"",
 					cl.getResourceAsStream(protoBufResource));
 
 			ctx.registerProtoFiles(fds);
 
 			RemoteCache<String, String> metadataCache = cc
 					.getCache(ProtobufMetadataManagerConstants.PROTOBUF_METADATA_CACHE_NAME);
 			metadataCache.put(protoBufResource,
 					readResource(protoBufResource, cl));
 
 			String errors = metadataCache
 					.get(ProtobufMetadataManagerConstants.ERRORS_KEY_SUFFIX);
 			if (errors != null) {
 				throw new ResourceException(
 						""Error registering Protobuf schema files:\n"" + errors);
 			}
 
 			for (String clzName : messageMarshallerMap.keySet()) {
 				BaseMarshaller m = messageMarshallerMap.get(clzName);
 				ctx.registerMarshaller(m);
 			}
 			
 			LogManager.logTrace(LogConstants.CTX_CONNECTOR,
 					""=== Registered marshalling with RemoteCacheManager ===""); //$NON-NLS-1$
 
 		} catch (IOException e) {
 			throw new ResourceException(
 					InfinispanPlugin.Util.gs(InfinispanPlugin.Event.TEIID25032),
 					e);
 		}
 	}
 	
 	private void registerToUseAnnotations(SerializationContext ctx,
 			RemoteCacheManager cc, ClassLoader cl) throws ResourceException {
 		
 		String p = this.getCacheClassType().getPackage().getName();
 		
 		String protoName = this.getCacheClassType().getName() + "".proto"";
 		
 		ProtoSchemaBuilder protoSchemaBuilder = null;
 				
 		try {
 			Class<?> clzz = loadClass(""org.infinispan.protostream.annotations.ProtoSchemaBuilder"");
 			protoSchemaBuilder = (ProtoSchemaBuilder) clzz.newInstance();
 			String protoSchema = protoSchemaBuilder
 			    .fileName(protoName)
 			    .packageName(p)
 			    .addClass(this.getCacheClassType())
 			    .build(ctx);
 			
 		      RemoteCache<String, String> metadataCache = cc.getCache(ProtobufMetadataManagerConstants.PROTOBUF_METADATA_CACHE_NAME);
 		      metadataCache.put(protoName, protoSchema);
 			
 		} catch (ProtoSchemaBuilderException e) {
 			throw new ResourceException(e);
 		} catch (IOException e) {
 			throw new ResourceException(e);
 		} catch (InstantiationException e) {
 			throw new ResourceException(e);
 		} catch (IllegalAccessException e) {
 			throw new ResourceException(e);
 		}
 	}
 
 	private String readResource(String resourcePath, ClassLoader cl)
 			throws IOException {
 		InputStream is = cl.getResourceAsStream(resourcePath);
 		try {
 			final Reader reader = new InputStreamReader(is, ""UTF-8"");
 			StringWriter writer = new StringWriter();
 			char[] buf = new char[1024];
 			int len;
 			while ((len = reader.read(buf)) != -1) {
 				writer.write(buf, 0, len);
 			}
 			return writer.toString();
 		} finally {
 			is.close();
 		}
 	}
 	
 }
",49,,,
376,"@@ -0,0 +1,62 @@
",355,,,
377,"@@ -0,0 +1,96 @@
",356,,,
378,"@@ -0,0 +1,161 @@
",357,,,
379,"@@ -23,9 +23,7 @@
 
 import java.io.IOException;
 
 import org.infinispan.configuration.cache.Configuration;
 import org.infinispan.configuration.cache.ConfigurationBuilder;
 import org.infinispan.configuration.global.GlobalConfigurationBuilder;
 import org.infinispan.manager.DefaultCacheManager;
 import org.infinispan.query.remote.client.ProtobufMetadataManagerConstants;
 import org.infinispan.server.hotrod.HotRodServer;
",40,,,
380,"@@ -21,7 +21,9 @@
  */
 package org.teiid.resource.adapter.infinispan.hotrod;
 
 import static org.junit.Assert.*;
 
 import java.io.File;
 import java.util.Properties;
",43,,,
381,"@@ -52,27 +52,27 @@ public void beforeEach() throws Exception {
 			private static final long serialVersionUID = 1L;
 
 			@Override
 			protected SerializationContext getContext() {
 				// TODO Auto-generated method stub
 				return null;
 			}
 
 			@Override
 			protected RemoteCacheManager createRemoteCacheFromProperties(
 					ClassLoader classLoader) throws ResourceException {
 				// TODO Auto-generated method stub
 				return null;
 			}
 
 			@Override
 			protected RemoteCacheManager createRemoteCacheFromServerList(
 					ClassLoader classLoader) throws ResourceException {
 				// TODO Auto-generated method stub
 				return null;
 			}
 			
 			@Override
 			protected void registerWithCacheManager(SerializationContext ctx, RemoteCacheManager cc, ClassLoader cl, boolean useAnnotations) throws ResourceException {
 				// don't call JDG
 			}			
 
",10,,,
382,"@@ -43,11 +43,19 @@ public interface InfinispanHotRodConnection extends ObjectConnection {
 	public QueryFactory getQueryFactory() throws TranslatorException;
 	
 	/**
 	 * Call to return the Descriptor from JDG cache.
 	 * @return Descriptor
 	 * @throws TranslatorException
 	 */
 	public Descriptor getDescriptor()  throws TranslatorException;
 		
 }
 
",76,,,
383,"@@ -33,6 +33,9 @@
  * The AnnotationMetadataProcessor is used when the metadata is derived from annotations in the pojo.
  * 
  * @author vanhalbert
  *
  */
 public class AnnotationMetadataProcessor extends JavaBeanMetadataProcessor {
",16,,,
384,"@@ -82,7 +82,7 @@ public class ProtobufMetadataProcessor implements MetadataProcessor<ObjectConnec
 
 	private Table rootTable = null;
 	private Method pkMethod = null;
 	private Map<String, String> repeatableMap = new HashMap<String, String>();
 	protected boolean classObjectColumn = false;
 	
 	@TranslatorProperty(display = ""Class Object As Column"", category = PropertyType.IMPORT, description = ""If true, and when the translator provides the metadata, a column of object data type will be created that represents the stored object in the cache"", advanced = true)
@@ -95,38 +95,32 @@ public void setClassObjectColumn(boolean classObjectAsColumn) {
 	}
 
 	@Override
 	public void process(MetadataFactory metadataFactory, ObjectConnection conn) throws TranslatorException {
 			
 			String cacheName = conn.getCacheName();			
 
 			Class<?> type = conn.getCacheClassType();
 			createRootTable(metadataFactory, type, ((InfinispanHotRodConnection) conn).getDescriptor(), cacheName,conn);
 
 			boolean materializied = conn.getDDLHandler().getCacheNameProxy().getAliasCacheName() != null;
 			if (materializied) {
 											
 				Table stageTable = addTable(metadataFactory, type, true, true);
 							
 				stageTable.setColumns(rootTable.getColumns());
 				stageTable.setForiegnKeys(rootTable.getForeignKeys());
 				stageTable.setFunctionBasedIndexes(rootTable.getFunctionBasedIndexes());
 				stageTable.setIndexes(rootTable.getIndexes());
 				stageTable.setParent(rootTable.getParent());
 				stageTable.setSupportsUpdate(true);
 				stageTable.setUniqueKeys(rootTable.getUniqueKeys());
 				stageTable.setPrimaryKey(rootTable.getPrimaryKey());
 				stageTable.setProperty(JavaBeanMetadataProcessor.PRIMARY_TABLE_PROPERTY, rootTable.getFullName());	
 				
 			} else {
 				// only define inner classes when the data source is not using materialization.  
 				// do not support materializing to inner classes
 				addInnerClasses(metadataFactory, ((InfinispanHotRodConnection) conn).getDescriptor(), conn );
 			}
 
 	}
 
 
 	private void createRootTable(MetadataFactory mf, Class<?> entity, Descriptor descriptor, String cacheName, ObjectConnection conn) throws TranslatorException {
 			
 		String pkField = conn.getPkField();
 		boolean updatable = (pkField != null ? true : false);
@@ -138,12 +132,24 @@ private void createRootTable(MetadataFactory mf, Class<?> entity, Descriptor des
 			addRootColumn(mf, Object.class, entity, null, null, SearchType.Unsearchable, rootTable.getName(), rootTable, false, false, NullType.Nullable); //$NON-NLS-1$	
 		}
 		
 		boolean addKey = false;
 		// the descriptor is needed to determine which fields are defined as searchable.
 		for (FieldDescriptor fd:descriptor.getFields()) {	
 			if (fd.isRepeated() ) {
 				repeatableMap.put(fd.getMessageType().getName(), fd.getName());
 			} else {
 				NullType nt = NullType.Nullable;
 				SearchType st = isSearchable(fd);
 				Class<?> returnType = getJavaType( fd,entity, conn);
@@ -152,44 +158,43 @@ private void createRootTable(MetadataFactory mf, Class<?> entity, Descriptor des
 					addKey = true;
 					st = SearchType.Searchable;
 					nt = NullType.No_Nulls;
 				} else if (fd.isRequired()) {
 					nt = NullType.No_Nulls;
 				}
 				// dont make primary key updatable, the object must be deleted and readded in order to change the key
 				addRootColumn(mf, returnType, getProtobufNativeType(fd), fd.getFullName(), fd.getName(), st, rootTable.getName(), rootTable, true, true, nt);	
 			}
 		}	
 		
 		pkMethod = null;
 		if (updatable) {
 		    pkMethod = conn.getClassRegistry().getReadClassMethods(entity.getName()).get(pkField);
 		    if (pkMethod == null) {
 				throw new TranslatorException(InfinispanPlugin.Util.gs(InfinispanPlugin.Event.TEIID25008, new Object[] {pkField, cacheName, entity.getName()}));
 		    	
 		    }	
 			@SuppressWarnings(""null"")
 			String pkName = ""PK_"" + pkField.toUpperCase(); //$NON-NLS-1$
 	        ArrayList<String> x = new ArrayList<String>(1) ;
 	        x.add(pkField);
 	        mf.addPrimaryKey(pkName, x , rootTable);		    
 
 		}
 
 		
 		if (!addKey) {
 				addRootColumn(mf, pkMethod.getReturnType(), pkMethod.getReturnType(), pkField, pkField, SearchType.Searchable, rootTable.getName(), rootTable, true, true, NullType.No_Nulls);
 		}
 			
 	}
 			
 	private void addInnerClasses(MetadataFactory mf, Descriptor descriptor, ObjectConnection conn) throws TranslatorException {
 		for (Descriptor des: descriptor.getNestedTypes()) {
 			createInnerTable(mf, des, rootTable, pkMethod, conn);		
 		}	
 
 	}
 	
 	
 	private Table addTable(MetadataFactory mf, Class<?> entity, boolean updatable, boolean staging) {
 		String tName = entity.getSimpleName();
 		if (staging) {
@@ -207,15 +212,14 @@ private Table addTable(MetadataFactory mf, Class<?> entity, boolean updatable, b
 		
 	}
 	
     private static Method findMethod(String className, String methodName, ObjectConnection conn) throws TranslatorException {
         Map<String, Method> mapMethods = conn.getClassRegistry().getReadClassMethods(className);
 
         Method m = mapMethods.get(methodName);
         if (m!= null) return m;
         
         m = mapMethods.get(methodName.toLowerCase());
         if (m!= null) return m;
         
         // because the class 'methods' contains 2 different references
         //  get'Name'  and 'Name', this will look for the 'Name' version
         for (Iterator<String> it=mapMethods.keySet().iterator(); it.hasNext();) {
@@ -228,22 +232,15 @@ private static Method findMethod(String className, String methodName, ObjectConn
 		throw new TranslatorException(""Program Error: unable to find method "" + methodName + "" on class "" + className);
 
     }
     private void createInnerTable(MetadataFactory mf, Descriptor desc, Table rootTable, Method pkMethod, ObjectConnection conn) throws TranslatorException  {
 
     	//	Descriptor d = desc.getContainingType();
 		Descriptor parent = desc.getContainingType();
 		// Need to find the method name that corresponds to the repeating attribute
 		// so that the actual method name can be used in defining the NIS
 		// which will provide the correct method to use when retrieving the data at execution time
 
 		Class<?> pc = getRegisteredClass(parent.getName(), conn);
 		Class<?> c = getRegisteredClass(desc.getName(), conn);
 		
 		String fd_Name = repeatableMap.get(desc.getName());
 
 		Table t = addTable(mf, c, true, false);
 
 		t.setSupportsUpdate(rootTable.supportsUpdate());
 
 		List<FieldDescriptor> fields = desc.getFields();
 		for (FieldDescriptor f:fields) {
@@ -255,15 +252,13 @@ private void createInnerTable(MetadataFactory mf, Descriptor desc, Table rootTab
 		}
 		
 		if (pkMethod != null) {
 			
 			
 			// if not repeatable, then use the attribute name
 			String mName =  findMethodNameForReturnType(pc.getName(), c, fd_Name, conn);
 			
 			if (mName == null) {		
 				mName = desc.getName();
 			}
 
 			
 			// use the same parent table primary ke column name in the foreign key tables
 			String methodName = rootTable.getPrimaryKey().getColumns().get(0).getName();
@@ -273,12 +268,7 @@ private void createInnerTable(MetadataFactory mf, Descriptor desc, Table rootTab
 			referencedKeyColumns.add(methodName);
 			String fkName = ""FK_"" + rootTable.getName().toUpperCase();
 			
  //   		addColumn(mf, pkMethod.getReturnType(), methodName, methodName, SearchType.Searchable, childTable,  false, NullType.No_Nulls, false);
  //   		addColumn(MetadataFactory mf,  Class<?> type, String attributeName, String nis, SearchType searchType, Table entityTable, boolean selectable, NullType nt, boolean updatable) {
 
 
 			
     		addRootColumn(mf, pkMethod.getReturnType(), pkMethod.getReturnType(), methodName, methodName, SearchType.Searchable, t.getName(), t, false, false, NullType.No_Nulls);
 			ForeignKey fk = mf.addForiegnKey(fkName, keyColumns, referencedKeyColumns, rootTable.getName(), t);
 			
 			fk.setNameInSource(mName);
@@ -290,17 +280,28 @@ private void createInnerTable(MetadataFactory mf, Descriptor desc, Table rootTab
     /*
      * This is used to find the method name to call on the parent object to obtain the child reference object(s)
      */
     private  String findMethodNameForReturnType(String parentClassName, Class<?> childClzz, String methodName, ObjectConnection conn) throws TranslatorException {
         if (methodName == null || methodName.length() == 0) {
             return null;
         }
                
         Map<String, Method> mapMethods = conn.getClassRegistry().
         		getReadClassMethods(parentClassName);
         
         Method m = ClassRegistry.findMethod(mapMethods, methodName, parentClassName);
         
         if (m != null) return m.getName(); 
         
         // try to match the return generic type (if defined) to the child class
 		for (Iterator it = mapMethods.keySet().iterator(); it.hasNext();) {
@@ -453,7 +454,7 @@ private static SearchType isSearchable(FieldDescriptor fd) {
 
 	}
 	
 	private static Class<?> getJavaType(FieldDescriptor fd, Class<?> c, ObjectConnection conn) throws TranslatorException {
 
 			Method m = findMethod(c.getName(), fd.getName(), conn);
 			return m.getReturnType();
",70,,,
385,"@@ -16,7 +16,7 @@
  */
 package org.jboss.as.quickstarts.datagrid.hotrod.query.domain;
 
 import java.util.List;
 
 import org.infinispan.protostream.annotations.ProtoDoc;
 import org.infinispan.protostream.annotations.ProtoField;
@@ -34,7 +34,7 @@ public class Person {
    public String email;
    public Address address;
 
 	public List<PhoneNumber> phones;
 
 	@ProtoField(number = 2, required = true)
    public String getName() {
@@ -64,14 +64,16 @@ public void setEmail(String email) {
       this.email = email;
    }
 
    public List<PhoneNumber> getPhones() {
       return phones;
    }
 
    public void setPhones(List<PhoneNumber> phones) {
       this.phones = phones;
    }
    
    public Address getAddress() {
 	   return this.address;
    }
",358,,,
386,"@@ -38,13 +38,10 @@
  */
 public class PersonCacheConnection extends TestInfinispanHotRodConnection {
 	
 	protected Descriptor descriptor;
 	
 
 	public static InfinispanHotRodConnection createConnection(RemoteCache map, boolean useKeyClassType, Descriptor descriptor, Version version) {
 		CacheNameProxy proxy = new CacheNameProxy(PersonCacheSource.PERSON_CACHE_NAME);
 
 		PersonCacheConnection conn = new PersonCacheConnection(map, PersonCacheSource.CLASS_REGISTRY, proxy, useKeyClassType, descriptor);
 		conn.setVersion(version);
 		conn.setConfiguredUsingAnnotations(true);
 		return conn;
@@ -55,12 +52,10 @@ public static InfinispanHotRodConnection createConnection(RemoteCache map, boole
 	 * @param registry
 	 * @param proxy
 	 * @param useKeyClassType 
 	 * @param desc 
 	 */
 	public PersonCacheConnection(RemoteCache map,
 			ClassRegistry registry, CacheNameProxy proxy, boolean useKeyClassType, Descriptor desc) {
 		super(map, registry, proxy);
 		this.descriptor = desc;
 		
 		setPkField(""id"");
 		if (useKeyClassType) {
@@ -80,16 +75,27 @@ protected Class<?> loadClass(String className)  {
 			return null;
 		}
 	}
 
 		@Override
 		public Descriptor getDescriptor() throws TranslatorException {
 			return descriptor;
 		}
 
 		
 		@Override
 		public QueryFactory getQueryFactory() throws TranslatorException {
 			return null;
 		}
 
 }
",359,,,
387,"@@ -69,7 +69,7 @@ public class PersonCacheSource<K, V>  implements RemoteCache<K, V>{
 	public static final String PHONETYPE_CLASS_NAME = PhoneType.class.getName();
 	public static final String ADDRESSTYPE_CLASS_NAME = Address.class.getName();
 	
 	public static Descriptor DESCRIPTOR;
 	
 	public static final int NUMPERSONS = 10;
 	public static final int NUMPHONES = 2;
@@ -80,7 +80,7 @@ public class PersonCacheSource<K, V>  implements RemoteCache<K, V>{
 	
 	static {
 		try {
 			DESCRIPTOR = createDescriptor();
 
 			CLASS_REGISTRY.registerClass(Person.class);
 			CLASS_REGISTRY.registerClass(PhoneNumber.class);
@@ -96,14 +96,14 @@ public class PersonCacheSource<K, V>  implements RemoteCache<K, V>{
 	public static InfinispanHotRodConnection createConnection(final boolean useKeyClass) {
 		final RemoteCache objects = PersonCacheSource.loadCache();
 
 		return PersonCacheConnection.createConnection(objects, useKeyClass, DESCRIPTOR, null);
 
 	}
 	
 	public static InfinispanHotRodConnection createConnection(final boolean useKeyClass, Version version) {
 		final RemoteCache objects = PersonCacheSource.loadCache();
 
 		return PersonCacheConnection.createConnection(objects, useKeyClass, DESCRIPTOR, version);
 
 	}
 	
@@ -113,7 +113,7 @@ public static void loadCache(Map<Object, Object> cache) {
 		
 		for (int i = 1; i <= NUMPERSONS; i++) {
 			
 			List<PhoneNumber> pns = new ArrayList<PhoneNumber>();
 			double d = 0;
 			for (int j = 1; j <= NUMPHONES; j++) {
 				PhoneNumber pn = new PhoneNumber(""(111)222-345"" + j, types[t++]);
@@ -149,7 +149,7 @@ public List<Object> get(int key) {
 		return objs;
 	}	
 	
 	private static Descriptor createDescriptor() throws Exception {
 		Configuration config = new Configuration.Builder().build();
 		
 		try {
@@ -160,19 +160,32 @@ private static Descriptor createDescriptor() throws Exception {
 
 	      FileDescriptor descriptor = files.get(""addressbook.proto"");
 	      
 	      String descriptorName = ""quickstart.Person"";
 	      Map<String, Descriptor> messages = new HashMap<String, Descriptor>();
 	      for (Descriptor m : descriptor.getMessageTypes()) {
 	         messages.put(m.getFullName(), m);
 	      }
 
 	      Descriptor testClass = messages.get(descriptorName);
 	      
 	      if (testClass == null) {
 	    	  throw new Exception(""Did not get descriptor: "" + descriptorName );
 	      }
 	      
 	      return testClass;
 	      
 	  } catch (Exception e) {
     	throw e;
",360,,,
388,"@@ -16,11 +16,15 @@
  */
 package org.jboss.as.quickstarts.datagrid.hotrod.query.domain;
 
 /**
  *  * Copied from JDG quickstart - remote-query
  *  
  * @author Adrian Nistor
  */
 public class PhoneNumber {
 
    private String number;
@@ -35,6 +39,7 @@ public PhoneNumber(String number, PhoneType type) {
 	   this.type = type;
    }
 
    public String getNumber() {
       return number;
    }
",361,,,
389,"@@ -91,4 +91,16 @@ public Descriptor getDescriptor() throws TranslatorException {
 		return null;
 	}
 
 }
",23,,,
390,"@@ -6,6 +6,7 @@
 
 import org.jboss.as.quickstarts.datagrid.hotrod.query.domain.PersonCacheSource;
 import org.junit.Before;
 import org.junit.Test;
 import org.teiid.core.util.ObjectConverterUtil;
 import org.teiid.core.util.UnitTestUtil;
@@ -18,7 +19,9 @@
 import org.teiid.translator.object.ObjectExecutionFactory;
 import org.teiid.util.Version;
 
 @SuppressWarnings(""nls"")
 public class TestAnnotationMetadataProcessor {
 
 	protected static ObjectExecutionFactory TRANSLATOR;
",36,,,
391,"@@ -4,7 +4,6 @@
 
 import java.util.Properties;
 
 import org.jboss.as.quickstarts.datagrid.hotrod.query.domain.Address;
 import org.jboss.as.quickstarts.datagrid.hotrod.query.domain.PersonCacheSource;
 import org.jboss.teiid.jdg_remote.pojo.AllTypesCacheSource;
 import org.junit.Before;
@@ -17,19 +16,19 @@
 import org.teiid.query.metadata.SystemMetadata;
 import org.teiid.translator.TranslatorException;
 import org.teiid.translator.infinispan.hotrod.InfinispanHotRodConnection;
 import org.teiid.translator.infinispan.hotrod.InfinispanExecutionFactory;
 
 @SuppressWarnings(""nls"")
 public class TestProtobufMetadataProcessor {
 	protected static InfinispanExecutionFactory TRANSLATOR;
 
 	@BeforeClass
 	public static void setUp() throws TranslatorException {
 	}
 	
 	@Before public void beforeEach() throws Exception{	
 		 
 		TRANSLATOR = new InfinispanExecutionFactory();
 		TRANSLATOR.setSupportsSearchabilityUsingAnnotations(false);
 		TRANSLATOR.start();
     }
@@ -41,7 +40,6 @@ public void testPersonMetadata() throws Exception {
 				SystemMetadata.getInstance().getRuntimeTypeMap(),
 				new Properties(), null);
 
 		PersonCacheSource.CLASS_REGISTRY.registerClass(Address.class);
 		InfinispanHotRodConnection conn = PersonCacheSource.createConnection(true);
 
 		TRANSLATOR.getMetadataProcessor().process(mf, conn);
",59,,,
392,"@@ -11,13 +11,15 @@ message Person {
 
    optional string email = 3;
 
    enum PhoneType {
       MOBILE = 0;
       HOME = 1;
       WORK = 2;
    }
 
    /* @Indexed */
    message PhoneNumber {
 
       /* @IndexedField */
@@ -26,10 +28,14 @@ message Person {
       /* @IndexedField(index=false, store=false) */
       optional PhoneType type = 2 [default = HOME];
    }
 
    /* @IndexedField(index=true, store=false) */
    repeated PhoneNumber phone = 4;
    
   /* @Indexed */
    message Address {
 
@@ -43,4 +49,3 @@ message Person {
       required string State = 3;
      
    }
 }
",362,,,
393,"@@ -1,9 +1,9 @@
 CREATE FOREIGN TABLE Address (
 	Address string NOT NULL OPTIONS (NAMEINSOURCE 'Address.Address', SEARCHABLE 'Searchable', NATIVE_TYPE 'java.lang.String'),
 	City string NOT NULL OPTIONS (NAMEINSOURCE 'Address.City', SEARCHABLE 'Searchable', NATIVE_TYPE 'java.lang.String'),
 	State string NOT NULL OPTIONS (NAMEINSOURCE 'Address.State', SEARCHABLE 'Searchable', NATIVE_TYPE 'java.lang.String'),
 	id integer NOT NULL OPTIONS (NAMEINSOURCE 'id', SELECTABLE FALSE, UPDATABLE FALSE, SEARCHABLE 'Searchable', NATIVE_TYPE 'int'),
 	CONSTRAINT FK_PERSON FOREIGN KEY(id) REFERENCES Person (id) OPTIONS (NAMEINSOURCE 'Address')
 ) OPTIONS (UPDATABLE TRUE);
 
 CREATE FOREIGN TABLE Person (
@@ -16,6 +16,6 @@ CREATE FOREIGN TABLE Person (
 CREATE FOREIGN TABLE PhoneNumber (
 	number string NOT NULL OPTIONS (NAMEINSOURCE 'phone.number', SEARCHABLE 'Searchable', NATIVE_TYPE 'java.lang.String'),
 	type string OPTIONS (NAMEINSOURCE 'phone.type', SEARCHABLE 'Unsearchable', NATIVE_TYPE 'java.lang.Enum'),
 	id integer NOT NULL OPTIONS (NAMEINSOURCE 'id', SELECTABLE FALSE, UPDATABLE FALSE, SEARCHABLE 'Searchable', NATIVE_TYPE 'int'),
 	CONSTRAINT FK_PERSON FOREIGN KEY(id) REFERENCES Person (id) OPTIONS (NAMEINSOURCE 'phones')
 ) OPTIONS (UPDATABLE TRUE);
\ No newline at end of file
",363,,,
394,"@@ -2,7 +2,7 @@ CREATE FOREIGN TABLE Address (
 	Address string NOT NULL OPTIONS (NAMEINSOURCE 'Address.Address', SEARCHABLE 'Searchable', NATIVE_TYPE 'java.lang.String'),
 	City string NOT NULL OPTIONS (NAMEINSOURCE 'Address.City', SEARCHABLE 'Searchable', NATIVE_TYPE 'java.lang.String'),
 	State string NOT NULL OPTIONS (NAMEINSOURCE 'Address.State', SEARCHABLE 'Searchable', NATIVE_TYPE 'java.lang.String'),
 	id integer NOT NULL OPTIONS (NAMEINSOURCE 'id', SELECTABLE FALSE, UPDATABLE FALSE, SEARCHABLE 'Searchable', NATIVE_TYPE 'int'),
 	CONSTRAINT FK_PERSON FOREIGN KEY(id) REFERENCES Person (id) OPTIONS (NAMEINSOURCE 'Address')
 ) OPTIONS (UPDATABLE TRUE);
 
@@ -16,6 +16,6 @@ CREATE FOREIGN TABLE Person (
 CREATE FOREIGN TABLE PhoneNumber (
 	number string NOT NULL OPTIONS (NAMEINSOURCE 'phone.number', SEARCHABLE 'Searchable', NATIVE_TYPE 'java.lang.String'),
 	type string OPTIONS (NAMEINSOURCE 'phone.type', SEARCHABLE 'Unsearchable', NATIVE_TYPE 'java.lang.Enum'),
 	id integer NOT NULL OPTIONS (NAMEINSOURCE 'id', SELECTABLE FALSE, UPDATABLE FALSE, SEARCHABLE 'Searchable', NATIVE_TYPE 'int'),
 	CONSTRAINT FK_PERSON FOREIGN KEY(id) REFERENCES Person (id) OPTIONS (NAMEINSOURCE 'phones')
 ) OPTIONS (UPDATABLE TRUE);
\ No newline at end of file
",364,,,
395,"@@ -44,7 +44,6 @@
 import org.teiid.logging.LogManager;
 import org.teiid.logging.MessageLevel;
 import org.teiid.metadata.ForeignKey;
 import org.teiid.query.eval.TeiidScriptEngine;
 import org.teiid.translator.DataNotAvailableException;
 import org.teiid.translator.ExecutionContext;
 import org.teiid.translator.ResultSetExecution;
",330,,,
396,"@@ -52,7 +52,6 @@
 import org.teiid.logging.LogManager;
 import org.teiid.metadata.Column;
 import org.teiid.metadata.ForeignKey;
 import org.teiid.query.eval.TeiidScriptEngine;
 import org.teiid.translator.DataNotAvailableException;
 import org.teiid.translator.ExecutionContext;
 import org.teiid.translator.TranslatorException;
@@ -69,7 +68,7 @@ public class ObjectUpdateExecution extends ObjectBaseExecution implements Update
 	private Command command;
 	private Class<?> clz =  null;
 	
 	private String tablename = null;
 
 	private int[] result;
 
@@ -474,11 +473,8 @@ private int handleUpdate(Update update, ObjectVisitor visitor, ClassRegistry cla
 		// if fk exist, its assumed its a container class
 		// don't want to use PK, cause it can exist on any table
 		ForeignKey fk = visitor.getForeignKey();
 				//getForeignKeyColumn(update.getTable());
 		if (fk == null) {
 			keyCol = visitor.getPrimaryKeyCol();
 					//getPrimaryKeyColumn(rootTable);
 
 		} 		
 
 		List<SetClause> updateList = update.getChanges();
",332,,,
397,"@@ -417,7 +417,7 @@ private void createRelationShip(MetadataFactory mf, Table childTable, Method par
 			List<String> referencedKeyColumns = new ArrayList<String>();
 			referencedKeyColumns.add(methodName);			
 			
     		addColumn(mf, pkMethod.getReturnType(), methodName, methodName, SearchType.Searchable, childTable,  false, NullType.No_Nulls, false);
     		addPrimaryKey(mf, pkMethod.getName(), childTable);
     		
     		ForeignKey fk = mf.addForiegnKey(fkName, keyColumns, referencedKeyColumns, rootTable.getName(), childTable);
",334,,,
398,"@@ -117,11 +117,7 @@ public static Method findMethod(Map<String, Method> mapMethods, String methodNam
 			methodName = StringUtil.getLastToken(methodName, ""."");
 		}
 
 		Method m = searchMethodMap(mapMethods, methodName);
 		if (m != null) return m;
 
 		return null;
 
 	}
 	
 	public static Method searchMethodMap(Map<String, Method> mapMethods, String methodName)  {
@@ -135,7 +131,13 @@ public static Method searchMethodMap(Map<String, Method> mapMethods, String meth
 			return m;
 		}
 		
 		return findMethod(mapMethods, getNameFromMethodName(methodName));
 	}
 	
 	/*
@@ -150,7 +152,7 @@ public static String getNameFromMethodName(String name) {
 			return name.substring(2);
 		}
 		// return null to indicate no name was found within the name
 		return """";
 	}
 
 }
",365,,,
399,"@@ -1,7 +1,7 @@
 CREATE FOREIGN TABLE MetaData (
 	content string OPTIONS (NAMEINSOURCE 'content', SEARCHABLE 'Unsearchable', NATIVE_TYPE 'java.lang.String'),
 	id integer OPTIONS (NAMEINSOURCE 'id', SEARCHABLE 'Unsearchable', NATIVE_TYPE 'int'),
 	tradeId long NOT NULL OPTIONS (NAMEINSOURCE 'tradeId', SELECTABLE FALSE, UPDATABLE FALSE, SEARCHABLE 'Searchable', NATIVE_TYPE 'long'),
 	CONSTRAINT PK_TRADEID PRIMARY KEY(tradeId),
 	CONSTRAINT FK_TRADE FOREIGN KEY(tradeId) REFERENCES Trade (tradeId) OPTIONS (NAMEINSOURCE 'MetaData')
 ) OPTIONS (UPDATABLE TRUE);
",366,,,
400,"@@ -1,7 +1,7 @@
 CREATE FOREIGN TABLE MetaData (
 	content string OPTIONS (NAMEINSOURCE 'content', SEARCHABLE 'Unsearchable', NATIVE_TYPE 'java.lang.String'),
 	id integer OPTIONS (NAMEINSOURCE 'id', SEARCHABLE 'Unsearchable', NATIVE_TYPE 'int'),
 	tradeId long NOT NULL OPTIONS (NAMEINSOURCE 'tradeId', SELECTABLE FALSE, UPDATABLE FALSE, SEARCHABLE 'Searchable', NATIVE_TYPE 'long'),
 	CONSTRAINT PK_TRADEID PRIMARY KEY(tradeId),
 	CONSTRAINT FK_TRADE FOREIGN KEY(tradeId) REFERENCES Trade (tradeId) OPTIONS (NAMEINSOURCE 'MetaData')
 ) OPTIONS (UPDATABLE TRUE);
",351,,,
403,"@@ -31,13 +31,15 @@
 import java.util.ArrayList;
 import java.util.Collections;
 import java.util.HashMap;
 import java.util.LinkedHashMap;
 import java.util.List;
 import java.util.Map;
 
 import javax.script.ScriptException;
 
 import org.teiid.core.util.LRUCache;
 import org.teiid.query.eval.TeiidScriptEngine;
 import org.teiid.translator.TranslatorException;
 
@@ -134,20 +136,23 @@ public Class<?> getRegisteredClassUsingTableName(String tableName) {
      * @throws Exception
      */
 	public static Object executeSetMethod(Method m, Object api, Object arg) throws Exception {
         
     	List<Object> args = new ArrayList<Object>(1);
     	args.add(arg);
     	try {
     		return m.invoke(api, args.toArray());
     	} catch (java.lang.IllegalArgumentException ia) {
     		String msg = ""Unable to execute method, invalid argument: (api) "" + api.getClass().getName() + "" (method) "" + m.getName() + "" (methodarg) "" +  m.getParameterTypes().toString() + "" (arg) "" + arg.getClass().getName(); 
     				//ObjectPlugin.Util.gs(ObjectPlugin.Event.TEIID21000, ""write"", ""table:"" + tableName);
     		throw new TranslatorException(msg);
     		
     	}
     } 
     
     private static Map<String, Method> getWriteMethodMap(Class<?> clazz) throws TranslatorException {
     	LinkedHashMap<String, Method> methodMap = new LinkedHashMap<String, Method>();
     	
 		try {
@@ -160,32 +165,24 @@ private static Map<String, Method> getWriteMethodMap(Class<?> clazz) throws Tran
 					if (pd.getWriteMethod() == null || pd instanceof IndexedPropertyDescriptor) {
 						continue;
 					}
 					String name = pd.getName();
 						Method m = pd.getWriteMethod();
 						methodMap.put(name, m);
 					if (name.startsWith(""set"")) {
 						
 						String nname = name.substring( 3 );
 						methodMap.put(nname.toLowerCase(), m);
 
 					}
 				}
 			}
 			MethodDescriptor[] mds = info.getMethodDescriptors();
 			if (pds != null) {
 				for (int j = 0; j < mds.length; j++) {
 					MethodDescriptor md = mds[j];
 					if (md.getMethod() == null || md.getMethod().getParameterTypes().length !=1 || (md.getMethod().getReturnType() != Void.class && md.getMethod().getReturnType() != void.class)) {
 						continue;
 					}
 					String name = md.getName();
 						Method m = md.getMethod();
 						methodMap.put(name, m);
 					if (name.startsWith(""set"")) {
 					
 						String nname = name.substring( 3 );
 						methodMap.put(nname.toLowerCase(), m);
 					}
 				}
 			}
 
@@ -195,6 +192,20 @@ private static Map<String, Method> getWriteMethodMap(Class<?> clazz) throws Tran
 		return methodMap;
 	}
     
     public void cleanUp() {
     	registeredClasses.clear();
     	tableNameClassMap.clear();
@@ -203,5 +214,18 @@ public void cleanUp() {
 
     }
 
 
 }
",342,,,
404,"@@ -55,6 +55,7 @@ public static enum Event implements BundleUtil.Event{
 		TEIID21013,
 		TEIID21014,
 		TEIID21015,
 		TEIID21301,
 		TEIID21302,
 		TEIID21303
",344,,,
405,"@@ -38,9 +38,19 @@
 import org.teiid.core.types.TransformationException;
 import org.teiid.core.util.PropertiesUtils;
 import org.teiid.core.util.StringUtil;
 import org.teiid.language.*;
 import org.teiid.logging.LogConstants;
 import org.teiid.logging.LogManager;
 import org.teiid.metadata.Column;
 import org.teiid.metadata.ForeignKey;
 import org.teiid.query.eval.TeiidScriptEngine;
@@ -90,8 +100,19 @@ public void execute() throws TranslatorException {
 
 		int index = 0;
 
 		result = new int[1];
 		this.result[index] = executeUpdate(command, classRegistry);
 	}
 
 	@Override
@@ -130,14 +151,14 @@ private int executeUpdate(Command command, ClassRegistry classRegistry ) throws
 	}
 	
 	private Class<?> getRegisteredClass(ClassRegistry classRegistry, ObjectVisitor visitor) throws TranslatorException {
 		String tname = visitor.getTable().getName();
 		if (tablename != null && tablename.equals(tname) ) {
 			return clz;
 		}
 		tablename = tname;
 		Class<?> clz = classRegistry.getRegisteredClassUsingTableName(tname);
 		if (clz == null) {
 			throw new TranslatorException(ObjectPlugin.Util.gs(ObjectPlugin.Event.TEIID21005, new Object[] {visitor.getTable().getName()}));
 		}
 		return clz;
 	}
@@ -151,9 +172,7 @@ private int handleInsert(Insert insert, ObjectVisitor visitor,  Class<?> clz, Ma
 			entity = clz.newInstance();
 		} catch (Exception e) {
 			throw new TranslatorException(e);
 		} 
 
 		NamedTable rootTable = visitor.getTable();
 
 		// first determine if the table to be inserted into has a foreign key relationship, which
 		// would then be considered a child table, otherwise it must have a primary key
@@ -168,7 +187,7 @@ private int handleInsert(Insert insert, ObjectVisitor visitor,  Class<?> clz, Ma
 		keyCol = visitor.getPrimaryKeyCol();
 		
 		if (keyCol == null) {
 			throw new TranslatorException(ObjectPlugin.Util.gs(ObjectPlugin.Event.TEIID21006, new Object[] {""insert"", rootTable.getName()}));
 		}
 
 		List<ColumnReference> columns = visitor.getInsert().getColumns();
@@ -224,7 +243,6 @@ private int handleInsertChildObject(ObjectVisitor visitor, Object newEntity, Map
 
 		ForeignKey fk = visitor.getForeignKey();
 
 		NamedTable rootTable = visitor.getTable();
 		String fkeyColNIS = visitor.getForeignKeyNameInSource();
 		
 		List<ColumnReference> columns = visitor.getInsert().getColumns();
@@ -267,7 +285,7 @@ private int handleInsertChildObject(ObjectVisitor visitor, Object newEntity, Map
 				//env.performKeySearch(fkeyColNIS, fkeyValue, connection, executionContext);
 
 		if (rootObject == null) {
 			throw new TranslatorException(ObjectPlugin.Util.gs(ObjectPlugin.Event.TEIID21015, new Object[] {fkeyValue, rootTable.getName()}));
 		}
 		Object childrenObjects = this.evaluate(rootObject, fk_nis, connection.getClassRegistry().getReadScriptEngine());
 			
@@ -283,7 +301,7 @@ private int handleInsertChildObject(ObjectVisitor visitor, Object newEntity, Map
 				writeColumnData(rootObject, fk_nis, c, rootwriteMethods);
 
 			} else if (Map.class.isAssignableFrom(childrenObjects.getClass())) {
 				throw new TranslatorException(ObjectPlugin.Util.gs(ObjectPlugin.Event.TEIID21008, new Object[] {rootTable.getName()}));
 
 			} else if (childrenObjects.getClass().isArray()) {
 				Object[] a = (Object[]) childrenObjects;
@@ -306,9 +324,7 @@ private int handleInsertChildObject(ObjectVisitor visitor, Object newEntity, Map
 
 	// Private method to actually do a delete operation. 
 	private int handleDelete(Delete delete, ObjectVisitor visitor) throws TranslatorException {
 		
 		NamedTable rootTable = visitor.getTable();
 		
 		// if this is the root class (no foreign key), then for each object, obtain
 		// the primary key value and use it to be removed from the cache
 
@@ -321,7 +337,7 @@ private int handleDelete(Delete delete, ObjectVisitor visitor) throws Translator
 		List<Object> toDelete = connection.getSearchType().performSearch(visitor, executionContext) ;
 				//env.search(visitor, connection, executionContext);
 		if (toDelete == null || toDelete.isEmpty()) {
 			LogManager.logWarning(LogConstants.CTX_CONNECTOR, ObjectPlugin.Util.gs(ObjectPlugin.Event.TEIID21013, new Object[] {rootTable.getName(), visitor.getWhereCriteria()}));
 			return 0;
 		}
 		int cnt = 0;
@@ -339,9 +355,9 @@ private int handleDelete(Delete delete, ObjectVisitor visitor) throws Translator
 				Object removed = connection.remove(v);
 				if (removed == null) {
 					if (connection.get(v) == null) {
 						LogManager.logWarning(LogConstants.CTX_CONNECTOR, ObjectPlugin.Util.gs(ObjectPlugin.Event.TEIID21013, new Object[] {rootTable.getName(), v}));
 					} 
 					throw new TranslatorException(ObjectPlugin.Util.gs(ObjectPlugin.Event.TEIID21012, new Object[] {rootTable.getName(), v}));
 						
 				}
 				++cnt;
@@ -422,8 +438,6 @@ private int handleDelete(Delete delete, ObjectVisitor visitor) throws Translator
 
 	// Private method to actually do an update operation. 
 	private int handleUpdate(Update update, ObjectVisitor visitor, ClassRegistry classRegistry, Map<String, Method> writeMethods) throws TranslatorException {
 		NamedTable rootTable = visitor.getTable();
 		
 		// Find all the objects that meet the criteria for updating
 		List<Object> toUpdate = connection.getSearchType().performSearch(visitor, executionContext) ;
 				//env.search(visitor, connection, executionContext);
@@ -458,7 +472,7 @@ private int handleUpdate(Update update, ObjectVisitor visitor, ClassRegistry cla
 					Object value = sc.getValue();
 					
 					if ( keyCol.getName().equals(column.getName()) ) {
 						throw new TranslatorException(ObjectPlugin.Util.gs(ObjectPlugin.Event.TEIID21009, new Object[] {keyCol.getName(),rootTable.getName()}));						
 					}
 					
 					if (value instanceof Literal) {
@@ -533,6 +547,17 @@ private void writeColumnData(Object entity, String nameInSource, Object value, M
 
 			Method m = writeMethods.get(nameInSource);
 			if (m == null) {
 				throw new TranslatorException(ObjectPlugin.Util.gs(ObjectPlugin.Event.TEIID21010, new Object[] {entity.getClass().getSimpleName(), nameInSource}));
 
 			}
",332,,,
406,"@@ -24,6 +24,7 @@
 import java.util.ArrayList;
 import java.util.List;
 
 import org.teiid.language.AndOr;
 import org.teiid.language.BaseLanguageObject;
 import org.teiid.language.ColumnReference;
@@ -64,6 +65,7 @@ public class ObjectVisitor extends HierarchyVisitor {
 
 	
 	private NamedTable table;
 	
 	// will be non-null only when a child table is being processed
 	private String rootTableName = null;
@@ -106,9 +108,20 @@ public List<TranslatorException> getExceptions() {
 	public void addException(TranslatorException e) {
 		exceptions.add(e);
 	}
 
 	public NamedTable getTable() {
 		return table;
 	}
 	
 	/**
@@ -157,7 +170,7 @@ public void visit(DerivedColumn obj) {
 	@Override
 	public void visit(NamedTable obj) {
 		super.visit(obj);
 		this.table = obj;
 		
 			if (obj.getMetadataObject().getPrimaryKey() != null) {
 				this.pkkeyCol = table.getMetadataObject().getPrimaryKey()
",60,,,
407,"@@ -33,13 +33,14 @@ TEIID21006=Unable to perform {0}, no Primary or Foreign Key defined for table {1
 TEIID21007=Unable to insert duplicate into table {0} with key value {1}
 TEIID21008=Table {0} has defined a container class of type Maps, which is not currently supported
 TEIID21009=Updating primary key column {0} in table {1} is not supported, use delete and insert.
 TEIID21010=Did not find a corresponding write method on entity {0} with NameInSource {1}
 TEIID21011=Updates are disabled, no Primary key defined for cache {0} 
 
 TEIID21012=Processing error: Unable to delete the object in table {0} with key {1}
 TEIID21013=ObjectUpdateExecution: Warning - The object does not exist when trying to delete from table {0} with key {1}
 TEIID21014=ObjectUpdateException: Delete ALL is not supported, must pass in criteria for what is to be deleted
 TEIID21015=Unable to insert child object, root object key {0} from table {1} couldn't be found
 
 
 TEIID21301=Materialization Life Cycle Issue: invalid arguments on native query ""{0}"", should use format: ""{1}"" 
",345,,,
408,"@@ -84,6 +84,30 @@ public void testInsertRootClass() throws Exception {
 	
 	}
 	
 	@Test
 	public void testInsertChildClass() throws Exception {
 		CONNECTION = TradesCacheSource.createConnection();
@@ -100,7 +124,7 @@ private void insertChildClass() throws Exception {
 		assertNotNull(CONNECTION.get((new Long(2).longValue())));
 
 		Command command = translationUtility
 				.parseCommand(""Insert into Leg (tradeID, notational, Name) VALUES (2, 3.456, 'legName 2a')"");
 
 		// no search required by the UpdateExecution logic
 		@SuppressWarnings(""unchecked"")
@@ -128,7 +152,7 @@ public void testUpdateRootClass() throws Exception {
 		assertNotNull(o);
 		
 		Command command = translationUtility
 				.parseCommand(""Update Trade  SET TradeName='Person 2 Changed', settled='true' WHERE TradeId=2"");
 
 		// no search required by the UpdateExecution logic
 		List<Object> rows = new ArrayList<Object>();
@@ -153,7 +177,7 @@ public void testDeleteRootByKey() throws Exception {
 		assertNotNull(o);
 
 		Command command = translationUtility
 				.parseCommand(""Delete From Trade Where tradeId = 1"");
 
 		List<Object> rows = new ArrayList<Object>();
 		rows.add(o);
",346,,,
409,"@@ -22,6 +22,7 @@
 package org.teiid.translator.object;
 
 import org.junit.Before;
 import org.teiid.language.Select;
 import org.teiid.translator.ExecutionContext;
 import org.teiid.translator.TranslatorException;
@@ -54,4 +55,10 @@ protected ObjectExecution createExecution(Select command) throws TranslatorExcep
 	}
 	
 
 }
",67,,,
410,"@@ -0,0 +1,581 @@
",348,,,
411,"@@ -1,13 +1,14 @@
 <?xml version=""1.0"" encoding=""ASCII""?>
 <xmi:XMI xmi:version=""2.0"" xmlns:xmi=""http://www.omg.org/XMI"" xmlns:diagram=""http://www.metamatrix.com/metamodels/Diagram"" xmlns:jdbc=""http://www.metamatrix.com/metamodels/JDBC"" xmlns:mmcore=""http://www.metamatrix.com/metamodels/Core"" xmlns:relational=""http://www.metamatrix.com/metamodels/Relational"">
   <mmcore:ModelAnnotation xmi:uuid=""mmuuid:abbd65a2-2896-4819-9428-fa8ba13a1b71"" primaryMetamodelUri=""http://www.metamatrix.com/metamodels/Relational"" modelType=""PHYSICAL"" ProducerName=""Teiid Designer"" ProducerVersion=""9.1.0.Beta2-v20150624-2132-B3933"">
     <modelImports xmi:uuid=""mmuuid:7c40d324-5eca-472f-a7a8-c20b01f5d848"" name=""SimpleDatatypes-instance"" modelLocation=""http://www.metamatrix.com/metamodels/SimpleDatatypes-instance"" modelType=""TYPE"" primaryMetamodelUri=""http://www.eclipse.org/xsd/2002/XSD""/>
     <modelImports xmi:uuid=""mmuuid:4414223d-d6b6-4300-87ce-4316eeb5ddcb"" name=""XMLSchema"" modelLocation=""http://www.w3.org/2001/XMLSchema"" modelType=""TYPE"" primaryMetamodelUri=""http://www.eclipse.org/xsd/2002/XSD""/>
   </mmcore:ModelAnnotation>
   <diagram:DiagramContainer xmi:uuid=""mmuuid:060329df-f071-436c-91d8-8de84f4a38b3"">
     <diagram xmi:uuid=""mmuuid:0d512295-f6e7-418d-8409-f7e689137c68"" type=""packageDiagramType"" target=""mmuuid/abbd65a2-2896-4819-9428-fa8ba13a1b71"">
       <diagramEntity xmi:uuid=""mmuuid:b81484fc-8676-4c01-a0fb-8c82fdc3744d"" name=""Trade"" modelObject=""mmuuid/e4662c1d-443f-45a8-8623-8a4876ea7539"" xPosition=""20"" yPosition=""20""/>
       <diagramEntity xmi:uuid=""mmuuid:232a8473-80d4-495b-900e-415be34eef35"" name=""Leg"" modelObject=""mmuuid/e1093478-579b-4a84-ad31-8c2a0bdce936"" xPosition=""204"" yPosition=""163""/>
     </diagram>
   </diagram:DiagramContainer>
   <mmcore:AnnotationContainer xmi:uuid=""mmuuid:146acc5c-ec00-4c47-b40f-bcde7a260d72"">
@@ -319,8 +320,8 @@
     </importSettings>
   </jdbc:JdbcSource>
   <relational:BaseTable xmi:uuid=""mmuuid:e4662c1d-443f-45a8-8623-8a4876ea7539"" name=""Trade"" nameInSource=""Trades"">
     <columns xmi:uuid=""mmuuid:73b0ec15-2abe-4f72-b25e-b9113b528b41"" name=""TradeObject"" nameInSource=""this"" nativeType="""" length=""4000"" nullable=""NULLABLE_UNKNOWN"" caseSensitive=""false"" searchability=""UNSEARCHABLE"" radix=""0"" signed=""false"" distinctValueCount=""0"" nullValueCount=""0"">
       <type href=""http://www.metamatrix.com/metamodels/SimpleDatatypes-instance#XMLLiteral""/>
     </columns>
     <columns xmi:uuid=""mmuuid:7ad19ea9-1751-49e0-89c7-e759dd50ff46"" name=""TradeID"" nameInSource=""tradeId"" nativeType=""long"" uniqueKeys=""mmuuid/6bee1ce8-0ac1-4ee0-a0a8-d200e2936b86"">
       <type href=""http://www.w3.org/2001/XMLSchema#long""/>
@@ -351,4 +352,25 @@
     </columns>
     <foreignKeys xmi:uuid=""mmuuid:bcc9abfb-bfc4-4102-9505-66f1667e5efd"" name=""FK_TradeId"" nameInSource=""legs"" columns=""mmuuid/3b7be33a-2e50-4c79-9cdc-13d7b166a2d2"" uniqueKey=""mmuuid/6bee1ce8-0ac1-4ee0-a0a8-d200e2936b86""/>
   </relational:BaseTable>
 </xmi:XMI>
",349,,,
415,"@@ -62,8 +62,8 @@ public ModeShapeExecutionFactory() {
     public void start() throws TranslatorException {
         super.start();
         
 		registerFunctionModifier(SourceSystemFunctions.UCASE, new AliasModifier(""UpperCase"")); //$NON-NLS-1$
 		registerFunctionModifier(SourceSystemFunctions.LCASE,new AliasModifier(""LowerCase"")); //$NON-NLS-1$
         
 		registerFunctionModifier(JCR_ISCHILDNODE, new IdentifierFunctionModifier()); 
 		registerFunctionModifier(JCR_ISDESCENDANTNODE, new IdentifierFunctionModifier()); 
",369,,,
416,"@@ -746,7 +746,9 @@ public void visit(Like obj) {
     		public void visit(WithItem obj) {
     			if (obj.getColumns() != null) {
     				List<ColumnReference> cols = obj.getColumns();
     				obj.setColumns(null);
     				Select select = obj.getSubquery().getProjectedQuery();
     				List<DerivedColumn> selectClause = select.getDerivedColumns();
     				for (int i = 0; i < cols.size(); i++) {
",37,,,
417,"@@ -1089,6 +1089,14 @@ public void helpTestVisitor(String vdb, String input, String expectedOutput) thr
                 TRANSLATOR);
     }
     
     @Test public void testVersionedCapabilities() throws Exception {
     	OracleExecutionFactory oef = new OracleExecutionFactory();
     	oef.setDatabaseVersion(""10.0"");
",41,,,
423,"@@ -105,6 +105,33 @@ public void testExecutionNoDataNumberXLSX() throws Exception {
     	assertEquals(""[[1, FirstName, LastName, Age], [2, John, Doe, null], [3, Jane, Smith, 40.0], [4, Matt, Liek, 13.0], [5, Sarah, Byne, 10.0], [6, Rocky, Dog, 3.0]]"", results.toString());
 	}	
 	
 	@Test
 	public void testExecutionWithDataNumberXLS() throws Exception {
 		String ddl = ""CREATE FOREIGN TABLE Sheet1 (\n"" + 
",375,,,
424,"@@ -215,7 +215,6 @@ private Row nextRow() {
      */
     List<Object> projectRow(Row row) throws TranslatorException {
         ArrayList output = new ArrayList();
         boolean allNulls = true;
         
         int id = row.getRowNum()+1;
         
@@ -234,7 +233,6 @@ List<Object> projectRow(Row row) throws TranslatorException {
         		output.add(null);
         		continue;
         	}
         	allNulls = false;
         	switch (this.evaluator.evaluateInCell(cell).getCellType()) {
                 case Cell.CELL_TYPE_NUMERIC:
                     output.add(convertFromExcelType(cell.getNumericCellValue(), cell, this.expectedColumnTypes[i]));
@@ -256,10 +254,6 @@ List<Object> projectRow(Row row) throws TranslatorException {
             }   
         }
         
         if (allNulls) {
         	return null;
         }
         
         return output;    
     }
 
",376,,,
425,"@@ -8,10 +8,10 @@ batch
 deploy scripts/database-service.jar
 
 /subsystem=logging/custom-handler=TEIID_JPA_LOG:add(class=org.teiid.logger.DatabaseAppender, module=org.jboss.teiid.extensions, level=DEBUG)
 /subsystem=logging/async-handler=COMMAND_LOG:add(level=DEBUG, queue-length=50, overflow-action=BLOCK, subhandlers=[handle=TEIID_JPA_LOG], enabled=true)
 /subsystem=logging/async-handler=AUDIT_LOG:add(level=DEBUG, queue-length=50, overflow-action=BLOCK, subhandlers=[handle=TEIID_JPA_LOG], enabled=true)
 
 /subsystem=logging/logger=org.teiid.COMMAND_LOG:add(level=DEBUG, handlers=[handler=COMMAND_LOG])
 /subsystem=logging/logger=org.teiid.AUDIT_LOG:add(level=DEBUG, handlers=[handler=AUDIT_LOG])
 
 run-batch
\ No newline at end of file
",377,,,
426,"@@ -49,11 +49,6 @@
             <artifactId>teiid-common-core</artifactId>
             <scope>provided</scope>
         </dependency>
 		<dependency>
 			<groupId>org.jboss.teiid</groupId>
 			<artifactId>teiid-client</artifactId>
 			<scope>provided</scope>
 		</dependency>
 		<dependency>
 			<groupId>org.jboss.teiid</groupId>
 			<artifactId>teiid-client</artifactId>
",378,,,
448,"@@ -22,18 +22,37 @@
 
 package org.teiid.adminshell;
 
 import java.util.List;
 
 import org.codehaus.groovy.tools.shell.CommandSupport;
 import org.codehaus.groovy.tools.shell.Shell;
 
 public class AdminHelpCommand extends CommandSupport {
 
 	protected AdminHelpCommand(Shell shell) {
 		super(shell, ""adminhelp"", ""\\ah"");  //$NON-NLS-1$ //$NON-NLS-2$
 		
 		//hook to introduce default imports
 		shell.execute(GroovyAdminConsole.IMPORTS);
 	}
 
 	@Override
",391,,,
449,"@@ -25,11 +25,11 @@
 import java.util.List;
 
 import org.codehaus.groovy.tools.shell.CommandSupport;
 import org.codehaus.groovy.tools.shell.Shell;
 
 public class SqlHelpCommand extends CommandSupport {
 
 	protected SqlHelpCommand(Shell shell) {
 		super(shell, ""sqlhelp"", ""\\sh"");  //$NON-NLS-1$ //$NON-NLS-2$
 	}
 
",392,,,
450,"@@ -23,6 +23,9 @@
 	    
 	    <jbossas-module-root>modules/system/layers/dv</jbossas-module-root>
     
 	    <!-- commenting out to use jboss bom versions -->
         <!--version.org.jboss.resteasy>2.3.6.Final</version.org.jboss.resteasy   2.3.7.Final -->
         <!--version.org.hibernate>4.2.10.Final</version.org.hibernate    4.2.12.Final -->
@@ -82,7 +85,6 @@
         <version.xom>1.2.7.redhat-4</version.xom>
         <version.dom4j>1.6.1.redhat-6</version.dom4j>
         
         <!-- NOTE using the CR8 bom version will cause the commons-integration-tests to fail -->
         <version.com.h2database>1.3.152</version.com.h2database>
                 
         <!-- integration stack bom propererties -->
@@ -1177,10 +1179,15 @@
             	<artifactId>jansi</artifactId>
             	<version>1.2.1</version>
         	</dependency>
 			<dependency>
 				<groupId>jline</groupId>
 				<artifactId>jline</artifactId>
 				<version>0.9.94</version>
 				<exclusions>
 					<exclusion>
 						<groupId>junit</groupId>
",235,,,
451,"@@ -55,7 +55,7 @@ public class JDBCMetdataProcessor {
 	/**
 	 * A holder for table records that keeps track of catalog and schema information.
 	 */
 	static class TableInfo {
 		private String catalog;
 		private String schema;
 		private String name;
@@ -137,7 +137,7 @@ public void getConnectorMetadata(Connection conn, MetadataFactory metadataFactor
 		
 	}
 
 	private void getProcedures(MetadataFactory metadataFactory,
 			DatabaseMetaData metadata) throws SQLException {
 		LogManager.logDetail(LogConstants.CTX_CONNECTOR, ""JDBCMetadataProcessor - Importing procedures""); //$NON-NLS-1$
 		ResultSet procedures = metadata.getProcedures(catalog, schemaPattern, procedureNamePattern);
@@ -220,7 +220,7 @@ private int checkForUnsigned(int sqlType, String typeName) {
 		return sqlType;
 	}
 	
 	private Map<String, TableInfo> getTables(MetadataFactory metadataFactory,
 			DatabaseMetaData metadata) throws SQLException {
 		LogManager.logDetail(LogConstants.CTX_CONNECTOR, ""JDBCMetadataProcessor - Importing tables""); //$NON-NLS-1$
 		ResultSet tables = metadata.getTables(catalog, schemaPattern, tableNamePattern, tableTypes);
@@ -347,7 +347,7 @@ protected Column addColumn(ResultSet columns, Table table, MetadataFactory metad
 		column.setLength(columnSize);
 		column.setNativeType(typeName);
 		column.setRadix(columns.getInt(10));
 		column.setNullType(NullType.values()[columns.getShort(11)]);
 		column.setUpdatable(true);
 		String remarks = columns.getString(12);
 		column.setAnnotation(remarks);
@@ -393,7 +393,7 @@ protected String quoteName(String name) {
 		return name;
 	}
 
 	private void getPrimaryKeys(MetadataFactory metadataFactory,
 			DatabaseMetaData metadata, Collection<TableInfo> tables)
 			throws SQLException {
 		LogManager.logDetail(LogConstants.CTX_CONNECTOR, ""JDBCMetadataProcessor - Importing primary keys""); //$NON-NLS-1$
@@ -422,7 +422,7 @@ private void getPrimaryKeys(MetadataFactory metadataFactory,
 		}
 	}
 	
 	private void getForeignKeys(MetadataFactory metadataFactory,
 			DatabaseMetaData metadata, Collection<TableInfo> tables, Map<String, TableInfo> tableMap) throws SQLException {
 		LogManager.logDetail(LogConstants.CTX_CONNECTOR, ""JDBCMetadataProcessor - Importing foreign keys""); //$NON-NLS-1$
 		for (TableInfo tableInfo : tables) {
@@ -516,7 +516,7 @@ private boolean keyMatches(List<String> names, KeyRecord record) {
 		return true;
 	}	
 
 	void getIndexes(MetadataFactory metadataFactory,
 			DatabaseMetaData metadata, Collection<TableInfo> tables, boolean uniqueOnly) throws SQLException {
 		LogManager.logDetail(LogConstants.CTX_CONNECTOR, ""JDBCMetadataProcessor - Importing index info""); //$NON-NLS-1$
 		for (TableInfo tableInfo : tables) {
@@ -583,6 +583,11 @@ protected String getFullyQualifiedName(String catalogName, String schemaName, St
 	public void setTableNamePattern(String tableNamePattern) {
 		this.tableNamePattern = tableNamePattern;
 	}
 
 	public void setTableTypes(String[] tableTypes) {
 		this.tableTypes = tableTypes;
@@ -612,10 +617,18 @@ public void setImportApproximateIndexes(boolean importApproximateIndexes) {
 		this.importApproximateIndexes = importApproximateIndexes;
 	}
 
 	public void setWidenUnsingedTypes(boolean widenUnsingedTypes) {
 		this.widenUnsingedTypes = widenUnsingedTypes;
 	}
 	
 	public void setQuoteNameInSource(boolean quoteIdentifiers) {
 		this.quoteNameInSource = quoteIdentifiers;
 	}
",4,,,
452,"@@ -56,5 +56,6 @@ public static enum Event implements BundleUtil.Event{
 		TEIID11018,
 		TEIID11020, 
 		TEIID11021,
 	}
 }
",393,,,
453,"@@ -22,7 +22,8 @@
 
 package org.teiid.translator.jdbc.modeshape;
 
 import static org.teiid.translator.TypeFacility.RUNTIME_NAMES.*;
 
 import java.sql.Date;
 import java.sql.Time;
@@ -46,6 +47,7 @@
 import org.teiid.translator.TypeFacility;
 import org.teiid.translator.jdbc.AliasModifier;
 import org.teiid.translator.jdbc.JDBCExecutionFactory;
 /** 
  * Translator class for accessing the ModeShape JCR repository.  
  */
@@ -251,5 +253,9 @@ public boolean supportsIntersect() {
     public boolean supportsSetQueryOrderBy() {
     	return false;
     }
         
 }
",369,,,
454,"@@ -0,0 +1,188 @@
",394,,,
455,"@@ -33,4 +33,5 @@ TEIID11017=Invalid name in source sequence format.  Expected <element name> {0}
 TEIID11018=Connection is null; Datasource may not have been defined. Requires a active connection to retrieve the metadata.
 TEIID11019=For direct JDBC execution of command ""{0}"", not any/all parameters are supplied for the prepared jdbc call.
 TEIID11020=no alias found on {0}. When native query is being used, then alias name must be defined for table in the query.
 TEIID11021=widenUnsignedTypes is enabled (the default).  However the client does not support getTypeInfo - and thus Teiid cannot determine which types are unsigned.
\ No newline at end of file
\ No newline at end of file
",395,,,
456,"@@ -0,0 +1,104 @@
",396,,,
457,"@@ -14,6 +14,7 @@
         <module name=""javax.resource.api""/>
         <module name=""org.jboss.teiid.common-core"" />
         <module name=""org.jboss.teiid.api"" />
         <module name=""org.apache.accumulo"" />
         <module name=""org.apache.hadoop.core"" />
     </dependencies>
",397,,,
458,"@@ -31,13 +31,15 @@
 import java.util.ArrayList;
 import java.util.Collections;
 import java.util.HashMap;
 import java.util.LinkedHashMap;
 import java.util.List;
 import java.util.Map;
 
 import javax.script.ScriptException;
 
 import org.teiid.core.util.LRUCache;
 import org.teiid.query.eval.TeiidScriptEngine;
 import org.teiid.translator.TranslatorException;
 
@@ -134,20 +136,23 @@ public Class<?> getRegisteredClassUsingTableName(String tableName) {
      * @throws Exception
      */
 	public static Object executeSetMethod(Method m, Object api, Object arg) throws Exception {
         
     	List<Object> args = new ArrayList<Object>(1);
     	args.add(arg);
     	try {
     		return m.invoke(api, args.toArray());
     	} catch (java.lang.IllegalArgumentException ia) {
     		String msg = ""Unable to execute method, invalid argument: (api) "" + api.getClass().getName() + "" (method) "" + m.getName() + "" (methodarg) "" +  m.getParameterTypes().toString() + "" (arg) "" + arg.getClass().getName(); 
     				//ObjectPlugin.Util.gs(ObjectPlugin.Event.TEIID21000, ""write"", ""table:"" + tableName);
     		throw new TranslatorException(msg);
     		
     	}
     } 
     
     private static Map<String, Method> getWriteMethodMap(Class<?> clazz) throws TranslatorException {
     	LinkedHashMap<String, Method> methodMap = new LinkedHashMap<String, Method>();
     	
 		try {
@@ -160,32 +165,24 @@ private static Map<String, Method> getWriteMethodMap(Class<?> clazz) throws Tran
 					if (pd.getWriteMethod() == null || pd instanceof IndexedPropertyDescriptor) {
 						continue;
 					}
 					String name = pd.getName();
 						Method m = pd.getWriteMethod();
 						methodMap.put(name, m);
 					if (name.startsWith(""set"")) {
 						
 						String nname = name.substring( 3 );
 						methodMap.put(nname.toLowerCase(), m);
 
 					}
 				}
 			}
 			MethodDescriptor[] mds = info.getMethodDescriptors();
 			if (pds != null) {
 				for (int j = 0; j < mds.length; j++) {
 					MethodDescriptor md = mds[j];
 					if (md.getMethod() == null || md.getMethod().getParameterTypes().length !=1 || (md.getMethod().getReturnType() != Void.class && md.getMethod().getReturnType() != void.class)) {
 						continue;
 					}
 					String name = md.getName();
 						Method m = md.getMethod();
 						methodMap.put(name, m);
 					if (name.startsWith(""set"")) {
 					
 						String nname = name.substring( 3 );
 						methodMap.put(nname.toLowerCase(), m);
 					}
 				}
 			}
 
@@ -195,6 +192,20 @@ private static Map<String, Method> getWriteMethodMap(Class<?> clazz) throws Tran
 		return methodMap;
 	}
     
     public void cleanUp() {
     	registeredClasses.clear();
     	tableNameClassMap.clear();
@@ -203,5 +214,18 @@ public void cleanUp() {
 
     }
 
 
 }
",342,,,
459,"@@ -55,6 +55,7 @@ public static enum Event implements BundleUtil.Event{
 		TEIID21013,
 		TEIID21014,
 		TEIID21015,
 		TEIID21301,
 		TEIID21302,
 		TEIID21303
",344,,,
460,"@@ -38,9 +38,19 @@
 import org.teiid.core.types.TransformationException;
 import org.teiid.core.util.PropertiesUtils;
 import org.teiid.core.util.StringUtil;
 import org.teiid.language.*;
 import org.teiid.logging.LogConstants;
 import org.teiid.logging.LogManager;
 import org.teiid.metadata.Column;
 import org.teiid.metadata.ForeignKey;
 import org.teiid.query.eval.TeiidScriptEngine;
@@ -90,8 +100,19 @@ public void execute() throws TranslatorException {
 
 		int index = 0;
 
 		result = new int[1];
 		this.result[index] = executeUpdate(command, classRegistry);
 	}
 
 	@Override
@@ -130,14 +151,14 @@ private int executeUpdate(Command command, ClassRegistry classRegistry ) throws
 	}
 	
 	private Class<?> getRegisteredClass(ClassRegistry classRegistry, ObjectVisitor visitor) throws TranslatorException {
 		String tname = visitor.getTable().getName();
 		if (tablename != null && tablename.equals(tname) ) {
 			return clz;
 		}
 		tablename = tname;
 		Class<?> clz = classRegistry.getRegisteredClassUsingTableName(tname);
 		if (clz == null) {
 			throw new TranslatorException(ObjectPlugin.Util.gs(ObjectPlugin.Event.TEIID21005, new Object[] {visitor.getTable().getName()}));
 		}
 		return clz;
 	}
@@ -151,9 +172,7 @@ private int handleInsert(Insert insert, ObjectVisitor visitor,  Class<?> clz, Ma
 			entity = clz.newInstance();
 		} catch (Exception e) {
 			throw new TranslatorException(e);
 		} 
 
 		NamedTable rootTable = visitor.getTable();
 
 		// first determine if the table to be inserted into has a foreign key relationship, which
 		// would then be considered a child table, otherwise it must have a primary key
@@ -168,7 +187,7 @@ private int handleInsert(Insert insert, ObjectVisitor visitor,  Class<?> clz, Ma
 		keyCol = visitor.getPrimaryKeyCol();
 		
 		if (keyCol == null) {
 			throw new TranslatorException(ObjectPlugin.Util.gs(ObjectPlugin.Event.TEIID21006, new Object[] {""insert"", rootTable.getName()}));
 		}
 
 		List<ColumnReference> columns = visitor.getInsert().getColumns();
@@ -224,7 +243,6 @@ private int handleInsertChildObject(ObjectVisitor visitor, Object newEntity, Map
 
 		ForeignKey fk = visitor.getForeignKey();
 
 		NamedTable rootTable = visitor.getTable();
 		String fkeyColNIS = visitor.getForeignKeyNameInSource();
 		
 		List<ColumnReference> columns = visitor.getInsert().getColumns();
@@ -267,7 +285,7 @@ private int handleInsertChildObject(ObjectVisitor visitor, Object newEntity, Map
 				//env.performKeySearch(fkeyColNIS, fkeyValue, connection, executionContext);
 
 		if (rootObject == null) {
 			throw new TranslatorException(ObjectPlugin.Util.gs(ObjectPlugin.Event.TEIID21015, new Object[] {fkeyValue, rootTable.getName()}));
 		}
 		Object childrenObjects = this.evaluate(rootObject, fk_nis, connection.getClassRegistry().getReadScriptEngine());
 			
@@ -283,7 +301,7 @@ private int handleInsertChildObject(ObjectVisitor visitor, Object newEntity, Map
 				writeColumnData(rootObject, fk_nis, c, rootwriteMethods);
 
 			} else if (Map.class.isAssignableFrom(childrenObjects.getClass())) {
 				throw new TranslatorException(ObjectPlugin.Util.gs(ObjectPlugin.Event.TEIID21008, new Object[] {rootTable.getName()}));
 
 			} else if (childrenObjects.getClass().isArray()) {
 				Object[] a = (Object[]) childrenObjects;
@@ -306,9 +324,7 @@ private int handleInsertChildObject(ObjectVisitor visitor, Object newEntity, Map
 
 	// Private method to actually do a delete operation. 
 	private int handleDelete(Delete delete, ObjectVisitor visitor) throws TranslatorException {
 		
 		NamedTable rootTable = visitor.getTable();
 		
 		// if this is the root class (no foreign key), then for each object, obtain
 		// the primary key value and use it to be removed from the cache
 
@@ -321,7 +337,7 @@ private int handleDelete(Delete delete, ObjectVisitor visitor) throws Translator
 		List<Object> toDelete = connection.getSearchType().performSearch(visitor, executionContext) ;
 				//env.search(visitor, connection, executionContext);
 		if (toDelete == null || toDelete.isEmpty()) {
 			LogManager.logWarning(LogConstants.CTX_CONNECTOR, ObjectPlugin.Util.gs(ObjectPlugin.Event.TEIID21013, new Object[] {rootTable.getName(), visitor.getWhereCriteria()}));
 			return 0;
 		}
 		int cnt = 0;
@@ -339,9 +355,9 @@ private int handleDelete(Delete delete, ObjectVisitor visitor) throws Translator
 				Object removed = connection.remove(v);
 				if (removed == null) {
 					if (connection.get(v) == null) {
 						LogManager.logWarning(LogConstants.CTX_CONNECTOR, ObjectPlugin.Util.gs(ObjectPlugin.Event.TEIID21013, new Object[] {rootTable.getName(), v}));
 					} 
 					throw new TranslatorException(ObjectPlugin.Util.gs(ObjectPlugin.Event.TEIID21012, new Object[] {rootTable.getName(), v}));
 						
 				}
 				++cnt;
@@ -422,8 +438,6 @@ private int handleDelete(Delete delete, ObjectVisitor visitor) throws Translator
 
 	// Private method to actually do an update operation. 
 	private int handleUpdate(Update update, ObjectVisitor visitor, ClassRegistry classRegistry, Map<String, Method> writeMethods) throws TranslatorException {
 		NamedTable rootTable = visitor.getTable();
 		
 		// Find all the objects that meet the criteria for updating
 		List<Object> toUpdate = connection.getSearchType().performSearch(visitor, executionContext) ;
 				//env.search(visitor, connection, executionContext);
@@ -458,7 +472,7 @@ private int handleUpdate(Update update, ObjectVisitor visitor, ClassRegistry cla
 					Object value = sc.getValue();
 					
 					if ( keyCol.getName().equals(column.getName()) ) {
 						throw new TranslatorException(ObjectPlugin.Util.gs(ObjectPlugin.Event.TEIID21009, new Object[] {keyCol.getName(),rootTable.getName()}));						
 					}
 					
 					if (value instanceof Literal) {
@@ -533,6 +547,17 @@ private void writeColumnData(Object entity, String nameInSource, Object value, M
 
 			Method m = writeMethods.get(nameInSource);
 			if (m == null) {
 				throw new TranslatorException(ObjectPlugin.Util.gs(ObjectPlugin.Event.TEIID21010, new Object[] {entity.getClass().getSimpleName(), nameInSource}));
 
 			}
",332,,,
461,"@@ -24,6 +24,7 @@
 import java.util.ArrayList;
 import java.util.List;
 
 import org.teiid.language.AndOr;
 import org.teiid.language.BaseLanguageObject;
 import org.teiid.language.ColumnReference;
@@ -64,6 +65,7 @@ public class ObjectVisitor extends HierarchyVisitor {
 
 	
 	private NamedTable table;
 	
 	// will be non-null only when a child table is being processed
 	private String rootTableName = null;
@@ -106,9 +108,20 @@ public List<TranslatorException> getExceptions() {
 	public void addException(TranslatorException e) {
 		exceptions.add(e);
 	}
 
 	public NamedTable getTable() {
 		return table;
 	}
 	
 	/**
@@ -157,7 +170,7 @@ public void visit(DerivedColumn obj) {
 	@Override
 	public void visit(NamedTable obj) {
 		super.visit(obj);
 		this.table = obj;
 		
 			if (obj.getMetadataObject().getPrimaryKey() != null) {
 				this.pkkeyCol = table.getMetadataObject().getPrimaryKey()
",60,,,
462,"@@ -33,13 +33,14 @@ TEIID21006=Unable to perform {0}, no Primary or Foreign Key defined for table {1
 TEIID21007=Unable to insert duplicate into table {0} with key value {1}
 TEIID21008=Table {0} has defined a container class of type Maps, which is not currently supported
 TEIID21009=Updating primary key column {0} in table {1} is not supported, use delete and insert.
 TEIID21010=Did not find a corresponding write method on entity {0} with NameInSource {1}
 TEIID21011=Updates are disabled, no Primary key defined for cache {0} 
 
 TEIID21012=Processing error: Unable to delete the object in table {0} with key {1}
 TEIID21013=ObjectUpdateExecution: Warning - The object does not exist when trying to delete from table {0} with key {1}
 TEIID21014=ObjectUpdateException: Delete ALL is not supported, must pass in criteria for what is to be deleted
 TEIID21015=Unable to insert child object, root object key {0} from table {1} couldn't be found
 
 
 TEIID21301=Materialization Life Cycle Issue: invalid arguments on native query ""{0}"", should use format: ""{1}"" 
",345,,,
463,"@@ -84,6 +84,30 @@ public void testInsertRootClass() throws Exception {
 	
 	}
 	
 	@Test
 	public void testInsertChildClass() throws Exception {
 		CONNECTION = TradesCacheSource.createConnection();
@@ -100,7 +124,7 @@ private void insertChildClass() throws Exception {
 		assertNotNull(CONNECTION.get((new Long(2).longValue())));
 
 		Command command = translationUtility
 				.parseCommand(""Insert into Leg (tradeID, notational, Name) VALUES (2, 3.456, 'legName 2a')"");
 
 		// no search required by the UpdateExecution logic
 		@SuppressWarnings(""unchecked"")
@@ -128,7 +152,7 @@ public void testUpdateRootClass() throws Exception {
 		assertNotNull(o);
 		
 		Command command = translationUtility
 				.parseCommand(""Update Trade  SET TradeName='Person 2 Changed', settled='true' WHERE TradeId=2"");
 
 		// no search required by the UpdateExecution logic
 		List<Object> rows = new ArrayList<Object>();
@@ -153,7 +177,7 @@ public void testDeleteRootByKey() throws Exception {
 		assertNotNull(o);
 
 		Command command = translationUtility
 				.parseCommand(""Delete From Trade Where tradeId = 1"");
 
 		List<Object> rows = new ArrayList<Object>();
 		rows.add(o);
",346,,,
464,"@@ -22,6 +22,7 @@
 package org.teiid.translator.object;
 
 import org.junit.Before;
 import org.teiid.language.Select;
 import org.teiid.translator.ExecutionContext;
 import org.teiid.translator.TranslatorException;
@@ -54,4 +55,10 @@ protected ObjectExecution createExecution(Select command) throws TranslatorExcep
 	}
 	
 
 }
",67,,,
465,"@@ -0,0 +1,581 @@
",348,,,
466,"@@ -1,13 +1,14 @@
 <?xml version=""1.0"" encoding=""ASCII""?>
 <xmi:XMI xmi:version=""2.0"" xmlns:xmi=""http://www.omg.org/XMI"" xmlns:diagram=""http://www.metamatrix.com/metamodels/Diagram"" xmlns:jdbc=""http://www.metamatrix.com/metamodels/JDBC"" xmlns:mmcore=""http://www.metamatrix.com/metamodels/Core"" xmlns:relational=""http://www.metamatrix.com/metamodels/Relational"">
   <mmcore:ModelAnnotation xmi:uuid=""mmuuid:abbd65a2-2896-4819-9428-fa8ba13a1b71"" primaryMetamodelUri=""http://www.metamatrix.com/metamodels/Relational"" modelType=""PHYSICAL"" ProducerName=""Teiid Designer"" ProducerVersion=""9.1.0.Beta2-v20150624-2132-B3933"">
     <modelImports xmi:uuid=""mmuuid:7c40d324-5eca-472f-a7a8-c20b01f5d848"" name=""SimpleDatatypes-instance"" modelLocation=""http://www.metamatrix.com/metamodels/SimpleDatatypes-instance"" modelType=""TYPE"" primaryMetamodelUri=""http://www.eclipse.org/xsd/2002/XSD""/>
     <modelImports xmi:uuid=""mmuuid:4414223d-d6b6-4300-87ce-4316eeb5ddcb"" name=""XMLSchema"" modelLocation=""http://www.w3.org/2001/XMLSchema"" modelType=""TYPE"" primaryMetamodelUri=""http://www.eclipse.org/xsd/2002/XSD""/>
   </mmcore:ModelAnnotation>
   <diagram:DiagramContainer xmi:uuid=""mmuuid:060329df-f071-436c-91d8-8de84f4a38b3"">
     <diagram xmi:uuid=""mmuuid:0d512295-f6e7-418d-8409-f7e689137c68"" type=""packageDiagramType"" target=""mmuuid/abbd65a2-2896-4819-9428-fa8ba13a1b71"">
       <diagramEntity xmi:uuid=""mmuuid:b81484fc-8676-4c01-a0fb-8c82fdc3744d"" name=""Trade"" modelObject=""mmuuid/e4662c1d-443f-45a8-8623-8a4876ea7539"" xPosition=""20"" yPosition=""20""/>
       <diagramEntity xmi:uuid=""mmuuid:232a8473-80d4-495b-900e-415be34eef35"" name=""Leg"" modelObject=""mmuuid/e1093478-579b-4a84-ad31-8c2a0bdce936"" xPosition=""204"" yPosition=""163""/>
     </diagram>
   </diagram:DiagramContainer>
   <mmcore:AnnotationContainer xmi:uuid=""mmuuid:146acc5c-ec00-4c47-b40f-bcde7a260d72"">
@@ -319,8 +320,8 @@
     </importSettings>
   </jdbc:JdbcSource>
   <relational:BaseTable xmi:uuid=""mmuuid:e4662c1d-443f-45a8-8623-8a4876ea7539"" name=""Trade"" nameInSource=""Trades"">
     <columns xmi:uuid=""mmuuid:73b0ec15-2abe-4f72-b25e-b9113b528b41"" name=""TradeObject"" nameInSource=""this"" nativeType="""" length=""4000"" nullable=""NULLABLE_UNKNOWN"" caseSensitive=""false"" searchability=""UNSEARCHABLE"" radix=""0"" signed=""false"" distinctValueCount=""0"" nullValueCount=""0"">
       <type href=""http://www.metamatrix.com/metamodels/SimpleDatatypes-instance#XMLLiteral""/>
     </columns>
     <columns xmi:uuid=""mmuuid:7ad19ea9-1751-49e0-89c7-e759dd50ff46"" name=""TradeID"" nameInSource=""tradeId"" nativeType=""long"" uniqueKeys=""mmuuid/6bee1ce8-0ac1-4ee0-a0a8-d200e2936b86"">
       <type href=""http://www.w3.org/2001/XMLSchema#long""/>
@@ -351,4 +352,25 @@
     </columns>
     <foreignKeys xmi:uuid=""mmuuid:bcc9abfb-bfc4-4102-9505-66f1667e5efd"" name=""FK_TradeId"" nameInSource=""legs"" columns=""mmuuid/3b7be33a-2e50-4c79-9cdc-13d7b166a2d2"" uniqueKey=""mmuuid/6bee1ce8-0ac1-4ee0-a0a8-d200e2936b86""/>
   </relational:BaseTable>
 </xmi:XMI>
",349,,,
467,"@@ -15,7 +15,7 @@
         <module name=""org.jboss.teiid.common-core""/>
         <module name=""org.jboss.teiid.api""/>
         <module name=""org.jboss.teiid.translator.object""/>
         <module name=""org.jboss.teiid.translator.infinispan.cache"" export=true/>   
         <module name=""org.jboss.modules""/>
         
 		<module name=""org.infinispan"" slot=""${jdg.slot}"" optional=""true"" services=""export""  export=""true"" />
",398,,,
468,"@@ -84,7 +84,7 @@
 /profile=full-ha/subsystem=teiid/transport=embedded:add()
 /profile=full-ha/subsystem=teiid/transport=odata:add(authentication-security-domain=teiid-security)
 /profile=full-ha/subsystem=teiid/transport=jdbc:add(protocol=teiid, socket-binding=teiid-jdbc, authentication-security-domain=teiid-security)
 /profile=full-ha/subsystem=teiid/transport=odbc:add(protocol=pg, socket-binding=teiid-odbc, authentication-security-domain=teiid-security) 
 
 
 /profile=ha/subsystem=teiid/translator=jdbc-simple:add(module=org.jboss.teiid.translator.jdbc)
",370,,,
469,"@@ -223,6 +223,9 @@ <h4 class=""western"">from ${project.version}</h4>
 <ul>
 	<li/>
 	<p style=""margin-bottom: 0in"">
 <a href='https://issues.jboss.org/browse/TEIID-4595'>TEIID-4595</a> - Wrong pushdown of several spatial functions to Oracle 
 	<li/>
 	<p style=""margin-bottom: 0in"">
",399,,,
470,"@@ -29,6 +29,7 @@
 import org.teiid.language.Comparison;
 import org.teiid.language.Comparison.Operator;
 import org.teiid.language.Condition;
 import org.teiid.language.Function;
 import org.teiid.language.Like;
 import org.teiid.language.Literal;
@@ -37,7 +38,7 @@
 import org.teiid.resource.adapter.google.metadata.SpreadsheetInfo;
 
 /**
  * Base visitor for criteria in the UPDATE and DELETE commands
  * 
  * @author felias
  * 
@@ -55,6 +56,10 @@ public SpreadsheetCriteriaVisitor(SpreadsheetInfo info) {
 	}
 
 	public void visit(Literal obj) {
 		if (obj.getValue() == null) {
 			buffer.append(NULL);
 			return;
@@ -75,7 +80,18 @@ public void visit(Literal obj) {
 	}
 
 	public void visit(Like obj) {
 		throw new SpreadsheetOperationException(""Like is not supported in DELETE and UPDATE queires"");
 	}
 
 	@Override
@@ -94,7 +110,19 @@ public String getCriteriaQuery() {
 	public void setCriteriaQuery(String criteriaQuery) {
 		this.criteriaQuery = criteriaQuery;
 	}
 
 	public void translateWhere(Condition condition) {
 	    if (condition != null) {
 	        StringBuilder temp = this.buffer;
@@ -105,16 +133,22 @@ public void translateWhere(Condition condition) {
 	    }
 	}
 	
 	public boolean isHeaderEnabled() {
 		return headerEnabled;
 	}
 
 	public void setHeaderEnabled(boolean headerEnabled) {
 		this.headerEnabled = headerEnabled;
 	}
 
 	public String getWorksheetTitle() {
 		return worksheetTitle;
 	}
 
 }
",400,,,
471,"@@ -44,12 +44,7 @@ public void visit(Delete obj) {
 			worksheetTitle = obj.getTable().getName();	
 		}
 		worksheetKey = info.getWorksheetByName(worksheetTitle).getId();
 		if (obj.getWhere() != null) {
 			append(obj.getWhere());
 			criteriaQuery = buffer.toString();
 		} else {
 			criteriaQuery = """"; //$NON-NLS-1$
 		}
 	}
 
 }
",401,,,
472,"@@ -26,6 +26,7 @@
 
 import org.teiid.language.Function;
 import org.teiid.language.LanguageObject;
 import org.teiid.language.Literal;
 import org.teiid.language.NamedTable;
 import org.teiid.language.SQLConstants.Tokens;
@@ -43,15 +44,13 @@
  * @author felias
  *
  */
 public class SpreadsheetSQLVisitor extends SQLStringVisitor {
 
 	private String worksheetTitle;
 	private Integer limitValue = null;
 	private Integer offsetValue = null;
     private SpreadsheetInfo info;
 
 	public SpreadsheetSQLVisitor(SpreadsheetInfo spreadsheetInfo) {
 		this.info=spreadsheetInfo;
 	}
 
 	public String getWorksheetTitle() {
@@ -155,4 +154,22 @@ public void visit(Literal obj) {
 			super.visit(obj);
 		}
 	}
 }
",33,,,
473,"@@ -66,13 +66,7 @@ public void visit(Update obj) {
 			}
 			changes.add(new UpdateSet(columnName, getStringValue(s.getValue())));
 		}
 		if (obj.getWhere() != null) {
 			append(obj.getWhere());
 			criteriaQuery = buffer.toString();
 		} else {
 			criteriaQuery = """"; //$NON-NLS-1$
 		}
 
 	}
 	
 	protected String getStringValue(Expression obj) {
",402,,,
474,"@@ -134,10 +134,10 @@ public void testSelectFrom1() throws Exception {
 		testConversion(""select A,B from PeopleList"", ""SELECT A, B"");
 		testConversion(""select C from PeopleList"", ""SELECT C"");
 		testConversion(""select * from PeopleList"", ""SELECT A, B, C"");
 		testConversion(""select A,B from PeopleList where A like '%car%'"", ""SELECT A, B WHERE A LIKE '%car%'"");
 		testConversion(""select A,B from PeopleList where A='car'"", ""SELECT A, B WHERE A = 'car'"");
 		testConversion(""select A,B from PeopleList where A >1  and B='bike'"", ""SELECT A, B WHERE A > '1' AND B = 'bike'"");
 		testConversion(""select A,B from PeopleList where A<1 or B <> 'bike'"", ""SELECT A, B WHERE A < '1' OR B <> 'bike'"");
 		testConversion(""select A,B from PeopleList limit 2"", ""SELECT A, B"");
 		testConversion(""select A,B from PeopleList offset 2 row"", ""SELECT A, B"");
 		testConversion(""select A,B from PeopleList limit 2,2"", ""SELECT A, B"");
@@ -151,7 +151,7 @@ public void testSelectFrom1() throws Exception {
 	public void testUpdateCriteria() throws Exception {
 		testUpdateConversion(""update PeopleList set A=1 where C>1"",""c > 1.0"");
 		testUpdateConversion(""update PeopleList set A=1 where C=10.5"",""c = 10.5"");
 		testUpdateConversion(""update PeopleList set A=1 where C <= 1000 and C !=5"",""c <= 1000.0 AND c <> 5.0"");
 		testUpdateConversion(""update PeopleList set A=1 where C >= 50 or C <=60.1"",""c >= 50.0 OR c <= 60.1"");
 		testUpdateConversion(""update PeopleList set A=1 where A = 'car'"",""a = \""car\"""");
 	}
@@ -160,7 +160,7 @@ public void testUpdateCriteria() throws Exception {
 	public void testDeleteCriteria() throws Exception {
 		testDeleteConversion(""delete from PeopleList where C > 1"",""c > 1.0"");
 		testDeleteConversion(""delete from PeopleList where C=10.5"",""c = 10.5"");
 		testDeleteConversion(""delete from PeopleList where C <= 1000 and C !=5"",""c <= 1000.0 AND c <> 5.0"");
 		testDeleteConversion(""delete from PeopleList where C >= 50 or C <=60.1"",""c >= 50.0 OR c <= 60.1"");
 		testDeleteConversion(""delete from PeopleList where A = 'car'"",""a = \""car\"""");
 	}
@@ -222,16 +222,15 @@ public void testInsertVisitorNull() throws Exception {
 	
 	@Test
 	public void testUpdateVisitor() throws Exception {
 		//String sql=""UPDATE PeopleList set A = 'String,String', C = 1.5"";
 		String sql=""UPDATE PeopleList set A = 'String,String', C = 1.5 where A='Str,Str'"";
         SpreadsheetUpdateVisitor visitor=new SpreadsheetUpdateVisitor(people);
         visitor.visit((Update)getCommand(sql));
         assertEquals(2,visitor.getChanges().size());
         assertEquals(""A"", visitor.getChanges().get(0).getColumnID());
         assertEquals(""'String,String"", visitor.getChanges().get(0).getValue());
         assertEquals(""C"", visitor.getChanges().get(1).getColumnID());
         assertEquals(""1.5"", visitor.getChanges().get(1).getValue());
         assertEquals(""a = \""Str,Str\"""", visitor.getCriteriaQuery());
 	}
 	
     @Test
",403,,,
475,"@@ -2263,12 +2263,19 @@ private Expression rewriteFunction(Function function) throws TeiidComponentExcep
             } else if ((DataTypeManager.DefaultDataTypes.DATE.equalsIgnoreCase(type) 
                     || DataTypeManager.DefaultDataTypes.TIME.equalsIgnoreCase(type)) && function.getArg(1) instanceof Constant) {
                 String format = ""yyyy-MM-dd""; //$NON-NLS-1$
                 if (DataTypeManager.DefaultDataTypes.TIME.equalsIgnoreCase(type)) {
                     format = ""hh:mm:ss""; //$NON-NLS-1$
                 } 
                 Constant c = (Constant) function.getArg(1);
                 if (format.equals(c.getValue())) {
                     return rewriteExpressionDirect(ResolverUtil.getConversion(function.getArg(0), DataTypeManager.getDataTypeName(function.getArg(0).getType()), type, false, metadata.getFunctionLibrary()));
                 }
             }
         } else if(StringUtil.startsWithIgnoreCase(functionName, ""format"")) { //$NON-NLS-1$
",216,,,
476,"@@ -496,7 +496,7 @@ public static Command helpTestRewriteCommand(String original, String expected, Q
     
     @Test public void testRewriteParseDateCastString() {
         helpTestRewriteCriteria(""PARSEDATE(bqt1.smalla.stringkey, 'yyyy-MM-dd') = {d'2011-01-10'}"", //$NON-NLS-1$
                                 ""convert(bqt1.smalla.stringkey, DATE) = {d'2011-01-10'}"", RealMetadataFactory.exampleBQTCached() );         //$NON-NLS-1$
     }
     
     @Test public void testRewriteParseTimeCast() {
",50,,,
477,"@@ -22,7 +22,7 @@
 	    <!-- EAP and IP Bom specific and overrides -->
 	    <version.org.jboss.integration-platform>6.0.0.CR30</version.org.jboss.integration-platform>
         <!--version.org.jboss.as>7.5.0.Final-redhat-15</version.org.jboss.as-->
         <version.org.jboss.as>7.5.5.Final-redhat-3</version.org.jboss.as>
         <version.com.google.guava>14.0.1</version.com.google.guava>     <!--  bom 13.0.1 -->
         <version.jaxen>1.1.4</version.jaxen> <!-- NOTE changing to use bom version of 1.1.3 will cause a build issue in teiid-engine -->
         <!--version.commons-codec>1.9</version.commons-codec-->   <!-- bom version of 1.4 -->
",235,,,
478,"@@ -173,7 +173,7 @@ private void registerMarshallers(SerializationContext ctx,
 	private void registerToUseAnnotations(SerializationContext ctx,
 			RemoteCacheManager cc, ClassLoader cl) throws ResourceException {
 		
 //		String p = this.getCacheClassType().getPackage().getName();
 		
 		String protoName = this.getCacheClassType().getName() + "".proto"";
 		
@@ -182,12 +182,9 @@ private void registerToUseAnnotations(SerializationContext ctx,
 		try {
 			Class<?> clzz = loadClass(""org.infinispan.protostream.annotations.ProtoSchemaBuilder"");
 			protoSchemaBuilder = (ProtoSchemaBuilder) clzz.newInstance();
 
 
 			//			ProtoSchemaBuilder protoSchemaBuilder = new ProtoSchemaBuilder();
 			String protoSchema = protoSchemaBuilder
 			    .fileName(protoName)
 //			    .packageName(p)
 			    .addClass(this.getCacheClassType())
 			    .build(ctx);
 			
",49,,,
481,"@@ -137,6 +137,9 @@
 /profile=ha/subsystem=teiid/translator=osisoft-pi:add(module=org.jboss.teiid.translator.jdbc)
 /profile=ha/subsystem=teiid/translator=odata4:add(module=org.jboss.teiid.translator.odata4)
 /profile=ha/subsystem=teiid/translator=redshift:add(module=org.jboss.teiid.translator.jdbc)
 
 /profile=full-ha/subsystem=teiid/translator=jdbc-simple:add(module=org.jboss.teiid.translator.jdbc)
 /profile=full-ha/subsystem=teiid/translator=jdbc-ansi:add(module=org.jboss.teiid.translator.jdbc)
@@ -187,6 +190,9 @@
 /profile=full-ha/subsystem=teiid/translator=osisoft-pi:add(module=org.jboss.teiid.translator.jdbc)
 /profile=full-ha/subsystem=teiid/translator=odata4:add(module=org.jboss.teiid.translator.odata4)
 /profile=full-ha/subsystem=teiid/translator=redshift:add(module=org.jboss.teiid.translator.jdbc)
 
 
 /profile=ha/subsystem=datasources/jdbc-driver=teiid:add(driver-name=teiid, driver-module-name=org.jboss.teiid.client, driver-class-name=org.teiid.jdbc.TeiidDriver, driver-xa-datasource-class-name=org.teiid.jdbc.TeiidDataSource)
",370,,,
482,"@@ -90,6 +90,9 @@
 /subsystem=teiid/translator=osisoft-pi:add(module=org.jboss.teiid.translator.jdbc)
 /subsystem=teiid/translator=odata4:add(module=org.jboss.teiid.translator.odata4)
 /subsystem=teiid/translator=redshift:add(module=org.jboss.teiid.translator.jdbc)
 
 
 /subsystem=datasources/jdbc-driver=teiid:add(driver-name=teiid, driver-module-name=org.jboss.teiid.client, driver-class-name=org.teiid.jdbc.TeiidDriver, driver-xa-datasource-class-name=org.teiid.jdbc.TeiidDataSource)
",406,,,
483,"@@ -137,9 +137,6 @@
 /profile=ha/subsystem=teiid/translator=osisoft-pi:add(module=org.jboss.teiid.translator.jdbc)
 /profile=ha/subsystem=teiid/translator=odata4:add(module=org.jboss.teiid.translator.odata4)
 /profile=ha/subsystem=teiid/translator=redshift:add(module=org.jboss.teiid.translator.jdbc)
 /profile=ha/subsystem=teiid/translator=jpa2:add(module=org.jboss.teiid.translator.jpa)
 /profile=ha/subsystem=teiid/translator=ucanaccess:add(module=org.jboss.teiid.translator.jdbc)
 /profile=ha/subsystem=teiid/translator=simpledb:add(module=org.jboss.teiid.translator.simpldb)
 
 /profile=full-ha/subsystem=teiid/translator=jdbc-simple:add(module=org.jboss.teiid.translator.jdbc)
 /profile=full-ha/subsystem=teiid/translator=jdbc-ansi:add(module=org.jboss.teiid.translator.jdbc)
@@ -190,9 +187,6 @@
 /profile=full-ha/subsystem=teiid/translator=osisoft-pi:add(module=org.jboss.teiid.translator.jdbc)
 /profile=full-ha/subsystem=teiid/translator=odata4:add(module=org.jboss.teiid.translator.odata4)
 /profile=full-ha/subsystem=teiid/translator=redshift:add(module=org.jboss.teiid.translator.jdbc)
 /profile=full-ha/subsystem=teiid/translator=jpa2:add(module=org.jboss.teiid.translator.jpa)
 /profile=full-ha/subsystem=teiid/translator=ucanaccess:add(module=org.jboss.teiid.translator.jdbc)
 /profile=full-ha/subsystem=teiid/translator=simpledb:add(module=org.jboss.teiid.translator.simpldb)
 
 
 /profile=ha/subsystem=datasources/jdbc-driver=teiid:add(driver-name=teiid, driver-module-name=org.jboss.teiid.client, driver-class-name=org.teiid.jdbc.TeiidDriver, driver-xa-datasource-class-name=org.teiid.jdbc.TeiidDataSource)
",370,,,
484,"@@ -90,9 +90,6 @@
 /subsystem=teiid/translator=osisoft-pi:add(module=org.jboss.teiid.translator.jdbc)
 /subsystem=teiid/translator=odata4:add(module=org.jboss.teiid.translator.odata4)
 /subsystem=teiid/translator=redshift:add(module=org.jboss.teiid.translator.jdbc)
 /subsystem=teiid/translator=jpa2:add(module=org.jboss.teiid.translator.jpa)
 /subsystem=teiid/translator=ucanaccess:add(module=org.jboss.teiid.translator.jdbc)
 /subsystem=teiid/translator=simpledb:add(module=org.jboss.teiid.translator.simpldb)
 
 
 /subsystem=datasources/jdbc-driver=teiid:add(driver-name=teiid, driver-module-name=org.jboss.teiid.client, driver-class-name=org.teiid.jdbc.TeiidDriver, driver-xa-datasource-class-name=org.teiid.jdbc.TeiidDataSource)
",406,,,
485,"@@ -137,6 +137,9 @@
 /profile=ha/subsystem=teiid/translator=osisoft-pi:add(module=org.jboss.teiid.translator.jdbc)
 /profile=ha/subsystem=teiid/translator=odata4:add(module=org.jboss.teiid.translator.odata4)
 /profile=ha/subsystem=teiid/translator=redshift:add(module=org.jboss.teiid.translator.jdbc)
 
 /profile=full-ha/subsystem=teiid/translator=jdbc-simple:add(module=org.jboss.teiid.translator.jdbc)
 /profile=full-ha/subsystem=teiid/translator=jdbc-ansi:add(module=org.jboss.teiid.translator.jdbc)
@@ -187,6 +190,9 @@
 /profile=full-ha/subsystem=teiid/translator=osisoft-pi:add(module=org.jboss.teiid.translator.jdbc)
 /profile=full-ha/subsystem=teiid/translator=odata4:add(module=org.jboss.teiid.translator.odata4)
 /profile=full-ha/subsystem=teiid/translator=redshift:add(module=org.jboss.teiid.translator.jdbc)
 
 
 /profile=ha/subsystem=datasources/jdbc-driver=teiid:add(driver-name=teiid, driver-module-name=org.jboss.teiid.client, driver-class-name=org.teiid.jdbc.TeiidDriver, driver-xa-datasource-class-name=org.teiid.jdbc.TeiidDataSource)
",370,,,
486,"@@ -90,6 +90,9 @@
 /subsystem=teiid/translator=osisoft-pi:add(module=org.jboss.teiid.translator.jdbc)
 /subsystem=teiid/translator=odata4:add(module=org.jboss.teiid.translator.odata4)
 /subsystem=teiid/translator=redshift:add(module=org.jboss.teiid.translator.jdbc)
 
 
 /subsystem=datasources/jdbc-driver=teiid:add(driver-name=teiid, driver-module-name=org.jboss.teiid.client, driver-class-name=org.teiid.jdbc.TeiidDriver, driver-xa-datasource-class-name=org.teiid.jdbc.TeiidDataSource)
",406,,,
487,"@@ -2,7 +2,7 @@
 ra.name=infinispanRA
 
 # the jndi name to assign to the resource
 jndi.name=java:/infinispanDS
 
 # Cache Type Map(cacheName:className[;pkFieldName][,cacheName:className[;pkFieldName]...])
 cache.type.map=cacheName:org.somewhere.ClassName;fieldName
",407,,,
488,"@@ -6,7 +6,7 @@
 
 #  Also, didn't create a CLI script at this time, because 'slot' could not be specified in the CLI script and therefore, still required manual editing of the configuration.
 
                 <resource-adapter id=""infinispanRemQS"">
                     <module slot=""main"" id=""org.jboss.teiid.resource-adapter.infinispan.hotrod""/>
                     <connection-definitions>
                         <connection-definition class-name=""org.teiid.resource.adapter.infinispan.hotrod.InfinispanManagedConnectionFactory"" jndi-name=""java:/infinispanRemote"" enabled=""true"" use-java-context=""true"" pool-name=""infinispanRemote"">
",408,,,
489,"@@ -7,7 +7,7 @@
 #
 #  Note:  The RemoteServerList host:port may have to be changed, depending on your JDG deployment.  Also, the port is based on running it locally and incrementing the ports
 
                 <resource-adapter id=""infinispanRemQSDSL"">
                     <module slot=""main"" id=""org.jboss.teiid.resource-adapter.infinispan.hotrod""/>
                     <connection-definitions>
                         <connection-definition class-name=""org.teiid.resource.adapter.infinispan.hotrod.InfinispanManagedConnectionFactory"" jndi-name=""java:/infinispanRemoteDSL"" enabled=""true"" use-java-context=""true"" pool-name=""infinispanRemoteDSL"">
",409,,,
490,"@@ -508,13 +508,7 @@ protected synchronized ClassLoader loadClasses() throws ResourceException {
 		String className = cacheClassparm.get(1);
 		cacheTypeClass = loadClass(className);
 	
 		
 	
 		try {
 			methodUtil.registerClass(cacheTypeClass);
 		} catch (TranslatorException e1) {
 			throw new ResourceException(e1);
 		}
 			
 		if (parms.size() == 2) {
 			String rightside = parms.get(1);
@@ -555,9 +549,7 @@ protected synchronized ClassLoader loadClasses() throws ResourceException {
 					throw new ResourceException(e);
 				} catch (IllegalAccessException e) {	
 					throw new ResourceException(e);
 				} catch (TranslatorException e) {
 					throw new ResourceException(e);
 				}
 			
 			}
 			
",28,,,
491,"@@ -153,7 +153,7 @@ public void add(Object key, Object value) throws TranslatorException {
 	 */
 	@Override
 	public Object remove(Object key) throws TranslatorException {
 		return getCache(getTargetCache()).removeAsync(key);
 	}
 
 	/**
@@ -285,5 +285,8 @@ public boolean configuredUsingAnnotations() {
 	        return config.configuredUsingAnnotations();
 	}
 
 
 }
\ No newline at end of file
",34,,,
492,"@@ -244,5 +244,21 @@ public SearchType getSearchType() {
 	@Override
 	public void close() throws ResourceException {
 	}
 
 }
",410,,,
493,"@@ -356,12 +356,9 @@ protected synchronized ClassLoader loadClasses() throws ResourceException {
 		setCacheName(cn);
 		String className = cacheClassparm.get(1);
 		cacheTypeClass = loadClass(className);
 		try {
 			methodUtil.registerClass(cacheTypeClass);
 		} catch (TranslatorException e1) {
 			throw new ResourceException(e1);
 		}
 			
 		if (parms.size() == 2) {
 			String rightside = parms.get(1);
 			List<String> pkKeyparm = StringUtil.getTokens(rightside, "":"");
",411,,,
494,"@@ -22,21 +22,7 @@
 
 package org.teiid.translator.infinispan.hotrod;
 
 import java.util.List;
 
 import org.teiid.language.Argument;
 import org.teiid.language.Command;
 import org.teiid.metadata.RuntimeMetadata;
 import org.teiid.translator.ExecutionContext;
 import org.teiid.translator.MetadataProcessor;
 import org.teiid.translator.ProcedureExecution;
 import org.teiid.translator.Translator;
 import org.teiid.translator.TranslatorException;
 import org.teiid.translator.TranslatorProperty;
 import org.teiid.translator.infinispan.hotrod.metadata.AnnotationMetadataProcessor;
 import org.teiid.translator.infinispan.hotrod.metadata.ProtobufMetadataProcessor;
 import org.teiid.translator.object.ObjectConnection;
 import org.teiid.translator.object.ObjectExecutionFactory;
 
 
 
",75,,,
495,"@@ -48,12 +48,6 @@ public interface InfinispanHotRodConnection extends ObjectConnection {
 	 * @throws TranslatorException
 	 */
 	public Descriptor getDescriptor()  throws TranslatorException;
 	
 	/**
 	* Call to determine if the JDG cache is configured using annotation (or using protobuf and marsharllers).
 	* @return true if annotations are used
 	*/ 
 	public boolean configuredUsingAnnotations();
 	
 }
 
",76,,,
496,"@@ -26,7 +26,6 @@
 
 import org.teiid.language.Argument;
 import org.teiid.language.Command;
 import org.teiid.metadata.MetadataFactory;
 import org.teiid.metadata.RuntimeMetadata;
 import org.teiid.translator.ExecutionContext;
 import org.teiid.translator.MetadataProcessor;
@@ -66,6 +65,7 @@ public class InfinispanHotRodExecutionFactory extends ObjectExecutionFactory {
 	public InfinispanHotRodExecutionFactory() {
 		super();
 		setSourceRequiredForMetadata(true);
 		setMaxInCriteriaSize(MAX_SET_SIZE);
 		setMaxDependentInPredicates(5);
 
@@ -161,53 +161,41 @@ public boolean supportsNotCriteria() {
 		return Boolean.FALSE.booleanValue();
 	}
 
 	/**
 	 * {@inheritDoc}
 	 *
 	 * @see org.teiid.translator.ExecutionFactory#getMetadata(org.teiid.metadata.MetadataFactory,
 	 *      java.lang.Object)
 	 */
 //	@Override
 //	public void getMetadata(MetadataFactory metadataFactory, ObjectConnection conn) throws TranslatorException {
 //		InfinispanHotRodConnection dsl = (InfinispanHotRodConnection) conn;
 //		this.setSupportsSearchabilityUsingAnnotations(dsl.configuredUsingAnnotations());
 //
 //		super.getMetadata(metadataFactory, conn);
 //	}
 
 	@Override
     public MetadataProcessor<ObjectConnection> getMetadataProcessor(){
 		if (this.supportsSearchabilityUsingAnnotations()) {
 			return new AnnotationMetadataProcessor(true);
 		}
 	    return new ProtobufMetadataProcessor();
 	}
 
 	/**
 	 * {@inheritDoc}
 	 *
 	 * @see org.teiid.translator.ExecutionFactory#initCapabilities(java.lang.Object)
 	 */
 	@Override
 	public void initCapabilities(ObjectConnection connection)
 			throws TranslatorException {
 		super.initCapabilities(connection);
 		if (connection == null) {
 			return;
 		}
 		
 		InfinispanHotRodConnection dsl = (InfinispanHotRodConnection) connection;
 		this.setSupportsSearchabilityUsingAnnotations(dsl.configuredUsingAnnotations());
 
 
 		Version version = connection.getVersion();
 		// with JDG 6.6 supportCompareCriteria no longer needs to be disabled
 		// @see @link https://issues.jboss.org/browse/TEIID-4333
 		if (version != null && version.compareTo(SIX_6) >= 0) {
 			this.supportsCompareCriteriaOrdered = true;
 		}
 	}
 	
 	
 
 }
",291,,,
497,"@@ -23,6 +23,8 @@
 package org.teiid.translator.infinispan.hotrod.metadata;
 
 import java.lang.reflect.Method;
 import java.util.ArrayList;
 import java.util.Collection;
 import java.util.HashMap;
@@ -40,13 +42,15 @@
 import org.teiid.metadata.Table;
 import org.teiid.translator.MetadataProcessor;
 import org.teiid.translator.TranslatorException;
 import org.teiid.translator.TypeFacility;
 import org.teiid.translator.TranslatorProperty;
 import org.teiid.translator.TranslatorProperty.PropertyType;
 import org.teiid.translator.infinispan.hotrod.InfinispanHotRodConnection;
 import org.teiid.translator.infinispan.hotrod.InfinispanPlugin;
 import org.teiid.translator.object.ObjectConnection;
 import org.teiid.translator.object.metadata.JavaBeanMetadataProcessor;
 
 import protostream.com.google.protobuf.Descriptors;
 
@@ -66,23 +70,9 @@
  * <li>Attributes</li>
  * Get/Is methods will be become table columns.
  * </br>
  * <li>One-to-one association</li>
  * The classes on both sides will be merged into a one table.  The nameInSource for the attributes in the class
  * contained within the root class will be assigned based on this format:  ""get{Method}"" name + ""."" + attribute
  * </br>
  * Example:   Person contains Contact (getContact)  and Contact has getter method getPhoneNumber  
  *     so the nameInSource for the column would become Contact.PhoneNumber
  * </br>
  * <li>One-to-many association</li>
  * The classes on both sides are mapped to two tables.  The root class will have primary key created.  The
  * table for the ""many"" side will have a foreign created. 
  * </br>
  * When an attribute is included from the many side (children), the total number of rows will be multiplied by
  * by the number of children objects.
  * <p>
  * <b>Decisions</b>
  * <li>User will need to decide what will be the primary key.  Will the key to the cache or a real attribute on the root class
  * will be used as the primary key.</li>
  * 
  */
 public class ProtobufMetadataProcessor implements MetadataProcessor<ObjectConnection>{
@@ -132,6 +122,7 @@ public void process(MetadataFactory metadataFactory, ObjectConnection conn) thro
 				// do not support materializing to inner classes
 				addInnerClasses(metadataFactory, ((InfinispanHotRodConnection) conn).getDescriptor(), conn );
 			}
 	}
 
 
@@ -147,17 +138,7 @@ private void createRootTable(MetadataFactory mf, Class<?> entity, Descriptor des
 			addRootColumn(mf, Object.class, entity, null, null, SearchType.Unsearchable, rootTable.getName(), rootTable, false, false, NullType.Nullable); //$NON-NLS-1$	
 		}
 		
 		pkMethod = null;
 		if (updatable) {
 		    pkMethod = conn.getClassRegistry().getReadClassMethods(entity.getName()).get(pkField);
 		    if (pkMethod == null) {
 				throw new TranslatorException(InfinispanPlugin.Util.gs(InfinispanPlugin.Event.TEIID25008, new Object[] {pkField, cacheName, entity.getName()}));
 		    	
 		    }	    
 		}
 		
 		boolean addKey = false;
 		boolean repeats = false;
 		// the descriptor is needed to determine which fields are defined as searchable.
 		for (FieldDescriptor fd:descriptor.getFields()) {	
 			if (fd.isRepeated() ) {
@@ -179,17 +160,26 @@ private void createRootTable(MetadataFactory mf, Class<?> entity, Descriptor des
 			}
 		}	
 		
 		if (!addKey) {
 				addRootColumn(mf, pkMethod.getReturnType(), pkMethod.getReturnType(), pkField, pkField, SearchType.Searchable, rootTable.getName(), rootTable, true, true, NullType.No_Nulls);
 		}
 		
 		if (updatable) {
 			// add primary key
 			String pkName = ""PK_"" + pkField.toUpperCase(); //$NON-NLS-1$
 	        ArrayList<String> x = new ArrayList<String>(1) ;
 	        x.add(pkField);
 	        mf.addPrimaryKey(pkName, x , rootTable);		    
 		}			
 	}
 			
 	private void addInnerClasses(MetadataFactory mf, Descriptor descriptor, ObjectConnection conn) throws TranslatorException {
@@ -248,29 +238,27 @@ private void createInnerTable(MetadataFactory mf, Descriptor desc, Table rootTab
 
 		Class<?> pc = getRegisteredClass(parent.getName(), conn);
 		Class<?> c = getRegisteredClass(desc.getName(), conn);
 
 //		throw new TranslatorException(InfinispanPlugin.Util.gs(InfinispanPlugin.Event.TEIID25060, new Object[] { colName }));
 
 		Table t = addTable(mf, c, true, false);
 		t.setSupportsUpdate(rootTable.supportsUpdate());
 
 		String fd_Name = repeatableMap.get(desc.getName());
 		List<FieldDescriptor> fields = desc.getFields();
 		for (FieldDescriptor f:fields) {
 
 			
 			final SearchType st = isSearchable(f);
 			
 			if (fd_Name == null) {
 				fd_Name = """";
 			}
 			// need to use the repeated descriptor, fd, as the prefix to the NIS in order to perform query
 			addSubColumn(mf, getJavaType(f, c, conn),  getProtobufNativeType(f), f, st, fd_Name, t, true, true, (f.isRequired() ? NullType.No_Nulls  : NullType.Nullable) );	
 		}
 		
 		if (pkMethod != null) {
 			// if not repeatable, then use the attribute name
 			String mName =  findMethodName(pc.getName(), fd_Name, conn);
 			
 			if (mName == null) {		
 				mName = desc.getName();
@@ -284,95 +272,65 @@ private void createInnerTable(MetadataFactory mf, Descriptor desc, Table rootTab
 			List<String> referencedKeyColumns = new ArrayList<String>();
 			referencedKeyColumns.add(methodName);
 			String fkName = ""FK_"" + rootTable.getName().toUpperCase();
     		addRootColumn(mf, pkMethod.getReturnType(), pkMethod.getReturnType(), methodName, methodName, SearchType.Searchable, t.getName(), t, true, true, NullType.No_Nulls);
 			ForeignKey fk = mf.addForiegnKey(fkName, keyColumns, referencedKeyColumns, rootTable.getName(), t);
 			
 			fk.setNameInSource(mName);
 
 		}		
 
     }
     
 	private void processRepeatedType(MetadataFactory mf, FieldDescriptor fd, Table rootTable, Method pkMethod, ObjectConnection conn) throws TranslatorException  {
 		
 		Descriptor d = fd.getMessageType();
 		Descriptor parent = d.getContainingType();
 		// Need to find the method name that corresponds to the repeating attribute
 		// so that the actual method name can be used in defining the NIS
 		// which will provide the correct method to use when retrieving the data at execution time
 
 		Class<?> pc = getRegisteredClass(parent.getName(), conn);
 		Class<?> c = getRegisteredClass(fd.getMessageType().getName(), conn);
 
 		String mName =  findMethodName(pc.getName(), fd.getName(), conn);
 		
 		if (mName == null) {
 			throw new TranslatorException(InfinispanPlugin.Util.gs(InfinispanPlugin.Event.TEIID25060, new Object[] { fd.getName() }));
 		}
 		
 		Table t = addTable(mf, c, true, false);
 		
 		// do not use getSourceName, the NameInSource has to be defined as the cache name
 		t.setNameInSource(rootTable.getNameInSource()); 
 			
 		List<FieldDescriptor> fields = fd.getMessageType().getFields();
 		for (FieldDescriptor f:fields) {
 
 			final SearchType st = isSearchable(f);
 			// need to use the repeated descriptor, fd, as the prefix to the NIS in order to perform query
 			addSubColumn(mf, getJavaType(f, c, conn),  getProtobufNativeType(f), f, st, fd.getName(), t, true, true, NullType.Nullable);	
 		}
 		
 		if (pkMethod != null) {
 			// use the same parent table primary ke column name in the foreign key tables
 			String methodName = rootTable.getPrimaryKey().getColumns().get(0).getName();
 			List<String> keyColumns = new ArrayList<String>();
 			keyColumns.add(methodName);
 			List<String> referencedKeyColumns = new ArrayList<String>();
 			referencedKeyColumns.add(methodName);
 			String fkName = ""FK_"" + rootTable.getName().toUpperCase();
     		addRootColumn(mf, pkMethod.getReturnType(), pkMethod.getReturnType(), methodName, methodName, SearchType.Searchable, t.getName(), t, false, false, NullType.No_Nulls);
 			ForeignKey fk = mf.addForiegnKey(fkName, keyColumns, referencedKeyColumns, rootTable.getName(), t);
 			
 			fk.setNameInSource(mName);
 
 		}
 	}	
 	
     private  String findMethodName(String className, String methodName, ObjectConnection conn) throws TranslatorException {
         if (methodName == null || methodName.length() == 0) {
             return null;
         }
                
         Map<String, Method> mapMethods = conn.getClassRegistry().getReadClassMethods(className);
         if (mapMethods.get(methodName.toLowerCase()) != null) {
         	Method m = mapMethods.get(methodName.toLowerCase());
     		if (Collection.class.isAssignableFrom(m.getReturnType()) || m.getReturnType().isArray()) {
     			return methodName;
     		}
     		return null;
     		
         } else   if (mapMethods.get(methodName) != null) {
         	Method m = mapMethods.get(methodName);
     		if (Collection.class.isAssignableFrom(m.getReturnType()) || m.getReturnType().isArray()) {
     			return methodName;
     		}
     		return null;
     		
         }
         
         // because the class 'methods' contains 2 different references
         //  get'Name'  and 'Name', this will look for the 'Name' version
         for (Iterator it=mapMethods.keySet().iterator(); it.hasNext();) {
         	String mName = (String) it.next();
         	if (mName.toLowerCase().startsWith(methodName.toLowerCase()) ) {
         		Method m = mapMethods.get(mName);
          		if (Collection.class.isAssignableFrom(m.getReturnType()) || m.getReturnType().isArray()) {
         			return mName;
         		}
         	} 
         }
         return null;
     }	
 	
 	private Class<?> getRegisteredClass(String name, ObjectConnection conn) throws TranslatorException {
@@ -505,7 +463,7 @@ private static Class<?> getJavaType(FieldDescriptor fd, Class<?> c, ObjectConnec
 	/*
 	 * See https://developers.google.com/protocol-buffers/docs/proto#scalar
 	 */
 	private static Class<?> getProtobufNativeType(FieldDescriptor fd) throws TranslatorException {
 
 		String n = fd.getJavaType().name();
 		
",70,,,
498,"@@ -0,0 +1,78 @@
",412,,,
499,"@@ -32,6 +32,7 @@ public class Person {
    public String name;
    public int id;
    public String email;
 
 	public List<PhoneNumber> phones;
 
@@ -70,6 +71,14 @@ public List<PhoneNumber> getPhones() {
    public void setPhones(List<PhoneNumber> phones) {
       this.phones = phones;
    }
 
    @Override
    public String toString() {
",358,,,
500,"@@ -46,6 +46,7 @@ public static InfinispanHotRodConnection createConnection(RemoteCache map, boole
 
 		PersonCacheConnection conn = new PersonCacheConnection(map, PersonCacheSource.CLASS_REGISTRY, proxy, useKeyClassType, descriptor);
 		conn.setVersion(version);
 		return conn;
 	}
 	
",359,,,
501,"@@ -67,12 +67,14 @@ public class PersonCacheSource<K, V>  implements RemoteCache<K, V>{
 	public static final String PERSON_CLASS_NAME = Person.class.getName();
 	public static final String PHONENUMBER_CLASS_NAME = PhoneNumber.class.getName();
 	public static final String PHONETYPE_CLASS_NAME = PhoneType.class.getName();
 	public static Descriptor DESCRIPTOR;
 	
 	public static final int NUMPERSONS = 10;
 	public static final int NUMPHONES = 2;
 	
 	static ClassRegistry CLASS_REGISTRY = new ClassRegistry();
 	
 	private Map<Object, Object> cache =  Collections.synchronizedMap(new HashMap<Object, Object>());
 	
@@ -83,14 +85,19 @@ public class PersonCacheSource<K, V>  implements RemoteCache<K, V>{
 			CLASS_REGISTRY.registerClass(Person.class);
 			CLASS_REGISTRY.registerClass(PhoneNumber.class);
 			CLASS_REGISTRY.registerClass(PhoneType.class);
 
 		} catch (Exception e) {
 			throw new RuntimeException(e);
 		}
 	}
 	
 	public static InfinispanHotRodConnection createConnection(final boolean useKeyClass) {
 		return createConnection(useKeyClass, Version.getVersion(""10.2.1""));
 	}
 	
 	public static InfinispanHotRodConnection createConnection(final boolean useKeyClass, Version version) {
@@ -115,11 +122,16 @@ public static void loadCache(Map<Object, Object> cache) {
 			}
 			
 			Person p = new Person();
 
 			p.setId(i);
 			p.setName(""Person "" + i);
 			p.setPhones(pns);
 				
 			cache.put(new Integer(i), p);
 
 		}
@@ -873,17 +885,17 @@ public Set<Object> getListeners() {
 	public void removeClientListener(Object arg0) {
 	}
 
 
 	/**
 	 * {@inheritDoc}
 	 *
 	 * @see org.infinispan.client.hotrod.RemoteCache#execute(java.lang.String, java.util.Map)
 	 */
 	@Override
 	public <T> T execute(String arg0, Map<String, ?> arg1) {
 		return null;
 	}
 	
 
 	/**
 	 * {@inheritDoc}
@@ -898,21 +910,21 @@ public Map<K, V> getAll(Set<? extends K> keys) {
 	/**
 	 * {@inheritDoc}
 	 *
 	 * @see org.infinispan.client.hotrod.RemoteCache#getCacheTopologyInfo()
 	 */
 	@Override
 	public CacheTopologyInfo getCacheTopologyInfo() {
 		return null;
 	}
 
 	/**
 	 * {@inheritDoc}
 	 *
 	 * @see org.infinispan.client.hotrod.RemoteCache#replaceWithVersion(java.lang.Object, java.lang.Object, long, long, java.util.concurrent.TimeUnit, long, java.util.concurrent.TimeUnit)
 	 */
 	@Override
 	public boolean replaceWithVersion(K arg0, V arg1, long arg2, long arg3, TimeUnit arg4, long arg5, TimeUnit arg6) {
 		return false;
 	}
 
 	/**
@@ -969,9 +981,6 @@ public CloseableIterator<java.util.Map.Entry<Object, MetadataValue<Object>>> ret
 		return null;
 	}
 	
 //	@Override
 //	public getCacheTopologyInfo
 	
 	
 	
 }
",360,,,
502,"@@ -87,19 +87,19 @@ public static void setUp()  {
 
 	}
 	
 	@Test public void test1toManyOnlyChild() throws Exception {
 		Select command = (Select)translationUtility.parseCommand(""select number From PhoneNumber as T""); //$NON-NLS-1$
 
 		
 		performTest(20, 1, command);
 
 	}
 	
 	@Test public void test1toManyA() throws Exception {
 		Select command = (Select)translationUtility.parseCommand(""select a.name, a.id, a.email, b.number From Person as A, PhoneNumber as b where a.id = b.id""); //$NON-NLS-1$
 
 		
 		performTest(20, 4, command);
 
 	}
 	
@@ -110,7 +110,30 @@ public static void setUp()  {
 		performTest(20, 5, command);
 
 	}	
 	
 
 	protected List<Object> performTest(int rowcnt, int colCount, Select command)
 			throws TranslatorException {
@@ -170,7 +193,7 @@ protected List<Object> performTest(int rowcnt, int colCount, Select command, Lis
 	}
 
 	protected ObjectExecution createExecution(Select command, int rowCount, int colCount) throws TranslatorException {
 		InfinispanExecutionFactory translator = new InfinispanExecutionFactory() {
 //			@Override
 //			public List<Object> search(ObjectVisitor visitor, ObjectConnection connection, ExecutionContext executionContext)
 //					throws TranslatorException {
",14,,,
503,"@@ -38,8 +38,7 @@
 @SuppressWarnings(""nls"")
 public class TestInfinispanExecutionFactory {
 	
 	@SuppressWarnings(""deprecation"")
 	protected static InfinispanExecutionFactory TRANSLATOR;
 	protected static InfinispanHotRodConnection CONNECTION;
 
 	
@@ -57,11 +56,12 @@ public class TestInfinispanExecutionFactory {
 	@Test public void testFactory() throws Exception {
 	   	CONNECTION = PersonCacheSource.createConnection(true, Version.getVersion(""6.6""));
     	
         TRANSLATOR = new InfinispanExecutionFactory();
         TRANSLATOR.initCapabilities(CONNECTION);
         TRANSLATOR.start();
 
         assertTrue(TRANSLATOR.supportsCompareCriteriaOrdered());
         
 		ObjectExecution exec = (ObjectExecution) TRANSLATOR.createExecution(command, context, PersonSchemaVDBUtility.RUNTIME_METADATA, CONNECTION);
 		
@@ -73,11 +73,11 @@ public class TestInfinispanExecutionFactory {
 	   	CONNECTION = PersonCacheSource.createConnection(true, Version.getVersion(""7.2.3""));
 
     	
         TRANSLATOR = new InfinispanExecutionFactory();
         TRANSLATOR.initCapabilities(CONNECTION);
         TRANSLATOR.start();
         
         assertTrue(TRANSLATOR.supportsCompareCriteriaOrdered());
 
 
 		ObjectExecution exec = (ObjectExecution) TRANSLATOR.createExecution(command, context, PersonSchemaVDBUtility.RUNTIME_METADATA, CONNECTION);
@@ -90,11 +90,11 @@ public class TestInfinispanExecutionFactory {
 	   	CONNECTION = PersonCacheSource.createConnection(true, Version.getVersion(""6.5.2""));
 
     	
         TRANSLATOR = new InfinispanExecutionFactory();
         TRANSLATOR.initCapabilities(CONNECTION);
         TRANSLATOR.start();
         
         assertTrue(!TRANSLATOR.supportsCompareCriteriaOrdered());
 
 
 		ObjectExecution exec = (ObjectExecution) TRANSLATOR.createExecution(command, context, PersonSchemaVDBUtility.RUNTIME_METADATA, CONNECTION);
",18,,,
504,"@@ -42,8 +42,6 @@
  *
  */
 public class TestInfinispanHotRodConnection extends SimpleMapCacheConnection implements InfinispanHotRodConnection {
 	protected Version version;
 	protected boolean useAnnotations;
 	
 	public static ObjectConnection createConnection(Map<Object,Object> map, Version version) {
 		CacheNameProxy proxy = new CacheNameProxy(TradesAnnotatedCacheSource.TRADES_CACHE_NAME);
@@ -92,32 +90,5 @@ public Collection<Object> getAll() throws TranslatorException {
 	public Descriptor getDescriptor() throws TranslatorException {
 		return null;
 	}
 	
 	/**
 	 * {@inheritDoc}
 	 *
 	 * @see org.teiid.translator.object.simpleMap.SimpleMapCacheConnection#getVersion()
 	 */
 	@Override
 	public Version getVersion() {
 		return version;
 	}
 	
 	public void setVersion(Version v) {
 		this.version = v;
 	}
 
 	/**
 	 * {@inheritDoc}
 	 *
 	 * @see org.teiid.translator.infinispan.hotrod.InfinispanHotRodConnection#configuredUsingAnnotations()
 	 */
 	@Override
 	public boolean configuredUsingAnnotations() {
 		return useAnnotations;
 	}
 	
 	public void setConfiguredUsingAnnotations(boolean useAnnotations) {
 		this.useAnnotations = useAnnotations;
 	}
 }
",23,,,
505,"@@ -1,20 +1,22 @@
 package org.teiid.translator.infinispan.hotrod.metadata;
 
 import static org.junit.Assert.*;
 
 import java.util.Properties;
 
 import org.jboss.as.quickstarts.datagrid.hotrod.query.domain.PersonCacheSource;
 import org.junit.Before;
 import org.junit.Test;
 import org.teiid.metadata.MetadataFactory;
 import org.teiid.query.metadata.DDLStringVisitor;
 import org.teiid.query.metadata.SystemMetadata;
 import org.teiid.translator.infinispan.hotrod.InfinispanExecutionFactory;
 import org.teiid.translator.object.ObjectConnection;
 import org.teiid.translator.object.ObjectExecutionFactory;
 import org.teiid.translator.object.Version;
 import org.teiid.translator.object.metadata.JavaBeanMetadataProcessor;
 
 @SuppressWarnings(""nls"")
 public class TestAnnotationMetadataProcessor {
@@ -24,22 +26,22 @@ public class TestAnnotationMetadataProcessor {
 	
 	@Before public void beforeEach() throws Exception{	
 		 
 		TRANSLATOR = new InfinispanExecutionFactory();
 	}
 	
 	
 	public void testPersonMetadataNoObject() throws Exception {
 					
 		TRANSLATOR.setSupportsSearchabilityUsingAnnotations(true);		
 		TRANSLATOR.start(); 
 		
 		MetadataFactory mf = new MetadataFactory(""vdb"", 1, ""objectvdb"",
 				SystemMetadata.getInstance().getRuntimeTypeMap(),
 				new Properties(), null);
 
 		ObjectConnection conn = PersonCacheSource.createConnection(false, Version.getVersion(""6.6""));
 		
 		JavaBeanMetadataProcessor mp = (JavaBeanMetadataProcessor) TRANSLATOR.getMetadataProcessor();
 		mp.process(mf, conn);
 
 		String metadataDDL = DDLStringVisitor.getDDLString(mf.getSchema(),
@@ -59,41 +61,26 @@ public void testPersonMetadataNoObject() throws Exception {
 	
 	@Test
 	public void testPersonMetadata() throws Exception {
 		
 		TRANSLATOR.setSupportsSearchabilityUsingAnnotations(true);
 		TRANSLATOR.start();   
 
 		MetadataFactory mf = new MetadataFactory(""vdb"", 1, ""objectvdb"",
 				SystemMetadata.getInstance().getRuntimeTypeMap(),
 				new Properties(), null);
 
 		ObjectConnection conn = PersonCacheSource.createConnection(false, Version.getVersion(""10.2""));
 		
 		JavaBeanMetadataProcessor mp = (JavaBeanMetadataProcessor) TRANSLATOR.getMetadataProcessor();
 		mp.setClassObjectColumn(true);
 		mp.process(mf, conn);
 
 		String metadataDDL = DDLStringVisitor.getDDLString(mf.getSchema(),
 				null, null);
 
 		System.out.println(""Schema: "" + metadataDDL);
 		String expected = ""CREATE FOREIGN TABLE Person (\n""
 	    + ""\tPersonObject object OPTIONS (NAMEINSOURCE 'this', SELECTABLE FALSE, UPDATABLE FALSE, SEARCHABLE 'Unsearchable', NATIVE_TYPE 'org.jboss.as.quickstarts.datagrid.hotrod.query.domain.Person'),\n""
 	    + ""\tid integer NOT NULL OPTIONS (NAMEINSOURCE 'id', SEARCHABLE 'Searchable', NATIVE_TYPE 'int'),\n""
 	    + ""\temail string OPTIONS (NAMEINSOURCE 'email', SEARCHABLE 'Searchable', NATIVE_TYPE 'java.lang.String'),\n""
 	    + ""\tname string NOT NULL OPTIONS (NAMEINSOURCE 'name', SEARCHABLE 'Searchable', NATIVE_TYPE 'java.lang.String'),\n""	    
 		+ ""\tCONSTRAINT PK_ID PRIMARY KEY(id)\n""
 		+ "") OPTIONS (UPDATABLE TRUE);""
 //		+ ""\n""
 //		+ ""CREATE FOREIGN TABLE PhoneNumber (\n""
 //	    + ""\tnumber string OPTIONS (NAMEINSOURCE 'phone.number', SEARCHABLE 'Searchable', NATIVE_TYPE 'java.lang.String'),\n""	    
 //	    + ""\ttype string OPTIONS (NAMEINSOURCE 'phone.type', SEARCHABLE 'Unsearchable', NATIVE_TYPE 'java.lang.Enum'),\n""
 //	    + ""\tid integer NOT NULL OPTIONS (NAMEINSOURCE 'id', SELECTABLE FALSE, UPDATABLE FALSE, SEARCHABLE 'Searchable', NATIVE_TYPE 'int'),\n""
 //		+ ""\tCONSTRAINT FK_PERSON FOREIGN KEY(id) REFERENCES Person (id) OPTIONS (NAMEINSOURCE 'phones')\n""
 //		+ "") OPTIONS (UPDATABLE TRUE);""	;		
 		
 		;
 		assertEquals(expected, metadataDDL);	
 
 	}
 
",36,,,
506,"@@ -0,0 +1,74 @@
",413,,,
507,"@@ -1,9 +1,10 @@
 package org.teiid.translator.infinispan.hotrod.metadata;
 
 import static org.junit.Assert.*;
 
 import java.util.Properties;
 
 import org.jboss.as.quickstarts.datagrid.hotrod.query.domain.PersonCacheSource;
 import org.jboss.teiid.jdg_remote.pojo.AllTypesCacheSource;
 import org.junit.Before;
@@ -16,8 +17,6 @@
 import org.teiid.query.metadata.SystemMetadata;
 import org.teiid.translator.TranslatorException;
 import org.teiid.translator.infinispan.hotrod.InfinispanHotRodConnection;
 import org.teiid.translator.object.Version;
 import org.teiid.translator.object.metadata.JavaBeanMetadataProcessor;
 import org.teiid.translator.infinispan.hotrod.InfinispanExecutionFactory;
 
 @SuppressWarnings(""nls"")
@@ -31,44 +30,21 @@ public static void setUp() throws TranslatorException {
 	@Before public void beforeEach() throws Exception{	
 		 
 		TRANSLATOR = new InfinispanExecutionFactory();
     }
 
 	@Test
 	public void testPersonMetadata() throws Exception {
 		TRANSLATOR.setSupportsSearchabilityUsingAnnotations(false);
 		TRANSLATOR.start();
 
 		 
 		MetadataFactory mf = new MetadataFactory(""vdb"", 1, ""objectvdb"",
 				SystemMetadata.getInstance().getRuntimeTypeMap(),
 				new Properties(), null);
 
 		InfinispanHotRodConnection conn = PersonCacheSource.createConnection(true, Version.getVersion(""6.6""));
 
 		ProtobufMetadataProcessor mp = (ProtobufMetadataProcessor) TRANSLATOR.getMetadataProcessor();
 		mp.process(mf, conn);
 
 		String metadataDDL = DDLStringVisitor.getDDLString(mf.getSchema(),
 				null, null);
 
 		assertEquals(ObjectConverterUtil.convertFileToString(UnitTestUtil.getTestDataFile(""personMetadataNoObject.ddl"")), metadataDDL);	
 	}
 		
 	@Test
 	public void testPersonMetadataWithObject() throws Exception {
 		TRANSLATOR.setSupportsSearchabilityUsingAnnotations(false);
 		TRANSLATOR.start();
 
 		 
 		MetadataFactory mf = new MetadataFactory(""vdb"", 1, ""objectvdb"",
 				SystemMetadata.getInstance().getRuntimeTypeMap(),
 				new Properties(), null);
 
 		InfinispanHotRodConnection conn = PersonCacheSource.createConnection(true, Version.getVersion(""6.6""));
 
 		ProtobufMetadataProcessor mp = (ProtobufMetadataProcessor) TRANSLATOR.getMetadataProcessor();
 		mp.setClassObjectColumn(true);
 		mp.process(mf, conn);
 
 		String metadataDDL = DDLStringVisitor.getDDLString(mf.getSchema(),
 				null, null);
@@ -79,8 +55,6 @@ public void testPersonMetadataWithObject() throws Exception {
 	
 	@Test
 	public void testAllTypesMetadata() throws Exception {
 		TRANSLATOR.setSupportsSearchabilityUsingAnnotations(false);
 		TRANSLATOR.start();
 
 		MetadataFactory mf = new MetadataFactory(""vdb"", 1, ""objectvdb"",
 				SystemMetadata.getInstance().getRuntimeTypeMap(),
",59,,,
508,"@@ -1,6 +1,6 @@
 <?xml version=""1.0"" encoding=""ASCII""?>
 <xmi:XMI xmi:version=""2.0"" xmlns:xmi=""http://www.omg.org/XMI"" xmlns:diagram=""http://www.metamatrix.com/metamodels/Diagram"" xmlns:mmcore=""http://www.metamatrix.com/metamodels/Core"" xmlns:relational=""http://www.metamatrix.com/metamodels/Relational"">
   <mmcore:ModelAnnotation xmi:uuid=""mmuuid:32809594-dd43-4ed3-8e2b-1ae8fb3ef9e8"" primaryMetamodelUri=""http://www.metamatrix.com/metamodels/Relational"" modelType=""PHYSICAL"" ProducerName=""Teiid Designer"" ProducerVersion=""9.0.1.Beta2-v20141209-1542-B384"">
     <modelImports xmi:uuid=""mmuuid:7ceb50dd-db2e-4509-b742-4c02ba73d047"" name=""SimpleDatatypes-instance"" modelLocation=""http://www.metamatrix.com/metamodels/SimpleDatatypes-instance"" modelType=""TYPE"" primaryMetamodelUri=""http://www.eclipse.org/xsd/2002/XSD""/>
     <modelImports xmi:uuid=""mmuuid:1243f829-2693-41bb-be66-ed1f9e7fccae"" name=""XMLSchema"" modelLocation=""http://www.w3.org/2001/XMLSchema"" modelType=""TYPE"" primaryMetamodelUri=""http://www.eclipse.org/xsd/2002/XSD""/>
   </mmcore:ModelAnnotation>
@@ -350,7 +350,7 @@
       <tags xmi:uuid=""mmuuid:5a093988-c98a-47a8-84c3-71204552eeac"" key=""en_US"" value=""Global Temp Table""/>
     </annotations>
   </mmcore:AnnotationContainer>
   <relational:BaseTable xmi:uuid=""mmuuid:1314d84d-52e0-4472-ab26-acd452f77146"" name=""Person"" nameInSource=""addressbook_indexed"">
     <columns xmi:uuid=""mmuuid:d2abfa58-1e2e-4fee-a5b8-b8f4d56b0f80"" name=""PersonObject"" nameInSource=""this"" nativeType=""java.lang.Object"" fixedLength=""true"" updateable=""false"" searchability=""UNSEARCHABLE"" radix=""0"">
       <type href=""http://www.metamatrix.com/metamodels/SimpleDatatypes-instance#object""/>
     </columns>
@@ -363,9 +363,9 @@
     <columns xmi:uuid=""mmuuid:971ad415-0152-414e-a5e7-3a8ff6b73304"" name=""email"" nameInSource=""email"" nativeType=""java.lang.String"" length=""10"" fixedLength=""true"" searchability=""UNSEARCHABLE"" radix=""0"">
       <type href=""http://www.w3.org/2001/XMLSchema#string""/>
     </columns>
     <primaryKey xmi:uuid=""mmuuid:42de0dc4-4bca-4852-b051-635f5df6c5ea"" name=""PK_ID"" nameInSource=""PK_ID"" columns=""mmuuid/eec769f8-18e3-4707-a0fc-65f90938c547"" foreignKeys=""mmuuid/34fd8cb2-dd95-4c21-a586-a2d0b57ca7d2""/>
   </relational:BaseTable>
   <relational:BaseTable xmi:uuid=""mmuuid:31e7bf0b-f0ed-45b0-9ab2-9a5cac28e543"" name=""PhoneNumber"" nameInSource=""addressbook_indexed"">
     <columns xmi:uuid=""mmuuid:8d95f7c4-4173-4582-8343-2bb151f73a42"" name=""number"" nameInSource=""phone.number"" nativeType=""java.lang.String"" length=""10"" fixedLength=""true"" radix=""0"">
       <type href=""http://www.w3.org/2001/XMLSchema#string""/>
     </columns>
@@ -379,8 +379,28 @@
   </relational:BaseTable>
   <diagram:DiagramContainer xmi:uuid=""mmuuid:a41ded64-9c31-493e-b351-7875846e6ee7"">
     <diagram xmi:uuid=""mmuuid:018a2fe9-8df0-43ff-a589-e2302e02694c"" type=""packageDiagramType"" target=""mmuuid/32809594-dd43-4ed3-8e2b-1ae8fb3ef9e8"">
       <diagramEntity xmi:uuid=""mmuuid:f70b4b4f-d1e8-4b3d-aa6b-d0486701ae9d"" modelObject=""mmuuid/1314d84d-52e0-4472-ab26-acd452f77146"" xPosition=""30"" yPosition=""30""/>
       <diagramEntity xmi:uuid=""mmuuid:60c6fba8-22b5-4286-af38-e78ab716f7eb"" modelObject=""mmuuid/31e7bf0b-f0ed-45b0-9ab2-9a5cac28e543"" xPosition=""291"" yPosition=""37""/>
     </diagram>
   </diagram:DiagramContainer>
 </xmi:XMI>
",414,,,
509,"@@ -29,4 +29,18 @@ message Person {
 
    /* @IndexedField(index=true, store=false) */
    repeated PhoneNumber phone = 4;
 }
",362,,,
510,"@@ -1,5 +1,12 @@
 CREATE FOREIGN TABLE Person (
 	PersonObject object OPTIONS (NAMEINSOURCE 'this', SELECTABLE FALSE, UPDATABLE FALSE, SEARCHABLE 'Unsearchable', NATIVE_TYPE 'org.jboss.as.quickstarts.datagrid.hotrod.query.domain.Person'),
 	name string NOT NULL OPTIONS (NAMEINSOURCE 'name', SEARCHABLE 'Searchable', NATIVE_TYPE 'java.lang.String'),
 	id integer NOT NULL OPTIONS (NAMEINSOURCE 'id', SEARCHABLE 'Searchable', NATIVE_TYPE 'int'),
 	email string OPTIONS (NAMEINSOURCE 'email', SEARCHABLE 'Unsearchable', NATIVE_TYPE 'java.lang.String'),
@@ -9,6 +16,6 @@ CREATE FOREIGN TABLE Person (
 CREATE FOREIGN TABLE PhoneNumber (
 	number string NOT NULL OPTIONS (NAMEINSOURCE 'phone.number', SEARCHABLE 'Searchable', NATIVE_TYPE 'java.lang.String'),
 	type string OPTIONS (NAMEINSOURCE 'phone.type', SEARCHABLE 'Unsearchable', NATIVE_TYPE 'java.lang.Enum'),
 	id integer NOT NULL OPTIONS (NAMEINSOURCE 'id', SEARCHABLE 'Searchable', NATIVE_TYPE 'int'),
 	CONSTRAINT FK_PERSON FOREIGN KEY(id) REFERENCES Person (id) OPTIONS (NAMEINSOURCE 'phones')
 ) OPTIONS (UPDATABLE TRUE);
\ No newline at end of file
",363,,,
511,"@@ -0,0 +1,21 @@
\ No newline at end of file
",364,,,
512,"@@ -41,5 +41,7 @@ public interface InfinispanCacheConnection extends ObjectConnection {
 	@SuppressWarnings(""rawtypes"")
 	public QueryFactory getQueryFactory() throws TranslatorException;
 	
 	
 }
",47,,,
513,"@@ -34,6 +34,7 @@
  * @author vhalbert
  *
  */
 @Translator(name = ""infinispan-cache"", description = ""The Infinispan Cache Library Mode Translator (Deprecated)"")
 public class InfinispanCacheExecutionFactory extends InfinispanLibModeExecutionFactory {
 
",415,,,
514,"@@ -49,7 +49,7 @@
  * @author vhalbert
  *
  */
 @Translator(name = ""ispn-lib-mode"", description = ""(Deprecated) Translator used for accessing Infinispan cache running in Library Mode "")
 public class InfinispanLibModeExecutionFactory extends ObjectExecutionFactory {
 	public static final Version SIX_6 = Version.getVersion(""6.6""); //$NON-NLS-1$
 
@@ -81,7 +81,7 @@ public InfinispanLibModeExecutionFactory() {
 		
 		setSupportedJoinCriteria(SupportedJoinCriteria.EQUI);
 
 	}
 	
 	public boolean isFullQuerySupported() {
 		return this.supportsDSLSearching ;
",292,,,
515,"@@ -27,7 +27,7 @@ public static ObjectConnection createNonAnnotatedConnection(String configFile, V
 		
 		container.startCache(TradesCacheSource.TRADES_CACHE_NAME);
 		TradesCacheSource.loadCache(container.getCache(TradesCacheSource.TRADES_CACHE_NAME));
 		ObjectConnection conn = TradesCacheSource.createConnection(container.getCache(TradesCacheSource.TRADES_CACHE_NAME), false, version);
 
 		return conn;  	
 	}
",74,,,
516,"@@ -21,27 +21,18 @@
  */
 package org.teiid.translator.object;
 
 import java.beans.BeanInfo;
 import java.beans.IndexedPropertyDescriptor;
 import java.beans.IntrospectionException;
 import java.beans.Introspector;
 import java.beans.MethodDescriptor;
 import java.beans.PropertyDescriptor;
 import java.lang.reflect.Method;
 import java.util.ArrayList;
 import java.util.Collections;
 import java.util.HashMap;
 import java.util.Iterator;
 import java.util.LinkedHashMap;
 import java.util.List;
 import java.util.Map;
 
 import javax.script.ScriptException;
 
 import org.teiid.core.util.LRUCache;
 import org.teiid.core.util.StringUtil;
 import org.teiid.query.eval.TeiidScriptEngine;
 import org.teiid.translator.TranslatorException;
 
 
 /**
@@ -56,65 +47,70 @@ public class ClassRegistry {
 	
 	public static final String OBJECT_NAME = ""o""; //$NON-NLS-1$
 
 	private TeiidScriptEngine readEngine = new TeiidScriptEngine();
 	
 	private Map<String, Class<?>> registeredClasses = new HashMap<String, Class<?>>(3); // fullClassName, Class
 	private Map<String, Class<?>> tableNameClassMap = new HashMap<String, Class<?>>(3); // simpleClassName(i.e., tableName), Class 
 	private Map<String, Map<String, Method>> classReadMethodMap = new HashMap<String, Map<String, Method>>(100);
 	private Map<String, Map<String, Method>> classWriteMethodMap = Collections.synchronizedMap(new LRUCache<String, Map<String,Method>>(100));
 
 	public synchronized void registerClass(Class<?> clz) throws TranslatorException {
 			// preload methods
 	
 			registeredClasses.put(clz.getName(), clz);	
 			tableNameClassMap.put(clz.getSimpleName(), clz);
 			
 			try {
 				classReadMethodMap.put(clz.getName(),  readEngine.getMethodMap(registeredClasses.get(clz.getName())));
 			} catch (ScriptException e) {
 				throw new TranslatorException(e);
 			}
 
 			// using SimpleName, because that's what the table name should be called, or the nameinsource
 			classWriteMethodMap.put(clz.getSimpleName(),getWriteMethodMap(clz));
 
 	}
 	
 	public synchronized void unregisterClass(Class<?> clz)  {
 			registeredClasses.remove(clz.getName());	
 			tableNameClassMap.remove(clz.getSimpleName());	
 			classReadMethodMap.remove(clz.getName());
 	}
 
 	
 	public TeiidScriptEngine getReadScriptEngine() {
 		return readEngine;
 	}
 	
 	public synchronized Map<String, Method> getReadClassMethods(String className) throws TranslatorException {	
 		Map<String, Method> methodMap = null; 
 		methodMap = classReadMethodMap.get(className);
 		if (methodMap != null) {
 			return methodMap;
 		}		
 
 		String msg = ObjectPlugin.Util.gs(ObjectPlugin.Event.TEIID21000, ""read"", ""class:"" +className);
 		throw new TranslatorException(msg);
 
 	}	
 	
 	public synchronized Map<String, Method> getWriteClassMethods(String tableName) throws TranslatorException {	
 
 		Map<String, Method> methodMap = null; 
 		methodMap = classWriteMethodMap.get(tableName);
 		if (methodMap != null) {
 			return methodMap;
 		}
 		
 		String msg = ObjectPlugin.Util.gs(ObjectPlugin.Event.TEIID21000, ""write"", ""table:"" + tableName);
 		throw new TranslatorException(msg);
 	}		
 
 	public Class<?> getRegisteredClass(String className) {
 		return registeredClasses.get(className);
 	}
@@ -151,66 +147,35 @@ public static Object executeSetMethod(Method m, Object api, Object arg) throws E
     		
     	}
     } 
     
     public  Map<String, Method> getWriteMethodMap(Class<?> clazz) throws TranslatorException {
     	LinkedHashMap<String, Method> methodMap = new LinkedHashMap<String, Method>();
     	
 		try {
 			BeanInfo info = Introspector.getBeanInfo(clazz);
 			PropertyDescriptor[] pds = info.getPropertyDescriptors();
 			
 			if (pds != null) {
 				for (int j = 0; j < pds.length; j++) {
 					PropertyDescriptor pd = pds[j];
 					if (pd.getWriteMethod() == null || pd instanceof IndexedPropertyDescriptor) {
 						continue;
 					}
 //					String name = pd.getName();
 					Method m = pd.getWriteMethod();
 						
 					registerWriteMethod(m, methodMap);
 						
 				}
 			}
 			MethodDescriptor[] mds = info.getMethodDescriptors();
 			if (pds != null) {
 				for (int j = 0; j < mds.length; j++) {
 					MethodDescriptor md = mds[j];
 								
 					if (md.getMethod() == null ) {
 						continue;
 					}
 					
 					registerWriteMethod(md.getMethod(), methodMap);
 
 				}
 			}
 
 		} catch (IntrospectionException e) {
 			throw new TranslatorException(e);
 		}
 		return methodMap;
 	}
     
     private void registerWriteMethod(Method method, LinkedHashMap<String, Method> methodMap) {
 		String name = method.getName();
 		
 		if (! name.startsWith(""set"") || method.getParameterTypes().length !=1 || (method.getReturnType() != Void.class && method.getReturnType() != void.class)) {
 			return;
 		}
 
 		methodMap.put(name, method);
 		
 		String nname = name.substring( 3 );
 		methodMap.put(nname.toLowerCase(), method);
 	
     }
     
     public void cleanUp() {
     	registeredClasses.clear();
     	tableNameClassMap.clear();
     	classReadMethodMap.clear();
     	classWriteMethodMap.clear();
 
     }
 
",342,,,
517,"@@ -39,6 +39,10 @@ public void close() {
 	   env = null;
 	   connection = null;
 	}
 
 	public void cancel()  {
 		close();
",416,,,
518,"@@ -168,6 +168,20 @@ public interface ObjectConnection {
 	 * @return DDLHandler
 	 */
 	public DDLHandler getDDLHandler();
 
 	
 }
",329,,,
519,"@@ -22,10 +22,10 @@
 
 package org.teiid.translator.object;
 
 import java.util.ArrayList;
 import java.util.Collection;
 import java.util.Collections;
 import java.util.HashMap;
 import java.util.Iterator;
 import java.util.List;
 import java.util.Map;
@@ -139,7 +139,7 @@ boolean isArray() {
 			return (ot == OBJECT_TYPE.ARRAY);
 		}
 		
 		boolean isObjectValue() {
 			return (ot == OBJECT_TYPE.VALUE);
 		}
 		
@@ -182,7 +182,7 @@ protected Object clone() {
 	protected Command query;
 	private Object[] colObjects;
 	private ScriptContext sc = new SimpleScriptContext();
 	private TeiidScriptEngine scriptEngine;
 	private Iterator<Object> objResultsItr = null;
 	private Iterator<Object> cacheResultsIt = null;
 	private ObjectVisitor visitor;
@@ -215,7 +215,6 @@ public ObjectExecution(Command command,
 		int col = 0;
 		for (DerivedColumn dc : cols) {
 			ColumnReference cr = (ColumnReference) dc.getExpression();
 			String name = cr.getName();
 			
 			String nis = ObjectUtil.getRecordName(cr.getMetadataObject());
 
@@ -228,12 +227,12 @@ public ObjectExecution(Command command,
 					if (fk == null) {
 						throw new TranslatorException(ObjectPlugin.Util.gs(ObjectPlugin.Event.TEIID21003, new Object[] { ((Select)query).getFrom()}));
 					}
 						DepthNode dn = new DepthNode(ObjectUtil.getRecordName(fk) + ""."" + name, col);
  						colObjects[col] = dn;
 						 						
  						int n =dn.getNumberOfNodes();
 
 						if (n > depth) depth = n;
 					
 			} else {
 				
@@ -285,50 +284,31 @@ public List<?> next() throws TranslatorException,
 			return (List<Object>) cacheResultsIt.next();
 		} 
 		
 		cacheResultsIt = null;
 		
 		// process the next object in the search result set
 		while (objResultsItr.hasNext()) {
 			List<Object> r = new ArrayList<Object>(colSize);
 			final Object o = objResultsItr.next();
 			sc.setAttribute(ClassRegistry.OBJECT_NAME, o, ScriptContext.ENGINE_SCOPE);			
 			
 			if (depth > 0) {
 				// this contains the object returned from a node that has depth
 				// key=value   ---  nodename=Object
 				// it should contain 2 types of relationships
 				// 1.  Collection based object (list, map, arraylist)
 				// 2.  non-primitive type object
 				Map<String, DepthNode> loadedDepths = new HashMap<String, DepthNode>();  // nodename ==> value
 				// process all the columns for a row, before processing depth
 				for (int i = 0; i < colSize; i++) {
 					if (colObjects[i] == null) {
 						r.add(o);
 						continue;
 					}					
 					
 					try {
 						if (colObjects[i] instanceof CompiledScript) {
 							CompiledScript cs = (CompiledScript) colObjects[i];
 							r.add(cs.eval(sc));
 						} else {
 							DepthNode dn = (DepthNode) colObjects[i];	
 							dn.reset();
 							Object depthObject = getCompiledNode(dn.getCurrentNodeName()).eval(sc);
 							dn.setValue(depthObject);
 							
 								// only include those that contain multiple objects
 							loadedDepths.put(dn.getDepthNodes(), dn);
 							r.add(dn);
 						}
 						
 					} catch (ScriptException e) {
 						throw new TranslatorException(e);
 					}
 				}
 				
 				final List<Object> rows = processDepth( r, loadedDepths);
 				
 				if (rows != null && rows.size() > 0) {
 				
 					if (rows.size() < 2) return (List<Object>) rows.get(0);
@@ -338,22 +318,10 @@ public List<?> next() throws TranslatorException,
 						// return the next row in the cache 
 						return (List<Object>) cacheResultsIt.next();
 					} 
 
 				}
 			} else {
 
 				for (int i = 0; i < colSize; i++) {
 					if (colObjects[i] == null) {
 						r.add(o);
 						continue;
 					}
 					try {
 						CompiledScript cs = (CompiledScript) colObjects[i];					
 						r.add(cs.eval(sc));
 					} catch (ScriptException e) {
 						throw new TranslatorException(e);
 					}
 				}	
 				
 				return r;
 			}
@@ -362,188 +330,300 @@ public List<?> next() throws TranslatorException,
 		return null;
 	}
 	
 	// the recursive logic will traverse to the bottom depth and work its way back up
 	// expanding the the number of rows
 	@SuppressWarnings(""rawtypes"")
 	private List<Object> processDepth(List<Object> mainRow, Map<String, DepthNode> loadedDepths) throws TranslatorException {
 		
 		// assumptions:
 		// -  only 1 1-to-many relationship can be specified per query, so if more than one column maps to a collection, 
 		//		its assumed they all map to the same collection
 		
 		Object[] cols = new Object[colSize];
 
 		int rows = 0;
 		if (this.depth > 0) {
 			for (Object r: mainRow) {
 				if (r instanceof DepthNode) {
 					DepthNode dn = (DepthNode) r;
 					dn.incrementPosition();
 					if (dn.isLast() && dn.isObjectValue()) {
 						Object o = evaluate(dn);
 						dn.setValue(o);
 						cols[dn.getColumnLocation()] = o;
 					} else {
 						List<Object> newrows = processNode(dn);
 						dn.setValue(newrows);
 						cols[dn.getColumnLocation()] = newrows;
 						rows = newrows.size();
 					}
 				}
 			}
 		}
 		
 		// contains the rows to be returned
 		List<Object> results = new ArrayList<Object>();
 
 		for (int r=0; r < rows; r++) {
 			
 			List<Object> row = new ArrayList<Object>(colSize);
 
 			for (int c = 0; c < colSize; c++) {
 				Object o = mainRow.get(c);
 				if (cols[c] == null) {
 					row.add(o);
 				} else {
 					if (cols[c] instanceof List) {
 						List l = (List) cols[c];
 						row.add(l.get(r));
 					} else {
 						row.add(cols[c]);
 					}
 					
 				}
 					
 			}
 			
 			results.add(row);
 		}
 			
 		return results;	
 
 	}
 	
 	@SuppressWarnings(""rawtypes"")
 	private List<Object> processNode(DepthNode depthNode) throws TranslatorException {
 		List<Object> rows = new ArrayList<Object>();
 			//	Collections.emptyList();
 		
 		Object obj = depthNode.getValue();
 		if (obj == null) return rows;
 		
 		try {
 			
 			if (depthNode.isCollection()) {
 				Collection c = (Collection) obj;
 				
 				CompiledScript cs = getCompiledNode(depthNode.getCurrentNodeName());
 								
 				for (Iterator it=c.iterator(); it.hasNext();) {
 					Object o = it.next();
 
 					if (o == null) {
 						rows.add(null);
 						continue;
 					}
 
 					sc.setAttribute(ClassRegistry.OBJECT_NAME, o, ScriptContext.ENGINE_SCOPE);
 
 					Object v = cs.eval(sc);
 					
 					DepthNode ndn;
 					ndn = (DepthNode) depthNode.clone();
 
 					ndn.setValue(v);
 					
 					if (ndn.hasNext()) {
 						ndn.incrementPosition();
 						
 						List<Object> values = processNode(ndn);
 						rows.add(values);
 					} else {
 						rows.add(v);
 					}
 				}
 				
 			} else if (depthNode.isMap()) {
 				Map m = (Map) obj;
 				
 				CompiledScript cs = getCompiledNode(depthNode.getCurrentNodeName());
 				depthNode.incrementPosition();
 				Iterator it = m.values().iterator();
 				while(it.hasNext()) {
 					Object o = it.next();
 					if (o == null) {
 						rows.add(null);
 						continue;
 					}
 					sc.setAttribute(ClassRegistry.OBJECT_NAME, o, ScriptContext.ENGINE_SCOPE);
 
 					Object v = cs.eval(sc);
 					
 					DepthNode ndn;
 					ndn = (DepthNode) depthNode.clone();
 					ndn.setValue(v);
 					ndn.incrementPosition();
 					
 					List<Object> values = processNode(ndn);
 					rows.add(values);
 
 				}
 				
 			} else if (depthNode.isArray()) {
 				Object[] a = (Object[]) obj;
 								
 				CompiledScript cs = getCompiledNode(depthNode.getCurrentNodeName());
 				depthNode.incrementPosition();
 				
 				for (int i = 0; i < a.length; i++) {
 
 					if (a[i] == null) {
 						rows.add(null);
 						continue;
 					}
 					sc.setAttribute(ClassRegistry.OBJECT_NAME, a[i], ScriptContext.ENGINE_SCOPE);
 
 					Object v = cs.eval(sc);
 					
 					DepthNode ndn;
 					ndn = (DepthNode) depthNode.clone();
 					ndn.setValue(v);
 					ndn.incrementPosition();
 					
 					List<Object> values = processNode(ndn);
 					rows.add(values);
 
 				}
 				// 
 			} else {
 				sc.setAttribute(ClassRegistry.OBJECT_NAME, depthNode.getValue(), ScriptContext.ENGINE_SCOPE);
 				Object v = getCompiledNode(depthNode.getCurrentNodeName()).eval(sc);
 				depthNode.incrementPosition();
 				rows.add(v);
 				return rows;
 			}
 
 		} catch (TranslatorException te) {
 			throw te;
 		} catch (ScriptException e) {
 			throw new TranslatorException(e);
 		}
 		return rows;
 	}
 	
 	private Object evaluate(DepthNode depthNode) throws TranslatorException {
 		sc.setAttribute(ClassRegistry.OBJECT_NAME, depthNode.getValue(), ScriptContext.ENGINE_SCOPE);
 		Object v;
 		try {
 			v = getCompiledNode(depthNode.getCurrentNodeName()).eval(sc);
 		} catch (ScriptException e) {
 			throw new TranslatorException(e);
 		}
 		return v;
 
 	}
 	
 	@Override
 	public void close() {
@@ -578,4 +658,5 @@ public ObjectExecutionFactory getFactory() {
 	public Command getCommand() {
 		return this.query;
 	}
 }
",330,,,
520,"@@ -54,7 +54,7 @@ public abstract class ObjectExecutionFactory extends
 	private boolean searchabilityBasedOnAnnotations = false;
 	
 	public ObjectExecutionFactory() {
 		setSourceRequiredForMetadata(false);
 		setMaxInCriteriaSize(MAX_SET_SIZE);
 		setMaxDependentInPredicates(1);
 
@@ -66,6 +66,11 @@ public ObjectExecutionFactory() {
 			
 	}
 	
 	/**
 	 * {@inheritDoc}
 	 *
@@ -132,5 +137,14 @@ public MetadataProcessor<ObjectConnection> getMetadataProcessor(){
 	public boolean supportsRowLimit() {
 		return true;
 	}
 
 }
",331,,,
521,"@@ -0,0 +1,324 @@
\ No newline at end of file
",417,,,
522,"@@ -25,6 +25,7 @@
 package org.teiid.translator.object;
 
 import java.lang.reflect.Method;
 import java.util.Collection;
 import java.util.List;
 import java.util.Map;
@@ -37,7 +38,6 @@
 import org.teiid.core.types.DataTypeManager;
 import org.teiid.core.types.TransformationException;
 import org.teiid.core.util.PropertiesUtils;
 import org.teiid.core.util.StringUtil;
 import org.teiid.language.BatchedUpdates;
 import org.teiid.language.ColumnReference;
 import org.teiid.language.Command;
@@ -50,7 +50,6 @@
 import org.teiid.language.Update;
 import org.teiid.logging.LogConstants;
 import org.teiid.logging.LogManager;
 import org.teiid.logging.MessageLevel;
 import org.teiid.metadata.Column;
 import org.teiid.metadata.ForeignKey;
 import org.teiid.query.eval.TeiidScriptEngine;
@@ -63,9 +62,6 @@
 /**
  */
 public class ObjectUpdateExecution extends ObjectBaseExecution implements UpdateExecution {
 	public static final String GET = ""get""; //$NON-NLS-1$
 	public static final String SET = ""set""; //$NON-NLS-1$
 	public static final String IS = ""is""; //$NON-NLS-1$
 
 	private ScriptContext sc = new SimpleScriptContext();
 
@@ -89,22 +85,20 @@ public ObjectUpdateExecution(Command command,
 	// ===========================================================================================================================
 
 	@Override
 	public void execute() throws TranslatorException {
 		ClassRegistry classRegistry = connection.getClassRegistry();
 
 		int index = 0;
 
 		if (command instanceof BatchedUpdates) {
 			BatchedUpdates updates = (BatchedUpdates)this.command;
 			result = new int[updates.getUpdateCommands().size()];
 			for (Command cmd:updates.getUpdateCommands()) {
 				
 				this.result[index++] = executeUpdate(cmd, classRegistry);
 			}		
 			
 		} else {
 			result = new int[1];
 			this.result[index] = executeUpdate(command, classRegistry);
 		}
 	
 	}
@@ -114,8 +108,9 @@ public int[] getUpdateCounts() throws DataNotAvailableException {
 		return this.result;
 	}
 	
 	private int executeUpdate(Command command, ClassRegistry classRegistry ) throws TranslatorException {
 		
 		ObjectVisitor visitor = createVisitor();
 		visitor.visitNode(command);
 
@@ -124,22 +119,28 @@ private int executeUpdate(Command command, ClassRegistry classRegistry ) throws
 			throw visitor.getExceptions().get(0);
 		}
 		
 		clz = getRegisteredClass(classRegistry, visitor);
 
 		Map<String, Method> writeMethods = classRegistry.getWriteClassMethods(clz.getSimpleName());
 		
 		int cnt = 0;
 		try {
 			if (visitor.getPrimaryTable() != null) {
 				this.connection.getDDLHandler().setStagingTarget(true);
 			}
 			if (command instanceof Update) {
 				cnt = handleUpdate((Update) command, visitor, classRegistry, writeMethods);
 				
 			} else if (command instanceof Delete) {
 				cnt = handleDelete((Delete) command, visitor);
 				
 			} else if (command instanceof Insert) {
 				cnt = handleInsert((Insert) command, visitor, clz, writeMethods);
 				
 			} else {
@@ -151,19 +152,6 @@ private int executeUpdate(Command command, ClassRegistry classRegistry ) throws
 		return cnt;
 	}
 
 	private Class<?> getRegisteredClass(ClassRegistry classRegistry, ObjectVisitor visitor) throws TranslatorException {
 		String tname = (visitor.getPrimaryTable() != null ? visitor.getPrimaryTable() :  visitor.getTableName());
 		if (tablename != null && tablename.equals(tname) ) {
 			return clz;
 		}
 		tablename = tname;
 		clz = classRegistry.getRegisteredClassUsingTableName(tname);
 		if (clz == null) {
 			throw new TranslatorException(ObjectPlugin.Util.gs(ObjectPlugin.Event.TEIID21005, new Object[] {visitor.getTableName()}));
 		}
 		return clz;
 	}
 
 	private int handleInsert(Insert insert, ObjectVisitor visitor,  Class<?> clz, Map<String, Method> writeMethods) throws TranslatorException {
 
 		Object entity = null;
@@ -180,7 +168,7 @@ private int handleInsert(Insert insert, ObjectVisitor visitor,  Class<?> clz, Ma
 		ForeignKey fk = visitor.getForeignKey();
 		
 		if (fk != null) {
 			int r = handleInsertChildObject(visitor, entity, writeMethods);
 			return r;
 		}
 		
@@ -209,7 +197,7 @@ private int handleInsert(Insert insert, ObjectVisitor visitor,  Class<?> clz, Ma
 					
 				writeColumnData(entity, column, value, writeMethods);
 				
 				keyValue = evaluate(entity, ObjectUtil.getRecordName(keyCol), connection.getClassRegistry().getReadScriptEngine());
 				
 			} else {
 				
@@ -240,24 +228,32 @@ private int handleInsert(Insert insert, ObjectVisitor visitor,  Class<?> clz, Ma
 
 	}
 
 	private int handleInsertChildObject(ObjectVisitor visitor, Object newEntity, Map<String, Method> writeMethods) throws TranslatorException {
 
 		ForeignKey fk = visitor.getForeignKey();
 
 		String fkeyColNIS = visitor.getForeignKeyNameInSource();
 		
 		List<ColumnReference> columns = visitor.getInsert().getColumns();
 		List<Expression> values = ((ExpressionValueSource) visitor.getInsert()
 				.getValueSource()).getValues();
 		
 		Object fkeyValue = null;
 		
 		for (int i = 0; i < columns.size(); i++) {
 
 			Column column = columns.get(i).getMetadataObject();
 			Object value = values.get(i);
 
 			if (fkeyColNIS.equals(ObjectUtil.getRecordName(column)) ) {
 				if (value instanceof Literal) {
 					Literal literalValue = (Literal) value;
 					fkeyValue = literalValue.getValue();
@@ -271,60 +267,84 @@ private int handleInsertChildObject(ObjectVisitor visitor, Object newEntity, Map
 					Literal literalValue = (Literal) value;
 					value = literalValue.getValue();
 				}
 				
 				writeColumnData(newEntity, column, value, writeMethods);
 
 			}
 		}
 		
 
 		fkeyValue = convertKeyValue(fkeyValue, visitor.getPrimaryKeyCol());
 		String fk_nis = fk.getNameInSource();
 		// don't perform a search when doing inserts for materialization
 						
 		Object rootObject = connection.getSearchType().performKeySearch(fkeyColNIS, fkeyValue, executionContext) ; 
 				//env.performKeySearch(fkeyColNIS, fkeyValue, connection, executionContext);
 
 		if (rootObject == null) {
 			throw new TranslatorException(ObjectPlugin.Util.gs(ObjectPlugin.Event.TEIID21015, new Object[] {fkeyValue, visitor.getTableName()}));
 		}
 		Object childrenObjects = this.evaluate(rootObject, fk_nis, connection.getClassRegistry().getReadScriptEngine());
 			
 		if (childrenObjects != null) {
 			// next
 			if (Collection.class.isAssignableFrom(childrenObjects.getClass())) {
 				@SuppressWarnings(""rawtypes"")
 				Collection c = (Collection) childrenObjects;
 				c.add(newEntity);
 
 				Map<String, Method> rootwriteMethods = connection.getClassRegistry().getWriteClassMethods(visitor.getRootTableName());
 
 				writeColumnData(rootObject, fk_nis, c, rootwriteMethods);
 
 			} else if (Map.class.isAssignableFrom(childrenObjects.getClass())) {
 				throw new TranslatorException(ObjectPlugin.Util.gs(ObjectPlugin.Event.TEIID21008, new Object[] {visitor.getTableName()}));
 
 			} else if (childrenObjects.getClass().isArray()) {
 				Object[] a = (Object[]) childrenObjects;
 				Object[] n = new Object[a.length + 1];
 				int i = 0;
 				for (Object o:a) {
 					n[i] = o;
 				}
 				n[i] = newEntity;
 				
 				writeColumnData(newEntity, fk_nis, n, writeMethods);
 			} 
 		}
 		
 		connection.update(fkeyValue, rootObject);
 		
 		return 1;
 
 	}
 
 	// Private method to actually do a delete operation. 
 	private int handleDelete(Delete delete, ObjectVisitor visitor) throws TranslatorException {
 				
 		// if this is the root class (no foreign key), then for each object, obtain
 		// the primary key value and use it to be removed from the cache
@@ -343,8 +363,8 @@ private int handleDelete(Delete delete, ObjectVisitor visitor) throws Translator
 		}
 		int cnt = 0;
 		try {
 			TeiidScriptEngine scriptEngine = connection.getClassRegistry().getReadScriptEngine();
 							
 			CompiledScript cs = scriptEngine.compile(ClassRegistry.OBJECT_NAME + ""."" +  ObjectUtil.getRecordName(keyCol));
 
 			for (Object o : toDelete) {
@@ -438,7 +458,7 @@ private int handleDelete(Delete delete, ObjectVisitor visitor) throws Translator
 	}
 
 	// Private method to actually do an update operation. 
 	private int handleUpdate(Update update, ObjectVisitor visitor, ClassRegistry classRegistry, Map<String, Method> writeMethods) throws TranslatorException {
 		// Find all the objects that meet the criteria for updating
 		List<Object> toUpdate = connection.getSearchType().performSearch(visitor, executionContext) ;
 				//env.search(visitor, connection, executionContext);
@@ -466,7 +486,7 @@ private int handleUpdate(Update update, ObjectVisitor visitor, ClassRegistry cla
 		if (keyCol != null) {
 			for (Object entity:toUpdate) {
 				
 				Object keyValue = evaluate(entity, ObjectUtil.getRecordName(keyCol), classRegistry.getReadScriptEngine());
 				
 				for (SetClause sc:updateList) {
 					Column column = sc.getSymbol().getMetadataObject();
@@ -504,13 +524,20 @@ public void close() {
 		result = null;
 	}
 
 	private Object evaluate(Object value, String columnName, TeiidScriptEngine scriptEngine)
 			throws TranslatorException {
 		sc.setAttribute(ClassRegistry.OBJECT_NAME, value,
 				ScriptContext.ENGINE_SCOPE);
 		try {
 			CompiledScript cs = scriptEngine.compile(ClassRegistry.OBJECT_NAME
 					+ ""."" + columnName);
 			final Object v = cs.eval(sc);
 			return v;
 		} catch (ScriptException e) {
@@ -538,37 +565,26 @@ private void writeColumnData(Object entity, Column column, Object value, Map<Str
 	
 			writeColumnData(entity, nis, value, writeMethods);
 	}
 	private void writeColumnData(Object entity, String nameInSource, Object value, Map<String, Method> writeMethods) throws TranslatorException {
 		
 			
 			// if this is a child table, the nis will have the table.columnName formatted
 			if (nameInSource.contains(""."")) {
 				nameInSource = StringUtil.getLastToken(nameInSource, ""."");
 			}
 
 			Method m = writeMethods.get(nameInSource);
 			if (m == null) {
 				m = writeMethods.get(nameInSource.toLowerCase());
 
 			}
 
 			if (m == null) {
 				if (LogManager.isMessageToBeRecorded(LogConstants.CTX_CONNECTOR, MessageLevel.TRACE)) {
 					LogManager.logTrace(LogConstants.CTX_CONNECTOR,
 							""ObjectUpdateExecution API name :"",entity.getClass().getName()); //$NON-NLS-1$
 					//ClassRegistry.print(writeMethods);
 				}
 				
 				throw new TranslatorException(ObjectPlugin.Util.gs(ObjectPlugin.Event.TEIID21010, new Object[] {entity.getClass().getSimpleName(), nameInSource}));
 
 			}
 			try {
 				if (value == null) {
 					ClassRegistry.executeSetMethod(m, entity, value);
 					return;
 				}
 				final Class<?> sourceClassType = value.getClass();
 				final Class<?> targetClassType = m.getParameterTypes()[0];
 				if (targetClassType.isEnum()) {
 					Object[] con = targetClassType.getEnumConstants();
 					for (Object c:con) {
@@ -599,6 +615,7 @@ private void writeColumnData(Object entity, String nameInSource, Object value, M
 
 				
 			} catch (Exception e) {
 				throw new TranslatorException(e);
 			}
 
",332,,,
523,"@@ -75,7 +75,7 @@ public class ObjectVisitor extends HierarchyVisitor {
 	private int limit;
 	private int numForeignKeys;
 	private ForeignKey fk = null;	
 	private String fkeyColNIS = null;
 	private Column pkkeyCol = null;
 	private BaseLanguageObject command=null;
 	private boolean isSelect = false;
@@ -113,8 +113,8 @@ public void addException(TranslatorException e) {
 	}
 	
 	private void setTable(NamedTable t) {
 		String tn = ObjectUtil.getRecordName(t.getMetadataObject());
 		// remove any folders that exist within the model (these are not folders that the models resides in).
 		if (tn.contains(""."")) {
 			tn = StringUtil.getLastToken(tn, ""."");
 		}
@@ -154,8 +154,8 @@ public ForeignKey getForeignKey() {
 		return this.fk;
 	}
 	
 	public String getForeignKeyNameInSource() {
 		return this.fkeyColNIS;
 	}
 	
 	public boolean isSelectCommand(){
@@ -194,16 +194,16 @@ public void visit(NamedTable obj) {
 			if (fkeys.size() > 0) { 
 				numForeignKeys++;
 				fk = fkeys.get(0);
 				fkeyColNIS = getForeignKeyNIS(obj, fk);
 				if (fkeyColNIS == null) {
 					this.addException(new TranslatorException(ObjectPlugin.Util.gs(ObjectPlugin.Event.TEIID21006, new Object[] { ( this.isSelect ? ""Select"" : ""Update""), obj.getName()})));
 				}
 				
 				rootTableName = fk.getReferenceKey().getParent().getName();
 			}
 			
 			
 			if (fkeyColNIS == null && this.pkkeyCol == null) {
 				addException( new TranslatorException(ObjectPlugin.Util.gs(ObjectPlugin.Event.TEIID21006, new Object[] {( this.isSelect ? ""Select"" : ""Update""),obj.getName()})));
 			}			
 		
@@ -372,7 +372,7 @@ public void visit(In obj) {
 	
 	}	
 	
 	protected String getForeignKeyNIS(NamedTable table, ForeignKey fk)  {
 
 		String fkeyColNIS = null;
 		
@@ -389,6 +389,24 @@ protected String getForeignKeyNIS(NamedTable table, ForeignKey fk)  {
 
 	}
 	
 	public void cleanUp() {
 		if (projectedColumns != null) projectedColumns.clear();
 		projectedColumns = null;
",60,,,
524,"@@ -26,6 +26,7 @@
 import java.lang.reflect.Method;
 import java.util.ArrayList;
 import java.util.LinkedHashMap;
 import java.util.Map;
 
 import org.teiid.logging.LogConstants;
@@ -34,13 +35,12 @@
 import org.teiid.metadata.Column;
 import org.teiid.metadata.Column.SearchType;
 import org.teiid.metadata.ExtensionMetadataProperty;
 import org.teiid.metadata.MetadataException;
 import org.teiid.metadata.MetadataFactory;
 import org.teiid.metadata.Table;
 import org.teiid.translator.MetadataProcessor;
 import org.teiid.translator.TranslatorException;
 import org.teiid.translator.TranslatorProperty;
 import org.teiid.translator.TranslatorProperty.PropertyType;
 import org.teiid.translator.TypeFacility;
 import org.teiid.translator.object.ClassRegistry;
 import org.teiid.translator.object.ObjectConnection;
@@ -60,48 +60,120 @@ public class JavaBeanMetadataProcessor implements MetadataProcessor<ObjectConnec
     public static final String PRIMARY_TABLE_PROPERTY= OBJECT_URI+PRIMARY_TABLE; //$NON-NLS-1$
 
 	public static final String GET = ""get""; //$NON-NLS-1$
 	public static final String IS = ""is""; //$NON-NLS-1$
 		
 	public static final String VIEWTABLE_SUFFIX = ""View""; //$NON-NLS-1$
 	public static final String OBJECT_COL_SUFFIX = ""Object""; //$NON-NLS-1$
 	
 	protected boolean isUpdatable = false;
 	protected boolean useAnnotations = false;
 	protected boolean classObjectColumn = false;
 	protected Table rootTable = null;
 	
 	public JavaBeanMetadataProcessor(boolean useAnnotations) {
 		this.useAnnotations = useAnnotations;
 	}
 	
 	
 	@TranslatorProperty(display=""Class Object Column"", category=PropertyType.IMPORT, description=""If true, and when the translator provides the metadata, a column of object data type will be created that represents the stored object in the cache"", advanced=true)
 	public boolean isClassObjectColumn() {
 		return classObjectColumn;
 	}	
 	
 	public void setClassObjectColumn(boolean classObjectColumn) {
 		this.classObjectColumn = classObjectColumn;
 	}
 
 	@Override
 	public void process(MetadataFactory mf, ObjectConnection conn) throws TranslatorException {
 		String cacheName = conn.getCacheName();			
 
 		Class<?> type = conn.getCacheClassType();
 		rootTable = createSourceTable(mf, type, cacheName, conn, false);
 		
 		if (conn.getDDLHandler().getCacheNameProxy().getAliasCacheName() != null) {
 			createSourceTable(mf, type, cacheName, conn, true);
 		}
 	}
 	
 	private Table createSourceTable(MetadataFactory mf, Class<?> entity, String cacheName, ObjectConnection conn, boolean staging ) {
 
 		ClassRegistry registry = conn.getClassRegistry();
 		
 		String pkField = conn.getPkField();
 		setIsUpdateable(pkField != null ? true : false);
 			
 		String tableName = getTableName(entity);
 		if (staging) {
@@ -114,98 +186,113 @@ private Table createSourceTable(MetadataFactory mf, Class<?> entity, String cach
 		}
 		table = mf.addTable(tableName);
 		table.setSupportsUpdate(this.isUpdatable);
 		
 		if (classObjectColumn) {
 			String columnName = tableName + OBJECT_COL_SUFFIX;
 			addColumn(mf, entity, entity, columnName, ""this"", SearchType.Unsearchable, table, false, NullType.Nullable, false); //$NON-NLS-1$
 		}
 		
 		Map<String, Method> methods;
 		try {
 			
 			methods = registry.getReadClassMethods(entity.getName());
 		} catch (TranslatorException e) {
 			throw new MetadataException(e);
 		}
 		
         Method pkMethod = null;
         if (pkField != null) {
                 pkMethod = methods.get(pkField);
                 if (pkMethod != null) {
                     addColumn(mf, entity, pkMethod.getReturnType(), pkField, pkField, SearchType.Searchable, table, true, NullType.No_Nulls, this.isUpdatable);
                 } else {
                 	// add a column so the PKey can be created, but make it not selectable
                     addColumn(mf, entity, java.lang.String.class, pkField, pkField, SearchType.Searchable, table, false, NullType.Unknown, this.isUpdatable);
 
                 }
                              
     			String pkName = ""PK_"" + pkField.toUpperCase(); //$NON-NLS-1$
                 ArrayList<String> x = new ArrayList<String>(1) ;
                 x.add(pkField);
                 mf.addPrimaryKey(pkName, x , table);
 
          } else {
  			// warn if no pk is defined
  			LogManager.logWarning(LogConstants.CTX_CONNECTOR, ObjectPlugin.Util.gs(ObjectPlugin.Event.TEIID21000, tableName));				
          }
         
 		
 		//we have to filter the duplicate names, isFoo vs. foo
 		Map<Method, String> methodsToAdd = new LinkedHashMap<Method, String>();
 		for (Map.Entry<String, Method> entry : methods.entrySet()) {
 			String name = methodsToAdd.get(entry.getValue());
 			if (name == null || name.length() > entry.getKey().length()) {
 				// dont create a column for the already created PKkey
 				if (entry.getValue() == pkMethod 
 						|| entry.getValue().getDeclaringClass() == Object.class
 						|| entry.getValue().getName().equals(""toString"") //$NON-NLS-1$
 						|| entry.getValue().getName().equals(""hashCode"") //$NON-NLS-1$
 						|| TypeFacility.getRuntimeType(entry.getValue().getReturnType()) == Object.class) {
 					continue;
 				}				
 				methodsToAdd.put(entry.getValue(), entry.getKey());
 			}
 		}
 		
 		for (Map.Entry<Method, String> entry : methodsToAdd.entrySet()) {
 			Method m = entry.getKey();
 	
 				SearchType st = SearchType.Unsearchable;
 				
 				NullType nt = NullType.Nullable;
 
 				// default for Hibernate index = true, so setting based on finding false
 				if (useAnnotations) {
 					if (isMethodSearchable(entity,m)) {
 						st = SearchType.Searchable;
 						
 						if (isValueRequired(m)) {
 							nt =NullType.No_Nulls;
 						}
 					} else {
 						// then check if there's an attribute that's indexed
 						Field f = findClassField(entity, m);
 						if (isFieldSearchable(entity,f)) {
 							st = SearchType.Searchable;
 							if (isValueRequired(f)) {
 								nt =NullType.No_Nulls;			
 							}
 
 						} 
 					}					
 					
 				}
 				
 				addColumn(mf, entity, m.getReturnType(), entry.getValue(), entry.getValue(), st, table, true, nt, this.isUpdatable);			
 		}
 		
 		if (staging) {
 			// for the staging table, point the nameinSource back to primary table
 			table.setNameInSource(rootTable.getName());
 			table.setProperty(PRIMARY_TABLE_PROPERTY, rootTable.getFullName());
 		}
 				
 		return table;
 	}
 		
 	protected boolean isMethodSearchable(Class<?> entity, Method m) {
@@ -256,6 +343,27 @@ private Field findClassField(Class<?> clzz, Method m) {
 		
 	}
 	
 	/**
 	 * Call to get the name of table based on the <code>Class</code> entity
 	 * @param entity
@@ -269,7 +377,7 @@ protected void setIsUpdateable(boolean isUpdateable) {
 		this.isUpdatable = isUpdateable;
 	}
 	
 	protected Column addColumn(MetadataFactory mf, Class<?> entity, Class<?> type, String attributeName, String nis, SearchType searchType, Table entityTable, boolean selectable, NullType nt, boolean updatable) {
 		Column c = entityTable.getColumnByName(attributeName);
 		if (c != null) {
 			//TODO: there should be a log here
@@ -297,4 +405,26 @@ protected Column addColumn(MetadataFactory mf, Class<?> entity, Class<?> type, S
 		return c;
 	}
 	
 }
",334,,,
525,"@@ -22,6 +22,7 @@ public class SimpleMapCacheConnection implements ObjectConnection {
 	private String cacheName = ""SimpleCache"";
 	private Class<?> cacheClassType;
 	private CacheNameProxy proxy;
 
 	public SimpleMapCacheConnection(Map<Object, Object> cache, ClassRegistry registry, CacheNameProxy proxy){
 		mapCaches.put(proxy.getPrimaryCacheKey(), cache);
@@ -242,7 +243,24 @@ public SearchType getSearchType() {
 		return new SearchByKey(this);
 	}	
 	
 	
 	
 }
 
",336,,,
526,"@@ -21,12 +21,21 @@
  */
 package org.teiid.translator.object.util;
 
 import org.teiid.core.types.DataTypeManager;
 import org.teiid.core.types.TransformationException;
 import org.teiid.language.visitor.SQLStringVisitor;
 import org.teiid.metadata.AbstractMetadataRecord;
 import org.teiid.metadata.Column;
 import org.teiid.translator.TranslatorException;
 
 /**
  * @author vanhalbert
@@ -39,13 +48,13 @@ public static Object convertValueToObjectType(Object value, Column mdIDElement)
 			return escapeReservedChars(value);
 		}
 		try {
 			value  = DataTypeManager.transformValue(value,  mdIDElement.getJavaType());
 			return value;
 		} catch (TransformationException e) {
 			throw new TranslatorException(e);
 		}
 	}
 	
 	private static Object escapeReservedChars(final Object value) {
 
 		String expr = (String) value;
@@ -75,9 +84,73 @@ private static Object escapeReservedChars(final Object value) {
 		}
 		return sb.toString();
 	}
 	
 	public static String getRecordName(AbstractMetadataRecord col) {
 		return SQLStringVisitor.getRecordName(col);
 	}
 	
 }
",365,,,
527,"@@ -22,7 +22,7 @@
 
 MapCacheConnection.unexpectedObjectTypeInCache=Unexpected root object type in the cache is {0}, expected {1}
 
 TEIID21000=No primary key was defined for table {0}, consider defining one for better performance.
 
 TEIID21001=Program Error:  Class Registration issue due to no class {0} methods have been generated for {1} 
 TEIID21002=Joins to more than one child table is not allowed: {0}
@@ -39,7 +39,7 @@ TEIID21011=Updates are disabled, no Primary key defined for cache {0}
 TEIID21012=Processing error: Unable to delete the object in table {0} with key {1}
 TEIID21013=ObjectUpdateExecution: Warning - The object does not exist when trying to delete from table {0} with key {1}
 TEIID21014=ObjectUpdateException: Delete ALL is not supported, must pass in criteria for what is to be deleted
 TEIID21015=Unable to insert child object, root object key {0} from table {1} couldn't be found
 TEIID21016=ObjectUpdateException: Invalid argument value ""{0}"" when executing (method) {1} on (api) {2} of (argType) {3}
 
 
",345,,,
528,"@@ -30,6 +30,8 @@
 import org.junit.Test;
 import org.mockito.Mock;
 import org.mockito.MockitoAnnotations;
 import org.teiid.language.Select;
 import org.teiid.metadata.BaseColumn.NullType;
 import org.teiid.metadata.Datatype;
@@ -46,6 +48,7 @@
 public class TestObjectExecutionFactory {
 	
 	protected static ObjectConnection conn = TradesCacheSource.createConnection();
 	
 	public class TestFactory extends SimpleMapCacheExecutionFactory {
 		public TestFactory() {
@@ -63,7 +66,6 @@ public TestFactory() {
 	protected ObjectExecutionFactory factory;
 
 	@Before public void beforeEach() throws Exception{	
  
 		MockitoAnnotations.initMocks(this);
 		
 		factory = createFactory();
@@ -75,7 +77,10 @@ protected ObjectExecutionFactory createFactory() {
 
 	@Test public void testFactory() throws Exception {
 		factory.start();
 			
 		ObjectExecution exec = (ObjectExecution) factory.createExecution(command, context, VDBUtility.RUNTIME_METADATA, conn);
 		
 		assertNotNull(exec);
@@ -100,12 +105,14 @@ protected ObjectExecutionFactory createFactory() {
 		assertNotNull(physicalTable);
 		assertTrue(physicalTable.isPhysical());
 		assertTrue(!physicalTable.isVirtual());
 		assertEquals(4, physicalTable.getColumns().size());
 		//this
 		assertEquals(""long"", physicalTable.getColumns().get(0).getRuntimeType());
 		assertEquals(NullType.No_Nulls, physicalTable.getColumns().get(0).getNullType());
 		//name
 		assertEquals(""string"", physicalTable.getColumns().get(1).getRuntimeType());
 		
 		assertEquals(1, physicalTable.getAllKeys().size());
 	}	
",418,,,
529,"@@ -32,34 +32,33 @@ public class TestObjectUpdateExecution {
 	@Mock
 	private ExecutionContext context;
 
 
 	@BeforeClass public static void init() throws Exception{
 		
 		// pre-test of the object connection 
 		ObjectConnection conn = TradesCacheSource.createConnection();
 		
 		Object p = conn.get(new Long(1).longValue());
 
 		assertNotNull(p);
 		
 		Object o = conn.remove(new Long(1).longValue());
 		assertNotNull(o);
 		assertTrue(p == o);
 		
 		Object p2 = conn.get(new Long(1).longValue());
 
 		assertNull(p2);
 		
 		 
 		CONNECTION = TradesCacheSource.createConnection();
     }
 	
 
 	@Before public void before() throws Exception{	
 		 
 		MockitoAnnotations.initMocks(this);
     }	
 
 	@Test
 	public void testInsertRootClass() throws Exception {
 		// check the object doesn't exist before inserting
@@ -69,7 +68,7 @@ public void testInsertRootClass() throws Exception {
 		Command command = translationUtility
 				.parseCommand(""Insert into Trade_Object.Trade (tradeId, TradeName, settled) VALUES (99, 'TestName', 'true')"");
 
 		// no search required by the UpdateExecution logic
 		@SuppressWarnings(""unchecked"")
 		ObjectUpdateExecution ie = createExecution(command, Collections.EMPTY_LIST);
 
",346,,,
530,"@@ -91,10 +91,10 @@ public static void setUp()  {
 	}	
 	
 	@Test public void test1toManyA() throws Exception {
 		Select command = (Select)translationUtility.parseCommand(""select a.name, a.id, a.email, b.number From Person as A, PhoneNumber as b where a.id = b.id""); //$NON-NLS-1$
 
 		
 		performTest(20, 4, command);
 
 	}
 	
",419,,,
531,"@@ -34,7 +34,7 @@
 @SuppressWarnings(""nls"")
 public class TestTradesKeySearch extends BasicSearchTest {	      
 	   
 	private static ObjectConnection conn = TradesCacheSource.createConnection();
 	private static ExecutionContext context;
 	
 	private ObjectExecutionFactory factory = null;
",67,,,
532,"@@ -23,23 +23,21 @@ public class TestAnnotationMetadataProcessor {
 	@Before public void beforeEach() throws Exception{	
 		 
 		TRANSLATOR = new SimpleMapCacheExecutionFactory();
 		TRANSLATOR.setSupportsSearchabilityUsingAnnotations(true);
 
     }
 	
 	@Test
 	public void testPersonMetadata() throws Exception {
 		TRANSLATOR.start();
 
 
 		MetadataFactory mf = new MetadataFactory(""vdb"", 1, ""objectvdb"",
 				SystemMetadata.getInstance().getRuntimeTypeMap(),
 				new Properties(), null);
 
 		ObjectConnection conn = TradesAnnotatedCacheSource.createConnection();
 
 		JavaBeanMetadataProcessor mp = (JavaBeanMetadataProcessor) TRANSLATOR.getMetadataProcessor();
 		mp.setClassObjectColumn(true);
 		mp.process(mf, conn);
 
 		String metadataDDL = DDLStringVisitor.getDDLString(mf.getSchema(),
@@ -62,20 +60,25 @@ public void testPersonMetadata() throws Exception {
 	@Test
 	public void testPersonMetadataWithNoObjectColumn() throws Exception {
 		
 		TRANSLATOR.start();
 
 		MetadataFactory mf = new MetadataFactory(""vdb"", 1, ""objectvdb"",
 				SystemMetadata.getInstance().getRuntimeTypeMap(),
 				new Properties(), null);
 
 		ObjectConnection conn = TradesAnnotatedCacheSource.createConnection();
 
 		TRANSLATOR.getMetadataProcessor().process(mf, conn);
 
 		String metadataDDL = DDLStringVisitor.getDDLString(mf.getSchema(),
 				null, null);
 
 		String expected = ""CREATE FOREIGN TABLE Trade (\n""
 	    + ""\ttradeId long NOT NULL OPTIONS (NAMEINSOURCE 'tradeId', SEARCHABLE 'Searchable', NATIVE_TYPE 'long'),\n""	    
 	    + ""\tdescription string OPTIONS (NAMEINSOURCE 'description', SEARCHABLE 'Unsearchable', NATIVE_TYPE 'java.lang.String'),\n""
 	    + ""\tname string OPTIONS (NAMEINSOURCE 'name', SEARCHABLE 'Searchable', NATIVE_TYPE 'java.lang.String'),\n""
",338,,,
533,"@@ -23,7 +23,6 @@ public class TestPersonMetadataProcessor {
 	@Before public void beforeEach() throws Exception{	
 		 
 		TRANSLATOR = new SimpleMapCacheExecutionFactory();
 		TRANSLATOR.start();
     }
 
 	@Test
@@ -35,12 +34,16 @@ public void testPersonMetadata() throws Exception {
 
 		ObjectConnection conn = PersonCacheSource.createConnection();
 
 		TRANSLATOR.getMetadataProcessor().process(mf, conn);
 
 		String metadataDDL = DDLStringVisitor.getDDLString(mf.getSchema(),
 				null, null);
 
 		String expected =  ""CREATE FOREIGN TABLE Person (\n""
 				+ ""\tid integer NOT NULL OPTIONS (NAMEINSOURCE 'id', SEARCHABLE 'Searchable', NATIVE_TYPE 'int'),\n""
 				+ ""\temail string OPTIONS (NAMEINSOURCE 'email', SEARCHABLE 'Unsearchable', NATIVE_TYPE 'java.lang.String'),\n""
 				+ ""\tname string OPTIONS (NAMEINSOURCE 'name', SEARCHABLE 'Unsearchable', NATIVE_TYPE 'java.lang.String'),\n""
",339,,,
534,"@@ -25,44 +25,42 @@ public class TestTradesMetadataProcessor {
 	@Before public void beforeEach() throws Exception{	
 		 
 		TRANSLATOR = new SimpleMapCacheExecutionFactory();
 		TRANSLATOR.start();
     }
 
 	@Test
 	public void testTradeMetadata() throws Exception {
 
 		MetadataFactory mf = new MetadataFactory(""vdb"", 1, ""objectvdb"",
 				SystemMetadata.getInstance().getRuntimeTypeMap(),
 				new Properties(), null);
 
 		ObjectConnection conn = TradesCacheSource.createConnection();
 
 		TRANSLATOR.getMetadataProcessor().process(mf, conn);
 
 		String metadataDDL = DDLStringVisitor.getDDLString(mf.getSchema(),
 				null, null);
 
 		String expected =  ""CREATE FOREIGN TABLE Trade (\n""
 				+ ""\ttradeId long NOT NULL OPTIONS (NAMEINSOURCE 'tradeId', SEARCHABLE 'Searchable', NATIVE_TYPE 'long'),\n""
 				+ ""\tname string OPTIONS (NAMEINSOURCE 'name', SEARCHABLE 'Unsearchable', NATIVE_TYPE 'java.lang.String'),\n""
 				+ ""\tsettled boolean OPTIONS (NAMEINSOURCE 'settled', SEARCHABLE 'Unsearchable', NATIVE_TYPE 'boolean'),\n""
 				+ ""\ttradeDate date OPTIONS (NAMEINSOURCE 'tradeDate', SEARCHABLE 'Unsearchable', NATIVE_TYPE 'java.util.Date'),\n""
 				+ ""\tCONSTRAINT PK_TRADEID PRIMARY KEY(tradeId)\n""
 				+ "") OPTIONS (UPDATABLE TRUE);""		
 				;
 		assertEquals(expected, metadataDDL);	
 
 	}
 	
 	@Test
 	public void testTradeMetadataFromVDB() throws Exception {
 		ObjectConnection conn = TradesCacheSource.createConnection();
 		
 		MetadataFactory mf = new MetadataFactory(""vdb"", 1, ""ObjectSchema"",
 				SystemMetadata.getInstance().getRuntimeTypeMap(),
 				new Properties(), null);		
 
 
 		TRANSLATOR.getMetadataProcessor().process(mf, conn);
 
 		String metadataDDL = DDLStringVisitor.getDDLString(mf.getSchema(),
@@ -76,13 +74,16 @@ public void testTradeMetadataFromVDB() throws Exception {
 	
 	@Test
 	public void testMatTradeMetadataFromVDB() throws Exception {
 		ObjectConnection conn = TradesCacheSource.createConnection(true);
 		
 		MetadataFactory mf = new MetadataFactory(""vdb"", 1, ""ObjectSchema"",
 				SystemMetadata.getInstance().getRuntimeTypeMap(),
 				new Properties(), null);		
 
 
 		TRANSLATOR.getMetadataProcessor().process(mf, conn);
 
 		String metadataDDL = DDLStringVisitor.getDDLString(mf.getSchema(),
",340,,,
535,"@@ -0,0 +1,60 @@
",420,,,
536,"@@ -16,6 +16,7 @@ public static ObjectConnection createConnection(Map<Object,Object> map, Version
 
 		TestObjectConnection conn = new TestObjectConnection(map, TradesAnnotatedCacheSource.METHOD_REGISTRY, proxy);
 		conn.setVersion(version);
 		return conn;
 	}
 
",421,,,
537,"@@ -35,6 +35,7 @@
 import org.hibernate.search.annotations.IndexedEmbedded;
 import org.hibernate.search.annotations.Resolution;
 import org.hibernate.search.annotations.Store;
 
 
 @Indexed(index=""Trade"")
@@ -63,6 +64,9 @@ public class Trade  implements Serializable {
 
 protected boolean settled;
 
    public Trade() {
    }
 
@@ -105,7 +109,7 @@ public boolean isSettled() {
 	   return this.settled;
    }
 
  //  @IndexedEmbedded  
    public List<Leg> getLegs() {
 	   if (legs == null) {
 		   return Collections.emptyList();
@@ -128,6 +132,20 @@ public void setSettled(boolean isSettled) {
    public void setDescription(String desc) {
 	   this.description = desc;
    }
   
    @Override
    public String toString() {
",422,,,
538,"@@ -59,14 +59,10 @@ public class TradesAnnotatedCacheSource extends HashMap <Object, Object> {
 	public static final int NUMTRANSACTIONS = 5;
 	
 	static {
 	
 		try {
 			METHOD_REGISTRY.registerClass(Trade.class);
 			METHOD_REGISTRY.registerClass(Leg.class);
 			METHOD_REGISTRY.registerClass(Transaction.class);
 		} catch (TranslatorException e) {
 			e.printStackTrace();
 		}
 	}
 		
 	public static ObjectConnection createConnection(Version version) {
",423,,,
539,"@@ -51,14 +51,9 @@ public class PersonCacheSource extends HashMap <Object, Object> {
 
 	
 	static {
 		try {
 			CLASS_REGISTRY.registerClass(Person.class);
 			CLASS_REGISTRY.registerClass(PhoneNumber.class);
 			CLASS_REGISTRY.registerClass(PhoneType.class);
 
 		} catch (Exception e) {
 			throw new RuntimeException(e);
 		}
 	}
 
 	
",424,,,
540,"@@ -0,0 +1,57 @@
",425,,,
541,"@@ -42,6 +42,7 @@ public class Trade  implements Serializable {
 protected   String name;
 protected   Date tradeDate;
 protected   boolean settled;
 
    public Trade() {
    }
@@ -94,9 +95,23 @@ public void setLegs(List<Leg> legs) {
    
    public void setSettled(boolean isSettled) {
 	   this.settled = isSettled;
    }
   
    @Override
    public String toString() {
 	   
 	   StringBuffer sb = new StringBuffer(""Trade:"");
",61,,,
542,"@@ -10,7 +10,7 @@
 
 public class TradeObjectConnection extends SimpleMapCacheConnection {
 
 	public static ObjectConnection createConnection(Map<Object,Object> map, boolean staging, Version theVersion) {
 		CacheNameProxy proxy = null;
 		
 		if (staging) {
@@ -20,7 +20,8 @@ public static ObjectConnection createConnection(Map<Object,Object> map, boolean
 		}
 
 		TradeObjectConnection conn =  new TradeObjectConnection(map, TradesCacheSource.CLASS_REGISTRY, proxy);
 		conn.setVersion(theVersion);
 		return conn;
 	}
 
",61,,,
543,"@@ -58,26 +58,28 @@ public class TradesCacheSource extends HashMap <Object, Object> {
 	static ClassRegistry CLASS_REGISTRY = new ClassRegistry();
 	
 	static {
 		try {
 			CLASS_REGISTRY.registerClass(Trade.class);
 			CLASS_REGISTRY.registerClass(Leg.class);
 			CLASS_REGISTRY.registerClass(Transaction.class);
 
 		} catch (Exception e) {
 			throw new RuntimeException(e);
 		}
 	}
 		
 	public static ObjectConnection createConnection() {
 		Map <Object, Object> objects = TradesCacheSource.loadCache();
 
 		return createConnection(objects, false);
 	}
 	
 	public static ObjectConnection createConnection(boolean staging) {
 		Map <Object, Object> objects = TradesCacheSource.loadCache();
 
 		return createConnection(objects, staging);
 	}
 	
 	public static ObjectConnection createConnection(Map <Object, Object> cache) {
@@ -86,13 +88,13 @@ public static ObjectConnection createConnection(Map <Object, Object> cache) {
 	}
 	
 	public static ObjectConnection createConnection(Map <Object, Object> cache, boolean staging) {
 		ObjectConnection toc = TradeObjectConnection.createConnection(cache, staging, null);
 		
 		return toc;
 	}
 	
 	public static ObjectConnection createConnection(Map <Object, Object> cache, boolean staging, Version version) {
 		ObjectConnection toc = TradeObjectConnection.createConnection(cache, staging, version);
 		
 		return toc;
 	}
",61,,,
544,"@@ -581,7 +581,7 @@
     </annotations>
   </mmcore:AnnotationContainer>
   <relational:Schema xmi:uuid=""mmuuid:1c059e7c-01d4-4c3c-8c24-def3c7d6cfac"" name=""Trade_Mat"" nameInSource=""Trade_Mat"">
     <tables xsi:type=""relational:BaseTable"" xmi:uuid=""mmuuid:2b5a463d-d34f-4e9e-a22c-6a9b980319bc"" name=""Trade"" nameInSource="""">
       <columns xmi:uuid=""mmuuid:52ba1a65-b660-4c3e-b1f3-54840d744906"" name=""TradeObject"" nameInSource=""this"" nativeType=""var_binary"" length=""4000"" nullable=""NULLABLE_UNKNOWN"" defaultValue="""" collationName="""" caseSensitive=""false"" searchability=""UNSEARCHABLE"" radix=""0"" signed=""false"">
         <type href=""http://www.metamatrix.com/metamodels/SimpleDatatypes-instance#object""/>
       </columns>
@@ -605,8 +605,5 @@
     <diagram xmi:uuid=""mmuuid:c34b047e-c0ef-4c8e-9e58-20461590a8ac"" type=""packageDiagramType"" target=""mmuuid/5f4d3ef6-026c-4a33-adea-fbf0eda391e7"">
       <diagramEntity xmi:uuid=""mmuuid:ea81cc32-0207-4859-9a25-6219c4ee5668"" modelObject=""mmuuid/1c059e7c-01d4-4c3c-8c24-def3c7d6cfac"" xPosition=""10"" yPosition=""10""/>
     </diagram>
     <diagram xmi:uuid=""mmuuid:28fd9b85-29cb-4dd9-a51f-680e002f9578"" type=""packageDiagramType"" target=""mmuuid/1c059e7c-01d4-4c3c-8c24-def3c7d6cfac"">
       <diagramEntity xmi:uuid=""mmuuid:48df3674-3810-4880-af6d-a6e19ef46aa3"" name=""Trade"" modelObject=""mmuuid/2b5a463d-d34f-4e9e-a22c-6a9b980319bc"" xPosition=""10"" yPosition=""10""/>
     </diagram>
   </diagram:DiagramContainer>
 </xmi:XMI>
",348,,,
545,"@@ -1,6 +1,6 @@
 <?xml version=""1.0"" encoding=""ASCII""?>
 <xmi:XMI xmi:version=""2.0"" xmlns:xmi=""http://www.omg.org/XMI"" xmlns:diagram=""http://www.metamatrix.com/metamodels/Diagram"" xmlns:jdbc=""http://www.metamatrix.com/metamodels/JDBC"" xmlns:mmcore=""http://www.metamatrix.com/metamodels/Core"" xmlns:relational=""http://www.metamatrix.com/metamodels/Relational"">
   <mmcore:ModelAnnotation xmi:uuid=""mmuuid:abbd65a2-2896-4819-9428-fa8ba13a1b71"" primaryMetamodelUri=""http://www.metamatrix.com/metamodels/Relational"" modelType=""PHYSICAL"" ProducerName=""Teiid Designer"" ProducerVersion=""10.0.1.Nightly-v20160627-1409-B12"">
     <modelImports xmi:uuid=""mmuuid:7c40d324-5eca-472f-a7a8-c20b01f5d848"" name=""SimpleDatatypes-instance"" modelLocation=""http://www.metamatrix.com/metamodels/SimpleDatatypes-instance"" modelType=""TYPE"" primaryMetamodelUri=""http://www.eclipse.org/xsd/2002/XSD""/>
     <modelImports xmi:uuid=""mmuuid:4414223d-d6b6-4300-87ce-4316eeb5ddcb"" name=""XMLSchema"" modelLocation=""http://www.w3.org/2001/XMLSchema"" modelType=""TYPE"" primaryMetamodelUri=""http://www.eclipse.org/xsd/2002/XSD""/>
   </mmcore:ModelAnnotation>
@@ -352,7 +352,7 @@
     </columns>
     <foreignKeys xmi:uuid=""mmuuid:bcc9abfb-bfc4-4102-9505-66f1667e5efd"" name=""FK_TradeId"" nameInSource=""legs"" columns=""mmuuid/3b7be33a-2e50-4c79-9cdc-13d7b166a2d2"" uniqueKey=""mmuuid/6bee1ce8-0ac1-4ee0-a0a8-d200e2936b86""/>
   </relational:BaseTable>
   <relational:BaseTable xmi:uuid=""mmuuid:2404168a-7cde-477e-8b09-dd9263baa7ac"" name=""Trade_Errors"" nameInSource="""">
     <columns xmi:uuid=""mmuuid:5aafafd0-dcf5-4d1d-9977-d6024d6b0260"" name=""TradeObject"" nameInSource=""this"" nativeType=""var_binary"" length=""4000"" nullable=""NULLABLE_UNKNOWN"" defaultValue="""" collationName="""" caseSensitive=""false"" searchability=""UNSEARCHABLE"" radix=""0"" signed=""false"" distinctValueCount=""0"">
       <type href=""http://www.metamatrix.com/metamodels/SimpleDatatypes-instance#object""/>
     </columns>
",349,,,
546,"@@ -1,6 +1,6 @@
 <?xml version=""1.0"" encoding=""ASCII""?>
 <xmi:XMI xmi:version=""2.0"" xmlns:xmi=""http://www.omg.org/XMI"" xmlns:xsi=""http://www.w3.org/2001/XMLSchema-instance"" xmlns:diagram=""http://www.metamatrix.com/metamodels/Diagram"" xmlns:mmcore=""http://www.metamatrix.com/metamodels/Core"" xmlns:relational=""http://www.metamatrix.com/metamodels/Relational"" xmlns:transformation=""http://www.metamatrix.com/metamodels/Transformation"">
   <mmcore:ModelAnnotation xmi:uuid=""mmuuid:b68bf59f-b3ad-4db6-b1a4-dab83e3b5b56"" primaryMetamodelUri=""http://www.metamatrix.com/metamodels/Relational"" modelType=""VIRTUAL"" ProducerName=""Teiid Designer"" ProducerVersion=""10.0.1.Nightly-v20160627-1409-B12"">
     <modelImports xmi:uuid=""mmuuid:a2f50f17-b5e5-405a-9c42-98885468ac72"" name=""XMLSchema"" modelLocation=""http://www.w3.org/2001/XMLSchema"" modelType=""TYPE"" primaryMetamodelUri=""http://www.eclipse.org/xsd/2002/XSD""/>
     <modelImports xmi:uuid=""mmuuid:bc1d14b2-ef98-482d-af90-77e90a7a79c7"" name=""SimpleDatatypes-instance"" modelLocation=""http://www.metamatrix.com/metamodels/SimpleDatatypes-instance"" modelType=""TYPE"" primaryMetamodelUri=""http://www.eclipse.org/xsd/2002/XSD""/>
     <modelImports xmi:uuid=""mmuuid:166fed44-bb42-40c4-8169-1bae9b6e5771"" name=""Trade_Object"" modelLocation=""Trade_Object.xmi"" uuid=""mmuuid:abbd65a2-2896-4819-9428-fa8ba13a1b71"" modelType=""PHYSICAL"" primaryMetamodelUri=""http://www.metamatrix.com/metamodels/Relational""/>
@@ -22,7 +22,7 @@
     <materializedTable xsi:type=""relational:BaseTable"" href=""Trade_Mat.xmi#mmuuid/2b5a463d-d34f-4e9e-a22c-6a9b980319bc""/>
     <primaryKey xmi:uuid=""mmuuid:bb27e4d7-da59-4bd8-9cdf-b9ef2462d16d"" name=""PK_ID"" columns=""mmuuid/511f2da4-40e5-4829-b9f5-38cbf8fc3ee5"" foreignKeys=""mmuuid/2ee3ed56-af94-459a-b6a2-907c4b0002f7""/>
   </relational:BaseTable>
   <relational:BaseTable xmi:uuid=""mmuuid:de4cc42e-2127-400f-a532-20a9262ce39b"" name=""Leg"" nameInSource="""" supportsUpdate=""false"">
     <columns xmi:uuid=""mmuuid:f58a9a62-f32a-4d6d-a2d1-f3ccf0eb35d3"" name=""TradeID"" nameInSource=""tradeId"" updateable=""false"" foreignKeys=""mmuuid/2ee3ed56-af94-459a-b6a2-907c4b0002f7"">
       <type href=""http://www.w3.org/2001/XMLSchema#long""/>
     </columns>
",426,,,
547,"@@ -0,0 +1,17 @@
\ No newline at end of file
",366,,,
548,"@@ -1,17 +1,19 @@
 SET NAMESPACE 'http://www.teiid.org/translator/object/2016' AS n0;
 
 CREATE FOREIGN TABLE ST_Trade (
 	tradeId long NOT NULL OPTIONS (NAMEINSOURCE 'tradeId', SEARCHABLE 'Searchable', NATIVE_TYPE 'long'),
 	name string OPTIONS (NAMEINSOURCE 'name', SEARCHABLE 'Unsearchable', NATIVE_TYPE 'java.lang.String'),
 	settled boolean OPTIONS (NAMEINSOURCE 'settled', SEARCHABLE 'Unsearchable', NATIVE_TYPE 'boolean'),
 	tradeDate date OPTIONS (NAMEINSOURCE 'tradeDate', SEARCHABLE 'Unsearchable', NATIVE_TYPE 'java.util.Date'),
 	CONSTRAINT PK_TRADEID PRIMARY KEY(tradeId)
 ) OPTIONS (NAMEINSOURCE 'Trade', UPDATABLE TRUE, ""n0:primary_table"" 'ObjectSchema.Trade');
 
 CREATE FOREIGN TABLE Trade (
 	tradeId long NOT NULL OPTIONS (NAMEINSOURCE 'tradeId', SEARCHABLE 'Searchable', NATIVE_TYPE 'long'),
 	name string OPTIONS (NAMEINSOURCE 'name', SEARCHABLE 'Unsearchable', NATIVE_TYPE 'java.lang.String'),
 	settled boolean OPTIONS (NAMEINSOURCE 'settled', SEARCHABLE 'Unsearchable', NATIVE_TYPE 'boolean'),
 	tradeDate date OPTIONS (NAMEINSOURCE 'tradeDate', SEARCHABLE 'Unsearchable', NATIVE_TYPE 'java.util.Date'),
 	CONSTRAINT PK_TRADEID PRIMARY KEY(tradeId)
 ) OPTIONS (UPDATABLE TRUE);
\ No newline at end of file
",350,,,
549,"@@ -1,5 +1,15 @@
 CREATE FOREIGN TABLE Trade (
 	tradeId long NOT NULL OPTIONS (NAMEINSOURCE 'tradeId', SEARCHABLE 'Searchable', NATIVE_TYPE 'long'),
 	name string OPTIONS (NAMEINSOURCE 'name', SEARCHABLE 'Unsearchable', NATIVE_TYPE 'java.lang.String'),
 	settled boolean OPTIONS (NAMEINSOURCE 'settled', SEARCHABLE 'Unsearchable', NATIVE_TYPE 'boolean'),
 	tradeDate date OPTIONS (NAMEINSOURCE 'tradeDate', SEARCHABLE 'Unsearchable', NATIVE_TYPE 'java.util.Date'),
",351,,,
550,"@@ -17,5 +17,7 @@
         <module name=""org.jboss.teiid.api"" />
         <module name=""org.jboss.teiid.admin"" />
         <module name=""org.hibernate"" />
     </dependencies>
 </module>
\ No newline at end of file
",427,,,
551,"@@ -15,13 +15,13 @@
         <module name=""javax.resource.api"" />
         <module name=""org.jboss.teiid.common-core"" />
         <module name=""org.jboss.teiid.api"" />    
 		<module name=""org.jboss.teiid.translator.infinispan.dsl"" />
 		
 		<!--  the JDG dependencies can be found in the translator-infinispan-dsl module -->
 		
  	  	<module name=""org.infinispan.commons"" slot=""${jdg.slot}"" optional=""true"" export=""true"" />
    		<module name=""org.infinispan.client.hotrod"" slot=""${jdg.slot}"" optional=""true"" export=""true"" />
    		<module name=""org.infinispan.query"" slot=""${jdg.slot}"" optional=""true"" export=""true"" services=""true"" />   
 
       <!--
         The ""your.pojo.module"" name needs to be replaced with the module name that has
",428,,,
552,"@@ -1 +1 @@
 Dependencies: org.jboss.teiid.common-core,org.jboss.teiid.api,javax.api,org.jboss.teiid.translator.infinispan.dsl,org.infinispan export,org.infinispan.client.hotrod,org.infinispan.cachestore.remote,org.jboss.as.clustering.infinispan,org.jboss.modules	
",429,,,
553,"@@ -35,17 +35,24 @@
 import org.junit.Before;
 import org.junit.Ignore;
 import org.junit.Test;
 
 
 @SuppressWarnings(""nls"")
 public class TesttInfinispanConnectionFactory  {
 	protected static final String JNDI_NAME = ""java/MyCacheManager"";
 
 
 	private static InfinispanManagedConnectionFactory afactory;
 	
 	@Before
     public void beforeEach() throws Exception {  
   
         afactory = new InfinispanManagedConnectionFactory() {
 			/**
@@ -62,14 +69,14 @@ protected SerializationContext getContext() {
 			protected RemoteCacheManager createRemoteCacheFromProperties(
 					ClassLoader classLoader) throws ResourceException {
 				// TODO Auto-generated method stub
 				return null;
 			}
 
 			@Override
 			protected RemoteCacheManager createRemoteCacheFromServerList(
 					ClassLoader classLoader) throws ResourceException {
 				// TODO Auto-generated method stub
 				return null;
 			}
 			
 			@Override
",10,,,
554,"@@ -1,3 +1,3 @@
 org.teiid.translator.infinispan.hotrod.InfinispanHotrodExecutionFactory
 org.teiid.translator.infinispan.hotrod.InfinispanExecutionFactory
 
",430,,,
555,"@@ -79,7 +79,9 @@ private void resolveHostName() {
 				this.hostName = InetAddress.getLocalHost().getHostName();
 			}
 		} catch (UnknownHostException e) {
 			 throw new TeiidRuntimeException(RuntimePlugin.Event.TEIID40065, RuntimePlugin.Util.gs(RuntimePlugin.Event.TEIID40065));
 		}
 	}
 
",431,,,
556,"@@ -37,17 +37,15 @@
             <managedconnectionfactory-class>org.teiid.resource.adapter.infinispan.dsl.InfinispanManagedConnectionFactory</managedconnectionfactory-class>
   
             <config-property>
                <description>{$display:""Cache Type Mapping"",$description:""Cache Type Map(cacheName:className[;pkFieldName][,cacheName:className[;pkFieldName]...])"",$required=""true""}</description>
                <config-property-name>CacheTypeMap</config-property-name>
                <config-property-type>java.lang.String</config-property-type>
             </config-property>  
             
             <config-property>
                <description>{$display:""Module"",$description:""Module defining the cache classes (module,[module,..])""}</description>
                <config-property-name>Module</config-property-name>
                <config-property-type>java.lang.String</config-property-type>
             </config-property>
                 
             <config-property>
                <description>{$display:""Server List"",$description:""Server List (host:port[;host:port...]) to connect to""}</description>
                <config-property-name>RemoteServerList</config-property-name>
",432,,,
557,"@@ -32,6 +32,7 @@
 import javax.resource.ResourceException;
 import javax.resource.spi.InvalidPropertyException;
 
 import org.infinispan.client.hotrod.RemoteCacheManager;
 import org.infinispan.protostream.BaseMarshaller;
 import org.infinispan.protostream.FileDescriptorSource;
@@ -63,7 +64,7 @@ private enum CACHE_TYPE {
 	private String remoteServerList = null;
 	private String hotrodClientPropertiesFile = null;
 	private String cacheJndiName = null;
 	private Map<String, Class<?>> typeMap = null; // cacheName ==> ClassType
 	private String cacheTypes = null;
 	@SuppressWarnings(""rawtypes"")
 	private Map<String, BaseMarshaller> messageMarshallerMap = null;
@@ -74,7 +75,9 @@ private enum CACHE_TYPE {
 	private String messageDescriptor = null;
 	
 	private RemoteCacheManager cacheContainer = null;
 	private Map<String, String> pkMap; // cacheName ==> pkey name
 	private CACHE_TYPE cacheType;
 	private String module;
 	private ClassLoader cl;
@@ -131,11 +134,20 @@ public InfinispanConnectionImpl getConnection()
 
 	}
 
 	/**
 	 * Get the <code>cacheName:ClassName[,cacheName:ClassName...]</code> cache
 	 * type mappings.
 	 * 
 	 * @return <code>cacheName:ClassName[,cacheName:ClassName...]</code> cache
 	 *         type mappings
 	 * @see #setCacheTypeMap(String)
 	 */
@@ -145,12 +157,21 @@ public String getCacheTypeMap() {
 
 	/**
 	 * Set the cache type mapping
 	 * <code>cacheName:ClassName[,cacheName:ClassName...]</code> that represent
 	 * the root node class type for 1 or more caches available for access.
 	 * 
 	 * @param cacheTypeMap
 	 *            the cache type mappings passed in the form of
 	 *            <code>cacheName:ClassName[,cacheName:ClassName...]</code>
 	 * @see #getCacheTypeMap()
 	 */
 	public void setCacheTypeMap(String cacheTypeMap) {
@@ -241,24 +262,31 @@ public void setMessageDescriptor(String messageDescriptor) {
 		this.messageDescriptor = messageDescriptor;
 	}	
 
 	public String getPkMap(String cacheName) {
 		return pkMap.get(cacheName);
 	}
 
 	public void setPkMap(Map<String, String> mapOfPKs) {
 		pkMap = mapOfPKs;
 	}
 
 	public Map<String, Class<?>> getCacheNameClassTypeMapping() {
 		return this.typeMap;
 	}
 
 	public void setCacheNameClassTypeMapping(Map<String, Class<?>> cacheType) {
 		this.typeMap = cacheType;
 	}
 
 	public Class<?> getCacheType(String cacheName) {
 		return this.typeMap.get(cacheName);
 	}
 
 	public ClassRegistry getClassRegistry() {
@@ -391,25 +419,39 @@ protected synchronized ClassLoader loadClasses() throws ResourceException {
 			cl = this.getClass().getClassLoader();
 		}
 		
 		List<String> types = StringUtil.getTokens(getCacheTypeMap(), "",""); //$NON-NLS-1$
 
 		Map<String, String> pkMap = new HashMap<String, String>(types.size());
 		Map<String, Class<?>> tm = new HashMap<String, Class<?>>(types.size());
 
 		for (String type : types) {
 			List<String> mapped = StringUtil.getTokens(type, "":""); //$NON-NLS-1$
 			if (mapped.size() != 2) {
 				throw new InvalidPropertyException(InfinispanPlugin.Util.gs(InfinispanPlugin.Event.TEIID25022));
 			}
 			final String cacheName = mapped.get(0);
 			String className = mapped.get(1);
 			mapped = StringUtil.getTokens(className, "";""); //$NON-NLS-1$
 			if (mapped.size() > 1) {
 				className = mapped.get(0);
 				pkMap.put(cacheName, mapped.get(1));
 			}
 			tm.put(cacheName, loadClass(className)); 
 
 		}
 
 		List<String> marshallers = StringUtil.getTokens(this.getMessageMarshallers(), "",""); //$NON-NLS-1$
@@ -418,18 +460,18 @@ protected synchronized ClassLoader loadClasses() throws ResourceException {
 		
 		for (String mm : marshallers) {
 			
 			List<String> mapped = StringUtil.getTokens(mm, "":""); //$NON-NLS-1$
 			if (mapped.size() != 2) {
 				throw new InvalidPropertyException(InfinispanPlugin.Util.gs(InfinispanPlugin.Event.TEIID25031, new Object[] {mm}));
 			}
 			final String className = mapped.get(0);
 			final String m = mapped.get(1);
 
 			try {
 				Object bmi = (loadClass(m)).newInstance();
 				Class ci = loadClass(className);
 
 				mmp.put(className, (BaseMarshaller) bmi); 	
 
 				methodUtil.registerClass(ci);
 		
@@ -443,9 +485,6 @@ protected synchronized ClassLoader loadClasses() throws ResourceException {
 		
 		}
 		
 		setCacheNameClassTypeMapping(Collections.unmodifiableMap(tm));
 		setPkMap(Collections.unmodifiableMap(pkMap));
 		
 		messageMarshallerMap=Collections.unmodifiableMap(mmp);
 
 		return cl;
@@ -540,8 +579,6 @@ private RemoteCacheManager createRemoteCacheWrapperFromJNDI(
 		throw new ResourceException(InfinispanPlugin.Util.gs(InfinispanPlugin.Event.TEIID25026, cacheContainer.getClass().getName()));
 
 	}
 	
 	private static final String PROTOBUF_DEFINITION_RESOURCE = ""/quickstart/addressbook.proto"";
 
 	@SuppressWarnings({ ""rawtypes"", ""unchecked"" })
 	protected void registerMarshallers(SerializationContext ctx, ClassLoader cl) throws ResourceException {
@@ -609,10 +646,10 @@ public boolean equals(Object obj) {
 	public void cleanUp() {
 
 		messageMarshallerMap = null;
 		typeMap = null;
 		cacheContainer = null;
 		pkMap = null;
 		cl = null;
 
 	}
 }
",28,,,
558,"@@ -22,14 +22,12 @@
 
 package org.teiid.resource.adapter.infinispan.dsl.base;
 
 import java.util.Map;
 
 import org.infinispan.client.hotrod.RemoteCache;
 import org.infinispan.client.hotrod.RemoteCacheManager;
 import org.infinispan.client.hotrod.Search;
 import org.infinispan.protostream.SerializationContext;
 import org.infinispan.query.dsl.QueryFactory;
 import org.infinispan.protostream.descriptors.Descriptor;
 import org.teiid.logging.LogConstants;
 import org.teiid.logging.LogManager;
 import org.teiid.resource.spi.BasicConnection;
@@ -46,14 +44,12 @@
 public class InfinispanConnectionImpl extends BasicConnection implements InfinispanConnection { 
 	
 	
 	RemoteCacheManager rcm = null;
 	SerializationContext ctx = null;
 	AbstractInfinispanManagedConnectionFactory config = null;
 
 	public InfinispanConnectionImpl(AbstractInfinispanManagedConnectionFactory config)   {
 		this.config = config;
 		
 		this.rcm = config.getCacheContainer();
 		this.ctx = config.getContext();
 
 		LogManager.logDetail(LogConstants.CTX_CONNECTOR, ""Infinispan Connection has been newly created ""); //$NON-NLS-1$
@@ -66,7 +62,6 @@ public InfinispanConnectionImpl(AbstractInfinispanManagedConnectionFactory confi
 	@Override
     public void close() {
 		config = null;
 		rcm = null;
 		ctx = null;
 	}
 
@@ -82,35 +77,28 @@ public boolean isAlive() {
 	}	
 
 	@Override
 	public Class<?> getType(String cacheName) throws TranslatorException {		
 		LogManager.logTrace(LogConstants.CTX_CONNECTOR, ""=== GetType for cache :"", cacheName,  ""===""); //$NON-NLS-1$ //$NON-NLS-2$
 
 		Class<?> type = config.getCacheType(cacheName);
 		if (type != null) {
 			return type;
 		}
 		throw new TranslatorException(InfinispanPlugin.Util.gs(InfinispanPlugin.Event.TEIID25040, (cacheName != null ? cacheName : ""Default"")));
 
 	}
 	
 	@Override
 	public String getPkField(String cacheName) {
 		return this.config.getPkMap(cacheName);
 	}
 
 	@Override
 	public Map<String, Class<?>> getCacheNameClassTypeMapping() {
 		return this.config.getCacheNameClassTypeMapping();
 	}
 
 	@SuppressWarnings({ ""rawtypes"", ""unchecked"" })
 	@Override
 	public RemoteCache getCache(String cacheName) {
 
 		if (cacheName == null) {
 			return rcm.getCache();
 		}
 		return rcm.getCache(cacheName);
 
 	}
 
@@ -119,27 +107,37 @@ public RemoteCache getCache(String cacheName) {
 	 *
 	 */
 	@Override
 	public Descriptor getDescriptor(String cacheName)
 			throws TranslatorException {
 		Descriptor d = ctx.getMessageDescriptor(config.getMessageDescriptor());
 		if (d == null) {
 			throw new TranslatorException(InfinispanPlugin.Util.gs(InfinispanPlugin.Event.TEIID25028,  config.getMessageDescriptor(), cacheName));			
 		}
 		
 		return d;
 	}
 	
 	@SuppressWarnings({ ""rawtypes"" })
 	@Override
 	public QueryFactory getQueryFactory(String cacheName) throws TranslatorException {
 		
 		return Search.getQueryFactory(getCache(cacheName));
 	}
 	
 	@Override
 	public  ClassRegistry getClassRegistry() {
 		return config.getClassRegistry();
 	}
 
 
 }
",34,,,
559,"@@ -56,10 +56,10 @@ public class ClassRegistry {
 
 	private TeiidScriptEngine readEngine = new TeiidScriptEngine();
 	
 	private Map<String, Class<?>> registeredClasses = new HashMap<String, Class<?>>(); // fullClassName, Class
 	private Map<String, Class<?>> tableNameClassMap = new HashMap<String, Class<?>>(); // simpleClassName(i.e., tableName), Class 
 	private Map<String, Map<String, Method>> classReadMethodMap = new HashMap<String, Map<String, Method>>();
 	private Map<String, Map<String, Method>> classWriteMethodMap = Collections.synchronizedMap(new LRUCache<String, Map<String,Method>>(100));;
 
 	public synchronized void registerClass(Class<?> clz) throws TranslatorException {
 			// preload methods
@@ -168,16 +168,20 @@ private static Map<String, Method> getWriteMethodMap(Class<?> clazz) throws Tran
 					methodMap.put(name, m);
 				}
 			}
 //			if (clazzMaps == null) {
 //				clazzMaps = Collections.synchronizedMap(new LRUCache<Class<?>, Map<String,Method>>(100));
 //				classWriteMethodMap = new SoftReference<Map<Class<?>,Map<String,Method>>>(clazzMaps);
 //			}
 //			clazzMaps.put(clazz, methodMap);
 		} catch (IntrospectionException e) {
 			throw new TranslatorException(e);
 		}
 		return methodMap;
 	}
 
 
 }
",433,,,
560,"@@ -72,9 +72,8 @@
 public final class DSLSearch   {
 	
 	public static Object performKeySearch(String cacheName, String columnNameInSource, Object value, InfinispanConnection conn) throws TranslatorException {
 	    @SuppressWarnings(""rawtypes"")
 	    
 		RemoteCache<?, Object> c = (RemoteCache<?, Object>) conn.getCache(cacheName);
 	    Object v = c.get(value);
 	    return v;
 
@@ -110,7 +109,7 @@ public static List<Object> performSearch(Condition where, OrderBy orderby, Strin
 		    	if (spec.getOrdering().name().equalsIgnoreCase(SortOrder.DESC.name())) {
 		    		so = SortOrder.DESC;
 		    	}
 		    	qb = qb.orderBy(mdIDElement.getNameInSource(), so);
 		    }
 	    }
 	    	
@@ -136,7 +135,7 @@ public static List<Object> performSearch(Condition where, OrderBy orderby, Strin
 
 		} else {
 		    results = new ArrayList<Object>();
 			RemoteCache<?, Object> c = (RemoteCache<?, Object>) conn.getCache(cacheName);
 		    for (Object id : c.keySet()) {
 		          results. add(c.get(id));
 		    }
@@ -149,9 +148,9 @@ public static List<Object> performSearch(Condition where, OrderBy orderby, Strin
 	@SuppressWarnings(""rawtypes"")
 	private static QueryBuilder getQueryBuilder(String cacheName, InfinispanConnection conn) throws TranslatorException {
 		
 		Class<?> type = conn.getType(cacheName);
 		
 		QueryFactory qf = conn.getQueryFactory(cacheName);
 	    		  
 	    QueryBuilder qb = qf.from(type);
 
@@ -175,7 +174,7 @@ private static FilterConditionContext buildQueryFromWhereClause(Condition criter
 			case AND:
 
 				FilterConditionContext f_and = buildQueryFromWhereClause(
 						crit.getLeftCondition(), queryBuilder, null);
 				FilterConditionBeginContext fcbca =  null;
 				if (f_and != null) {
 					fcbca = f_and.and();
@@ -188,7 +187,7 @@ private static FilterConditionContext buildQueryFromWhereClause(Condition criter
 			case OR:
 				
 				FilterConditionContext f_or = buildQueryFromWhereClause(
 						crit.getLeftCondition(), queryBuilder, null);
 				FilterConditionBeginContext fcbcb = null;
 				if (f_or != null) {
 					fcbcb = f_or.or();
",65,,,
561,"@@ -37,56 +37,65 @@
  */
 public interface InfinispanConnection {
 	
 		
 	/**
 	 * Return the root class type stored in the specified cache
 	 * @param cacheName 
 	 * @return Class
 	 * @throws TranslatorException
 	 */
 	public Class<?> getType(String cacheName) throws TranslatorException;
 	
 	/**
 	 * Returns the name of the primary key to the cache
 	 * @param cacheName
 	 * @return String key name
 	 * @throws TranslatorException 
 	 */
 	public String getPkField(String cacheName) throws TranslatorException;
 		
 	/**
 	 * Returns a map of all defined caches, and their respective root object class type,
 	 * that are accessible using this connection.
 	 * @return Map<String, Class>  --> CacheName, ClassType
 	 * @throws TranslatorException 
 	 */
 	public Map<String, Class<?>> getCacheNameClassTypeMapping() throws TranslatorException;
 	
 
 	/**
 	 * Returns the descriptor that desribes the messages being serialized
 	 * @param cacheName
 	 * @return Descriptor
 	 * @throws TranslatorException
 	 */
 	public Descriptor getDescriptor(String cacheName) throws TranslatorException;
 	
 	/**
 	 * Call to obtain the cache object
 	 * @param cacheName
 	 * @return Map cache
 	 * @throws TranslatorException 
 	 */
 	public Map<Object, Object> getCache(String cacheName) throws TranslatorException;
 	
 	/**
 	 * Return the QueryFactory used by the cache.
 	 * @param cacheName
 	 * @return QueryFactory
 	 * @throws TranslatorException
 	 */
 	@SuppressWarnings(""rawtypes"")
 	public QueryFactory getQueryFactory(String cacheName) throws TranslatorException;
 	
 	/**
 	 * Return the ClassRegistry that contains which classes and their methods.
",76,,,
562,"@@ -69,10 +69,11 @@ public InfinispanExecutionFactory() {
 		setSupportsInnerJoins(true);
 		setSupportsFullOuterJoins(false);
 		setSupportsOuterJoins(true);
 	
 		setSupportedJoinCriteria(SupportedJoinCriteria.KEY);
 	}
 	
 	@Override
 	public int getMaxFromGroups() {
 		return 2;
@@ -88,7 +89,11 @@ public ResultSetExecution createResultSetExecution(QueryExpression command,
     @Override
 	public UpdateExecution createUpdateExecution(Command command,
 			ExecutionContext executionContext, RuntimeMetadata metadata,
 			InfinispanConnection connection) {
     	return new InfinispanUpdateExecution(command, connection, executionContext, this);
 	}
     
",75,,,
563,"@@ -22,8 +22,9 @@
 
 package org.teiid.translator.infinispan.dsl;
 
 import java.lang.reflect.Method;
 import java.util.ArrayList;
 import java.util.Collection;
 import java.util.List;
 import java.util.Map;
@@ -34,11 +35,10 @@
 import javax.script.SimpleScriptContext;
 
 import org.infinispan.client.hotrod.RemoteCache;
 import org.teiid.core.TeiidException;
 import org.teiid.core.types.DataTypeManager;
 import org.teiid.core.types.TransformationException;
 import org.teiid.core.util.PropertiesUtils;
 import org.teiid.core.util.ReflectionHelper;
 import org.teiid.language.ColumnReference;
 import org.teiid.language.Command;
 import org.teiid.language.Delete;
@@ -127,136 +127,132 @@ public int[] getUpdateCounts() throws DataNotAvailableException,
 
 	@SuppressWarnings({ ""unchecked"" })
 	private void handleInsert(Insert insert) throws TranslatorException {
 		try {
 
 			// get the class to instantiate instance
 			Class<?> clz = this.classRegistry.getRegisteredClassUsingTableName(insert.getTable().getName());
 			if (clz == null) {
 				throw new TranslatorException(InfinispanPlugin.Util.gs(InfinispanPlugin.Event.TEIID25003, new Object[] {insert.getTable().getName()}));
 			}
 			
 			Map<String, Method> writeMethods = this.classRegistry.getWriteClassMethods(clz.getSimpleName());
 
 			Object entity = null;
 			try {
 				// create the new instance from the classLoader the the class
 				// was created from
 				entity = clz.newInstance();
 			} catch (Exception e) {
 				throw new TranslatorException(e);
 			} 
 
 			String cacheName = insert.getTable().getMetadataObject()
 					.getNameInSource();
 
 			// first determine if the table to be inserted into has a foreign key relationship, which
 			// would then be considered a child table, otherwise it must have a primary key
 			ForeignKey fk = getForeignKeyColumn(insert.getTable());
 			String fkeyColNIS = null;
 			if (fk != null) {
 				fkeyColNIS = getForeignKeyNIS(insert.getTable(), fk);
 			}
 			Column keyCol = null;
 			if (fkeyColNIS == null) {
 				keyCol = getPrimaryKeyColumn(insert.getTable());
 			} 
 			
 			if (fkeyColNIS == null && keyCol == null) {
 				throw new TranslatorException(InfinispanPlugin.Util.gs(InfinispanPlugin.Event.TEIID25004, new Object[] {""insert"", insert.getTable().getName()}));
 			}
 
 			List<ColumnReference> columns = insert.getColumns();
 			List<Expression> values = ((ExpressionValueSource) insert
 					.getValueSource()).getValues();
 			if (columns.size() != values.size()) {
 				throw new TranslatorException(
 						""Program error, Column and Value Size's don't match"");
 			}
 
 			Object keyValue = null;
 			Object fkeyValue = null;
 //			String keyColumnType = null;
 			
 
 			for (int i = 0; i < columns.size(); i++) {
 				Column column = columns.get(i).getMetadataObject();
 				Object value = values.get(i);
 
 				if ( keyCol != null && keyCol.getName().equals(column.getName()) ) {
 
 					if (value instanceof Literal) {
 						Literal literalValue = (Literal) value;
 						value = literalValue.getValue();
 					}
 						
 					writeColumnData(entity, column, value, writeMethods);
 					
 					keyValue = evaluate(entity, keyCol.getName());
 					
 				} else 	if (fkeyColNIS != null && fkeyColNIS.equals(column.getName()) ) {
 					if (value instanceof Literal) {
 						Literal literalValue = (Literal) value;
 						fkeyValue = literalValue.getValue();
 					} else {
 						fkeyValue = value;
 					}
 
 				} else {
 					
 					if (value instanceof Literal) {
 						Literal literalValue = (Literal) value;
 						value = literalValue.getValue();
 					}
 					
 					writeColumnData(entity, column, value, writeMethods);
 	
 				}
 			}
 			
 			RemoteCache<Object, Object> cache = (RemoteCache<Object, Object>) connection.getCache(cacheName);
 			if (keyCol != null) {
 				Object rootObject = this.executionFactory.performKeySearch(cacheName, keyCol.getNameInSource(), keyValue, connection, context);
 
 				if (rootObject != null) {
 					throw new TranslatorException(InfinispanPlugin.Util.gs(InfinispanPlugin.Event.TEIID25009, new Object[] {insert.getTable().getName(), keyValue}));
 				}
 				
 				cache.put(keyValue, entity);
 			} else {
 				Object rootObject = this.executionFactory.performKeySearch(cacheName, fkeyColNIS, fkeyValue, connection, context);
 				String fk_nis = fk.getNameInSource();
 				
 				Object childrenObjects = this.evaluate(rootObject, fk_nis);
 					
 				if (Collection.class.isAssignableFrom(childrenObjects.getClass())) {
 					@SuppressWarnings(""rawtypes"")
 					Collection c = (Collection) childrenObjects;
 					c.add(entity);
 
 					PropertiesUtils.setBeanProperty(rootObject, fk_nis, c);
 
 				} else if (Map.class.isAssignableFrom(childrenObjects.getClass())) {
 					throw new TranslatorException(InfinispanPlugin.Util.gs(InfinispanPlugin.Event.TEIID25005, new Object[] {insert.getTable().getName()}));
 
 				} else if (childrenObjects.getClass().isArray()) {
 					Object[] a = (Object[]) childrenObjects;
 					Object[] n = new Object[a.length + 1];
 					int i = 0;
 					for (Object o:a) {
 						n[i] = a[i++];
 					}
 					n[i] = entity;
 					PropertiesUtils.setBeanProperty(rootObject, fk_nis, n);
 				} 
 				
 				cache.put(fkeyValue, rootObject);
 
 			}
 			++updateCnt;
 			
 		} catch (TeiidException e) {
 			throw new TranslatorException(e);
 		}
 	}
 
 	// Private method to actually do a delete operation. 
@@ -290,23 +286,22 @@ private void handleDelete(Delete delete) throws TranslatorException {
 			// if this is the root class (no foreign key), then for each object, obtain
 			// the primary key value and use it to be removed from the cache
 			@SuppressWarnings(""rawtypes"")
 			RemoteCache cache = (RemoteCache) connection.getCache(cacheName);
 			
 			try {
 				
 				
 				cs = scriptEngine.compile(ClassRegistry.OBJECT_NAME + ""."" + keyCol.getName());
 	
 				for (Object o : toDelete) {
 					sc.setAttribute(ClassRegistry.OBJECT_NAME, o,
 							ScriptContext.ENGINE_SCOPE);
 					Object v = cs.eval(sc);
 					
 					if (cache.containsKey(v) ) {
 						cache.removeAsync(v);
 					//	remove(v);
 						++updateCnt;
 					}
 				}
 	
 			} catch (ScriptException e1) {
@@ -426,7 +421,7 @@ private void handleUpdate(Update update) throws TranslatorException {
 		}
 	
 		@SuppressWarnings({ ""rawtypes"", ""unchecked"" })
 		RemoteCache<Object, Object> cache = (RemoteCache) connection.getCache(cacheName);
 		
 		Object keyValue = null;
 
@@ -435,7 +430,7 @@ private void handleUpdate(Update update) throws TranslatorException {
 		if (keyCol != null) {
 			for (Object entity:toUpdate) {
 				
 				keyValue = evaluate(entity, keyCol.getName());
 				
 				for (SetClause sc:updateList) {
 					Column column = sc.getSymbol().getMetadataObject();
@@ -455,8 +450,7 @@ private void handleUpdate(Update update) throws TranslatorException {
 			
 				}
 				
 				cache.replace(keyValue, entity);
 //				put(keyValue, entity);
 				++updateCnt;
 			
 			}
@@ -532,26 +526,46 @@ private Object evaluate(Object value, String columnName)
 
 	}
 	
 	private void writeColumnData(Object entity, Column column, Object value, Map<String, Method> writeMethods) throws TranslatorException {
 		
 		try {
 
 			Method m = writeMethods.get(column.getName());
 			if (value == null) {
 				ClassRegistry.executeSetMethod(m, entity, value);
 				return;
 			}
 			if (value.getClass().equals(column.getJavaType())) {
 				ClassRegistry.executeSetMethod(m, entity, value);
 			} else	if (value.getClass().getName().equals(column.getJavaType().getName())) {
 				ClassRegistry.executeSetMethod(m, entity, value);
 			} else if (value.getClass().isPrimitive()) {
 				final Object transformedValue = DataTypeManager.transformValue(value,  column.getJavaType());
 				
 				ClassRegistry.executeSetMethod(m, entity, transformedValue);
 				
 			} else {
 				PropertiesUtils.setBeanProperty(entity, column.getName(), value);
 			}
 
 			
",434,,,
564,"@@ -29,6 +29,8 @@
 import java.util.List;
 import java.util.Map;
 
 import org.teiid.metadata.BaseColumn.NullType;
 import org.teiid.metadata.Column;
 import org.teiid.metadata.Column.SearchType;
@@ -41,9 +43,6 @@
 import org.teiid.translator.infinispan.dsl.InfinispanConnection;
 import org.teiid.translator.infinispan.dsl.InfinispanPlugin;
 
 import org.infinispan.protostream.descriptors.Descriptor;
 import org.infinispan.protostream.descriptors.FieldDescriptor;
 
 
 
 /**
@@ -81,6 +80,8 @@
  * 
  */
 public class ProtobufMetadataProcessor implements MetadataProcessor<InfinispanConnection>{
 				
 	public static final String VIEWTABLE_SUFFIX = ""View""; //$NON-NLS-1$
 	public static final String OBJECT_COL_SUFFIX = ""Object""; //$NON-NLS-1$
@@ -89,35 +90,35 @@ public class ProtobufMetadataProcessor implements MetadataProcessor<InfinispanCo
 	@Override
 	public void process(MetadataFactory metadataFactory, InfinispanConnection conn) throws TranslatorException {
 			
 		Map<String, Class<?>> cacheTypes = conn.getCacheNameClassTypeMapping();
 		for (String cacheName : cacheTypes.keySet()) {
 
 			Class<?> type = cacheTypes.get(cacheName);
 			String pkField = conn.getPkField(cacheName);
 			if (pkField == null || pkField.trim().length() == 0) {
 					throw new TranslatorException(InfinispanPlugin.Util.gs(InfinispanPlugin.Event.TEIID25007, new Object[] {cacheName}));
 			}
 			createRootTable(metadataFactory, type, conn.getDescriptor(cacheName), cacheName, pkField, conn);
 		}		
 	}
 
 
 	private Table createRootTable(MetadataFactory mf, Class<?> entity, Descriptor descriptor, String cacheName, String pkField, InfinispanConnection conn) throws TranslatorException {
 			
 		Table rootTable = addTable(mf, entity, descriptor);
 		rootTable.setNameInSource(cacheName); 
 		
 	    Method pkMethod = conn.getClassRegistry().getReadClassMethods(entity.getName()).get(pkField);
 	    if (pkMethod == null) {
 			throw new TranslatorException(InfinispanPlugin.Util.gs(InfinispanPlugin.Event.TEIID25008, new Object[] {pkField, cacheName, entity.getName()}));
 	    	
 	    }
 	    	    
 	    // add column for cache Object
 		addRootColumn(mf, Object.class, null, null, SearchType.Unsearchable, rootTable.getName(), rootTable,true, false); //$NON-NLS-1$	
 
 		// add a column for primary key
 		addRootColumn(mf, pkMethod.getReturnType(), pkField, pkField, SearchType.Searchable, rootTable.getName(), rootTable, true, true);
 		
 		boolean repeats = false;
 		// the descriptor is needed to determine which fields are defined as searchable.
@@ -131,25 +132,27 @@ private Table createRootTable(MetadataFactory mf, Class<?> entity, Descriptor de
 			}
 		}	
 		
 		// add primary key
 		String pkName = ""PK_"" + pkField.toUpperCase(); //$NON-NLS-1$
         ArrayList<String> x = new ArrayList<String>(1) ;
         x.add(pkField);
         mf.addPrimaryKey(pkName, x , rootTable);		    
 		
 		if (repeats) {
 			for (FieldDescriptor fd:descriptor.getFields()) {	
 				if (fd.isRepeated() ) {
 					processRepeatedType(mf,fd, rootTable, pkMethod, conn);	
 				} 
 			}	
 		}
 
 			
 		return rootTable;
 	}
 	
 	private Table addTable(MetadataFactory mf, Class<?> entity, Descriptor descriptor) {
 		String tName = entity.getSimpleName();
 				//getTableName(descriptor);
 		Table t = mf.getSchema().getTable(tName);
@@ -158,7 +161,9 @@ private Table addTable(MetadataFactory mf, Class<?> entity, Descriptor descripto
 			return t;
 		}
 		t = mf.addTable(tName);
 		t.setSupportsUpdate(true);
 
 		return t;
 		
@@ -200,7 +205,7 @@ private void processRepeatedType(MetadataFactory mf, FieldDescriptor fd, Table r
 			throw new TranslatorException(InfinispanPlugin.Util.gs(InfinispanPlugin.Event.TEIID25060, new Object[] { fd.getName() }));
 		}
 		
 		Table t = addTable(mf, c, d);
 		
 		// do not use getSourceName, the NameInSource has to be defined as the cache name
 		t.setNameInSource(rootTable.getNameInSource()); 
",70,,,
565,"@@ -27,14 +27,14 @@ TEIID25003=Registered Class not found for table {0}, check table name matches a
 TEIID25004=Unable to perform {0}, no Primary or Foreign Key defined for table {1}
 TEIID25005=Table {0} has defined a container class of type Maps, which is not currently supported
 TEIID25006=Updating primary key column {0} in table {1} is not supported, use delete and insert.
 TEIID25007=No Primary key defined for cache {0}
 TEIID25008=Primary Key {0} defined for cache {1} does not match a method on class {2}
 TEIID25009=Unable to insert duplicate into table {0} with key value {1}
 
 
 TEIID25020=MessageDescriptor must be specified
 TEIID25021=CacheTypeMap has not been set
 TEIID25022=CacheTypeMap incorrectly configured, must be in the form of - cacheName:ClassName
 TEIID25023=Must set configuration as to how the cache will be obtained (i.e., jndi, server list or properties file)
 TEIID25025=Unable to find cache using JNDI {0}
 TEIID25026=Cache Container {0} is not an instance of RemoteCacheManager
",435,,,
566,"@@ -25,6 +25,7 @@
 
 import java.util.ArrayList;
 import java.util.Collection;
 import java.util.HashMap;
 import java.util.List;
 import java.util.Map;
@@ -48,6 +49,7 @@
 import org.infinispan.protostream.descriptors.FileDescriptor;
 import org.infinispan.protostream.impl.parser.SquareProtoParser;
 import org.infinispan.query.dsl.QueryFactory;
 import org.teiid.translator.infinispan.dsl.ClassRegistry;
 import org.teiid.translator.infinispan.dsl.InfinispanConnection;
 import org.teiid.translator.TranslatorException;
@@ -69,7 +71,7 @@ public class PersonCacheSource<K, V>  implements RemoteCache<K, V>{
 	public static final String PHONENUMBER_CLASS_NAME = PhoneNumber.class.getName();
 	public static final String PHONETYPE_CLASS_NAME = PhoneType.class.getName();
 	
 	public static Map<String, Class<?>> mapOfCaches = new HashMap<String, Class<?>>(1);
 
 	
 	public static Descriptor DESCRIPTOR;
@@ -79,10 +81,10 @@ public class PersonCacheSource<K, V>  implements RemoteCache<K, V>{
 	
 	static ClassRegistry CLASS_REGISTRY = new ClassRegistry();
 	
 	private Map cache = new HashMap<Object, Object>();
 	
 	static {
 		mapOfCaches.put(PersonCacheSource.PERSON_CACHE_NAME, Person.class);
 		try {
 			DESCRIPTOR = (Descriptor) createDescriptor();
 
@@ -96,43 +98,54 @@ public class PersonCacheSource<K, V>  implements RemoteCache<K, V>{
 	}
 	
 	
 	public static InfinispanConnection createConnection() {
 		final Map <Object, Object> objects = PersonCacheSource.loadCache();
 
 		return new InfinispanConnection() {
 
 			@Override
 			public Class<?> getType(String cacheName)  {
 				return Person.class;
 			}
 
 
 			@Override
 			public Map<String, Class<?>> getCacheNameClassTypeMapping() {
 				return mapOfCaches;
 			}
 			
 			@Override
 			public String getPkField(String cacheName) {
 				return ""id"";
 			}
 
 			@Override
 			public Descriptor getDescriptor(String cacheName)
 					throws TranslatorException {
 				return DESCRIPTOR;
 			}
 
 			@Override
 			public Map<Object, Object> getCache(String cacheName) {
 				return objects;
 			}
 
 
 			@Override
 			public QueryFactory getQueryFactory(String cacheName) {
 				return null;
 			}
 			
 	        public ClassRegistry getClassRegistry() {
 		        return PersonCacheSource.CLASS_REGISTRY;
@@ -291,9 +304,10 @@ public V putIfAbsent(K arg0, V arg1, long arg2, TimeUnit arg3, long arg4,
 	 *
 	 * @see org.infinispan.commons.api.BasicCache#remove(java.lang.Object)
 	 */
 	@Override
 	public V remove(Object arg0) {
 		return null;
 	}
 
 	/**
@@ -748,7 +762,7 @@ public boolean containsValue(Object value) {
 	 */
 	@Override
 	public Set<K> keySet() {
 		return cache.keySet();
 	}
 
 	/**
@@ -758,7 +772,7 @@ public Set<K> keySet() {
 	 */
 	@Override
 	public Collection<V> values() {
 		return cache.values();
 	}
 
 	/**
@@ -768,7 +782,8 @@ public Collection<V> values() {
 	 */
 	@Override
 	public Set<java.util.Map.Entry<K, V>> entrySet() {
 		return cache.entrySet();
 	}
 
 	/**
",325,,,
567,"@@ -28,7 +28,6 @@ public class AllTypes implements Serializable{
 	private String stringKey;
 	private Time timeValue;
 	private Date dateValue;
 	private byte[] byteArrayValue;
 
 	public String getStringNum() {
 		return stringNum;
@@ -158,13 +157,6 @@ public void setDateValue(Date dateValue) {
 		this.dateValue = dateValue;
 	}
 	
 	public byte[] getByteArrayValue() {
 		return byteArrayValue;
 	}
 	public void setByteArrayValue(byte[] value) {
 		byteArrayValue = value;
 	}
 	
 
 	@Override
 	public String toString() {
",326,,,
568,"@@ -30,6 +30,7 @@
 import java.sql.Timestamp;
 import java.util.ArrayList;
 import java.util.Collection;
 import java.util.HashMap;
 import java.util.List;
 import java.util.Map;
@@ -69,19 +70,16 @@ public class AllTypesCacheSource<K, V>  implements RemoteCache<K, V>{
 	
 	public static final String ALLTYPES_CLASS_NAME = AllTypes.class.getName();
 	
 	public static Map<String, Class<?>> mapOfCaches = new HashMap<String, Class<?>>(1);
 	
 	public static Descriptor DESCRIPTOR;
 	
 	public static Random RANDOM = new Random();
 	
 	
 	static ClassRegistry CLASS_REGISTRY = new ClassRegistry();
 	
 	private Map cache = new HashMap<Object, Object>();
 	
 	static {
 		mapOfCaches.put(AllTypesCacheSource.ALLTYPES_CACHE_NAME, AllTypes.class);
 		try {
 			DESCRIPTOR = (Descriptor) createDescriptor();
 
@@ -94,42 +92,58 @@ public class AllTypesCacheSource<K, V>  implements RemoteCache<K, V>{
 	
 	
 	public static InfinispanConnection createConnection() {
 		final Map <Object, Object> objects = AllTypesCacheSource.loadCache();
 
 		return new InfinispanConnection() {
 
 			@Override
 			public Class<?> getType(String cacheName)  {
 				return AllTypes.class;
 			}
 
 
 			@Override
 			public Map<String, Class<?>> getCacheNameClassTypeMapping() {
 				return mapOfCaches;
 			}
 			
 			@Override
 			public String getPkField(String cacheName) {
 				return ""intKey"";
 			}
 
 			@Override
 			public Descriptor getDescriptor(String cacheName)
 					throws TranslatorException {
 				return DESCRIPTOR;
 			}
 
 			@Override
 			public Map<Object, Object> getCache(String cacheName) {
 				return objects;
 			}
 
 
 			@Override
 			public QueryFactory getQueryFactory(String cacheName) {
 				return null;
 			}
 			
 	        public ClassRegistry getClassRegistry() {
 		        return AllTypesCacheSource.CLASS_REGISTRY;
@@ -168,7 +182,7 @@ public static void loadCache(Map<Object, Object> cache) {
 			p.setBigIntegerValue(BigInteger.valueOf(RANDOM.nextLong()));
 			p.setBigDecimalValue(BigDecimal.valueOf(RANDOM.nextLong()));
 				
 			cache.put(i, p);
 
 
 		}
@@ -225,7 +239,7 @@ private static Descriptor createDescriptor() throws Exception {
 
 	      FileDescriptor descriptor = files.get(""allTypes.proto"");
 	      
 	      String descriptorName = ""org.jboss.teiid.jdg_remote.protobuf.AllTypes"";
 	      Map<String, Descriptor> messages = new HashMap<String, Descriptor>();
 	      for (Descriptor m : descriptor.getMessageTypes()) {
 	         messages.put(m.getFullName(), m);
@@ -329,9 +343,10 @@ public V putIfAbsent(K arg0, V arg1, long arg2, TimeUnit arg3, long arg4,
 	 *
 	 * @see org.infinispan.commons.api.BasicCache#remove(java.lang.Object)
 	 */
 	@Override
 	public V remove(Object arg0) {
 		return null;
 	}
 
 	/**
",327,,,
569,"@@ -0,0 +1,201 @@
",436,,,
570,"@@ -61,7 +61,7 @@ public class TestInfinispanExecution {
     @BeforeClass
     public static void setUp()  {
         
 		CONNECTION = PersonCacheSource.createConnection();
 
     }	
 
",14,,,
571,"@@ -47,7 +47,7 @@ public class TestInfinispanExecutionFactory {
 	private Select command;
 	
 	
 	private InfinispanConnection connection = PersonCacheSource.createConnection();
 	
     @BeforeClass
     public static void setUp() throws TranslatorException {
",18,,,
572,"@@ -42,14 +42,26 @@ public class TestInfinispanUpdateExecution {
 	@Before public void beforeEach() throws Exception{	
 		 
 		MockitoAnnotations.initMocks(this);
 		CONNECTION = PersonCacheSource.createConnection();
     }
 
 	@Test
 	public void testInsertRootClass() throws Exception {
 
 		// check the object doesn't exist before inserting
 		Object o = CONNECTION.getCache(PersonCacheSource.PERSON_CACHE_NAME).get(99);
 		assertNull(o);
 		
 		Command command = translationUtility
@@ -61,18 +73,28 @@ public void testInsertRootClass() throws Exception {
 
 		ie.execute();
 
 		Person p = (Person) CONNECTION.getCache(PersonCacheSource.PERSON_CACHE_NAME).get(99);
 
 		assertNotNull(p);
 		assertTrue(p.getName().equals(""TestName""));
 		assertTrue(p.getEmail().equals(""testName@mail.com""));
 		
 	}
 
 	@Test
 	public void testInsertChildClass() throws Exception {
 		
 		assertNotNull(CONNECTION.getCache(PersonCacheSource.PERSON_CACHE_NAME).get(2));
 
 		Command command = translationUtility
 				.parseCommand(""Insert into PhoneNumber (id, number, type) VALUES (2, '999-888-7777', 'HOME')"");
@@ -83,7 +105,7 @@ public void testInsertChildClass() throws Exception {
 
 		ie.execute();
 
 		Person p = (Person) CONNECTION.getCache(PersonCacheSource.PERSON_CACHE_NAME).get(2);
 		assertNotNull(p);
 
 		boolean found = false;
@@ -94,12 +116,23 @@ public void testInsertChildClass() throws Exception {
 		}
 		assertTrue(found);
 	}
 	
 	@Test
 	public void testUpdateRootClass() throws Exception {
 
 		// check the object doesn't exist before inserting
 		Object o = CONNECTION.getCache(PersonCacheSource.PERSON_CACHE_NAME).get(5);
 		assertNotNull(o);
 		
 		Command command = translationUtility
@@ -113,52 +146,73 @@ public void testUpdateRootClass() throws Exception {
 
 		ie.execute();
 
 		Person p = (Person) CONNECTION.getCache(PersonCacheSource.PERSON_CACHE_NAME).get(5);
 
 		assertNotNull(p);
 		assertTrue(p.getName().equals(""Person 5 Changed""));
 		assertTrue(p.getEmail().equals(""person5@mail.com""));
 		
 	}
 
 	@SuppressWarnings(""unchecked"")
 	@Test
 	public void testDeleteRootByKey() throws Exception {
 		
 		assertNotNull(CONNECTION.getCache(PersonCacheSource.PERSON_CACHE_NAME).get(1));
 
 		Command command = translationUtility
 				.parseCommand(""Delete From Person Where id = 1"");
 
 		@SuppressWarnings(""rawtypes"")
 		List rows = new ArrayList();
 		rows.add(TestInfinispanUpdateExecution.DATA.get(1));
 
 		InfinispanUpdateExecution ie = createExecution(command, rows);
 
 		ie.execute();
 		assertNull(CONNECTION.getCache(PersonCacheSource.PERSON_CACHE_NAME)
 				.get(new Integer(1).intValue()));
 
 	}
 
 	@Test
 	public void testDeleteRootByValue() throws Exception {
 
 		assertNotNull(CONNECTION.getCache(PersonCacheSource.PERSON_CACHE_NAME).get(2));
 
 		Command command = translationUtility
 				.parseCommand(""Delete From Person Where Name = 'Person 2'"");
 
 
 		List rows = new ArrayList();
 		rows.add(TestInfinispanUpdateExecution.DATA.get(2));
 
 		InfinispanUpdateExecution ie = createExecution(command, rows);
 		
 		ie.execute();
 		assertNull(CONNECTION.getCache(PersonCacheSource.PERSON_CACHE_NAME)
 				.get(2));
 
 	}
 
@@ -167,7 +221,7 @@ public void testDeleteChildByValue() throws Exception {
 		String phoneNumber=""(111)222-3451"";	
 		
 		// check the phone number exists
 		Iterator it=CONNECTION.getCache(PersonCacheSource.PERSON_CACHE_NAME).values().iterator();
 		boolean found = false;
 		while (it.hasNext()) {
 			Person p = (Person) it.next();
@@ -188,13 +242,13 @@ public void testDeleteChildByValue() throws Exception {
 
 		InfinispanUpdateExecution ie = createExecution(command, rows);
 
 		assertNotNull(CONNECTION.getCache(PersonCacheSource.PERSON_CACHE_NAME).get(2));
 		
 		ie.execute();
 		int[] cnts = ie.getUpdateCounts();
 		assertTrue(cnts[0] == 10);
 		
 		it=CONNECTION.getCache(PersonCacheSource.PERSON_CACHE_NAME).values().iterator();
 		// verify phone was completely removed
 		while (it.hasNext()) {
 			Person p = (Person) it.next();
",21,,,
573,"@@ -42,14 +42,24 @@ public class TestInfinispanUpdateUsingAllTypes {
 	@Before public void beforeEach() throws Exception{	
 		 
 		MockitoAnnotations.initMocks(this);
 		CONNECTION = AllTypesCacheSource.createConnection();
     }
 
 	@Test
 	public void testInsertRootClass() throws Exception {
 
 		// check the object doesn't exist before inserting
 		Object o = CONNECTION.getCache(AllTypesCacheSource.ALLTYPES_CACHE_NAME).get(99);
 		assertNull(o);
 		
 		Command command = translationUtility
@@ -60,27 +70,14 @@ public void testInsertRootClass() throws Exception {
 //		.parseCommand(""Insert into AllTypes (intKey, intNum, stringKey, stringNum, booleanValue, longNum, doubleNum, floatNum) "" + 
 //				""VALUES (99, 991, 'string key value', '999', true, 1200, 23.45, 12.456  )"");
 
 	/**	
 		private Character charValue;
 		private Double doubleNum;
 		private BigInteger bigIntegerValue;
 		private Short shortValue;
 		private Float floatNum;
 		private Object  objectValue;
 
 		private BigDecimal bigDecimalValue;
 		private Timestamp timeStampValue;
 		private Time timeValue;
 		private Date dateValue;
 		private byte[] byteArrayValue;
 		*/
 		// no search required by the UpdateExecution logic
 		@SuppressWarnings(""unchecked"")
 		InfinispanUpdateExecution ie = createExecution(command, Collections.EMPTY_LIST);
 
 		ie.execute();
 
 		AllTypes p = (AllTypes) CONNECTION.getCache(AllTypesCacheSource.ALLTYPES_CACHE_NAME).get(99);
 
 		String stringNum = String.valueOf(""999"");
 		
@@ -100,9 +97,20 @@ public void testInsertRootClass() throws Exception {
 	// TEIID-3534 - cannot insert Boolean attribute with null
 	@Test
 	public void testInsertBooleanOfNull() throws Exception {
 
 		// check the object doesn't exist before inserting
 		Object o = CONNECTION.getCache(AllTypesCacheSource.ALLTYPES_CACHE_NAME).get(99);
 		assertNull(o);
 		
 		Command command = translationUtility
@@ -115,7 +123,7 @@ public void testInsertBooleanOfNull() throws Exception {
 
 		ie.execute();
 
 		AllTypes p = (AllTypes) CONNECTION.getCache(AllTypesCacheSource.ALLTYPES_CACHE_NAME).get(99);
 
 		String stringNum = String.valueOf(""999"");
 		
@@ -136,9 +144,10 @@ public void testInsertBooleanOfNull() throws Exception {
 	// TEIID-3539 -  Can't use IS [NOT] NULL operator for non-string columns
 	//@Test
 	public void testInsertIsNotNullOperator() throws Exception {
 
 		// check the object doesn't exist before inserting
 		Object o = CONNECTION.getCache(AllTypesCacheSource.ALLTYPES_CACHE_NAME).get(99);
 		assertNull(o);
 		
 		Command command = translationUtility
@@ -162,7 +171,7 @@ public void testInsertIsNotNullOperator() throws Exception {
 		
 		
 
 		AllTypes p = (AllTypes) CONNECTION.getCache(AllTypesCacheSource.ALLTYPES_CACHE_NAME).get(99);
 
 		String stringNum = String.valueOf(""999"");
 		
@@ -179,9 +188,21 @@ public void testInsertIsNotNullOperator() throws Exception {
 
 	@Test
 	public void testUpdateRootClass() throws Exception {
 
 		// check the object doesn't exist before inserting
 		Object o = CONNECTION.getCache(AllTypesCacheSource.ALLTYPES_CACHE_NAME).get(5);
 		assertNotNull(o);
 		
 		Command command = translationUtility
@@ -195,7 +216,7 @@ public void testUpdateRootClass() throws Exception {
 
 		ie.execute();
 
 		AllTypes p = (AllTypes) CONNECTION.getCache(AllTypesCacheSource.ALLTYPES_CACHE_NAME).get(5);
 
 		String stringNum = String.valueOf(""10000"");
 		
@@ -204,11 +225,21 @@ public void testUpdateRootClass() throws Exception {
 		
 	}
 
 //	@SuppressWarnings(""unchecked"")
 	@Test
 	public void testDeleteRootByKey() throws Exception {
 		
 		assertNotNull(CONNECTION.getCache(AllTypesCacheSource.ALLTYPES_CACHE_NAME).get(1));
 
 		Command command = translationUtility
 				.parseCommand(""Delete From AllTypes Where intKey=99"");
@@ -220,7 +251,7 @@ public void testDeleteRootByKey() throws Exception {
 		InfinispanUpdateExecution ie = createExecution(command, rows);
 
 		ie.execute();
 		assertNull(CONNECTION.getCache(AllTypesCacheSource.ALLTYPES_CACHE_NAME)
 				.get(new Integer(1).intValue()));
 
 	}
",35,,,
574,"@@ -2,19 +2,13 @@
 
 import static org.junit.Assert.assertEquals;
 
 import java.math.BigDecimal;
 import java.math.BigInteger;
 import java.sql.Date;
 import java.sql.Time;
 import java.sql.Timestamp;
 import java.util.Properties;
 
 import org.jboss.as.quickstarts.datagrid.hotrod.query.domain.PersonCacheSource;
 import org.jboss.teiid.jdg_remote.pojo.AllTypesCacheSource;
 import org.junit.Before;
 import org.junit.BeforeClass;
 import org.junit.Test;
 import org.mockito.MockitoAnnotations;
 import org.teiid.metadata.MetadataFactory;
 import org.teiid.query.metadata.DDLStringVisitor;
 import org.teiid.query.metadata.SystemMetadata;
@@ -43,7 +37,7 @@ public void testPersonMetadata() throws Exception {
 				SystemMetadata.getInstance().getRuntimeTypeMap(),
 				new Properties(), null);
 
 		InfinispanConnection conn = PersonCacheSource.createConnection();
 
 		TRANSLATOR.getMetadataProcessor().process(mf, conn);
 
@@ -57,14 +51,14 @@ public void testPersonMetadata() throws Exception {
 				+ ""\tname string OPTIONS (SEARCHABLE 'Searchable', NATIVE_TYPE 'java.lang.String'),\n""
 				+ ""\temail string OPTIONS (SEARCHABLE 'Unsearchable', NATIVE_TYPE 'java.lang.String'),\n""
 				+ ""\tCONSTRAINT PK_ID PRIMARY KEY(id)\n""
 				+ "") OPTIONS (NAMEINSOURCE 'PersonsCache', UPDATABLE TRUE);\n""
 				+ ""\n""
 				+ ""CREATE FOREIGN TABLE PhoneNumber (\n""
 				+ ""\tnumber string OPTIONS (NAMEINSOURCE 'phone.number', SEARCHABLE 'Searchable', NATIVE_TYPE 'java.lang.String'),\n""
 				+ ""\ttype object OPTIONS (NAMEINSOURCE 'phone.type', SEARCHABLE 'Unsearchable', NATIVE_TYPE 'org.jboss.as.quickstarts.datagrid.hotrod.query.domain.PhoneType'),\n""
 				+ ""\tid integer NOT NULL OPTIONS (SELECTABLE FALSE, UPDATABLE FALSE, SEARCHABLE 'Searchable', NATIVE_TYPE 'int'),\n""
 				+ ""\tCONSTRAINT FK_PERSON FOREIGN KEY(id) REFERENCES Person (id) OPTIONS (NAMEINSOURCE 'phones')\n""
 				+ "") OPTIONS (NAMEINSOURCE 'PersonsCache', UPDATABLE TRUE);""
 				;
 		assertEquals(expected, metadataDDL);	
 
@@ -104,9 +98,8 @@ public void testAllTypesMetadata() throws Exception {
 				+ ""\ttimeValue time OPTIONS (SEARCHABLE 'Unsearchable', NATIVE_TYPE 'java.sql.Time'),\n""
 				+ ""\tdateValue date OPTIONS (SEARCHABLE 'Unsearchable', NATIVE_TYPE 'java.sql.Date'),\n""
 				+ ""\tcharValue char OPTIONS (SEARCHABLE 'Unsearchable', NATIVE_TYPE 'java.lang.Character'),\n""
 				+ ""\tbyteArrayValue varbinary OPTIONS (SEARCHABLE 'Unsearchable', NATIVE_TYPE 'byte[]'),\n""
 				+ ""\tCONSTRAINT PK_INTKEY PRIMARY KEY(intKey)\n""
 				+ "") OPTIONS (NAMEINSOURCE 'AllTypesCache', UPDATABLE TRUE);""
 				;
 
 		
",59,,,
575,"@@ -69,7 +69,7 @@ private static MetadataFactory createSchema() {
 					SystemMetadata.getInstance().getRuntimeTypeMap(),
 					new Properties(), null);
 	
 			InfinispanConnection conn = PersonCacheSource.createConnection();
 	
 			translator.getMetadataProcessor().process(mf, conn);
 		
",15,,,
576,"@@ -1,23 +1,22 @@
 package org.jboss.teiid.jdg_remote.protobuf;
 
 message AllTypes {
 
    required int32 intKey = 1;
    optional string stringNum = 2;
    required string stringKey = 3;
    optional float floatNum = 4;
    optional int64 bigIntegerValue = 5;
    optional int32 shortValue = 6;      
    optional double doubleNum = 7;
    optional bytes objectValue = 8;
    optional int32 intNum = 9;   
    optional double bigDecimalValue = 10;   
    optional int64 longNum = 11;   
    optional bool booleanValue = 12;   
    optional int64 timeStampValue = 13;    
    optional int64 timeValue = 14;
    optional int64 dateValue = 15; 
    optional int32 charValue = 16;
    optional bytes byteArrayValue = 17;
 
 }
\ No newline at end of file
",437,,,
577,"@@ -19,7 +19,7 @@ CREATE TABLE status
   LoadState varchar(25) not null,
   Cardinality integer,
   Updated timestamp not null,
   LoadNumber integer not null,
   PRIMARY KEY (VDBName, VDBVersion, SchemaName, Name)
 );
 
",438,,,
578,"@@ -17,7 +17,7 @@ CREATE TABLE status
   TargetName varchar(256) not null,
   Valid boolean not null,
   LoadState varchar(25) not null,
   Cardinality integer,
   Updated timestamp not null,
   LoadNumber long not null,
   PRIMARY KEY (VDBName, VDBVersion, SchemaName, Name)
",438,,,
579,"@@ -1,7 +1,7 @@
 <?xml version=""1.0"" encoding=""UTF-8""?>
 <module xmlns=""urn:jboss:module:1.0"" name=""dom4j"">
     <resources>
         <resource-root path=""dom4j-1.6.1.jar"" />
         <!-- Insert resources here -->
     </resources>
 
",439,,,
580,"@@ -1,7 +1,7 @@
 <?xml version=""1.0"" encoding=""UTF-8""?>
 <module xmlns=""urn:jboss:module:1.0"" name=""org.apache.xmlbeans"">
     <resources>
         <resource-root path=""xmlbeans-2.3.0.jar"" />
         <!-- Insert resources here -->
     </resources>
 
",440,,,
581,"@@ -70,12 +70,12 @@ public InfinispanExecutionFactory() {
 		setSupportsFullOuterJoins(false);
 		setSupportsOuterJoins(true);
 	
 		setSupportedJoinCriteria(SupportedJoinCriteria.KEY);
 	}
 	
 	@Override
 	public int getMaxFromGroups() {
 		return 2;
 	}
 
 	@Override
@@ -122,12 +122,22 @@ public boolean supportsCompareCriteriaEquals() {
 	public boolean supportsCompareCriteriaOrdered() {
 		return Boolean.TRUE.booleanValue();
 	}
 	
 	@Override
 	public boolean supportsLikeCriteria() {
 		return Boolean.TRUE.booleanValue();
 	}	
 
 	@Override
 	public boolean supportsLikeCriteriaEscapeCharacter() {
 		return Boolean.TRUE.booleanValue();
",75,,,
582,"@@ -75,7 +75,7 @@ public InfinispanExecutionFactory() {
 	
 	@Override
 	public int getMaxFromGroups() {
 		return 1;
 	}
 
 	@Override
",75,,,
583,"@@ -54,11 +54,6 @@
 			<artifactId>teiid-client</artifactId>
 			<scope>provided</scope>
 		</dependency>
 		<dependency>
 			<groupId>org.jboss.teiid</groupId>
 			<artifactId>teiid-client</artifactId>
 			<scope>provided</scope>
 		</dependency>	
         <dependency>
             <groupId>org.jboss.teiid</groupId>
             <artifactId>teiid-admin</artifactId>
@@ -77,7 +72,7 @@
     </dependencies>
 
     <build>
         <finalName>${project.artifactId}</finalName>
         <plugins>
             <plugin>
                 <artifactId>maven-ejb-plugin</artifactId>
",378,,,
584,"@@ -3,7 +3,7 @@
 	<parent>
     	<groupId>org.jboss.integration-platform</groupId>
     	<artifactId>jboss-integration-platform-parent</artifactId>
     	<version>6.0.0.CR13</version>	
 	</parent>
     <name>extensions</name>
     <modelVersion>4.0.0</modelVersion>
@@ -15,10 +15,10 @@
 
     <properties>
         <project.build.sourceEncoding>UTF-8</project.build.sourceEncoding>
         <version.org.jboss.integration-platform>6.0.0.CR13</version.org.jboss.integration-platform>
         
         <version.jboss.bom>1.0.7.Final</version.jboss.bom>
         <version.teiid.project>8.7.0.Final</version.teiid.project>
 
     </properties>
 
",235,,,
585,"@@ -77,7 +77,7 @@ public ODataProducer getContext(Class<?> arg0) {
 			vdbName = getInitParameters().getProperty(""allow-vdb""); //$NON-NLS-1$		
 		}
 		
 		if (vdbName == null) {
 		    throw new TeiidRuntimeException(ODataPlugin.Util.gs(ODataPlugin.Event.TEIID16008));
 		}
 		
",441,,,
586,"@@ -21,8 +21,6 @@
  */
 package org.teiid.translator.odata;
 
 import static org.teiid.language.visitor.SQLStringVisitor.*;
 
 import java.util.ArrayList;
 import java.util.HashSet;
 import java.util.LinkedHashMap;
@@ -260,7 +258,7 @@ static boolean isPartOfPrimaryKey(Table table, String columnName) {
     static boolean hasColumn(KeyRecord pk, String columnName) {
         if (pk != null) {
             for (Column column : pk.getColumns()) {
                 if (getRecordName(column).equals(columnName)) {
                     return true;
                 }
             }
",58,,,
587,"@@ -36,4 +36,4 @@ TEIID17013=Wrong response from source with HTTP Response Code {0}: Vendor Code ""
 TEIID17014=OData translator does not support ""native"" queries; use the ""WS"" translator directly instead.
 TEIID17015=Foreign Key ""{0}"" on {1} table, which refers to {2} not created due to key mis-match.  
 TEIID17016=Could not derive the complex name {0}
 TEIID17017=Table '{0}' not included in metadata, due to lack of primary keys or unique keys
",442,,,
588,"@@ -24,6 +24,7 @@
 import static org.junit.Assert.assertArrayEquals;
 import static org.junit.Assert.assertEquals;
 import static org.junit.Assert.assertTrue;
 import static org.junit.Assert.fail;
 
 import java.io.FileReader;
@@ -235,6 +236,18 @@ public void testUnquieTreatedAsKey() {
 		// test that unique key is treated as key, when pk is absent.
 	}
 	
 	@Test
 	public void testEntityTypeName() throws Exception{
 		String ddl = ""CREATE FOREIGN TABLE BookingCollection (\n"" + 
",13,,,
589,"@@ -37,17 +37,15 @@
             <managedconnectionfactory-class>org.teiid.resource.adapter.infinispan.dsl.InfinispanManagedConnectionFactory</managedconnectionfactory-class>
   
             <config-property>
                <description>{$display:""Cache Type Mapping"",$description:""Cache Type Map(cacheName:className[;pkFieldName][,cacheName:className[;pkFieldName]...])"",$required=""true""}</description>
                <config-property-name>CacheTypeMap</config-property-name>
                <config-property-type>java.lang.String</config-property-type>
             </config-property>  
             
             <config-property>
                <description>{$display:""Module"",$description:""Module defining the cache classes (module,[module,..])""}</description>
                <config-property-name>Module</config-property-name>
                <config-property-type>java.lang.String</config-property-type>
             </config-property>
                 
             <config-property>
                <description>{$display:""Server List"",$description:""Server List (host:port[;host:port...]) to connect to""}</description>
                <config-property-name>RemoteServerList</config-property-name>
",432,,,
590,"@@ -32,6 +32,7 @@
 import javax.resource.ResourceException;
 import javax.resource.spi.InvalidPropertyException;
 
 import org.infinispan.client.hotrod.RemoteCacheManager;
 import org.infinispan.protostream.BaseMarshaller;
 import org.infinispan.protostream.FileDescriptorSource;
@@ -63,7 +64,7 @@ private enum CACHE_TYPE {
 	private String remoteServerList = null;
 	private String hotrodClientPropertiesFile = null;
 	private String cacheJndiName = null;
 	private Map<String, Class<?>> typeMap = null; // cacheName ==> ClassType
 	private String cacheTypes = null;
 	@SuppressWarnings(""rawtypes"")
 	private Map<String, BaseMarshaller> messageMarshallerMap = null;
@@ -74,7 +75,9 @@ private enum CACHE_TYPE {
 	private String messageDescriptor = null;
 	
 	private RemoteCacheManager cacheContainer = null;
 	private Map<String, String> pkMap; // cacheName ==> pkey name
 	private CACHE_TYPE cacheType;
 	private String module;
 	private ClassLoader cl;
@@ -131,11 +134,20 @@ public InfinispanConnectionImpl getConnection()
 
 	}
 
 	/**
 	 * Get the <code>cacheName:ClassName[,cacheName:ClassName...]</code> cache
 	 * type mappings.
 	 * 
 	 * @return <code>cacheName:ClassName[,cacheName:ClassName...]</code> cache
 	 *         type mappings
 	 * @see #setCacheTypeMap(String)
 	 */
@@ -145,12 +157,21 @@ public String getCacheTypeMap() {
 
 	/**
 	 * Set the cache type mapping
 	 * <code>cacheName:ClassName[,cacheName:ClassName...]</code> that represent
 	 * the root node class type for 1 or more caches available for access.
 	 * 
 	 * @param cacheTypeMap
 	 *            the cache type mappings passed in the form of
 	 *            <code>cacheName:ClassName[,cacheName:ClassName...]</code>
 	 * @see #getCacheTypeMap()
 	 */
 	public void setCacheTypeMap(String cacheTypeMap) {
@@ -241,24 +262,31 @@ public void setMessageDescriptor(String messageDescriptor) {
 		this.messageDescriptor = messageDescriptor;
 	}	
 
 	public String getPkMap(String cacheName) {
 		return pkMap.get(cacheName);
 	}
 
 	public void setPkMap(Map<String, String> mapOfPKs) {
 		pkMap = mapOfPKs;
 	}
 
 	public Map<String, Class<?>> getCacheNameClassTypeMapping() {
 		return this.typeMap;
 	}
 
 	public void setCacheNameClassTypeMapping(Map<String, Class<?>> cacheType) {
 		this.typeMap = cacheType;
 	}
 
 	public Class<?> getCacheType(String cacheName) {
 		return this.typeMap.get(cacheName);
 	}
 
 	public ClassRegistry getClassRegistry() {
@@ -391,25 +419,39 @@ protected synchronized ClassLoader loadClasses() throws ResourceException {
 			cl = this.getClass().getClassLoader();
 		}
 		
 		List<String> types = StringUtil.getTokens(getCacheTypeMap(), "",""); //$NON-NLS-1$
 
 		Map<String, String> pkMap = new HashMap<String, String>(types.size());
 		Map<String, Class<?>> tm = new HashMap<String, Class<?>>(types.size());
 
 		for (String type : types) {
 			List<String> mapped = StringUtil.getTokens(type, "":""); //$NON-NLS-1$
 			if (mapped.size() != 2) {
 				throw new InvalidPropertyException(InfinispanPlugin.Util.gs(InfinispanPlugin.Event.TEIID25022));
 			}
 			final String cacheName = mapped.get(0);
 			String className = mapped.get(1);
 			mapped = StringUtil.getTokens(className, "";""); //$NON-NLS-1$
 			if (mapped.size() > 1) {
 				className = mapped.get(0);
 				pkMap.put(cacheName, mapped.get(1));
 			}
 			tm.put(cacheName, loadClass(className)); 
 
 		}
 
 		List<String> marshallers = StringUtil.getTokens(this.getMessageMarshallers(), "",""); //$NON-NLS-1$
@@ -418,18 +460,18 @@ protected synchronized ClassLoader loadClasses() throws ResourceException {
 		
 		for (String mm : marshallers) {
 			
 			List<String> mapped = StringUtil.getTokens(mm, "":""); //$NON-NLS-1$
 			if (mapped.size() != 2) {
 				throw new InvalidPropertyException(InfinispanPlugin.Util.gs(InfinispanPlugin.Event.TEIID25031, new Object[] {mm}));
 			}
 			final String className = mapped.get(0);
 			final String m = mapped.get(1);
 
 			try {
 				Object bmi = (loadClass(m)).newInstance();
 				Class ci = loadClass(className);
 
 				mmp.put(className, (BaseMarshaller) bmi); 	
 
 				methodUtil.registerClass(ci);
 		
@@ -443,9 +485,6 @@ protected synchronized ClassLoader loadClasses() throws ResourceException {
 		
 		}
 		
 		setCacheNameClassTypeMapping(Collections.unmodifiableMap(tm));
 		setPkMap(Collections.unmodifiableMap(pkMap));
 		
 		messageMarshallerMap=Collections.unmodifiableMap(mmp);
 
 		return cl;
@@ -540,8 +579,6 @@ private RemoteCacheManager createRemoteCacheWrapperFromJNDI(
 		throw new ResourceException(InfinispanPlugin.Util.gs(InfinispanPlugin.Event.TEIID25026, cacheContainer.getClass().getName()));
 
 	}
 	
 	private static final String PROTOBUF_DEFINITION_RESOURCE = ""/quickstart/addressbook.proto"";
 
 	@SuppressWarnings({ ""rawtypes"", ""unchecked"" })
 	protected void registerMarshallers(SerializationContext ctx, ClassLoader cl) throws ResourceException {
@@ -609,10 +646,10 @@ public boolean equals(Object obj) {
 	public void cleanUp() {
 
 		messageMarshallerMap = null;
 		typeMap = null;
 		cacheContainer = null;
 		pkMap = null;
 		cl = null;
 
 	}
 }
",28,,,
591,"@@ -22,14 +22,12 @@
 
 package org.teiid.resource.adapter.infinispan.dsl.base;
 
 import java.util.Map;
 
 import org.infinispan.client.hotrod.RemoteCache;
 import org.infinispan.client.hotrod.RemoteCacheManager;
 import org.infinispan.client.hotrod.Search;
 import org.infinispan.protostream.SerializationContext;
 import org.infinispan.query.dsl.QueryFactory;
 import org.infinispan.protostream.descriptors.Descriptor;
 import org.teiid.logging.LogConstants;
 import org.teiid.logging.LogManager;
 import org.teiid.resource.spi.BasicConnection;
@@ -46,14 +44,12 @@
 public class InfinispanConnectionImpl extends BasicConnection implements InfinispanConnection { 
 	
 	
 	RemoteCacheManager rcm = null;
 	SerializationContext ctx = null;
 	AbstractInfinispanManagedConnectionFactory config = null;
 
 	public InfinispanConnectionImpl(AbstractInfinispanManagedConnectionFactory config)   {
 		this.config = config;
 		
 		this.rcm = config.getCacheContainer();
 		this.ctx = config.getContext();
 
 		LogManager.logDetail(LogConstants.CTX_CONNECTOR, ""Infinispan Connection has been newly created ""); //$NON-NLS-1$
@@ -66,7 +62,6 @@ public InfinispanConnectionImpl(AbstractInfinispanManagedConnectionFactory confi
 	@Override
     public void close() {
 		config = null;
 		rcm = null;
 		ctx = null;
 	}
 
@@ -82,35 +77,28 @@ public boolean isAlive() {
 	}	
 
 	@Override
 	public Class<?> getType(String cacheName) throws TranslatorException {		
 		LogManager.logTrace(LogConstants.CTX_CONNECTOR, ""=== GetType for cache :"", cacheName,  ""===""); //$NON-NLS-1$ //$NON-NLS-2$
 
 		Class<?> type = config.getCacheType(cacheName);
 		if (type != null) {
 			return type;
 		}
 		throw new TranslatorException(InfinispanPlugin.Util.gs(InfinispanPlugin.Event.TEIID25040, (cacheName != null ? cacheName : ""Default"")));
 
 	}
 	
 	@Override
 	public String getPkField(String cacheName) {
 		return this.config.getPkMap(cacheName);
 	}
 
 	@Override
 	public Map<String, Class<?>> getCacheNameClassTypeMapping() {
 		return this.config.getCacheNameClassTypeMapping();
 	}
 
 	@SuppressWarnings({ ""rawtypes"", ""unchecked"" })
 	@Override
 	public RemoteCache getCache(String cacheName) {
 
 		if (cacheName == null) {
 			return rcm.getCache();
 		}
 		return rcm.getCache(cacheName);
 
 	}
 
@@ -119,27 +107,37 @@ public RemoteCache getCache(String cacheName) {
 	 *
 	 */
 	@Override
 	public Descriptor getDescriptor(String cacheName)
 			throws TranslatorException {
 		Descriptor d = ctx.getMessageDescriptor(config.getMessageDescriptor());
 		if (d == null) {
 			throw new TranslatorException(InfinispanPlugin.Util.gs(InfinispanPlugin.Event.TEIID25028,  config.getMessageDescriptor(), cacheName));			
 		}
 		
 		return d;
 	}
 	
 	@SuppressWarnings({ ""rawtypes"" })
 	@Override
 	public QueryFactory getQueryFactory(String cacheName) throws TranslatorException {
 		
 		return Search.getQueryFactory(getCache(cacheName));
 	}
 	
 	@Override
 	public  ClassRegistry getClassRegistry() {
 		return config.getClassRegistry();
 	}
 
 
 }
",34,,,
592,"@@ -56,10 +56,10 @@ public class ClassRegistry {
 
 	private TeiidScriptEngine readEngine = new TeiidScriptEngine();
 	
 	private Map<String, Class<?>> registeredClasses = new HashMap<String, Class<?>>(); // fullClassName, Class
 	private Map<String, Class<?>> tableNameClassMap = new HashMap<String, Class<?>>(); // simpleClassName(i.e., tableName), Class 
 	private Map<String, Map<String, Method>> classReadMethodMap = new HashMap<String, Map<String, Method>>();
 	private Map<String, Map<String, Method>> classWriteMethodMap = Collections.synchronizedMap(new LRUCache<String, Map<String,Method>>(100));;
 
 	public synchronized void registerClass(Class<?> clz) throws TranslatorException {
 			// preload methods
@@ -168,16 +168,20 @@ private static Map<String, Method> getWriteMethodMap(Class<?> clazz) throws Tran
 					methodMap.put(name, m);
 				}
 			}
 //			if (clazzMaps == null) {
 //				clazzMaps = Collections.synchronizedMap(new LRUCache<Class<?>, Map<String,Method>>(100));
 //				classWriteMethodMap = new SoftReference<Map<Class<?>,Map<String,Method>>>(clazzMaps);
 //			}
 //			clazzMaps.put(clazz, methodMap);
 		} catch (IntrospectionException e) {
 			throw new TranslatorException(e);
 		}
 		return methodMap;
 	}
 
 
 }
",433,,,
593,"@@ -72,9 +72,8 @@
 public final class DSLSearch   {
 	
 	public static Object performKeySearch(String cacheName, String columnNameInSource, Object value, InfinispanConnection conn) throws TranslatorException {
 	    @SuppressWarnings(""rawtypes"")
 	    
 		RemoteCache<?, Object> c = (RemoteCache<?, Object>) conn.getCache(cacheName);
 	    Object v = c.get(value);
 	    return v;
 
@@ -110,7 +109,7 @@ public static List<Object> performSearch(Condition where, OrderBy orderby, Strin
 		    	if (spec.getOrdering().name().equalsIgnoreCase(SortOrder.DESC.name())) {
 		    		so = SortOrder.DESC;
 		    	}
 		    	qb = qb.orderBy(mdIDElement.getNameInSource(), so);
 		    }
 	    }
 	    	
@@ -136,7 +135,7 @@ public static List<Object> performSearch(Condition where, OrderBy orderby, Strin
 
 		} else {
 		    results = new ArrayList<Object>();
 			RemoteCache<?, Object> c = (RemoteCache<?, Object>) conn.getCache(cacheName);
 		    for (Object id : c.keySet()) {
 		          results. add(c.get(id));
 		    }
@@ -149,9 +148,9 @@ public static List<Object> performSearch(Condition where, OrderBy orderby, Strin
 	@SuppressWarnings(""rawtypes"")
 	private static QueryBuilder getQueryBuilder(String cacheName, InfinispanConnection conn) throws TranslatorException {
 		
 		Class<?> type = conn.getType(cacheName);
 		
 		QueryFactory qf = conn.getQueryFactory(cacheName);
 	    		  
 	    QueryBuilder qb = qf.from(type);
 
@@ -175,7 +174,7 @@ private static FilterConditionContext buildQueryFromWhereClause(Condition criter
 			case AND:
 
 				FilterConditionContext f_and = buildQueryFromWhereClause(
 						crit.getLeftCondition(), queryBuilder, null);
 				FilterConditionBeginContext fcbca =  null;
 				if (f_and != null) {
 					fcbca = f_and.and();
@@ -188,7 +187,7 @@ private static FilterConditionContext buildQueryFromWhereClause(Condition criter
 			case OR:
 				
 				FilterConditionContext f_or = buildQueryFromWhereClause(
 						crit.getLeftCondition(), queryBuilder, null);
 				FilterConditionBeginContext fcbcb = null;
 				if (f_or != null) {
 					fcbcb = f_or.or();
",65,,,
594,"@@ -37,56 +37,65 @@
  */
 public interface InfinispanConnection {
 	
 		
 	/**
 	 * Return the root class type stored in the specified cache
 	 * @param cacheName 
 	 * @return Class
 	 * @throws TranslatorException
 	 */
 	public Class<?> getType(String cacheName) throws TranslatorException;
 	
 	/**
 	 * Returns the name of the primary key to the cache
 	 * @param cacheName
 	 * @return String key name
 	 * @throws TranslatorException 
 	 */
 	public String getPkField(String cacheName) throws TranslatorException;
 		
 	/**
 	 * Returns a map of all defined caches, and their respective root object class type,
 	 * that are accessible using this connection.
 	 * @return Map<String, Class>  --> CacheName, ClassType
 	 * @throws TranslatorException 
 	 */
 	public Map<String, Class<?>> getCacheNameClassTypeMapping() throws TranslatorException;
 	
 
 	/**
 	 * Returns the descriptor that desribes the messages being serialized
 	 * @param cacheName
 	 * @return Descriptor
 	 * @throws TranslatorException
 	 */
 	public Descriptor getDescriptor(String cacheName) throws TranslatorException;
 	
 	/**
 	 * Call to obtain the cache object
 	 * @param cacheName
 	 * @return Map cache
 	 * @throws TranslatorException 
 	 */
 	public Map<Object, Object> getCache(String cacheName) throws TranslatorException;
 	
 	/**
 	 * Return the QueryFactory used by the cache.
 	 * @param cacheName
 	 * @return QueryFactory
 	 * @throws TranslatorException
 	 */
 	@SuppressWarnings(""rawtypes"")
 	public QueryFactory getQueryFactory(String cacheName) throws TranslatorException;
 	
 	/**
 	 * Return the ClassRegistry that contains which classes and their methods.
",76,,,
595,"@@ -69,10 +69,11 @@ public InfinispanExecutionFactory() {
 		setSupportsInnerJoins(true);
 		setSupportsFullOuterJoins(false);
 		setSupportsOuterJoins(true);
 	
 		setSupportedJoinCriteria(SupportedJoinCriteria.KEY);
 	}
 	
 	@Override
 	public int getMaxFromGroups() {
 		return 2;
@@ -88,7 +89,11 @@ public ResultSetExecution createResultSetExecution(QueryExpression command,
     @Override
 	public UpdateExecution createUpdateExecution(Command command,
 			ExecutionContext executionContext, RuntimeMetadata metadata,
 			InfinispanConnection connection) {
     	return new InfinispanUpdateExecution(command, connection, executionContext, this);
 	}
     
",75,,,
596,"@@ -22,8 +22,9 @@
 
 package org.teiid.translator.infinispan.dsl;
 
 import java.lang.reflect.Method;
 import java.util.ArrayList;
 import java.util.Collection;
 import java.util.List;
 import java.util.Map;
@@ -34,11 +35,10 @@
 import javax.script.SimpleScriptContext;
 
 import org.infinispan.client.hotrod.RemoteCache;
 import org.teiid.core.TeiidException;
 import org.teiid.core.types.DataTypeManager;
 import org.teiid.core.types.TransformationException;
 import org.teiid.core.util.PropertiesUtils;
 import org.teiid.core.util.ReflectionHelper;
 import org.teiid.language.ColumnReference;
 import org.teiid.language.Command;
 import org.teiid.language.Delete;
@@ -127,136 +127,132 @@ public int[] getUpdateCounts() throws DataNotAvailableException,
 
 	@SuppressWarnings({ ""unchecked"" })
 	private void handleInsert(Insert insert) throws TranslatorException {
 		try {
 
 			// get the class to instantiate instance
 			Class<?> clz = this.classRegistry.getRegisteredClassUsingTableName(insert.getTable().getName());
 			if (clz == null) {
 				throw new TranslatorException(InfinispanPlugin.Util.gs(InfinispanPlugin.Event.TEIID25003, new Object[] {insert.getTable().getName()}));
 			}
 			
 			Map<String, Method> writeMethods = this.classRegistry.getWriteClassMethods(clz.getSimpleName());
 
 			Object entity = null;
 			try {
 				// create the new instance from the classLoader the the class
 				// was created from
 				entity = clz.newInstance();
 			} catch (Exception e) {
 				throw new TranslatorException(e);
 			} 
 
 			String cacheName = insert.getTable().getMetadataObject()
 					.getNameInSource();
 
 			// first determine if the table to be inserted into has a foreign key relationship, which
 			// would then be considered a child table, otherwise it must have a primary key
 			ForeignKey fk = getForeignKeyColumn(insert.getTable());
 			String fkeyColNIS = null;
 			if (fk != null) {
 				fkeyColNIS = getForeignKeyNIS(insert.getTable(), fk);
 			}
 			Column keyCol = null;
 			if (fkeyColNIS == null) {
 				keyCol = getPrimaryKeyColumn(insert.getTable());
 			} 
 			
 			if (fkeyColNIS == null && keyCol == null) {
 				throw new TranslatorException(InfinispanPlugin.Util.gs(InfinispanPlugin.Event.TEIID25004, new Object[] {""insert"", insert.getTable().getName()}));
 			}
 
 			List<ColumnReference> columns = insert.getColumns();
 			List<Expression> values = ((ExpressionValueSource) insert
 					.getValueSource()).getValues();
 			if (columns.size() != values.size()) {
 				throw new TranslatorException(
 						""Program error, Column and Value Size's don't match"");
 			}
 
 			Object keyValue = null;
 			Object fkeyValue = null;
 //			String keyColumnType = null;
 			
 
 			for (int i = 0; i < columns.size(); i++) {
 				Column column = columns.get(i).getMetadataObject();
 				Object value = values.get(i);
 
 				if ( keyCol != null && keyCol.getName().equals(column.getName()) ) {
 
 					if (value instanceof Literal) {
 						Literal literalValue = (Literal) value;
 						value = literalValue.getValue();
 					}
 						
 					writeColumnData(entity, column, value, writeMethods);
 					
 					keyValue = evaluate(entity, keyCol.getName());
 					
 				} else 	if (fkeyColNIS != null && fkeyColNIS.equals(column.getName()) ) {
 					if (value instanceof Literal) {
 						Literal literalValue = (Literal) value;
 						fkeyValue = literalValue.getValue();
 					} else {
 						fkeyValue = value;
 					}
 
 				} else {
 					
 					if (value instanceof Literal) {
 						Literal literalValue = (Literal) value;
 						value = literalValue.getValue();
 					}
 					
 					writeColumnData(entity, column, value, writeMethods);
 	
 				}
 			}
 			
 			RemoteCache<Object, Object> cache = (RemoteCache<Object, Object>) connection.getCache(cacheName);
 			if (keyCol != null) {
 				Object rootObject = this.executionFactory.performKeySearch(cacheName, keyCol.getNameInSource(), keyValue, connection, context);
 
 				if (rootObject != null) {
 					throw new TranslatorException(InfinispanPlugin.Util.gs(InfinispanPlugin.Event.TEIID25009, new Object[] {insert.getTable().getName(), keyValue}));
 				}
 				
 				cache.put(keyValue, entity);
 			} else {
 				Object rootObject = this.executionFactory.performKeySearch(cacheName, fkeyColNIS, fkeyValue, connection, context);
 				String fk_nis = fk.getNameInSource();
 				
 				Object childrenObjects = this.evaluate(rootObject, fk_nis);
 					
 				if (Collection.class.isAssignableFrom(childrenObjects.getClass())) {
 					@SuppressWarnings(""rawtypes"")
 					Collection c = (Collection) childrenObjects;
 					c.add(entity);
 
 					PropertiesUtils.setBeanProperty(rootObject, fk_nis, c);
 
 				} else if (Map.class.isAssignableFrom(childrenObjects.getClass())) {
 					throw new TranslatorException(InfinispanPlugin.Util.gs(InfinispanPlugin.Event.TEIID25005, new Object[] {insert.getTable().getName()}));
 
 				} else if (childrenObjects.getClass().isArray()) {
 					Object[] a = (Object[]) childrenObjects;
 					Object[] n = new Object[a.length + 1];
 					int i = 0;
 					for (Object o:a) {
 						n[i] = a[i++];
 					}
 					n[i] = entity;
 					PropertiesUtils.setBeanProperty(rootObject, fk_nis, n);
 				} 
 				
 				cache.put(fkeyValue, rootObject);
 
 			}
 			++updateCnt;
 			
 		} catch (TeiidException e) {
 			throw new TranslatorException(e);
 		}
 	}
 
 	// Private method to actually do a delete operation. 
@@ -290,23 +286,22 @@ private void handleDelete(Delete delete) throws TranslatorException {
 			// if this is the root class (no foreign key), then for each object, obtain
 			// the primary key value and use it to be removed from the cache
 			@SuppressWarnings(""rawtypes"")
 			RemoteCache cache = (RemoteCache) connection.getCache(cacheName);
 			
 			try {
 				
 				
 				cs = scriptEngine.compile(ClassRegistry.OBJECT_NAME + ""."" + keyCol.getName());
 	
 				for (Object o : toDelete) {
 					sc.setAttribute(ClassRegistry.OBJECT_NAME, o,
 							ScriptContext.ENGINE_SCOPE);
 					Object v = cs.eval(sc);
 					
 					if (cache.containsKey(v) ) {
 						cache.removeAsync(v);
 					//	remove(v);
 						++updateCnt;
 					}
 				}
 	
 			} catch (ScriptException e1) {
@@ -426,7 +421,7 @@ private void handleUpdate(Update update) throws TranslatorException {
 		}
 	
 		@SuppressWarnings({ ""rawtypes"", ""unchecked"" })
 		RemoteCache<Object, Object> cache = (RemoteCache) connection.getCache(cacheName);
 		
 		Object keyValue = null;
 
@@ -435,7 +430,7 @@ private void handleUpdate(Update update) throws TranslatorException {
 		if (keyCol != null) {
 			for (Object entity:toUpdate) {
 				
 				keyValue = evaluate(entity, keyCol.getName());
 				
 				for (SetClause sc:updateList) {
 					Column column = sc.getSymbol().getMetadataObject();
@@ -455,8 +450,7 @@ private void handleUpdate(Update update) throws TranslatorException {
 			
 				}
 				
 				cache.replace(keyValue, entity);
 //				put(keyValue, entity);
 				++updateCnt;
 			
 			}
@@ -532,26 +526,46 @@ private Object evaluate(Object value, String columnName)
 
 	}
 	
 	private void writeColumnData(Object entity, Column column, Object value, Map<String, Method> writeMethods) throws TranslatorException {
 		
 		try {
 
 			Method m = writeMethods.get(column.getName());
 			if (value == null) {
 				ClassRegistry.executeSetMethod(m, entity, value);
 				return;
 			}
 			if (value.getClass().equals(column.getJavaType())) {
 				ClassRegistry.executeSetMethod(m, entity, value);
 			} else	if (value.getClass().getName().equals(column.getJavaType().getName())) {
 				ClassRegistry.executeSetMethod(m, entity, value);
 			} else if (value.getClass().isPrimitive()) {
 				final Object transformedValue = DataTypeManager.transformValue(value,  column.getJavaType());
 				
 				ClassRegistry.executeSetMethod(m, entity, transformedValue);
 				
 			} else {
 				PropertiesUtils.setBeanProperty(entity, column.getName(), value);
 			}
 
 			
",434,,,
597,"@@ -29,6 +29,8 @@
 import java.util.List;
 import java.util.Map;
 
 import org.teiid.metadata.BaseColumn.NullType;
 import org.teiid.metadata.Column;
 import org.teiid.metadata.Column.SearchType;
@@ -41,9 +43,6 @@
 import org.teiid.translator.infinispan.dsl.InfinispanConnection;
 import org.teiid.translator.infinispan.dsl.InfinispanPlugin;
 
 import org.infinispan.protostream.descriptors.Descriptor;
 import org.infinispan.protostream.descriptors.FieldDescriptor;
 
 
 
 /**
@@ -81,6 +80,8 @@
  * 
  */
 public class ProtobufMetadataProcessor implements MetadataProcessor<InfinispanConnection>{
 				
 	public static final String VIEWTABLE_SUFFIX = ""View""; //$NON-NLS-1$
 	public static final String OBJECT_COL_SUFFIX = ""Object""; //$NON-NLS-1$
@@ -89,35 +90,35 @@ public class ProtobufMetadataProcessor implements MetadataProcessor<InfinispanCo
 	@Override
 	public void process(MetadataFactory metadataFactory, InfinispanConnection conn) throws TranslatorException {
 			
 		Map<String, Class<?>> cacheTypes = conn.getCacheNameClassTypeMapping();
 		for (String cacheName : cacheTypes.keySet()) {
 
 			Class<?> type = cacheTypes.get(cacheName);
 			String pkField = conn.getPkField(cacheName);
 			if (pkField == null || pkField.trim().length() == 0) {
 					throw new TranslatorException(InfinispanPlugin.Util.gs(InfinispanPlugin.Event.TEIID25007, new Object[] {cacheName}));
 			}
 			createRootTable(metadataFactory, type, conn.getDescriptor(cacheName), cacheName, pkField, conn);
 		}		
 	}
 
 
 	private Table createRootTable(MetadataFactory mf, Class<?> entity, Descriptor descriptor, String cacheName, String pkField, InfinispanConnection conn) throws TranslatorException {
 			
 		Table rootTable = addTable(mf, entity, descriptor);
 		rootTable.setNameInSource(cacheName); 
 		
 	    Method pkMethod = conn.getClassRegistry().getReadClassMethods(entity.getName()).get(pkField);
 	    if (pkMethod == null) {
 			throw new TranslatorException(InfinispanPlugin.Util.gs(InfinispanPlugin.Event.TEIID25008, new Object[] {pkField, cacheName, entity.getName()}));
 	    	
 	    }
 	    	    
 	    // add column for cache Object
 		addRootColumn(mf, Object.class, null, null, SearchType.Unsearchable, rootTable.getName(), rootTable,true, false); //$NON-NLS-1$	
 
 		// add a column for primary key
 		addRootColumn(mf, pkMethod.getReturnType(), pkField, pkField, SearchType.Searchable, rootTable.getName(), rootTable, true, true);
 		
 		boolean repeats = false;
 		// the descriptor is needed to determine which fields are defined as searchable.
@@ -131,25 +132,27 @@ private Table createRootTable(MetadataFactory mf, Class<?> entity, Descriptor de
 			}
 		}	
 		
 		// add primary key
 		String pkName = ""PK_"" + pkField.toUpperCase(); //$NON-NLS-1$
         ArrayList<String> x = new ArrayList<String>(1) ;
         x.add(pkField);
         mf.addPrimaryKey(pkName, x , rootTable);		    
 		
 		if (repeats) {
 			for (FieldDescriptor fd:descriptor.getFields()) {	
 				if (fd.isRepeated() ) {
 					processRepeatedType(mf,fd, rootTable, pkMethod, conn);	
 				} 
 			}	
 		}
 
 			
 		return rootTable;
 	}
 	
 	private Table addTable(MetadataFactory mf, Class<?> entity, Descriptor descriptor) {
 		String tName = entity.getSimpleName();
 				//getTableName(descriptor);
 		Table t = mf.getSchema().getTable(tName);
@@ -158,7 +161,9 @@ private Table addTable(MetadataFactory mf, Class<?> entity, Descriptor descripto
 			return t;
 		}
 		t = mf.addTable(tName);
 		t.setSupportsUpdate(true);
 
 		return t;
 		
@@ -200,7 +205,7 @@ private void processRepeatedType(MetadataFactory mf, FieldDescriptor fd, Table r
 			throw new TranslatorException(InfinispanPlugin.Util.gs(InfinispanPlugin.Event.TEIID25060, new Object[] { fd.getName() }));
 		}
 		
 		Table t = addTable(mf, c, d);
 		
 		// do not use getSourceName, the NameInSource has to be defined as the cache name
 		t.setNameInSource(rootTable.getNameInSource()); 
",70,,,
598,"@@ -27,14 +27,14 @@ TEIID25003=Registered Class not found for table {0}, check table name matches a
 TEIID25004=Unable to perform {0}, no Primary or Foreign Key defined for table {1}
 TEIID25005=Table {0} has defined a container class of type Maps, which is not currently supported
 TEIID25006=Updating primary key column {0} in table {1} is not supported, use delete and insert.
 TEIID25007=No Primary key defined for cache {0}
 TEIID25008=Primary Key {0} defined for cache {1} does not match a method on class {2}
 TEIID25009=Unable to insert duplicate into table {0} with key value {1}
 
 
 TEIID25020=MessageDescriptor must be specified
 TEIID25021=CacheTypeMap has not been set
 TEIID25022=CacheTypeMap incorrectly configured, must be in the form of - cacheName:ClassName
 TEIID25023=Must set configuration as to how the cache will be obtained (i.e., jndi, server list or properties file)
 TEIID25025=Unable to find cache using JNDI {0}
 TEIID25026=Cache Container {0} is not an instance of RemoteCacheManager
",435,,,
599,"@@ -25,6 +25,7 @@
 
 import java.util.ArrayList;
 import java.util.Collection;
 import java.util.HashMap;
 import java.util.List;
 import java.util.Map;
@@ -48,6 +49,7 @@
 import org.infinispan.protostream.descriptors.FileDescriptor;
 import org.infinispan.protostream.impl.parser.SquareProtoParser;
 import org.infinispan.query.dsl.QueryFactory;
 import org.teiid.translator.infinispan.dsl.ClassRegistry;
 import org.teiid.translator.infinispan.dsl.InfinispanConnection;
 import org.teiid.translator.TranslatorException;
@@ -69,7 +71,7 @@ public class PersonCacheSource<K, V>  implements RemoteCache<K, V>{
 	public static final String PHONENUMBER_CLASS_NAME = PhoneNumber.class.getName();
 	public static final String PHONETYPE_CLASS_NAME = PhoneType.class.getName();
 	
 	public static Map<String, Class<?>> mapOfCaches = new HashMap<String, Class<?>>(1);
 
 	
 	public static Descriptor DESCRIPTOR;
@@ -79,10 +81,10 @@ public class PersonCacheSource<K, V>  implements RemoteCache<K, V>{
 	
 	static ClassRegistry CLASS_REGISTRY = new ClassRegistry();
 	
 	private Map cache = new HashMap<Object, Object>();
 	
 	static {
 		mapOfCaches.put(PersonCacheSource.PERSON_CACHE_NAME, Person.class);
 		try {
 			DESCRIPTOR = (Descriptor) createDescriptor();
 
@@ -96,43 +98,54 @@ public class PersonCacheSource<K, V>  implements RemoteCache<K, V>{
 	}
 	
 	
 	public static InfinispanConnection createConnection() {
 		final Map <Object, Object> objects = PersonCacheSource.loadCache();
 
 		return new InfinispanConnection() {
 
 			@Override
 			public Class<?> getType(String cacheName)  {
 				return Person.class;
 			}
 
 
 			@Override
 			public Map<String, Class<?>> getCacheNameClassTypeMapping() {
 				return mapOfCaches;
 			}
 			
 			@Override
 			public String getPkField(String cacheName) {
 				return ""id"";
 			}
 
 			@Override
 			public Descriptor getDescriptor(String cacheName)
 					throws TranslatorException {
 				return DESCRIPTOR;
 			}
 
 			@Override
 			public Map<Object, Object> getCache(String cacheName) {
 				return objects;
 			}
 
 
 			@Override
 			public QueryFactory getQueryFactory(String cacheName) {
 				return null;
 			}
 			
 	        public ClassRegistry getClassRegistry() {
 		        return PersonCacheSource.CLASS_REGISTRY;
@@ -291,9 +304,10 @@ public V putIfAbsent(K arg0, V arg1, long arg2, TimeUnit arg3, long arg4,
 	 *
 	 * @see org.infinispan.commons.api.BasicCache#remove(java.lang.Object)
 	 */
 	@Override
 	public V remove(Object arg0) {
 		return null;
 	}
 
 	/**
@@ -748,7 +762,7 @@ public boolean containsValue(Object value) {
 	 */
 	@Override
 	public Set<K> keySet() {
 		return cache.keySet();
 	}
 
 	/**
@@ -758,7 +772,7 @@ public Set<K> keySet() {
 	 */
 	@Override
 	public Collection<V> values() {
 		return cache.values();
 	}
 
 	/**
@@ -768,7 +782,8 @@ public Collection<V> values() {
 	 */
 	@Override
 	public Set<java.util.Map.Entry<K, V>> entrySet() {
 		return cache.entrySet();
 	}
 
 	/**
",325,,,
600,"@@ -28,7 +28,6 @@ public class AllTypes implements Serializable{
 	private String stringKey;
 	private Time timeValue;
 	private Date dateValue;
 	private byte[] byteArrayValue;
 
 	public String getStringNum() {
 		return stringNum;
@@ -158,13 +157,6 @@ public void setDateValue(Date dateValue) {
 		this.dateValue = dateValue;
 	}
 	
 	public byte[] getByteArrayValue() {
 		return byteArrayValue;
 	}
 	public void setByteArrayValue(byte[] value) {
 		byteArrayValue = value;
 	}
 	
 
 	@Override
 	public String toString() {
",326,,,
601,"@@ -30,6 +30,7 @@
 import java.sql.Timestamp;
 import java.util.ArrayList;
 import java.util.Collection;
 import java.util.HashMap;
 import java.util.List;
 import java.util.Map;
@@ -69,19 +70,16 @@ public class AllTypesCacheSource<K, V>  implements RemoteCache<K, V>{
 	
 	public static final String ALLTYPES_CLASS_NAME = AllTypes.class.getName();
 	
 	public static Map<String, Class<?>> mapOfCaches = new HashMap<String, Class<?>>(1);
 	
 	public static Descriptor DESCRIPTOR;
 	
 	public static Random RANDOM = new Random();
 	
 	
 	static ClassRegistry CLASS_REGISTRY = new ClassRegistry();
 	
 	private Map cache = new HashMap<Object, Object>();
 	
 	static {
 		mapOfCaches.put(AllTypesCacheSource.ALLTYPES_CACHE_NAME, AllTypes.class);
 		try {
 			DESCRIPTOR = (Descriptor) createDescriptor();
 
@@ -94,42 +92,58 @@ public class AllTypesCacheSource<K, V>  implements RemoteCache<K, V>{
 	
 	
 	public static InfinispanConnection createConnection() {
 		final Map <Object, Object> objects = AllTypesCacheSource.loadCache();
 
 		return new InfinispanConnection() {
 
 			@Override
 			public Class<?> getType(String cacheName)  {
 				return AllTypes.class;
 			}
 
 
 			@Override
 			public Map<String, Class<?>> getCacheNameClassTypeMapping() {
 				return mapOfCaches;
 			}
 			
 			@Override
 			public String getPkField(String cacheName) {
 				return ""intKey"";
 			}
 
 			@Override
 			public Descriptor getDescriptor(String cacheName)
 					throws TranslatorException {
 				return DESCRIPTOR;
 			}
 
 			@Override
 			public Map<Object, Object> getCache(String cacheName) {
 				return objects;
 			}
 
 
 			@Override
 			public QueryFactory getQueryFactory(String cacheName) {
 				return null;
 			}
 			
 	        public ClassRegistry getClassRegistry() {
 		        return AllTypesCacheSource.CLASS_REGISTRY;
@@ -168,7 +182,7 @@ public static void loadCache(Map<Object, Object> cache) {
 			p.setBigIntegerValue(BigInteger.valueOf(RANDOM.nextLong()));
 			p.setBigDecimalValue(BigDecimal.valueOf(RANDOM.nextLong()));
 				
 			cache.put(i, p);
 
 
 		}
@@ -225,7 +239,7 @@ private static Descriptor createDescriptor() throws Exception {
 
 	      FileDescriptor descriptor = files.get(""allTypes.proto"");
 	      
 	      String descriptorName = ""org.jboss.teiid.jdg_remote.protobuf.AllTypes"";
 	      Map<String, Descriptor> messages = new HashMap<String, Descriptor>();
 	      for (Descriptor m : descriptor.getMessageTypes()) {
 	         messages.put(m.getFullName(), m);
@@ -329,9 +343,10 @@ public V putIfAbsent(K arg0, V arg1, long arg2, TimeUnit arg3, long arg4,
 	 *
 	 * @see org.infinispan.commons.api.BasicCache#remove(java.lang.Object)
 	 */
 	@Override
 	public V remove(Object arg0) {
 		return null;
 	}
 
 	/**
",327,,,
602,"@@ -0,0 +1,201 @@
",436,,,
603,"@@ -61,7 +61,7 @@ public class TestInfinispanExecution {
     @BeforeClass
     public static void setUp()  {
         
 		CONNECTION = PersonCacheSource.createConnection();
 
     }	
 
",14,,,
604,"@@ -47,7 +47,7 @@ public class TestInfinispanExecutionFactory {
 	private Select command;
 	
 	
 	private InfinispanConnection connection = PersonCacheSource.createConnection();
 	
     @BeforeClass
     public static void setUp() throws TranslatorException {
",18,,,
605,"@@ -42,14 +42,26 @@ public class TestInfinispanUpdateExecution {
 	@Before public void beforeEach() throws Exception{	
 		 
 		MockitoAnnotations.initMocks(this);
 		CONNECTION = PersonCacheSource.createConnection();
     }
 
 	@Test
 	public void testInsertRootClass() throws Exception {
 
 		// check the object doesn't exist before inserting
 		Object o = CONNECTION.getCache(PersonCacheSource.PERSON_CACHE_NAME).get(99);
 		assertNull(o);
 		
 		Command command = translationUtility
@@ -61,18 +73,28 @@ public void testInsertRootClass() throws Exception {
 
 		ie.execute();
 
 		Person p = (Person) CONNECTION.getCache(PersonCacheSource.PERSON_CACHE_NAME).get(99);
 
 		assertNotNull(p);
 		assertTrue(p.getName().equals(""TestName""));
 		assertTrue(p.getEmail().equals(""testName@mail.com""));
 		
 	}
 
 	@Test
 	public void testInsertChildClass() throws Exception {
 		
 		assertNotNull(CONNECTION.getCache(PersonCacheSource.PERSON_CACHE_NAME).get(2));
 
 		Command command = translationUtility
 				.parseCommand(""Insert into PhoneNumber (id, number, type) VALUES (2, '999-888-7777', 'HOME')"");
@@ -83,7 +105,7 @@ public void testInsertChildClass() throws Exception {
 
 		ie.execute();
 
 		Person p = (Person) CONNECTION.getCache(PersonCacheSource.PERSON_CACHE_NAME).get(2);
 		assertNotNull(p);
 
 		boolean found = false;
@@ -94,12 +116,23 @@ public void testInsertChildClass() throws Exception {
 		}
 		assertTrue(found);
 	}
 	
 	@Test
 	public void testUpdateRootClass() throws Exception {
 
 		// check the object doesn't exist before inserting
 		Object o = CONNECTION.getCache(PersonCacheSource.PERSON_CACHE_NAME).get(5);
 		assertNotNull(o);
 		
 		Command command = translationUtility
@@ -113,52 +146,73 @@ public void testUpdateRootClass() throws Exception {
 
 		ie.execute();
 
 		Person p = (Person) CONNECTION.getCache(PersonCacheSource.PERSON_CACHE_NAME).get(5);
 
 		assertNotNull(p);
 		assertTrue(p.getName().equals(""Person 5 Changed""));
 		assertTrue(p.getEmail().equals(""person5@mail.com""));
 		
 	}
 
 	@SuppressWarnings(""unchecked"")
 	@Test
 	public void testDeleteRootByKey() throws Exception {
 		
 		assertNotNull(CONNECTION.getCache(PersonCacheSource.PERSON_CACHE_NAME).get(1));
 
 		Command command = translationUtility
 				.parseCommand(""Delete From Person Where id = 1"");
 
 		@SuppressWarnings(""rawtypes"")
 		List rows = new ArrayList();
 		rows.add(TestInfinispanUpdateExecution.DATA.get(1));
 
 		InfinispanUpdateExecution ie = createExecution(command, rows);
 
 		ie.execute();
 		assertNull(CONNECTION.getCache(PersonCacheSource.PERSON_CACHE_NAME)
 				.get(new Integer(1).intValue()));
 
 	}
 
 	@Test
 	public void testDeleteRootByValue() throws Exception {
 
 		assertNotNull(CONNECTION.getCache(PersonCacheSource.PERSON_CACHE_NAME).get(2));
 
 		Command command = translationUtility
 				.parseCommand(""Delete From Person Where Name = 'Person 2'"");
 
 
 		List rows = new ArrayList();
 		rows.add(TestInfinispanUpdateExecution.DATA.get(2));
 
 		InfinispanUpdateExecution ie = createExecution(command, rows);
 		
 		ie.execute();
 		assertNull(CONNECTION.getCache(PersonCacheSource.PERSON_CACHE_NAME)
 				.get(2));
 
 	}
 
@@ -167,7 +221,7 @@ public void testDeleteChildByValue() throws Exception {
 		String phoneNumber=""(111)222-3451"";	
 		
 		// check the phone number exists
 		Iterator it=CONNECTION.getCache(PersonCacheSource.PERSON_CACHE_NAME).values().iterator();
 		boolean found = false;
 		while (it.hasNext()) {
 			Person p = (Person) it.next();
@@ -188,13 +242,13 @@ public void testDeleteChildByValue() throws Exception {
 
 		InfinispanUpdateExecution ie = createExecution(command, rows);
 
 		assertNotNull(CONNECTION.getCache(PersonCacheSource.PERSON_CACHE_NAME).get(2));
 		
 		ie.execute();
 		int[] cnts = ie.getUpdateCounts();
 		assertTrue(cnts[0] == 10);
 		
 		it=CONNECTION.getCache(PersonCacheSource.PERSON_CACHE_NAME).values().iterator();
 		// verify phone was completely removed
 		while (it.hasNext()) {
 			Person p = (Person) it.next();
",21,,,
606,"@@ -42,14 +42,24 @@ public class TestInfinispanUpdateUsingAllTypes {
 	@Before public void beforeEach() throws Exception{	
 		 
 		MockitoAnnotations.initMocks(this);
 		CONNECTION = AllTypesCacheSource.createConnection();
     }
 
 	@Test
 	public void testInsertRootClass() throws Exception {
 
 		// check the object doesn't exist before inserting
 		Object o = CONNECTION.getCache(AllTypesCacheSource.ALLTYPES_CACHE_NAME).get(99);
 		assertNull(o);
 		
 		Command command = translationUtility
@@ -60,27 +70,14 @@ public void testInsertRootClass() throws Exception {
 //		.parseCommand(""Insert into AllTypes (intKey, intNum, stringKey, stringNum, booleanValue, longNum, doubleNum, floatNum) "" + 
 //				""VALUES (99, 991, 'string key value', '999', true, 1200, 23.45, 12.456  )"");
 
 	/**	
 		private Character charValue;
 		private Double doubleNum;
 		private BigInteger bigIntegerValue;
 		private Short shortValue;
 		private Float floatNum;
 		private Object  objectValue;
 
 		private BigDecimal bigDecimalValue;
 		private Timestamp timeStampValue;
 		private Time timeValue;
 		private Date dateValue;
 		private byte[] byteArrayValue;
 		*/
 		// no search required by the UpdateExecution logic
 		@SuppressWarnings(""unchecked"")
 		InfinispanUpdateExecution ie = createExecution(command, Collections.EMPTY_LIST);
 
 		ie.execute();
 
 		AllTypes p = (AllTypes) CONNECTION.getCache(AllTypesCacheSource.ALLTYPES_CACHE_NAME).get(99);
 
 		String stringNum = String.valueOf(""999"");
 		
@@ -100,9 +97,20 @@ public void testInsertRootClass() throws Exception {
 	// TEIID-3534 - cannot insert Boolean attribute with null
 	@Test
 	public void testInsertBooleanOfNull() throws Exception {
 
 		// check the object doesn't exist before inserting
 		Object o = CONNECTION.getCache(AllTypesCacheSource.ALLTYPES_CACHE_NAME).get(99);
 		assertNull(o);
 		
 		Command command = translationUtility
@@ -115,7 +123,7 @@ public void testInsertBooleanOfNull() throws Exception {
 
 		ie.execute();
 
 		AllTypes p = (AllTypes) CONNECTION.getCache(AllTypesCacheSource.ALLTYPES_CACHE_NAME).get(99);
 
 		String stringNum = String.valueOf(""999"");
 		
@@ -136,9 +144,10 @@ public void testInsertBooleanOfNull() throws Exception {
 	// TEIID-3539 -  Can't use IS [NOT] NULL operator for non-string columns
 	//@Test
 	public void testInsertIsNotNullOperator() throws Exception {
 
 		// check the object doesn't exist before inserting
 		Object o = CONNECTION.getCache(AllTypesCacheSource.ALLTYPES_CACHE_NAME).get(99);
 		assertNull(o);
 		
 		Command command = translationUtility
@@ -162,7 +171,7 @@ public void testInsertIsNotNullOperator() throws Exception {
 		
 		
 
 		AllTypes p = (AllTypes) CONNECTION.getCache(AllTypesCacheSource.ALLTYPES_CACHE_NAME).get(99);
 
 		String stringNum = String.valueOf(""999"");
 		
@@ -179,9 +188,21 @@ public void testInsertIsNotNullOperator() throws Exception {
 
 	@Test
 	public void testUpdateRootClass() throws Exception {
 
 		// check the object doesn't exist before inserting
 		Object o = CONNECTION.getCache(AllTypesCacheSource.ALLTYPES_CACHE_NAME).get(5);
 		assertNotNull(o);
 		
 		Command command = translationUtility
@@ -195,7 +216,7 @@ public void testUpdateRootClass() throws Exception {
 
 		ie.execute();
 
 		AllTypes p = (AllTypes) CONNECTION.getCache(AllTypesCacheSource.ALLTYPES_CACHE_NAME).get(5);
 
 		String stringNum = String.valueOf(""10000"");
 		
@@ -204,11 +225,21 @@ public void testUpdateRootClass() throws Exception {
 		
 	}
 
 //	@SuppressWarnings(""unchecked"")
 	@Test
 	public void testDeleteRootByKey() throws Exception {
 		
 		assertNotNull(CONNECTION.getCache(AllTypesCacheSource.ALLTYPES_CACHE_NAME).get(1));
 
 		Command command = translationUtility
 				.parseCommand(""Delete From AllTypes Where intKey=99"");
@@ -220,7 +251,7 @@ public void testDeleteRootByKey() throws Exception {
 		InfinispanUpdateExecution ie = createExecution(command, rows);
 
 		ie.execute();
 		assertNull(CONNECTION.getCache(AllTypesCacheSource.ALLTYPES_CACHE_NAME)
 				.get(new Integer(1).intValue()));
 
 	}
",35,,,
607,"@@ -2,19 +2,13 @@
 
 import static org.junit.Assert.assertEquals;
 
 import java.math.BigDecimal;
 import java.math.BigInteger;
 import java.sql.Date;
 import java.sql.Time;
 import java.sql.Timestamp;
 import java.util.Properties;
 
 import org.jboss.as.quickstarts.datagrid.hotrod.query.domain.PersonCacheSource;
 import org.jboss.teiid.jdg_remote.pojo.AllTypesCacheSource;
 import org.junit.Before;
 import org.junit.BeforeClass;
 import org.junit.Test;
 import org.mockito.MockitoAnnotations;
 import org.teiid.metadata.MetadataFactory;
 import org.teiid.query.metadata.DDLStringVisitor;
 import org.teiid.query.metadata.SystemMetadata;
@@ -43,7 +37,7 @@ public void testPersonMetadata() throws Exception {
 				SystemMetadata.getInstance().getRuntimeTypeMap(),
 				new Properties(), null);
 
 		InfinispanConnection conn = PersonCacheSource.createConnection();
 
 		TRANSLATOR.getMetadataProcessor().process(mf, conn);
 
@@ -57,14 +51,14 @@ public void testPersonMetadata() throws Exception {
 				+ ""\tname string OPTIONS (SEARCHABLE 'Searchable', NATIVE_TYPE 'java.lang.String'),\n""
 				+ ""\temail string OPTIONS (SEARCHABLE 'Unsearchable', NATIVE_TYPE 'java.lang.String'),\n""
 				+ ""\tCONSTRAINT PK_ID PRIMARY KEY(id)\n""
 				+ "") OPTIONS (NAMEINSOURCE 'PersonsCache', UPDATABLE TRUE);\n""
 				+ ""\n""
 				+ ""CREATE FOREIGN TABLE PhoneNumber (\n""
 				+ ""\tnumber string OPTIONS (NAMEINSOURCE 'phone.number', SEARCHABLE 'Searchable', NATIVE_TYPE 'java.lang.String'),\n""
 				+ ""\ttype object OPTIONS (NAMEINSOURCE 'phone.type', SEARCHABLE 'Unsearchable', NATIVE_TYPE 'org.jboss.as.quickstarts.datagrid.hotrod.query.domain.PhoneType'),\n""
 				+ ""\tid integer NOT NULL OPTIONS (SELECTABLE FALSE, UPDATABLE FALSE, SEARCHABLE 'Searchable', NATIVE_TYPE 'int'),\n""
 				+ ""\tCONSTRAINT FK_PERSON FOREIGN KEY(id) REFERENCES Person (id) OPTIONS (NAMEINSOURCE 'phones')\n""
 				+ "") OPTIONS (NAMEINSOURCE 'PersonsCache', UPDATABLE TRUE);""
 				;
 		assertEquals(expected, metadataDDL);	
 
@@ -104,9 +98,8 @@ public void testAllTypesMetadata() throws Exception {
 				+ ""\ttimeValue time OPTIONS (SEARCHABLE 'Unsearchable', NATIVE_TYPE 'java.sql.Time'),\n""
 				+ ""\tdateValue date OPTIONS (SEARCHABLE 'Unsearchable', NATIVE_TYPE 'java.sql.Date'),\n""
 				+ ""\tcharValue char OPTIONS (SEARCHABLE 'Unsearchable', NATIVE_TYPE 'java.lang.Character'),\n""
 				+ ""\tbyteArrayValue varbinary OPTIONS (SEARCHABLE 'Unsearchable', NATIVE_TYPE 'byte[]'),\n""
 				+ ""\tCONSTRAINT PK_INTKEY PRIMARY KEY(intKey)\n""
 				+ "") OPTIONS (NAMEINSOURCE 'AllTypesCache', UPDATABLE TRUE);""
 				;
 
 		
",59,,,
608,"@@ -69,7 +69,7 @@ private static MetadataFactory createSchema() {
 					SystemMetadata.getInstance().getRuntimeTypeMap(),
 					new Properties(), null);
 	
 			InfinispanConnection conn = PersonCacheSource.createConnection();
 	
 			translator.getMetadataProcessor().process(mf, conn);
 		
",15,,,
609,"@@ -1,23 +1,22 @@
 package org.jboss.teiid.jdg_remote.protobuf;
 
 message AllTypes {
 
    required int32 intKey = 1;
    optional string stringNum = 2;
    required string stringKey = 3;
    optional float floatNum = 4;
    optional int64 bigIntegerValue = 5;
    optional int32 shortValue = 6;      
    optional double doubleNum = 7;
    optional bytes objectValue = 8;
    optional int32 intNum = 9;   
    optional double bigDecimalValue = 10;   
    optional int64 longNum = 11;   
    optional bool booleanValue = 12;   
    optional int64 timeStampValue = 13;    
    optional int64 timeValue = 14;
    optional int64 dateValue = 15; 
    optional int32 charValue = 16;
    optional bytes byteArrayValue = 17;
 
 }
\ No newline at end of file
",437,,,
610,"@@ -37,17 +37,15 @@
             <managedconnectionfactory-class>org.teiid.resource.adapter.infinispan.dsl.InfinispanManagedConnectionFactory</managedconnectionfactory-class>
   
             <config-property>
                <description>{$display:""Cache Type Mapping"",$description:""Cache Type Map(cacheName:className[;pkFieldName][,cacheName:className[;pkFieldName]...])"",$required=""true""}</description>
                <config-property-name>CacheTypeMap</config-property-name>
                <config-property-type>java.lang.String</config-property-type>
             </config-property>  
             
             <config-property>
                <description>{$display:""Module"",$description:""Module defining the cache classes (module,[module,..])""}</description>
                <config-property-name>Module</config-property-name>
                <config-property-type>java.lang.String</config-property-type>
             </config-property>
                 
             <config-property>
                <description>{$display:""Server List"",$description:""Server List (host:port[;host:port...]) to connect to""}</description>
                <config-property-name>RemoteServerList</config-property-name>
",432,,,
611,"@@ -32,6 +32,7 @@
 import javax.resource.ResourceException;
 import javax.resource.spi.InvalidPropertyException;
 
 import org.infinispan.client.hotrod.RemoteCacheManager;
 import org.infinispan.protostream.BaseMarshaller;
 import org.infinispan.protostream.FileDescriptorSource;
@@ -63,7 +64,7 @@ private enum CACHE_TYPE {
 	private String remoteServerList = null;
 	private String hotrodClientPropertiesFile = null;
 	private String cacheJndiName = null;
 	private Map<String, Class<?>> typeMap = null; // cacheName ==> ClassType
 	private String cacheTypes = null;
 	@SuppressWarnings(""rawtypes"")
 	private Map<String, BaseMarshaller> messageMarshallerMap = null;
@@ -74,7 +75,9 @@ private enum CACHE_TYPE {
 	private String messageDescriptor = null;
 	
 	private RemoteCacheManager cacheContainer = null;
 	private Map<String, String> pkMap; // cacheName ==> pkey name
 	private CACHE_TYPE cacheType;
 	private String module;
 	private ClassLoader cl;
@@ -131,11 +134,20 @@ public InfinispanConnectionImpl getConnection()
 
 	}
 
 	/**
 	 * Get the <code>cacheName:ClassName[,cacheName:ClassName...]</code> cache
 	 * type mappings.
 	 * 
 	 * @return <code>cacheName:ClassName[,cacheName:ClassName...]</code> cache
 	 *         type mappings
 	 * @see #setCacheTypeMap(String)
 	 */
@@ -145,12 +157,21 @@ public String getCacheTypeMap() {
 
 	/**
 	 * Set the cache type mapping
 	 * <code>cacheName:ClassName[,cacheName:ClassName...]</code> that represent
 	 * the root node class type for 1 or more caches available for access.
 	 * 
 	 * @param cacheTypeMap
 	 *            the cache type mappings passed in the form of
 	 *            <code>cacheName:ClassName[,cacheName:ClassName...]</code>
 	 * @see #getCacheTypeMap()
 	 */
 	public void setCacheTypeMap(String cacheTypeMap) {
@@ -241,24 +262,31 @@ public void setMessageDescriptor(String messageDescriptor) {
 		this.messageDescriptor = messageDescriptor;
 	}	
 
 	public String getPkMap(String cacheName) {
 		return pkMap.get(cacheName);
 	}
 
 	public void setPkMap(Map<String, String> mapOfPKs) {
 		pkMap = mapOfPKs;
 	}
 
 	public Map<String, Class<?>> getCacheNameClassTypeMapping() {
 		return this.typeMap;
 	}
 
 	public void setCacheNameClassTypeMapping(Map<String, Class<?>> cacheType) {
 		this.typeMap = cacheType;
 	}
 
 	public Class<?> getCacheType(String cacheName) {
 		return this.typeMap.get(cacheName);
 	}
 
 	public ClassRegistry getClassRegistry() {
@@ -391,25 +419,39 @@ protected synchronized ClassLoader loadClasses() throws ResourceException {
 			cl = this.getClass().getClassLoader();
 		}
 		
 		List<String> types = StringUtil.getTokens(getCacheTypeMap(), "",""); //$NON-NLS-1$
 
 		Map<String, String> pkMap = new HashMap<String, String>(types.size());
 		Map<String, Class<?>> tm = new HashMap<String, Class<?>>(types.size());
 
 		for (String type : types) {
 			List<String> mapped = StringUtil.getTokens(type, "":""); //$NON-NLS-1$
 			if (mapped.size() != 2) {
 				throw new InvalidPropertyException(InfinispanPlugin.Util.gs(InfinispanPlugin.Event.TEIID25022));
 			}
 			final String cacheName = mapped.get(0);
 			String className = mapped.get(1);
 			mapped = StringUtil.getTokens(className, "";""); //$NON-NLS-1$
 			if (mapped.size() > 1) {
 				className = mapped.get(0);
 				pkMap.put(cacheName, mapped.get(1));
 			}
 			tm.put(cacheName, loadClass(className)); 
 
 		}
 
 		List<String> marshallers = StringUtil.getTokens(this.getMessageMarshallers(), "",""); //$NON-NLS-1$
@@ -418,18 +460,18 @@ protected synchronized ClassLoader loadClasses() throws ResourceException {
 		
 		for (String mm : marshallers) {
 			
 			List<String> mapped = StringUtil.getTokens(mm, "":""); //$NON-NLS-1$
 			if (mapped.size() != 2) {
 				throw new InvalidPropertyException(InfinispanPlugin.Util.gs(InfinispanPlugin.Event.TEIID25031, new Object[] {mm}));
 			}
 			final String className = mapped.get(0);
 			final String m = mapped.get(1);
 
 			try {
 				Object bmi = (loadClass(m)).newInstance();
 				Class ci = loadClass(className);
 
 				mmp.put(className, (BaseMarshaller) bmi); 	
 
 				methodUtil.registerClass(ci);
 		
@@ -443,9 +485,6 @@ protected synchronized ClassLoader loadClasses() throws ResourceException {
 		
 		}
 		
 		setCacheNameClassTypeMapping(Collections.unmodifiableMap(tm));
 		setPkMap(Collections.unmodifiableMap(pkMap));
 		
 		messageMarshallerMap=Collections.unmodifiableMap(mmp);
 
 		return cl;
@@ -540,8 +579,6 @@ private RemoteCacheManager createRemoteCacheWrapperFromJNDI(
 		throw new ResourceException(InfinispanPlugin.Util.gs(InfinispanPlugin.Event.TEIID25026, cacheContainer.getClass().getName()));
 
 	}
 	
 	private static final String PROTOBUF_DEFINITION_RESOURCE = ""/quickstart/addressbook.proto"";
 
 	@SuppressWarnings({ ""rawtypes"", ""unchecked"" })
 	protected void registerMarshallers(SerializationContext ctx, ClassLoader cl) throws ResourceException {
@@ -609,10 +646,10 @@ public boolean equals(Object obj) {
 	public void cleanUp() {
 
 		messageMarshallerMap = null;
 		typeMap = null;
 		cacheContainer = null;
 		pkMap = null;
 		cl = null;
 
 	}
 }
",28,,,
612,"@@ -22,14 +22,12 @@
 
 package org.teiid.resource.adapter.infinispan.dsl.base;
 
 import java.util.Map;
 
 import org.infinispan.client.hotrod.RemoteCache;
 import org.infinispan.client.hotrod.RemoteCacheManager;
 import org.infinispan.client.hotrod.Search;
 import org.infinispan.protostream.SerializationContext;
 import org.infinispan.query.dsl.QueryFactory;
 import org.infinispan.protostream.descriptors.Descriptor;
 import org.teiid.logging.LogConstants;
 import org.teiid.logging.LogManager;
 import org.teiid.resource.spi.BasicConnection;
@@ -46,14 +44,12 @@
 public class InfinispanConnectionImpl extends BasicConnection implements InfinispanConnection { 
 	
 	
 	RemoteCacheManager rcm = null;
 	SerializationContext ctx = null;
 	AbstractInfinispanManagedConnectionFactory config = null;
 
 	public InfinispanConnectionImpl(AbstractInfinispanManagedConnectionFactory config)   {
 		this.config = config;
 		
 		this.rcm = config.getCacheContainer();
 		this.ctx = config.getContext();
 
 		LogManager.logDetail(LogConstants.CTX_CONNECTOR, ""Infinispan Connection has been newly created ""); //$NON-NLS-1$
@@ -66,7 +62,6 @@ public InfinispanConnectionImpl(AbstractInfinispanManagedConnectionFactory confi
 	@Override
     public void close() {
 		config = null;
 		rcm = null;
 		ctx = null;
 	}
 
@@ -82,35 +77,28 @@ public boolean isAlive() {
 	}	
 
 	@Override
 	public Class<?> getType(String cacheName) throws TranslatorException {		
 		LogManager.logTrace(LogConstants.CTX_CONNECTOR, ""=== GetType for cache :"", cacheName,  ""===""); //$NON-NLS-1$ //$NON-NLS-2$
 
 		Class<?> type = config.getCacheType(cacheName);
 		if (type != null) {
 			return type;
 		}
 		throw new TranslatorException(InfinispanPlugin.Util.gs(InfinispanPlugin.Event.TEIID25040, (cacheName != null ? cacheName : ""Default"")));
 
 	}
 	
 	@Override
 	public String getPkField(String cacheName) {
 		return this.config.getPkMap(cacheName);
 	}
 
 	@Override
 	public Map<String, Class<?>> getCacheNameClassTypeMapping() {
 		return this.config.getCacheNameClassTypeMapping();
 	}
 
 	@SuppressWarnings({ ""rawtypes"", ""unchecked"" })
 	@Override
 	public RemoteCache getCache(String cacheName) {
 
 		if (cacheName == null) {
 			return rcm.getCache();
 		}
 		return rcm.getCache(cacheName);
 
 	}
 
@@ -119,27 +107,37 @@ public RemoteCache getCache(String cacheName) {
 	 *
 	 */
 	@Override
 	public Descriptor getDescriptor(String cacheName)
 			throws TranslatorException {
 		Descriptor d = ctx.getMessageDescriptor(config.getMessageDescriptor());
 		if (d == null) {
 			throw new TranslatorException(InfinispanPlugin.Util.gs(InfinispanPlugin.Event.TEIID25028,  config.getMessageDescriptor(), cacheName));			
 		}
 		
 		return d;
 	}
 	
 	@SuppressWarnings({ ""rawtypes"" })
 	@Override
 	public QueryFactory getQueryFactory(String cacheName) throws TranslatorException {
 		
 		return Search.getQueryFactory(getCache(cacheName));
 	}
 	
 	@Override
 	public  ClassRegistry getClassRegistry() {
 		return config.getClassRegistry();
 	}
 
 
 }
",34,,,
613,"@@ -56,10 +56,10 @@ public class ClassRegistry {
 
 	private TeiidScriptEngine readEngine = new TeiidScriptEngine();
 	
 	private Map<String, Class<?>> registeredClasses = new HashMap<String, Class<?>>(); // fullClassName, Class
 	private Map<String, Class<?>> tableNameClassMap = new HashMap<String, Class<?>>(); // simpleClassName(i.e., tableName), Class 
 	private Map<String, Map<String, Method>> classReadMethodMap = new HashMap<String, Map<String, Method>>();
 	private Map<String, Map<String, Method>> classWriteMethodMap = Collections.synchronizedMap(new LRUCache<String, Map<String,Method>>(100));;
 
 	public synchronized void registerClass(Class<?> clz) throws TranslatorException {
 			// preload methods
@@ -168,16 +168,20 @@ private static Map<String, Method> getWriteMethodMap(Class<?> clazz) throws Tran
 					methodMap.put(name, m);
 				}
 			}
 //			if (clazzMaps == null) {
 //				clazzMaps = Collections.synchronizedMap(new LRUCache<Class<?>, Map<String,Method>>(100));
 //				classWriteMethodMap = new SoftReference<Map<Class<?>,Map<String,Method>>>(clazzMaps);
 //			}
 //			clazzMaps.put(clazz, methodMap);
 		} catch (IntrospectionException e) {
 			throw new TranslatorException(e);
 		}
 		return methodMap;
 	}
 
 
 }
",433,,,
614,"@@ -72,9 +72,8 @@
 public final class DSLSearch   {
 	
 	public static Object performKeySearch(String cacheName, String columnNameInSource, Object value, InfinispanConnection conn) throws TranslatorException {
 	    @SuppressWarnings(""rawtypes"")
 	    
 		RemoteCache<?, Object> c = (RemoteCache<?, Object>) conn.getCache(cacheName);
 	    Object v = c.get(value);
 	    return v;
 
@@ -110,7 +109,7 @@ public static List<Object> performSearch(Condition where, OrderBy orderby, Strin
 		    	if (spec.getOrdering().name().equalsIgnoreCase(SortOrder.DESC.name())) {
 		    		so = SortOrder.DESC;
 		    	}
 		    	qb = qb.orderBy(mdIDElement.getNameInSource(), so);
 		    }
 	    }
 	    	
@@ -136,7 +135,7 @@ public static List<Object> performSearch(Condition where, OrderBy orderby, Strin
 
 		} else {
 		    results = new ArrayList<Object>();
 			RemoteCache<?, Object> c = (RemoteCache<?, Object>) conn.getCache(cacheName);
 		    for (Object id : c.keySet()) {
 		          results. add(c.get(id));
 		    }
@@ -149,9 +148,9 @@ public static List<Object> performSearch(Condition where, OrderBy orderby, Strin
 	@SuppressWarnings(""rawtypes"")
 	private static QueryBuilder getQueryBuilder(String cacheName, InfinispanConnection conn) throws TranslatorException {
 		
 		Class<?> type = conn.getType(cacheName);
 		
 		QueryFactory qf = conn.getQueryFactory(cacheName);
 	    		  
 	    QueryBuilder qb = qf.from(type);
 
@@ -175,7 +174,7 @@ private static FilterConditionContext buildQueryFromWhereClause(Condition criter
 			case AND:
 
 				FilterConditionContext f_and = buildQueryFromWhereClause(
 						crit.getLeftCondition(), queryBuilder, null);
 				FilterConditionBeginContext fcbca =  null;
 				if (f_and != null) {
 					fcbca = f_and.and();
@@ -188,7 +187,7 @@ private static FilterConditionContext buildQueryFromWhereClause(Condition criter
 			case OR:
 				
 				FilterConditionContext f_or = buildQueryFromWhereClause(
 						crit.getLeftCondition(), queryBuilder, null);
 				FilterConditionBeginContext fcbcb = null;
 				if (f_or != null) {
 					fcbcb = f_or.or();
",65,,,
615,"@@ -37,56 +37,65 @@
  */
 public interface InfinispanConnection {
 	
 		
 	/**
 	 * Return the root class type stored in the specified cache
 	 * @param cacheName 
 	 * @return Class
 	 * @throws TranslatorException
 	 */
 	public Class<?> getType(String cacheName) throws TranslatorException;
 	
 	/**
 	 * Returns the name of the primary key to the cache
 	 * @param cacheName
 	 * @return String key name
 	 * @throws TranslatorException 
 	 */
 	public String getPkField(String cacheName) throws TranslatorException;
 		
 	/**
 	 * Returns a map of all defined caches, and their respective root object class type,
 	 * that are accessible using this connection.
 	 * @return Map<String, Class>  --> CacheName, ClassType
 	 * @throws TranslatorException 
 	 */
 	public Map<String, Class<?>> getCacheNameClassTypeMapping() throws TranslatorException;
 	
 
 	/**
 	 * Returns the descriptor that desribes the messages being serialized
 	 * @param cacheName
 	 * @return Descriptor
 	 * @throws TranslatorException
 	 */
 	public Descriptor getDescriptor(String cacheName) throws TranslatorException;
 	
 	/**
 	 * Call to obtain the cache object
 	 * @param cacheName
 	 * @return Map cache
 	 * @throws TranslatorException 
 	 */
 	public Map<Object, Object> getCache(String cacheName) throws TranslatorException;
 	
 	/**
 	 * Return the QueryFactory used by the cache.
 	 * @param cacheName
 	 * @return QueryFactory
 	 * @throws TranslatorException
 	 */
 	@SuppressWarnings(""rawtypes"")
 	public QueryFactory getQueryFactory(String cacheName) throws TranslatorException;
 	
 	/**
 	 * Return the ClassRegistry that contains which classes and their methods.
",76,,,
616,"@@ -69,10 +69,11 @@ public InfinispanExecutionFactory() {
 		setSupportsInnerJoins(true);
 		setSupportsFullOuterJoins(false);
 		setSupportsOuterJoins(true);
 	
 		setSupportedJoinCriteria(SupportedJoinCriteria.KEY);
 	}
 	
 	@Override
 	public int getMaxFromGroups() {
 		return 2;
@@ -88,7 +89,11 @@ public ResultSetExecution createResultSetExecution(QueryExpression command,
     @Override
 	public UpdateExecution createUpdateExecution(Command command,
 			ExecutionContext executionContext, RuntimeMetadata metadata,
 			InfinispanConnection connection) {
     	return new InfinispanUpdateExecution(command, connection, executionContext, this);
 	}
     
",75,,,
617,"@@ -22,8 +22,9 @@
 
 package org.teiid.translator.infinispan.dsl;
 
 import java.lang.reflect.Method;
 import java.util.ArrayList;
 import java.util.Collection;
 import java.util.List;
 import java.util.Map;
@@ -34,11 +35,10 @@
 import javax.script.SimpleScriptContext;
 
 import org.infinispan.client.hotrod.RemoteCache;
 import org.teiid.core.TeiidException;
 import org.teiid.core.types.DataTypeManager;
 import org.teiid.core.types.TransformationException;
 import org.teiid.core.util.PropertiesUtils;
 import org.teiid.core.util.ReflectionHelper;
 import org.teiid.language.ColumnReference;
 import org.teiid.language.Command;
 import org.teiid.language.Delete;
@@ -127,136 +127,132 @@ public int[] getUpdateCounts() throws DataNotAvailableException,
 
 	@SuppressWarnings({ ""unchecked"" })
 	private void handleInsert(Insert insert) throws TranslatorException {
 		try {
 
 			// get the class to instantiate instance
 			Class<?> clz = this.classRegistry.getRegisteredClassUsingTableName(insert.getTable().getName());
 			if (clz == null) {
 				throw new TranslatorException(InfinispanPlugin.Util.gs(InfinispanPlugin.Event.TEIID25003, new Object[] {insert.getTable().getName()}));
 			}
 			
 			Map<String, Method> writeMethods = this.classRegistry.getWriteClassMethods(clz.getSimpleName());
 
 			Object entity = null;
 			try {
 				// create the new instance from the classLoader the the class
 				// was created from
 				entity = clz.newInstance();
 			} catch (Exception e) {
 				throw new TranslatorException(e);
 			} 
 
 			String cacheName = insert.getTable().getMetadataObject()
 					.getNameInSource();
 
 			// first determine if the table to be inserted into has a foreign key relationship, which
 			// would then be considered a child table, otherwise it must have a primary key
 			ForeignKey fk = getForeignKeyColumn(insert.getTable());
 			String fkeyColNIS = null;
 			if (fk != null) {
 				fkeyColNIS = getForeignKeyNIS(insert.getTable(), fk);
 			}
 			Column keyCol = null;
 			if (fkeyColNIS == null) {
 				keyCol = getPrimaryKeyColumn(insert.getTable());
 			} 
 			
 			if (fkeyColNIS == null && keyCol == null) {
 				throw new TranslatorException(InfinispanPlugin.Util.gs(InfinispanPlugin.Event.TEIID25004, new Object[] {""insert"", insert.getTable().getName()}));
 			}
 
 			List<ColumnReference> columns = insert.getColumns();
 			List<Expression> values = ((ExpressionValueSource) insert
 					.getValueSource()).getValues();
 			if (columns.size() != values.size()) {
 				throw new TranslatorException(
 						""Program error, Column and Value Size's don't match"");
 			}
 
 			Object keyValue = null;
 			Object fkeyValue = null;
 //			String keyColumnType = null;
 			
 
 			for (int i = 0; i < columns.size(); i++) {
 				Column column = columns.get(i).getMetadataObject();
 				Object value = values.get(i);
 
 				if ( keyCol != null && keyCol.getName().equals(column.getName()) ) {
 
 					if (value instanceof Literal) {
 						Literal literalValue = (Literal) value;
 						value = literalValue.getValue();
 					}
 						
 					writeColumnData(entity, column, value, writeMethods);
 					
 					keyValue = evaluate(entity, keyCol.getName());
 					
 				} else 	if (fkeyColNIS != null && fkeyColNIS.equals(column.getName()) ) {
 					if (value instanceof Literal) {
 						Literal literalValue = (Literal) value;
 						fkeyValue = literalValue.getValue();
 					} else {
 						fkeyValue = value;
 					}
 
 				} else {
 					
 					if (value instanceof Literal) {
 						Literal literalValue = (Literal) value;
 						value = literalValue.getValue();
 					}
 					
 					writeColumnData(entity, column, value, writeMethods);
 	
 				}
 			}
 			
 			RemoteCache<Object, Object> cache = (RemoteCache<Object, Object>) connection.getCache(cacheName);
 			if (keyCol != null) {
 				Object rootObject = this.executionFactory.performKeySearch(cacheName, keyCol.getNameInSource(), keyValue, connection, context);
 
 				if (rootObject != null) {
 					throw new TranslatorException(InfinispanPlugin.Util.gs(InfinispanPlugin.Event.TEIID25009, new Object[] {insert.getTable().getName(), keyValue}));
 				}
 				
 				cache.put(keyValue, entity);
 			} else {
 				Object rootObject = this.executionFactory.performKeySearch(cacheName, fkeyColNIS, fkeyValue, connection, context);
 				String fk_nis = fk.getNameInSource();
 				
 				Object childrenObjects = this.evaluate(rootObject, fk_nis);
 					
 				if (Collection.class.isAssignableFrom(childrenObjects.getClass())) {
 					@SuppressWarnings(""rawtypes"")
 					Collection c = (Collection) childrenObjects;
 					c.add(entity);
 
 					PropertiesUtils.setBeanProperty(rootObject, fk_nis, c);
 
 				} else if (Map.class.isAssignableFrom(childrenObjects.getClass())) {
 					throw new TranslatorException(InfinispanPlugin.Util.gs(InfinispanPlugin.Event.TEIID25005, new Object[] {insert.getTable().getName()}));
 
 				} else if (childrenObjects.getClass().isArray()) {
 					Object[] a = (Object[]) childrenObjects;
 					Object[] n = new Object[a.length + 1];
 					int i = 0;
 					for (Object o:a) {
 						n[i] = a[i++];
 					}
 					n[i] = entity;
 					PropertiesUtils.setBeanProperty(rootObject, fk_nis, n);
 				} 
 				
 				cache.put(fkeyValue, rootObject);
 
 			}
 			++updateCnt;
 			
 		} catch (TeiidException e) {
 			throw new TranslatorException(e);
 		}
 	}
 
 	// Private method to actually do a delete operation. 
@@ -290,23 +286,22 @@ private void handleDelete(Delete delete) throws TranslatorException {
 			// if this is the root class (no foreign key), then for each object, obtain
 			// the primary key value and use it to be removed from the cache
 			@SuppressWarnings(""rawtypes"")
 			RemoteCache cache = (RemoteCache) connection.getCache(cacheName);
 			
 			try {
 				
 				
 				cs = scriptEngine.compile(ClassRegistry.OBJECT_NAME + ""."" + keyCol.getName());
 	
 				for (Object o : toDelete) {
 					sc.setAttribute(ClassRegistry.OBJECT_NAME, o,
 							ScriptContext.ENGINE_SCOPE);
 					Object v = cs.eval(sc);
 					
 					if (cache.containsKey(v) ) {
 						cache.removeAsync(v);
 					//	remove(v);
 						++updateCnt;
 					}
 				}
 	
 			} catch (ScriptException e1) {
@@ -426,7 +421,7 @@ private void handleUpdate(Update update) throws TranslatorException {
 		}
 	
 		@SuppressWarnings({ ""rawtypes"", ""unchecked"" })
 		RemoteCache<Object, Object> cache = (RemoteCache) connection.getCache(cacheName);
 		
 		Object keyValue = null;
 
@@ -435,7 +430,7 @@ private void handleUpdate(Update update) throws TranslatorException {
 		if (keyCol != null) {
 			for (Object entity:toUpdate) {
 				
 				keyValue = evaluate(entity, keyCol.getName());
 				
 				for (SetClause sc:updateList) {
 					Column column = sc.getSymbol().getMetadataObject();
@@ -455,8 +450,7 @@ private void handleUpdate(Update update) throws TranslatorException {
 			
 				}
 				
 				cache.replace(keyValue, entity);
 //				put(keyValue, entity);
 				++updateCnt;
 			
 			}
@@ -532,26 +526,46 @@ private Object evaluate(Object value, String columnName)
 
 	}
 	
 	private void writeColumnData(Object entity, Column column, Object value, Map<String, Method> writeMethods) throws TranslatorException {
 		
 		try {
 
 			Method m = writeMethods.get(column.getName());
 			if (value == null) {
 				ClassRegistry.executeSetMethod(m, entity, value);
 				return;
 			}
 			if (value.getClass().equals(column.getJavaType())) {
 				ClassRegistry.executeSetMethod(m, entity, value);
 			} else	if (value.getClass().getName().equals(column.getJavaType().getName())) {
 				ClassRegistry.executeSetMethod(m, entity, value);
 			} else if (value.getClass().isPrimitive()) {
 				final Object transformedValue = DataTypeManager.transformValue(value,  column.getJavaType());
 				
 				ClassRegistry.executeSetMethod(m, entity, transformedValue);
 				
 			} else {
 				PropertiesUtils.setBeanProperty(entity, column.getName(), value);
 			}
 
 			
",434,,,
618,"@@ -29,6 +29,8 @@
 import java.util.List;
 import java.util.Map;
 
 import org.teiid.metadata.BaseColumn.NullType;
 import org.teiid.metadata.Column;
 import org.teiid.metadata.Column.SearchType;
@@ -41,9 +43,6 @@
 import org.teiid.translator.infinispan.dsl.InfinispanConnection;
 import org.teiid.translator.infinispan.dsl.InfinispanPlugin;
 
 import org.infinispan.protostream.descriptors.Descriptor;
 import org.infinispan.protostream.descriptors.FieldDescriptor;
 
 
 
 /**
@@ -81,6 +80,8 @@
  * 
  */
 public class ProtobufMetadataProcessor implements MetadataProcessor<InfinispanConnection>{
 				
 	public static final String VIEWTABLE_SUFFIX = ""View""; //$NON-NLS-1$
 	public static final String OBJECT_COL_SUFFIX = ""Object""; //$NON-NLS-1$
@@ -89,35 +90,35 @@ public class ProtobufMetadataProcessor implements MetadataProcessor<InfinispanCo
 	@Override
 	public void process(MetadataFactory metadataFactory, InfinispanConnection conn) throws TranslatorException {
 			
 		Map<String, Class<?>> cacheTypes = conn.getCacheNameClassTypeMapping();
 		for (String cacheName : cacheTypes.keySet()) {
 
 			Class<?> type = cacheTypes.get(cacheName);
 			String pkField = conn.getPkField(cacheName);
 			if (pkField == null || pkField.trim().length() == 0) {
 					throw new TranslatorException(InfinispanPlugin.Util.gs(InfinispanPlugin.Event.TEIID25007, new Object[] {cacheName}));
 			}
 			createRootTable(metadataFactory, type, conn.getDescriptor(cacheName), cacheName, pkField, conn);
 		}		
 	}
 
 
 	private Table createRootTable(MetadataFactory mf, Class<?> entity, Descriptor descriptor, String cacheName, String pkField, InfinispanConnection conn) throws TranslatorException {
 			
 		Table rootTable = addTable(mf, entity, descriptor);
 		rootTable.setNameInSource(cacheName); 
 		
 	    Method pkMethod = conn.getClassRegistry().getReadClassMethods(entity.getName()).get(pkField);
 	    if (pkMethod == null) {
 			throw new TranslatorException(InfinispanPlugin.Util.gs(InfinispanPlugin.Event.TEIID25008, new Object[] {pkField, cacheName, entity.getName()}));
 	    	
 	    }
 	    	    
 	    // add column for cache Object
 		addRootColumn(mf, Object.class, null, null, SearchType.Unsearchable, rootTable.getName(), rootTable,true, false); //$NON-NLS-1$	
 
 		// add a column for primary key
 		addRootColumn(mf, pkMethod.getReturnType(), pkField, pkField, SearchType.Searchable, rootTable.getName(), rootTable, true, true);
 		
 		boolean repeats = false;
 		// the descriptor is needed to determine which fields are defined as searchable.
@@ -131,25 +132,27 @@ private Table createRootTable(MetadataFactory mf, Class<?> entity, Descriptor de
 			}
 		}	
 		
 		// add primary key
 		String pkName = ""PK_"" + pkField.toUpperCase(); //$NON-NLS-1$
         ArrayList<String> x = new ArrayList<String>(1) ;
         x.add(pkField);
         mf.addPrimaryKey(pkName, x , rootTable);		    
 		
 		if (repeats) {
 			for (FieldDescriptor fd:descriptor.getFields()) {	
 				if (fd.isRepeated() ) {
 					processRepeatedType(mf,fd, rootTable, pkMethod, conn);	
 				} 
 			}	
 		}
 
 			
 		return rootTable;
 	}
 	
 	private Table addTable(MetadataFactory mf, Class<?> entity, Descriptor descriptor) {
 		String tName = entity.getSimpleName();
 				//getTableName(descriptor);
 		Table t = mf.getSchema().getTable(tName);
@@ -158,7 +161,9 @@ private Table addTable(MetadataFactory mf, Class<?> entity, Descriptor descripto
 			return t;
 		}
 		t = mf.addTable(tName);
 		t.setSupportsUpdate(true);
 
 		return t;
 		
@@ -200,7 +205,7 @@ private void processRepeatedType(MetadataFactory mf, FieldDescriptor fd, Table r
 			throw new TranslatorException(InfinispanPlugin.Util.gs(InfinispanPlugin.Event.TEIID25060, new Object[] { fd.getName() }));
 		}
 		
 		Table t = addTable(mf, c, d);
 		
 		// do not use getSourceName, the NameInSource has to be defined as the cache name
 		t.setNameInSource(rootTable.getNameInSource()); 
",70,,,
619,"@@ -27,14 +27,14 @@ TEIID25003=Registered Class not found for table {0}, check table name matches a
 TEIID25004=Unable to perform {0}, no Primary or Foreign Key defined for table {1}
 TEIID25005=Table {0} has defined a container class of type Maps, which is not currently supported
 TEIID25006=Updating primary key column {0} in table {1} is not supported, use delete and insert.
 TEIID25007=No Primary key defined for cache {0}
 TEIID25008=Primary Key {0} defined for cache {1} does not match a method on class {2}
 TEIID25009=Unable to insert duplicate into table {0} with key value {1}
 
 
 TEIID25020=MessageDescriptor must be specified
 TEIID25021=CacheTypeMap has not been set
 TEIID25022=CacheTypeMap incorrectly configured, must be in the form of - cacheName:ClassName
 TEIID25023=Must set configuration as to how the cache will be obtained (i.e., jndi, server list or properties file)
 TEIID25025=Unable to find cache using JNDI {0}
 TEIID25026=Cache Container {0} is not an instance of RemoteCacheManager
",435,,,
620,"@@ -25,6 +25,7 @@
 
 import java.util.ArrayList;
 import java.util.Collection;
 import java.util.HashMap;
 import java.util.List;
 import java.util.Map;
@@ -48,6 +49,7 @@
 import org.infinispan.protostream.descriptors.FileDescriptor;
 import org.infinispan.protostream.impl.parser.SquareProtoParser;
 import org.infinispan.query.dsl.QueryFactory;
 import org.teiid.translator.infinispan.dsl.ClassRegistry;
 import org.teiid.translator.infinispan.dsl.InfinispanConnection;
 import org.teiid.translator.TranslatorException;
@@ -69,7 +71,7 @@ public class PersonCacheSource<K, V>  implements RemoteCache<K, V>{
 	public static final String PHONENUMBER_CLASS_NAME = PhoneNumber.class.getName();
 	public static final String PHONETYPE_CLASS_NAME = PhoneType.class.getName();
 	
 	public static Map<String, Class<?>> mapOfCaches = new HashMap<String, Class<?>>(1);
 
 	
 	public static Descriptor DESCRIPTOR;
@@ -79,10 +81,10 @@ public class PersonCacheSource<K, V>  implements RemoteCache<K, V>{
 	
 	static ClassRegistry CLASS_REGISTRY = new ClassRegistry();
 	
 	private Map cache = new HashMap<Object, Object>();
 	
 	static {
 		mapOfCaches.put(PersonCacheSource.PERSON_CACHE_NAME, Person.class);
 		try {
 			DESCRIPTOR = (Descriptor) createDescriptor();
 
@@ -96,43 +98,54 @@ public class PersonCacheSource<K, V>  implements RemoteCache<K, V>{
 	}
 	
 	
 	public static InfinispanConnection createConnection() {
 		final Map <Object, Object> objects = PersonCacheSource.loadCache();
 
 		return new InfinispanConnection() {
 
 			@Override
 			public Class<?> getType(String cacheName)  {
 				return Person.class;
 			}
 
 
 			@Override
 			public Map<String, Class<?>> getCacheNameClassTypeMapping() {
 				return mapOfCaches;
 			}
 			
 			@Override
 			public String getPkField(String cacheName) {
 				return ""id"";
 			}
 
 			@Override
 			public Descriptor getDescriptor(String cacheName)
 					throws TranslatorException {
 				return DESCRIPTOR;
 			}
 
 			@Override
 			public Map<Object, Object> getCache(String cacheName) {
 				return objects;
 			}
 
 
 			@Override
 			public QueryFactory getQueryFactory(String cacheName) {
 				return null;
 			}
 			
 	        public ClassRegistry getClassRegistry() {
 		        return PersonCacheSource.CLASS_REGISTRY;
@@ -291,9 +304,10 @@ public V putIfAbsent(K arg0, V arg1, long arg2, TimeUnit arg3, long arg4,
 	 *
 	 * @see org.infinispan.commons.api.BasicCache#remove(java.lang.Object)
 	 */
 	@Override
 	public V remove(Object arg0) {
 		return null;
 	}
 
 	/**
@@ -748,7 +762,7 @@ public boolean containsValue(Object value) {
 	 */
 	@Override
 	public Set<K> keySet() {
 		return cache.keySet();
 	}
 
 	/**
@@ -758,7 +772,7 @@ public Set<K> keySet() {
 	 */
 	@Override
 	public Collection<V> values() {
 		return cache.values();
 	}
 
 	/**
@@ -768,7 +782,8 @@ public Collection<V> values() {
 	 */
 	@Override
 	public Set<java.util.Map.Entry<K, V>> entrySet() {
 		return cache.entrySet();
 	}
 
 	/**
",325,,,
621,"@@ -28,7 +28,6 @@ public class AllTypes implements Serializable{
 	private String stringKey;
 	private Time timeValue;
 	private Date dateValue;
 	private byte[] byteArrayValue;
 
 	public String getStringNum() {
 		return stringNum;
@@ -158,13 +157,6 @@ public void setDateValue(Date dateValue) {
 		this.dateValue = dateValue;
 	}
 	
 	public byte[] getByteArrayValue() {
 		return byteArrayValue;
 	}
 	public void setByteArrayValue(byte[] value) {
 		byteArrayValue = value;
 	}
 	
 
 	@Override
 	public String toString() {
",326,,,
622,"@@ -30,6 +30,7 @@
 import java.sql.Timestamp;
 import java.util.ArrayList;
 import java.util.Collection;
 import java.util.HashMap;
 import java.util.List;
 import java.util.Map;
@@ -69,19 +70,16 @@ public class AllTypesCacheSource<K, V>  implements RemoteCache<K, V>{
 	
 	public static final String ALLTYPES_CLASS_NAME = AllTypes.class.getName();
 	
 	public static Map<String, Class<?>> mapOfCaches = new HashMap<String, Class<?>>(1);
 	
 	public static Descriptor DESCRIPTOR;
 	
 	public static Random RANDOM = new Random();
 	
 	
 	static ClassRegistry CLASS_REGISTRY = new ClassRegistry();
 	
 	private Map cache = new HashMap<Object, Object>();
 	
 	static {
 		mapOfCaches.put(AllTypesCacheSource.ALLTYPES_CACHE_NAME, AllTypes.class);
 		try {
 			DESCRIPTOR = (Descriptor) createDescriptor();
 
@@ -94,42 +92,58 @@ public class AllTypesCacheSource<K, V>  implements RemoteCache<K, V>{
 	
 	
 	public static InfinispanConnection createConnection() {
 		final Map <Object, Object> objects = AllTypesCacheSource.loadCache();
 
 		return new InfinispanConnection() {
 
 			@Override
 			public Class<?> getType(String cacheName)  {
 				return AllTypes.class;
 			}
 
 
 			@Override
 			public Map<String, Class<?>> getCacheNameClassTypeMapping() {
 				return mapOfCaches;
 			}
 			
 			@Override
 			public String getPkField(String cacheName) {
 				return ""intKey"";
 			}
 
 			@Override
 			public Descriptor getDescriptor(String cacheName)
 					throws TranslatorException {
 				return DESCRIPTOR;
 			}
 
 			@Override
 			public Map<Object, Object> getCache(String cacheName) {
 				return objects;
 			}
 
 
 			@Override
 			public QueryFactory getQueryFactory(String cacheName) {
 				return null;
 			}
 			
 	        public ClassRegistry getClassRegistry() {
 		        return AllTypesCacheSource.CLASS_REGISTRY;
@@ -168,7 +182,7 @@ public static void loadCache(Map<Object, Object> cache) {
 			p.setBigIntegerValue(BigInteger.valueOf(RANDOM.nextLong()));
 			p.setBigDecimalValue(BigDecimal.valueOf(RANDOM.nextLong()));
 				
 			cache.put(i, p);
 
 
 		}
@@ -225,7 +239,7 @@ private static Descriptor createDescriptor() throws Exception {
 
 	      FileDescriptor descriptor = files.get(""allTypes.proto"");
 	      
 	      String descriptorName = ""org.jboss.teiid.jdg_remote.protobuf.AllTypes"";
 	      Map<String, Descriptor> messages = new HashMap<String, Descriptor>();
 	      for (Descriptor m : descriptor.getMessageTypes()) {
 	         messages.put(m.getFullName(), m);
@@ -329,9 +343,10 @@ public V putIfAbsent(K arg0, V arg1, long arg2, TimeUnit arg3, long arg4,
 	 *
 	 * @see org.infinispan.commons.api.BasicCache#remove(java.lang.Object)
 	 */
 	@Override
 	public V remove(Object arg0) {
 		return null;
 	}
 
 	/**
",327,,,
623,"@@ -0,0 +1,201 @@
",436,,,
624,"@@ -61,7 +61,7 @@ public class TestInfinispanExecution {
     @BeforeClass
     public static void setUp()  {
         
 		CONNECTION = PersonCacheSource.createConnection();
 
     }	
 
",14,,,
625,"@@ -47,7 +47,7 @@ public class TestInfinispanExecutionFactory {
 	private Select command;
 	
 	
 	private InfinispanConnection connection = PersonCacheSource.createConnection();
 	
     @BeforeClass
     public static void setUp() throws TranslatorException {
",18,,,
626,"@@ -42,14 +42,26 @@ public class TestInfinispanUpdateExecution {
 	@Before public void beforeEach() throws Exception{	
 		 
 		MockitoAnnotations.initMocks(this);
 		CONNECTION = PersonCacheSource.createConnection();
     }
 
 	@Test
 	public void testInsertRootClass() throws Exception {
 
 		// check the object doesn't exist before inserting
 		Object o = CONNECTION.getCache(PersonCacheSource.PERSON_CACHE_NAME).get(99);
 		assertNull(o);
 		
 		Command command = translationUtility
@@ -61,18 +73,28 @@ public void testInsertRootClass() throws Exception {
 
 		ie.execute();
 
 		Person p = (Person) CONNECTION.getCache(PersonCacheSource.PERSON_CACHE_NAME).get(99);
 
 		assertNotNull(p);
 		assertTrue(p.getName().equals(""TestName""));
 		assertTrue(p.getEmail().equals(""testName@mail.com""));
 		
 	}
 
 	@Test
 	public void testInsertChildClass() throws Exception {
 		
 		assertNotNull(CONNECTION.getCache(PersonCacheSource.PERSON_CACHE_NAME).get(2));
 
 		Command command = translationUtility
 				.parseCommand(""Insert into PhoneNumber (id, number, type) VALUES (2, '999-888-7777', 'HOME')"");
@@ -83,7 +105,7 @@ public void testInsertChildClass() throws Exception {
 
 		ie.execute();
 
 		Person p = (Person) CONNECTION.getCache(PersonCacheSource.PERSON_CACHE_NAME).get(2);
 		assertNotNull(p);
 
 		boolean found = false;
@@ -94,12 +116,23 @@ public void testInsertChildClass() throws Exception {
 		}
 		assertTrue(found);
 	}
 	
 	@Test
 	public void testUpdateRootClass() throws Exception {
 
 		// check the object doesn't exist before inserting
 		Object o = CONNECTION.getCache(PersonCacheSource.PERSON_CACHE_NAME).get(5);
 		assertNotNull(o);
 		
 		Command command = translationUtility
@@ -113,52 +146,73 @@ public void testUpdateRootClass() throws Exception {
 
 		ie.execute();
 
 		Person p = (Person) CONNECTION.getCache(PersonCacheSource.PERSON_CACHE_NAME).get(5);
 
 		assertNotNull(p);
 		assertTrue(p.getName().equals(""Person 5 Changed""));
 		assertTrue(p.getEmail().equals(""person5@mail.com""));
 		
 	}
 
 	@SuppressWarnings(""unchecked"")
 	@Test
 	public void testDeleteRootByKey() throws Exception {
 		
 		assertNotNull(CONNECTION.getCache(PersonCacheSource.PERSON_CACHE_NAME).get(1));
 
 		Command command = translationUtility
 				.parseCommand(""Delete From Person Where id = 1"");
 
 		@SuppressWarnings(""rawtypes"")
 		List rows = new ArrayList();
 		rows.add(TestInfinispanUpdateExecution.DATA.get(1));
 
 		InfinispanUpdateExecution ie = createExecution(command, rows);
 
 		ie.execute();
 		assertNull(CONNECTION.getCache(PersonCacheSource.PERSON_CACHE_NAME)
 				.get(new Integer(1).intValue()));
 
 	}
 
 	@Test
 	public void testDeleteRootByValue() throws Exception {
 
 		assertNotNull(CONNECTION.getCache(PersonCacheSource.PERSON_CACHE_NAME).get(2));
 
 		Command command = translationUtility
 				.parseCommand(""Delete From Person Where Name = 'Person 2'"");
 
 
 		List rows = new ArrayList();
 		rows.add(TestInfinispanUpdateExecution.DATA.get(2));
 
 		InfinispanUpdateExecution ie = createExecution(command, rows);
 		
 		ie.execute();
 		assertNull(CONNECTION.getCache(PersonCacheSource.PERSON_CACHE_NAME)
 				.get(2));
 
 	}
 
@@ -167,7 +221,7 @@ public void testDeleteChildByValue() throws Exception {
 		String phoneNumber=""(111)222-3451"";	
 		
 		// check the phone number exists
 		Iterator it=CONNECTION.getCache(PersonCacheSource.PERSON_CACHE_NAME).values().iterator();
 		boolean found = false;
 		while (it.hasNext()) {
 			Person p = (Person) it.next();
@@ -188,13 +242,13 @@ public void testDeleteChildByValue() throws Exception {
 
 		InfinispanUpdateExecution ie = createExecution(command, rows);
 
 		assertNotNull(CONNECTION.getCache(PersonCacheSource.PERSON_CACHE_NAME).get(2));
 		
 		ie.execute();
 		int[] cnts = ie.getUpdateCounts();
 		assertTrue(cnts[0] == 10);
 		
 		it=CONNECTION.getCache(PersonCacheSource.PERSON_CACHE_NAME).values().iterator();
 		// verify phone was completely removed
 		while (it.hasNext()) {
 			Person p = (Person) it.next();
",21,,,
627,"@@ -42,14 +42,24 @@ public class TestInfinispanUpdateUsingAllTypes {
 	@Before public void beforeEach() throws Exception{	
 		 
 		MockitoAnnotations.initMocks(this);
 		CONNECTION = AllTypesCacheSource.createConnection();
     }
 
 	@Test
 	public void testInsertRootClass() throws Exception {
 
 		// check the object doesn't exist before inserting
 		Object o = CONNECTION.getCache(AllTypesCacheSource.ALLTYPES_CACHE_NAME).get(99);
 		assertNull(o);
 		
 		Command command = translationUtility
@@ -60,27 +70,14 @@ public void testInsertRootClass() throws Exception {
 //		.parseCommand(""Insert into AllTypes (intKey, intNum, stringKey, stringNum, booleanValue, longNum, doubleNum, floatNum) "" + 
 //				""VALUES (99, 991, 'string key value', '999', true, 1200, 23.45, 12.456  )"");
 
 	/**	
 		private Character charValue;
 		private Double doubleNum;
 		private BigInteger bigIntegerValue;
 		private Short shortValue;
 		private Float floatNum;
 		private Object  objectValue;
 
 		private BigDecimal bigDecimalValue;
 		private Timestamp timeStampValue;
 		private Time timeValue;
 		private Date dateValue;
 		private byte[] byteArrayValue;
 		*/
 		// no search required by the UpdateExecution logic
 		@SuppressWarnings(""unchecked"")
 		InfinispanUpdateExecution ie = createExecution(command, Collections.EMPTY_LIST);
 
 		ie.execute();
 
 		AllTypes p = (AllTypes) CONNECTION.getCache(AllTypesCacheSource.ALLTYPES_CACHE_NAME).get(99);
 
 		String stringNum = String.valueOf(""999"");
 		
@@ -100,9 +97,20 @@ public void testInsertRootClass() throws Exception {
 	// TEIID-3534 - cannot insert Boolean attribute with null
 	@Test
 	public void testInsertBooleanOfNull() throws Exception {
 
 		// check the object doesn't exist before inserting
 		Object o = CONNECTION.getCache(AllTypesCacheSource.ALLTYPES_CACHE_NAME).get(99);
 		assertNull(o);
 		
 		Command command = translationUtility
@@ -115,7 +123,7 @@ public void testInsertBooleanOfNull() throws Exception {
 
 		ie.execute();
 
 		AllTypes p = (AllTypes) CONNECTION.getCache(AllTypesCacheSource.ALLTYPES_CACHE_NAME).get(99);
 
 		String stringNum = String.valueOf(""999"");
 		
@@ -136,9 +144,10 @@ public void testInsertBooleanOfNull() throws Exception {
 	// TEIID-3539 -  Can't use IS [NOT] NULL operator for non-string columns
 	//@Test
 	public void testInsertIsNotNullOperator() throws Exception {
 
 		// check the object doesn't exist before inserting
 		Object o = CONNECTION.getCache(AllTypesCacheSource.ALLTYPES_CACHE_NAME).get(99);
 		assertNull(o);
 		
 		Command command = translationUtility
@@ -162,7 +171,7 @@ public void testInsertIsNotNullOperator() throws Exception {
 		
 		
 
 		AllTypes p = (AllTypes) CONNECTION.getCache(AllTypesCacheSource.ALLTYPES_CACHE_NAME).get(99);
 
 		String stringNum = String.valueOf(""999"");
 		
@@ -179,9 +188,21 @@ public void testInsertIsNotNullOperator() throws Exception {
 
 	@Test
 	public void testUpdateRootClass() throws Exception {
 
 		// check the object doesn't exist before inserting
 		Object o = CONNECTION.getCache(AllTypesCacheSource.ALLTYPES_CACHE_NAME).get(5);
 		assertNotNull(o);
 		
 		Command command = translationUtility
@@ -195,7 +216,7 @@ public void testUpdateRootClass() throws Exception {
 
 		ie.execute();
 
 		AllTypes p = (AllTypes) CONNECTION.getCache(AllTypesCacheSource.ALLTYPES_CACHE_NAME).get(5);
 
 		String stringNum = String.valueOf(""10000"");
 		
@@ -204,11 +225,21 @@ public void testUpdateRootClass() throws Exception {
 		
 	}
 
 //	@SuppressWarnings(""unchecked"")
 	@Test
 	public void testDeleteRootByKey() throws Exception {
 		
 		assertNotNull(CONNECTION.getCache(AllTypesCacheSource.ALLTYPES_CACHE_NAME).get(1));
 
 		Command command = translationUtility
 				.parseCommand(""Delete From AllTypes Where intKey=99"");
@@ -220,7 +251,7 @@ public void testDeleteRootByKey() throws Exception {
 		InfinispanUpdateExecution ie = createExecution(command, rows);
 
 		ie.execute();
 		assertNull(CONNECTION.getCache(AllTypesCacheSource.ALLTYPES_CACHE_NAME)
 				.get(new Integer(1).intValue()));
 
 	}
",35,,,
628,"@@ -2,19 +2,13 @@
 
 import static org.junit.Assert.assertEquals;
 
 import java.math.BigDecimal;
 import java.math.BigInteger;
 import java.sql.Date;
 import java.sql.Time;
 import java.sql.Timestamp;
 import java.util.Properties;
 
 import org.jboss.as.quickstarts.datagrid.hotrod.query.domain.PersonCacheSource;
 import org.jboss.teiid.jdg_remote.pojo.AllTypesCacheSource;
 import org.junit.Before;
 import org.junit.BeforeClass;
 import org.junit.Test;
 import org.mockito.MockitoAnnotations;
 import org.teiid.metadata.MetadataFactory;
 import org.teiid.query.metadata.DDLStringVisitor;
 import org.teiid.query.metadata.SystemMetadata;
@@ -43,7 +37,7 @@ public void testPersonMetadata() throws Exception {
 				SystemMetadata.getInstance().getRuntimeTypeMap(),
 				new Properties(), null);
 
 		InfinispanConnection conn = PersonCacheSource.createConnection();
 
 		TRANSLATOR.getMetadataProcessor().process(mf, conn);
 
@@ -57,14 +51,14 @@ public void testPersonMetadata() throws Exception {
 				+ ""\tname string OPTIONS (SEARCHABLE 'Searchable', NATIVE_TYPE 'java.lang.String'),\n""
 				+ ""\temail string OPTIONS (SEARCHABLE 'Unsearchable', NATIVE_TYPE 'java.lang.String'),\n""
 				+ ""\tCONSTRAINT PK_ID PRIMARY KEY(id)\n""
 				+ "") OPTIONS (NAMEINSOURCE 'PersonsCache', UPDATABLE TRUE);\n""
 				+ ""\n""
 				+ ""CREATE FOREIGN TABLE PhoneNumber (\n""
 				+ ""\tnumber string OPTIONS (NAMEINSOURCE 'phone.number', SEARCHABLE 'Searchable', NATIVE_TYPE 'java.lang.String'),\n""
 				+ ""\ttype object OPTIONS (NAMEINSOURCE 'phone.type', SEARCHABLE 'Unsearchable', NATIVE_TYPE 'org.jboss.as.quickstarts.datagrid.hotrod.query.domain.PhoneType'),\n""
 				+ ""\tid integer NOT NULL OPTIONS (SELECTABLE FALSE, UPDATABLE FALSE, SEARCHABLE 'Searchable', NATIVE_TYPE 'int'),\n""
 				+ ""\tCONSTRAINT FK_PERSON FOREIGN KEY(id) REFERENCES Person (id) OPTIONS (NAMEINSOURCE 'phones')\n""
 				+ "") OPTIONS (NAMEINSOURCE 'PersonsCache', UPDATABLE TRUE);""
 				;
 		assertEquals(expected, metadataDDL);	
 
@@ -104,9 +98,8 @@ public void testAllTypesMetadata() throws Exception {
 				+ ""\ttimeValue time OPTIONS (SEARCHABLE 'Unsearchable', NATIVE_TYPE 'java.sql.Time'),\n""
 				+ ""\tdateValue date OPTIONS (SEARCHABLE 'Unsearchable', NATIVE_TYPE 'java.sql.Date'),\n""
 				+ ""\tcharValue char OPTIONS (SEARCHABLE 'Unsearchable', NATIVE_TYPE 'java.lang.Character'),\n""
 				+ ""\tbyteArrayValue varbinary OPTIONS (SEARCHABLE 'Unsearchable', NATIVE_TYPE 'byte[]'),\n""
 				+ ""\tCONSTRAINT PK_INTKEY PRIMARY KEY(intKey)\n""
 				+ "") OPTIONS (NAMEINSOURCE 'AllTypesCache', UPDATABLE TRUE);""
 				;
 
 		
",59,,,
629,"@@ -69,7 +69,7 @@ private static MetadataFactory createSchema() {
 					SystemMetadata.getInstance().getRuntimeTypeMap(),
 					new Properties(), null);
 	
 			InfinispanConnection conn = PersonCacheSource.createConnection();
 	
 			translator.getMetadataProcessor().process(mf, conn);
 		
",15,,,
630,"@@ -1,23 +1,22 @@
 package org.jboss.teiid.jdg_remote.protobuf;
 
 message AllTypes {
 
    required int32 intKey = 1;
    optional string stringNum = 2;
    required string stringKey = 3;
    optional float floatNum = 4;
    optional int64 bigIntegerValue = 5;
    optional int32 shortValue = 6;      
    optional double doubleNum = 7;
    optional bytes objectValue = 8;
    optional int32 intNum = 9;   
    optional double bigDecimalValue = 10;   
    optional int64 longNum = 11;   
    optional bool booleanValue = 12;   
    optional int64 timeStampValue = 13;    
    optional int64 timeValue = 14;
    optional int64 dateValue = 15; 
    optional int32 charValue = 16;
    optional bytes byteArrayValue = 17;
 
 }
\ No newline at end of file
",437,,,
631,"@@ -762,20 +762,20 @@ public void visit(DerivedColumn obj) {
     	};
     }
     
 	@TranslatorProperty(display=""PostGIS Version"", description=""The version of the PostGIS extension."",advanced=true)
     public void setPostGisVersion(String postGisVersion) {
 		this.postGisVersion = Version.getVersion(postGisVersion);
 	}
     
     public String getPostGisVersion() {
 		return postGisVersion.toString();
 	}
     
     public boolean isProjSupported() {
 		return projSupported;
 	}
     
     @TranslatorProperty(display=""Proj support enabled"", description=""If PostGIS Proj support is enabled for ST_TRANSFORM"",advanced=true)
     public void setProjSupported(boolean projSupported) {
 		this.projSupported = projSupported;
 	}
",443,,,
632,"@@ -70,13 +70,13 @@
                <description>{$display:""Cache JndiName"",$description:""JNDI Name to find CacheContainer""}</description>
                <config-property-name>CacheJndiName</config-property-name>
                <config-property-type>java.lang.String</config-property-type>
             </config-property>           
  
              <config-property>
                <description>{$display:""Support Lucene Searching"",$description:""Support Lucene Searching""}</description>
                <config-property-name>SupportLuceneSearching</config-property-name>
                <config-property-type>java.lang.Boolean</config-property-type>
             </config-property>                                 
             
             <connectionfactory-interface>javax.resource.cci.ConnectionFactory</connectionfactory-interface>
             <connectionfactory-impl-class>org.teiid.resource.spi.WrappedConnectionFactory</connectionfactory-impl-class>
",444,,,
633,"@@ -90,6 +90,7 @@ private enum CACHE_TYPE {
 	private Map<String, String> pkMap; // cacheName ==> pkey name
 	private String module;
 	private CACHE_TYPE cacheType;
 
 	@Override
 	public BasicConnectionFactory<InfinispanConnectionImpl> createConnectionFactory()
@@ -179,7 +180,7 @@ public void setModule(String module) {
 	 * Called to get the module(s) that are to be loaded
 	 * 
 	 * @see #setModule
 	 * @return
 	 */
 	public String getModule() {
 		return module;
@@ -219,7 +220,7 @@ public String getRemoteServerList() {
 	 * Set the list of remote servers that make up the Infinispan cluster. The
 	 * servers must be Infinispan HotRod servers. The list must be in the
 	 * appropriate format of <code>host:port[;host:port...]</code> that would be
 	 * used when defining an Infinispan {@link RemoteCacheManager} instance. If
 	 * the value is missing, <code>localhost:11311</code> is assumed.
 	 * 
 	 * @param remoteServerList
@@ -262,7 +263,7 @@ public void setConfigurationFileNameForLocalCache(
 	 * configure a RemoteCacheManager remoteCacheManager.
 	 * 
 	 * @return the name of the HotRod client properties file to be used to
 	 *         configure {@link RemoteCacheContainer}
 	 * @see #setHotRodClientPropertiesFile(String)
 	 */
 	public String getHotRodClientPropertiesFile() {
@@ -271,11 +272,11 @@ public String getHotRodClientPropertiesFile() {
 
 	/**
 	 * Set the name of the HotRod client properties file that should be used to
 	 * configure a {@link RemoteCacheManager remoteCacheManager}.
 	 * 
 	 * @param propertieFileName
 	 *            the name of the HotRod client properties file that should be
 	 *            used to configure the {@link RemoteCacheContainer remote}
 	 *            container.
 	 * @see #getHotRodClientPropertiesFile()
 	 */
@@ -291,6 +292,30 @@ public void setHotRodClientPropertiesFile(String propertieFileName) {
 	public String getCacheJndiName() {
 		return cacheJndiName;
 	}
 
 	/**
 	 * Set the JNDI name to a {@link Map cache} instance that should be used as
@@ -401,6 +426,7 @@ protected synchronized void createCacheContainer() throws ResourceException {
 				break;
 	
 			}
 		} finally {
 			Thread.currentThread().setContextClassLoader(cl);
 		}
",445,,,
634,"@@ -22,8 +22,10 @@
 
 package org.teiid.resource.adapter.infinispan.base;
 
 import java.util.Map;
 
 import org.teiid.logging.LogConstants;
 import org.teiid.logging.LogManager;
 import org.teiid.resource.spi.BasicConnection;
",57,,,
635,"@@ -1,8 +1,12 @@
 package org.teiid.translator.object;
 
 import java.util.Collection;
 import java.util.Map;
 
 /**
  * The CacheContainerWrapper serves to hide the implementation details of the actual cache, because not all caches extend a common interface (i.e, Map).  An implementation
  * will map the required behavior to that being defined by the abstract methods.
@@ -12,10 +16,19 @@
  */
 public abstract class CacheContainerWrapper
 {
 	
 	public CacheContainerWrapper() {
 	}
 	
 	/**
 	 * Call to obtain an object from the cache based on the specified key
 	 * @param cacheName
@@ -43,4 +56,5 @@ public Collection<Object> getAll(String cacheName) {
 	 */
 	public abstract <T extends Map> T getCache(String cacheName);  
 
 }
\ No newline at end of file
",446,,,
636,"@@ -37,6 +37,8 @@ public interface ObjectConnection  {
 		
 	/**
 	 * Return the root class type stored in the specified cache
 	 * @throws TranslatorException
 	 */
 	Class<?> getType(String cacheName) throws TranslatorException;
",329,,,
637,"@@ -27,59 +27,24 @@
 import org.teiid.translator.ExecutionContext;
 import org.teiid.translator.Translator;
 import org.teiid.translator.TranslatorException;
 import org.teiid.translator.TranslatorProperty;
 import org.teiid.translator.object.ObjectConnection;
 import org.teiid.translator.object.ObjectExecutionFactory;
 
 /**
  * InfinispanExecutionFactory is the translator that will access an Infinispan local cache.
  * <p>
  * The optional setting is:
  * <li>{@link #supportsLuceneSearching dynamic Searching} - will default to <code>false</code>, supporting only Key searching.
  * Set to <code>true</code> will use the Hibernate/Lucene searching to locate objects in the cache</li> This is because you must 
  * have your objects in your cache annotated before Hibernate/Lucene searching will work.
  * </li>
  * 
  * @author vhalbert
  *
  */
 @Translator(name = ""infinispan-cache"", description = ""The Infinispan Cache Translator"")
 public class InfinispanExecutionFactory extends ObjectExecutionFactory {
 	private boolean supportsLuceneSearching = false;
 
 	public InfinispanExecutionFactory() {
 		super();
 	}
 	
 	public boolean isFullTextSearchingSupported() {
 		return this.supportsLuceneSearching;
 	}
 
 	/**
 	 * Indicates if Hibernate Search and Apache Lucene are used to index and
 	 * search objects
 	 * 
 	 * @since 6.1.0
 	 */
 	@TranslatorProperty(display = ""Support Using Lucene Searching"", description = ""True, assumes objects have Hibernate Search annotations"", advanced = true)
 	public boolean supportsLuceneSearching() {
 		return this.supportsLuceneSearching;
 	}
 
 	public void setSupportsLuceneSearching(boolean supportsLuceneSearching) {
 		this.supportsLuceneSearching = supportsLuceneSearching;
 	}
 
 	@Override
 	public boolean supportsOrCriteria() {
 		return isFullTextSearchingSupported();
 	}
 	
 	@Override
 	public boolean supportsCompareCriteriaOrdered() {
 		return isFullTextSearchingSupported();
 	}
 	
 	@Override
 	public boolean supportsLikeCriteria() {
 		// at this point, i've been unable to get the Like to work.
@@ -91,7 +56,7 @@ public List<Object> search(Select command, String cacheName,
 			ObjectConnection connection, ExecutionContext executionContext)
 			throws TranslatorException {
 
 			if (supportsLuceneSearching()) {
 				Class<?> type = connection.getType(cacheName);
 				return LuceneSearch.performSearch(command, type, cacheName,
 						connection.getCacheContainer());
",447,,,
638,"@@ -21,15 +21,14 @@
  */
 package org.teiid.translator.object;
 
 import static org.junit.Assert.*;
 
 import java.util.ArrayList;
 import java.util.List;
 
 import org.junit.Test;
 import org.teiid.language.Select;
 import org.teiid.translator.TranslatorException;
 import org.teiid.translator.object.util.TradesCacheSource;
 import org.teiid.translator.object.util.VDBUtility;
 
 /**
",448,,,
639,"@@ -49,7 +49,7 @@ public static void beforeEachClass() throws Exception {
         // Set up the mock JNDI ...
    		context = mock(ExecutionContext.class);
 		
 		conn = TestInfinispanConnection.createConnection(""./src/test/resources/infinispan_persistent_config.xml"");
 
 	}
 	
",77,,,
640,"@@ -45,13 +45,15 @@ public void cleanUp(){
 			  this.container.stop();
 		  }
 		  
 		public static ObjectConnection createConnection(String configFile) throws Exception {
 				
 				DefaultCacheManager container = new DefaultCacheManager(configFile);
 				
 				TradesCacheSource.loadCache(container.getCache(TradesCacheSource.TRADES_CACHE_NAME));
 
 				CacheContainerWrapper  wrapper = new TestInfinispanCacheWrapper(container);
 
 				return  new TestInfinispanConnection(wrapper, container);
 			}	
",74,,,
641,"@@ -45,14 +45,13 @@ public class TestInfinispanJndiILuceneSearch extends BasicSearchTest {
 	@BeforeClass
     public static void beforeEachClass() throws Exception {  
 		
 		conn = TestInfinispanConnection.createConnection(""./src/test/resources/infinispan_persistent_indexing_config.xml"");
 		
 		context = mock(ExecutionContext.class);
 	}
 
 	@Before public void beforeEachTest() throws Exception{	
 		factory = new InfinispanExecutionFactory();
 		factory.setSupportsLuceneSearching(true);
 		factory.start();
     }
 	
",449,,,
642,"@@ -2,10 +2,15 @@
 ## Usage: ./install.sh
 ## Description: Build Teiid and run install steps to produce standalone server.
 
 set -e
 
 ## Parse Teiid version out of POM.
 TEIID_VERSION=$(xmllint --xpath '/*/*[local-name()=""version""]/text()' pom.xml)
 TEIID_DIST=teiid-${TEIID_VERSION}-jboss-dist.zip
 
 SOURCES=(
@@ -61,7 +66,7 @@ do
     SHA1=""${SOURCE_SHA1[$NAME]}""
     
     ## Verify checksum.
     echo ""$SHA1 $NAME"" | sha1sum -c -
     echo
 done
 
",450,,,
643,"@@ -81,14 +81,14 @@ public void processMetadata() {
 						previousRow = row;
 						if (mf.getSchema().getTable(tableName) == null) {
 							table = mf.addTable(tableName);
 							Column column = mf.addColumn(AccumuloMetadataProcessor.ROWID, TypeFacility.RUNTIME_NAMES.VARBINARY, table);
 							column.setSearchType(SearchType.All_Except_Like);
 							mf.addPrimaryKey(""PK0"", Arrays.asList(AccumuloMetadataProcessor.ROWID), table); //$NON-NLS-1$
 						}
 						else {
 							table = mf.getSchema().getTable(tableName);
 						}
 						Column column = mf.addColumn(buildColumnName(cf, cq, row), TypeFacility.RUNTIME_NAMES.VARBINARY, table); 
 						column.setSearchType(SearchType.All_Except_Like);
 						column.setProperty(CF, cf.toString());
 						column.setProperty(CQ, cq.toString());
",451,,,
644,"@@ -82,14 +82,20 @@ public boolean supportsCompareCriteriaOrdered() {
 	
 	@Override
 	public boolean supportsNotCriteria() {
 		return isFullTextSearchingSupported();	}
 
 	@Override
 	public boolean supportsLikeCriteria() {
 		// at this point, i've been unable to get the Like to work.
 		return false;
 	}
 	
 	@Override
 	public List<Object> search(Select command, String cacheName,
 			ObjectConnection connection, ExecutionContext executionContext)
",447,,,
645,"@@ -56,8 +56,9 @@ public final class LuceneSearch   {
 
 	public static List<Object> performSearch(Select command, Class<?> type, String cacheName, CacheContainerWrapper cache)
 			throws TranslatorException {
 		LogManager.logTrace(LogConstants.CTX_CONNECTOR,
 				""Perform lucene search.""); //$NON-NLS-1$
 		
 		//Map<?, ?> cache, 
 		SearchManager searchManager = Search
@@ -333,8 +334,7 @@ private static Query createEqualsQuery(Column column, Object value, boolean and,
 			boolean not, BooleanJunction<BooleanJunction> junction, QueryBuilder queryBuilder) {
 		Query queryKey = queryBuilder.keyword()
 				.onField(ObjectExecution.getNameInSource(column))
 				// .matching(value.toString() + ""*"")
 				.matching(value.toString()).createQuery();
 
 		if (not) {
 			junction.must(queryKey).not();
@@ -351,7 +351,7 @@ private static Query createRangeAboveQuery(Column column, Object value,
 
 		Query queryKey = queryBuilder.range()
 				.onField(ObjectExecution.getNameInSource(column))
 				.above(value.toString()).excludeLimit().createQuery();
 		junction.must(queryKey);
 		return queryKey;
 	}
@@ -361,7 +361,7 @@ private static Query createRangeBelowQuery(Column column, Object value,
 
 		Query queryKey = queryBuilder.range()
 				.onField(ObjectExecution.getNameInSource(column))
 				.below(value.toString()).excludeLimit().createQuery();
 		junction.must(queryKey);
 		return queryKey;
 	}
",64,,,
646,"@@ -102,6 +102,18 @@ protected ObjectExecution createExecution(Select command) throws TranslatorExcep
 		performTest(command, 2, 1);
 	}
 	
 	@Test public void testQueryAnd() throws Exception {	
 		Select command = (Select)VDBUtility.TRANSLATION_UTILITY.parseCommand(""select * From Trade_Object.Trades_Cache  where  TradeId > '1' and Settled = 'false'""); //$NON-NLS-1$
 					
",449,,,
647,"@@ -91,11 +91,6 @@ public boolean supportsLikeCriteria() {
 		return false;
 	}
 	
 	@Override
 	public boolean supportsOnlyLiteralComparison() {
 	    return false;
 	}
 	
 	@Override
 	public List<Object> search(Select command, String cacheName,
 			ObjectConnection connection, ExecutionContext executionContext)
",447,,,
648,"@@ -65,21 +65,6 @@ public ResultSetExecution createResultSetExecution(QueryExpression command,
 		return new ObjectExecution((Select) command, metadata, this, connection, executionContext);
 	}
 
 	@Override
 	public boolean supportsInnerJoins() {
 		return false;
 	}
 
 	@Override
 	public boolean supportsOuterJoins() {
 		return false;
 	}
 
 	@Override
 	public boolean supportsFullOuterJoins() {
 		return false;
 	}
 
 	@Override
     public boolean supportsCompareCriteriaEquals() {
 		return true;
@@ -94,6 +79,7 @@ public boolean supportsInCriteria() {
 	public boolean supportsOnlyLiteralComparison() {
 		return true;
 	}
 	public  List<Object> search(Select command, String cacheName, ObjectConnection connection,ExecutionContext executionContext) throws TranslatorException {
 		  SearchByKey sbk = new SearchByKey();
 		  Class<?> type = connection.getType(cacheName);
",331,,,
649,"@@ -45,6 +45,9 @@ public  class SearchByKey  {
 
 	public  List<Object> search(Select command, Class<?> rootClass, String cacheName, CacheContainerWrapper cache)
 			throws TranslatorException {
 		Condition criterion = command.getWhere();
 		List<Object> results = new ArrayList<Object>();
 
",31,,,
650,"@@ -80,6 +80,10 @@ public boolean supportsCompareCriteriaOrdered() {
 		return isFullTextSearchingSupported();
 	}
 	
 	@Override
 	public boolean supportsLikeCriteria() {
 		// at this point, i've been unable to get the Like to work.
",447,,,
651,"@@ -56,6 +56,9 @@ public final class LuceneSearch   {
 
 	public static List<Object> performSearch(Select command, Class<?> type, String cacheName, CacheContainerWrapper cache)
 			throws TranslatorException {
 		//Map<?, ?> cache, 
 		SearchManager searchManager = Search
 				.getSearchManager((Cache<?, ?>) cache.getCache(cacheName) );
",64,,,
652,"@@ -494,6 +494,7 @@ private void buildColumnOptions(Column column,
 	
 	private void appendOptions(AbstractMetadataRecord record) {
 		StringBuilder options = new StringBuilder();
 		buildOptions(record, options);
 		if (options.length() != 0) {
 			append(SPACE).append(OPTIONS).append(SPACE).append(LPAREN).append(options).append(RPAREN);
",452,,,
653,"@@ -164,6 +164,25 @@ public void testOptionalFK() throws Exception {
 				"");"";
 		helpTest(ddl, expected);
 	}	
 	
 	@Test
 	public void testMultipleCommands() throws Exception {
",453,,,
654,"@@ -256,5 +256,16 @@ protected JDBCMetdataProcessor createMetadataProcessor() {
     @Override
     public MetadataProcessor<Connection> getMetadataProcessor() {
         return new ModeShapeJDBCMetdataProcessor();
     }	   
 }
",369,,,
655,"@@ -0,0 +1,37 @@
",454,,,
656,"@@ -70,6 +70,18 @@ public static TransformationMetadata getMetadata() {
 		cols.get(0).setNameInSource(""\""jcr:path\"""");
 		cols.get(1).setNameInSource(""\""mode:properties\"""");
 		cols.get(2).setNameInSource(""\""jcr:primaryType\"""");
     	return RealMetadataFactory.createTransformationMetadata(store, ""modeshape"");
     }
 
@@ -114,7 +126,20 @@ public void testUsingLike() throws Exception {
 		String output = ""SELECT g_0.\""jcr:primaryType\"" FROM \""nt:base\"" AS g_0 WHERE g_0.\""jcr:primaryType\"" LIKE '%relational%'""; //$NON-NLS-1$
 
 		helpTestVisitor(input, output);
 
 	}
 	
 }
",455,,,
657,"@@ -34,7 +34,7 @@ TEIID30403=Pad string for lpad/rpad must have length greater than 0.
 TEIID30404=Source and destination character lists must be the same length.
 TEIID30405=Error converting [{0}] of type {1} to type {2}
 TEIID30406=The context function may only be used in XML queries.
 TEIID30411=Illegal argument for formating: {0}
 TEIID30412=Could not parse number using format: {0} {1}
 ERR.015.001.0044=Function metadata source is of invalid type: {0}
 TEIID30011=The function ""{0}"" will not be added because a function with the same name and signature already exists.
@@ -792,7 +792,7 @@ SystemSource.st_simplify_param1=Geometry
 SystemSource.st_simplify_param2=tolerance
 SystemSource.st_simplify_result=Geometry value simplified according to the Douglas Peucker algorithm
 
 SystemSource.st_force_2d_description=Force the geometry to a 2d representation only having X and Y corrodinates 
 SystemSource.st_force_2d_param1=Geometry
 SystemSource.st_force_2d_result=2d Geometry value
 
@@ -841,7 +841,7 @@ SystemSource.st_transform_param1=Geometry
 SystemSource.st_transform_param2=SRID
 SystemSource.st_transform_result=Geometry
 
 SystemSource.st_equals_description=Test if two geometries are topologically equvialent.  
 SystemSource.st_equals_param1=Geometry 1
 SystemSource.st_equals_param2=Geometry 2
 SystemSource.st_equals_result=True if the geometries are equal.
@@ -853,7 +853,7 @@ SystemSource.st_setsrid_result=Geometry with the specified srid
 
 SystemSource.st_srid_description=Get the srid.  
 SystemSource.st_srid_param1=Geometry
 SystemSource.st_srid_result=The srid for the geomety.
     
 TEIID30350=Element ''{0}'' not found.
 TEIID30351=Group ''{0}'' not found.
@@ -995,7 +995,7 @@ TEIID30295=Cannot create a query for MappingClass with user criteria {0}
 TEIID30296=Conjunct ""{0}"" has no relationship with target context {1}.
 TEIID30297=Conjunct ""{0}"" has a non-simple relationship to its parent through context {1}.
 
 TEIID30308=Staging table criteria cannot contian context functions
 TEIID30307=Staging table criteria {0} was not specified against a single staging table
 TEIID30302=Element {0} is not in the scope of the context {1}
 TEIID30301=Element {0} is not a valid data node
@@ -1254,7 +1254,7 @@ SQLParser.proc_type_conflict=Result type {1} conflicts with return type {2} for
 SQLParser.param_out=Procedure {0} RESULT param {1} must be of type OUT.
 udt_format_wrong=UDT option mentioned on column ""{0}"" is wrong. It must be in the form UDT=name(length,precision,scale). Otherwise UDT data type specified is not a known data type to Teiid.
 TEIID31125=Return statement with expression used, but no return value is expected: {0}
 TEIID31126=The use of the KEEP ALIASES option has introduced a duplicate alias into the source query {0}.  A NO_UNNEST hint may be needed to preserve a view or the KEEP ALIASES option should not be used and the generated aliases should be optained from the query plan.
 TEIID31127=The KEEP ALIASES option cannot be used since a user alias {0} may conflict with generated aliases.  Consider using the generated aliases found in the query plan instead.
 
 TEIID31128=In multisource mode, a column/parameter matching the multisource name {0} on {1} must have type STRING.
@@ -1341,4 +1341,4 @@ TEIID31178=Could not obtain connection for schema {0}, but one is required for m
 TEIID31179=Duplicate variable {1} specified for insert/merge against table {0}.
 
 TEIID31190={0} is not a valid version string.
 TEIID31191={0} is not a valid vdb name as it appears to end with a version string.
\ No newline at end of file
",220,,,
658,"@@ -1,7 +1,19 @@
 Dynamicvdb-datafederation is the 'Hello World' example for Teiid.  
 
 
 This will demonstrate the following:
 -  how to federate data from a relational data source, a text file-based data source and an EXCEL File
 -  how to define a translator override to support native queries
 -  how to define a view using DDL
@@ -13,9 +25,6 @@ but the creation SQL can be adapted to another database if you choose.
 
 Note:  this example provides the base setup for which other quick starts depend upon.
 
 ### Steps to setup and run the quickstart ###
 These can be done either manually (see Setup manually) or using maven (see Setup using the JBoss AS Maven plugin) 
 
 System requirements
 -------------------
 
@@ -34,10 +43,17 @@ Setup can be done either manually (see Manual Setup) or using maven (see Setup u
 
 1)  Start the server
 
 	Open a command line and navigate to the ""bin"" directory under the root directory of the JBoss server
 
 	For Linux:   ./standalone.sh -c standalone-teiid.xml	
 	for Windows: standalone.bat -c standalone-teiid.xml
 
 2)  Copy teiid support files
 	
",456,,,
659,"@@ -1,3 +1,15 @@
 Dynamicvdb-dataroles demonstrates how to use data roles to control access to data.  This
 includes read-only and read-write access as well as the use of row-based filters and column masking.
 
@@ -46,14 +58,36 @@ Setup can be done either manually (see Manual Setup) or using maven (see Setup u
 
 3) Security setup
 
     Copy the files in the src/security directory to ""<jboss.home>/standalone/configuration"" directory
 	
 4)  Start the server
 
 	Open a command line and navigate to the ""bin"" directory under the root directory of the JBoss server
 
 	For Linux:   ./standalone.sh -c standalone-teiid.xml	
 	for Windows: standalone.bat -c standalone-teiid.xml
 
 5) VDB Deployment:
 
",457,,,
660,"@@ -1,5 +0,0 @@
 # A roles.properties file for use with the UsersRolesLoginModule
 # username=role1,role2
 portfolio=superuser
 user=user,prices
 
",458,,,
661,"@@ -1,4 +0,0 @@
 # A users.properties file for use with the UsersRolesLoginModule
 # username=password
 user=user
 portfolio=portfolio
\ No newline at end of file
",459,,,
662,"@@ -1,3 +1,15 @@
 Hibernate-on-top-of-teiid demonstrates how a hibernate4 application can take advantage of multiple data sources through
 a single Java Object by using the data federation capabilities of Teiid.  This example will extend the Portfolio VDB, which
 is deployed by the dynamicvdb-datafederation quickstart, and create a view that will be mapped to a single 
@@ -42,10 +54,16 @@ Please note this example does not support working with Hibernate 3.
 
 2) Make sure to start the server, if not already
 
 	Open a command line and navigate to the ""bin"" directory under the root directory of the JBoss server
 
 	For Linux:   ./standalone.sh -c standalone-teiid.xml	
 	for Windows: standalone.bat -c standalone-teiid.xml
 
 	
 3) VDB Deployment:
",460,,,
663,"@@ -97,12 +97,17 @@ the pojo dependency added:
 
 6) Start the server
 
 -  if Teiid configuration is installed into default configuration:
 	*  run:  ./standalone.sh
 
 -  if you want to start the server using the teiid configuration file:
 	*  run:  ./standalone.sh -c standalone-teiid.xml
 
 7) Install the infinispan-cache translator
 
 	-	cd to the ${JBOSS_HOME}/bin directory
",461,,,
664,"@@ -112,10 +112,16 @@ the cache you will get a marshalling exception for a cached object that has a Me
 
 5) Start the server
 
 	*  run:  ./standalone.sh 
 
 		or run the following if Teiid isn't configured in the default configuration
 	*  ./standalone.sh -c standalone-teiid.xml 
 
 6) Install the infinispan-cache-dsl translator
 
",462,,,
665,"@@ -1,3 +1,15 @@
 Simpleclient quickstart demonstrates how to make a connection to Teiid using both a Driver
 and a DataSource.
 
",463,,,
666,"@@ -1,3 +1,15 @@
 webservices-as-a-datasource demonstrates using the WS Translator to call a web services and
 transform the web service results into relational results.
 
@@ -27,14 +39,21 @@ Run the maven build to compile and create the web service war.
 
 1)  Start the server (if not already started)
 
 	Open a command line and navigate to the ""bin"" directory under the root directory of the JBoss server
 
 	For Linux:   ./standalone.sh -c standalone-teiid.xml	
 	for Windows: standalone.bat -c standalone-teiid.xml
 
 2)  Deploy the war file that will be used as the web service resource to be accessed as a data source by Teiid
 
         -  copy the target/CustomerRestWebSvc.war to the <jboss.home>/standalone/deployments directory
 
 	-  Test the war by opening a browser at the following URL:
 
",464,,,
667,"@@ -38,6 +38,7 @@ public class ObjectPlugin {
      */
     public static final BundleUtil Util = new BundleUtil(PLUGIN_ID, PLUGIN_ID + "".i18n"", ResourceBundle.getBundle(PLUGIN_ID + "".i18n"")); //$NON-NLS-1$ //$NON-NLS-2$
 
     public static enum Event implements BundleUtil.Event {
     }
 }
",344,,,
668,"@@ -91,23 +91,13 @@ public List<Object> search(Select command, String cacheName,
 			ObjectConnection connection, ExecutionContext executionContext)
 			throws TranslatorException {
 
 //		ClassLoader cl = Thread.currentThread().getContextClassLoader();
 //		try {
 //			Thread.currentThread().setContextClassLoader(
 //					
 //					(executionContext.getCommandContext() != null ? executionContext.getCommandContext().getVDBClassLoader() : this.getClass().getClassLoader() ) );
 
 			if (supportsLuceneSearching()) {
 				Class<?> type = connection.getType(cacheName);
 				return LuceneSearch.performSearch(command, type, cacheName,
 						connection.getCacheContainer());
 			}
 
 			return super.search(command, cacheName, connection, executionContext);
 
 //		} finally {
 //			Thread.currentThread().setContextClassLoader(cl);
 //		}
 	}
 	
 }
",447,,,
669,"@@ -25,9 +25,12 @@
 import java.lang.reflect.Method;
 import java.util.LinkedHashMap;
 import java.util.Map;
 
 import javax.script.ScriptException;
 
 import org.teiid.metadata.BaseColumn.NullType;
 import org.teiid.metadata.Column;
 import org.teiid.metadata.Column.SearchType;
@@ -38,6 +41,7 @@
 import org.teiid.translator.TypeFacility;
 import org.teiid.translator.object.ObjectConnection;
 import org.teiid.translator.object.ObjectExecutionFactory;
 
 
 /**
@@ -81,29 +85,41 @@ private Table createSourceTable(MetadataFactory mf, Class<?> entity, String cach
 		table.setProperty(ENTITYCLASS, entity.getName());
 		
 		String columnName = tableName + OBJECT_COL_SUFFIX;
 		addColumn(mf, entity, entity, columnName, ""this"", SearchType.Unsearchable, table); //$NON-NLS-1$
 		Map<String, Method> methods;
 		try {
 			methods = engine.getMethodMap(entity);
 		} catch (ScriptException e) {
 			throw new MetadataException(e);
 		}
 		
 		Method pkMethod = null;
 		if (pkField != null) {
 			pkMethod = methods.get(pkField);
 			if (pkMethod != null) {
 				addColumn(mf, entity, pkMethod.getReturnType(), pkField, pkField, SearchType.Searchable, table);
 			} else {
 				//TODO: warning/error?
 			}
 		}
 		
 		//we have to filter the duplicate names, isFoo vs. foo
 		Map<Method, String> methodsToAdd = new LinkedHashMap<Method, String>();
 		for (Map.Entry<String, Method> entry : methods.entrySet()) {
 			String name = methodsToAdd.get(entry.getValue());
 			if (name == null || name.length() > entry.getKey().length()) {
 				if (entry.getValue() == pkMethod 
 						|| entry.getValue().getDeclaringClass() == Object.class
 						|| entry.getValue().getName().equals(""toString"") //$NON-NLS-1$
@@ -116,8 +132,9 @@ private Table createSourceTable(MetadataFactory mf, Class<?> entity, String cach
 		}
 		
 		for (Map.Entry<Method, String> entry : methodsToAdd.entrySet()) {
 			addColumn(mf, entity, entry.getKey().getReturnType(), entry.getValue(), entry.getValue(), SearchType.Unsearchable, table);
 		}
 		return table;
 	}
 	
@@ -145,7 +162,7 @@ protected boolean isUpdateable(Class<?> entity, String columnName) {
 		return this.isUpdatable;
 	}
 
 	protected Column addColumn(MetadataFactory mf, Class<?> entity, Class<?> type, String attributeName, String nis, SearchType searchType, Table entityTable) {
 		Column c = entityTable.getColumnByName(attributeName);
 		if (c != null) {
 			//TODO: there should be a log here
@@ -158,6 +175,7 @@ protected Column addColumn(MetadataFactory mf, Class<?> entity, Class<?> type, S
 		c.setUpdatable(isUpdateable(entity, attributeName));
 		c.setSearchType(searchType);
 		c.setNativeType(type.getName());
 		if (type.isPrimitive()) {
 			c.setNullType(NullType.No_Nulls);
 		}
",334,,,
670,"@@ -24,3 +24,5 @@ LuceneSearch.unsupportedComparingByNull=Comparing using a NULL is not currently
 LuceneSearch.Unsupported_expression=Unsupported expression of {0} when performing {1}
 
 MapCacheConnection.unexpectedObjectTypeInCache=Unexpected root object type in the cache is {0}, expected {1}
\ No newline at end of file
",345,,,
671,"@@ -102,6 +102,8 @@ public TestFactory() {
 		assertEquals(NullType.No_Nulls, physicalTable.getColumns().get(1).getNullType());
 		//name
 		assertEquals(""string"", physicalTable.getColumns().get(2).getRuntimeType());
 	}	
 
 }
",418,,,
672,"@@ -22,8 +22,8 @@ connect
 /subsystem=infinispan/cache-container=teiid-cache/local-cache=preparedplan/eviction=EVICTION:add(max-entries=512, strategy=LIRS)
 
 /subsystem=security/security-domain=teiid-security:add(cache-type=default)
 /subsystem=security/security-domain=teiid-security/authentication=classic:add(login-modules=[{""code""=>""org.jboss.security.auth.spi.UsersRolesLoginModule"", ""flag""=>""required"", ""module-options""=>[(""usersProperties""=>""${jboss.domain.config.dir}/teiid-security-users.properties""), (""rolesProperties""=>""${jboss.domain.config.dir}/teiid-security-roles.properties"")]}]) 
 /subsystem=threads/bounded-queue-thread-pool=teiid-async:add(name=teiid-async, max-threads=4, queue-length=100)
 
 /subsystem=teiid:add(async-thread-pool=teiid-async, resultset-cache-infinispan-container=teiid-cache, preparedplan-cache-infinispan-container=teiid-cache, policy-decider-module=org.jboss.teiid)
 /subsystem=teiid/transport=embedded:add()
",465,,,
673,"@@ -1435,4 +1435,12 @@ public boolean useUnicodePrefix() {
 		return false;
 	}
 	
 }
",3,,,
674,"@@ -26,6 +26,7 @@
 
 import java.util.List;
 
 import org.junit.BeforeClass;
 import org.junit.Test;
 import org.teiid.cdk.CommandBuilder;
@@ -54,6 +55,7 @@ public static void oneTimeSetup() throws TranslatorException {
         trans.start();
     }
     
     public void setUp() throws Exception {
     	trans.setDatabaseVersion(SQLServerExecutionFactory.V_2005);
     }
@@ -257,6 +259,7 @@ public void testDateFunctions() throws Exception {
     	assertTrue(trans.supportsConvert(TypeFacility.RUNTIME_CODES.OBJECT, TypeFacility.RUNTIME_CODES.TIME));
     	assertTrue(trans.supportsConvert(TypeFacility.RUNTIME_CODES.OBJECT, TypeFacility.RUNTIME_CODES.INTEGER));
     	assertFalse(trans.supportsConvert(TypeFacility.RUNTIME_CODES.OBJECT, TypeFacility.RUNTIME_CODES.CLOB));
     }
        
 }
",32,,,
675,"@@ -87,6 +87,10 @@ public void setSearchType(SearchType type) {
 		this.searchType = type;
 	}
 	
 	@Override
     public MetadataProcessor<ObjectConnection> getMetadataProcessor(){
 	    return new JavaBeanMetadataProcessor();
",331,,,
676,"@@ -71,7 +71,9 @@ public boolean supportsLuceneSearching() {
 
 	public void setSupportsLuceneSearching(boolean supportsLuceneSearching) {
 		this.supportsLuceneSearching = supportsLuceneSearching;
 		setSearchType(new LuceneSearch());
 	}
 	
 	/**
@@ -87,7 +89,9 @@ public boolean supportsDSLSearching() {
 
 	public void setSupportsDSLSearching(boolean supportsDSLSearching) {
 		this.supportsDSLSearching = supportsDSLSearching;
 		setSearchType(new DSLSearch());
 	}	
 
 	@Override
",447,,,
677,"@@ -44,7 +44,7 @@
 @SuppressWarnings(""nls"")
 public class TestObjectExecutionFactory {
 	
 	private static ObjectConnection conn = TradesCacheSource.createConnection();
 	
 	public class TestFactory extends ObjectExecutionFactory {
 		public TestFactory() {
@@ -54,19 +54,23 @@ public TestFactory() {
 	}
 	
 	@Mock
 	private ExecutionContext context;
 	
 	@Mock
 	private Select command;
 	
 	private ObjectExecutionFactory factory;
 
 	@Before public void beforeEach() throws Exception{	
  
 		MockitoAnnotations.initMocks(this);
 		
 		factory = new TestFactory();
     }
 
 	@Test public void testFactory() throws Exception {
 		factory.start();
@@ -78,6 +82,7 @@ public TestFactory() {
 	
 	
 	@Test public void testGetMetadata() throws Exception {
 		
 		Map<String, Datatype> dts = SystemMetadata.getInstance().getSystemStore().getDatatypes();
 
",418,,,
678,"@@ -0,0 +1,129 @@
",5,,,
