,issue_id,issue_comments,issue_desc,created_at,closed_at
4362,ISPN-13132,{{RestServerHelper.ignoreCache()}} should wait for the response of the operation.,,,
4367,ISPN-13131,"{{CaceResourceV2.streamKeys}} returns a {{CacheKeyInputStream}}, which is converted to a chunked HTTP response in
{{BaseHttpRequestHandler.sendResponse()}}.

{{CacheKeyInputStream}} uses cache streams internally, which block when some of the keys are not local:
 
{noformat}
Test failed: org.infinispan.rest.resources.Test[security=true, protocol=HTTP_20, ssl=true].BlockingChecker
java.lang.AssertionError: Blocking call! jdk.internal.misc.Unsafe#park on thread Thread[non-blocking-thread-Test-NodeA-p1147-t1,5,ISPN-non-blocking-thread-group]
	at org.infinispan.util.CoreTestBlockHoundIntegration.lambda$applyTo$0(CoreTestBlockHoundIntegration.java:52) ~[infinispan-core-13.0.0-SNAPSHOT-tests.jar:13.0.0-SNAPSHOT]
	at reactor.blockhound.BlockHound$Builder.lambda$install$8(BlockHound.java:383) ~[blockhound-1.0.3.RELEASE.jar:?]
	at reactor.blockhound.BlockHoundRuntime.checkBlocking(BlockHoundRuntime.java:89) ~[?:?]
	at jdk.internal.misc.Unsafe.park(Unsafe.java) ~[?:?]
	at java.util.concurrent.locks.LockSupport.park(LockSupport.java:194) ~[?:?]
	at java.util.concurrent.locks.AbstractQueuedSynchronizer$ConditionObject.await(AbstractQueuedSynchronizer.java:2081) ~[?:?]
	at io.reactivex.rxjava3.internal.operators.flowable.BlockingFlowableIterable$BlockingFlowableIterator.hasNext(BlockingFlowableIterable.java:101) ~[rxjava-3.0.4.jar:?]
	at org.infinispan.commons.util.Closeables$1.hasNext(Closeables.java:247) ~[infinispan-commons-13.0.0-SNAPSHOT.jar:13.0.0-SNAPSHOT]
	at org.infinispan.rest.CacheKeyInputStream.read(CacheKeyInputStream.java:69) ~[classes/:?]
	at java.io.InputStream.read(InputStream.java:280) ~[?:?]
	at java.io.FilterInputStream.read(FilterInputStream.java:133) ~[?:?]
	at java.io.PushbackInputStream.read(PushbackInputStream.java:183) ~[?:?]
	at io.netty.buffer.UnsafeByteBufUtil.setBytes(UnsafeByteBufUtil.java:454) ~[netty-buffer-4.1.63.Final.jar:4.1.63.Final]
	at io.netty.buffer.PooledUnsafeDirectByteBuf.setBytes(PooledUnsafeDirectByteBuf.java:211) ~[netty-buffer-4.1.63.Final.jar:4.1.63.Final]
	at io.netty.buffer.AbstractByteBuf.writeBytes(AbstractByteBuf.java:1122) ~[netty-buffer-4.1.63.Final.jar:4.1.63.Final]
	at io.netty.handler.stream.ChunkedStream.readChunk(ChunkedStream.java:122) ~[netty-handler-4.1.63.Final.jar:4.1.63.Final]
	at io.netty.handler.stream.ChunkedStream.readChunk(ChunkedStream.java:36) ~[netty-handler-4.1.63.Final.jar:4.1.63.Final]
	at io.netty.handler.codec.http.HttpChunkedInput.readChunk(HttpChunkedInput.java:102) ~[netty-codec-http-4.1.63.Final.jar:4.1.63.Final]
	at io.netty.handler.codec.http.HttpChunkedInput.readChunk(HttpChunkedInput.java:43) ~[netty-codec-http-4.1.63.Final.jar:4.1.63.Final]
	at io.netty.handler.stream.ChunkedWriteHandler.doFlush(ChunkedWriteHandler.java:230) ~[netty-handler-4.1.63.Final.jar:4.1.63.Final]
	at io.netty.handler.stream.ChunkedWriteHandler.flush(ChunkedWriteHandler.java:132) ~[netty-handler-4.1.63.Final.jar:4.1.63.Final]
	at io.netty.channel.AbstractChannelHandlerContext.invokeFlush0(AbstractChannelHandlerContext.java:750) ~[netty-transport-4.1.63.Final.jar:4.1.63.Final]
	at io.netty.channel.AbstractChannelHandlerContext.invokeWriteAndFlush(AbstractChannelHandlerContext.java:765) ~[netty-transport-4.1.63.Final.jar:4.1.63.Final]
	at io.netty.channel.AbstractChannelHandlerContext.write(AbstractChannelHandlerContext.java:790) ~[netty-transport-4.1.63.Final.jar:4.1.63.Final]
	at io.netty.channel.AbstractChannelHandlerContext.writeAndFlush(AbstractChannelHandlerContext.java:758) ~[netty-transport-4.1.63.Final.jar:4.1.63.Final]
	at org.infinispan.rest.ResponseWriter$4.writeResponse(ResponseWriter.java:85) ~[classes/:?]
	at org.infinispan.rest.BaseHttpRequestHandler.lambda$sendResponse$0(BaseHttpRequestHandler.java:47) ~[classes/:?]
	at io.netty.util.concurrent.AbstractEventExecutor.safeExecute(AbstractEventExecutor.java:164) [netty-common-4.1.63.Final.jar:4.1.63.Final]
{noformat}

The blocking operation causes random failures in {{CacheResourceTest}} and {{CacheV2ResourceTest}}.
Increasing the cluster size in {{AbstractRestResourceTest}} (e.g. to 12) makes the failure much easier to reproduce.

{noformat}
Test failed: org.infinispan.rest.resources.CacheResourceTest.shouldGetAllEntriesConvertedToJson[security=true, protocol=HTTP_20, ssl=true]
java.lang.NullPointerException: null
	at org.infinispan.rest.assertion.ResponseAssertion.lambda$hasReturnedText$0(ResponseAssertion.java:98) ~[test-classes/:?]
	at org.assertj.core.api.AbstractAssert.matches(AbstractAssert.java:528) ~[assertj-core-3.4.1.jar:?]
	at org.assertj.core.api.AbstractAssert.matches(AbstractAssert.java:523) ~[assertj-core-3.4.1.jar:?]
	at org.infinispan.rest.assertion.ResponseAssertion.hasReturnedText(ResponseAssertion.java:96) ~[test-classes/:?]
	at org.infinispan.rest.resources.BaseCacheResourceTest.shouldGetAllEntriesConvertedToJson(BaseCacheResourceTest.java:392) ~[test-classes/:?]
{noformat}

{noformat}
Test failed: org.infinispan.rest.resources.CacheV2ResourceTest.testGetAllKeys[security=true, protocol=HTTP_20, ssl=true]
java.lang.NullPointerException
	at java.base/java.text.StringCharacterIterator.<init>(StringCharacterIterator.java:79)
	at java.base/java.text.StringCharacterIterator.<init>(StringCharacterIterator.java:68)
	at org.infinispan.commons.dataconversion.internal.Json$Reader.read(Json.java:3045)
	at org.infinispan.commons.dataconversion.internal.Json.read(Json.java:1312)
	at org.infinispan.rest.resources.CacheV2ResourceTest.testGetAllKeys(CacheV2ResourceTest.java:494)
{noformat}
",,,
4404,ISPN-13128,"When upgrading a SFS cache from Infinipan 11.x -> 12.1.x, on initial startup, the contents of the SFS store are migrated so that they are compatible with the 12.1.x marshalling. However, the `migrateFromV11` method will always fail when a custom marshaller is configured.  This is due to the old loadLegacyObject implementation always attempting to read from the user marshaller first and only catching IllegalArgumentException before retring with the persistence marshaller.

The need to migrate data between 11.x and 12.1.x formats was caused by ISPN-11614, however this does not affect the compatibility of custom marshaller bytes as the persistence marshaller already wrapped custom marshaller key/values in a {{MarshallableUserObject}}.",,,
4426,ISPN-13120,"{noformat}
Caused by: java.lang.IncompatibleClassChangeError: Found interface org.eclipse.microprofile.metrics.MetricRegistry, but class was expected
	at org.infinispan:ispn-13.0//org.infinispan.metrics.impl.MetricsCollector.registerMetrics(MetricsCollector.java:152)
	at org.infinispan:ispn-13.0//org.infinispan.metrics.impl.CacheMetricsRegistration.internalRegisterMetrics(CacheMetricsRegistration.java:49)
	at org.infinispan:ispn-13.0//org.infinispan.metrics.impl.AbstractMetricsRegistration.registerMetrics(AbstractMetricsRegistration.java:114)
	at org.infinispan:ispn-13.0//org.infinispan.metrics.impl.AbstractMetricsRegistration.processComponents(AbstractMetricsRegistration.java:86)

{noformat}",,,
4429,ISPN-13119,Skip Wildfly startup during build time,,,
4433,ISPN-13106,"While warning with Java 11, illegal reflective access is denied by default from Java 16. 

{code}
WARNING: An illegal reflective access operation has occurred
WARNING: Illegal reflective access by org.infinispan.commons.util.Util (file:/opt/infinispan/lib/infinispan-commons-12.1.3.Final-redhat-00001.jar) to constructor com.sun.jndi.dns.DnsContextFactory()
WARNING: Please consider reporting this to the maintainers of org.infinispan.commons.util.Util
WARNING: Use --illegal-access=warn to enable warnings of further illegal reflective access operations
WARNING: All illegal access operations will be denied in a future release
{code}",,,
4436,ISPN-13100,The deployer role can create caches but can't remove them from the console because it's not admin. create role also gives delete authz,,,
4440,ISPN-13089,"When using client-cert authentication with authorization and the common-name-role-mapper, the common-name -> permission mapping results in a request being rejected even if the common-name is associated with a role that should be able to perform the operation e.g. ""admin"".",,,
4458,ISPN-13084,This configuration was deprecated but still necessary to use in certain scenarios such as Rolling Upgrades,,,
4462,ISPN-13082,"Server caches without encoding assumes ""unknown"" format and conversions from/to MediaType.APPLICATION_OBJECT are incorrect: instead of always using the user marshaller to go from/to the storage format, it uses an arbitrary rule where byte[] are stored ""as is"", String are stored as UTF-8 byte[] and custom objects are marshalled. This causes loss of information when trying to read the stored content.

Many tests are incorrect and take advantage of this wrong conversion",,,
4475,ISPN-13081,NoData,,,
4478,ISPN-13079,"On a high throughput application, the systematic usage of {{CacheContainer.getCache(String cacheName)}} to access any entry leads to a huge contention on {{DefaultCacheManager.lifecycleLock}} .

In the jstack we see 30 threads waiting on {{DefaultCacheManager.lifecycleLock}} :
{code:java}
""xxxx@http-nio2-8080-exec-112"" #76183 daemon prio=5 os_prio=0 cpu=829450.84ms elapsed=39272.79s tid=0x00007f931c001000 nid=0x2b08 waiting on condition  [0x00007f9351ad7000]
   java.lang.Thread.State: WAITING (parking)
        at jdk.internal.misc.Unsafe.park(java.base@11.0.11/Native Method)
        - parking to wait for  <0x00007fa1ffa0acc8> (a java.util.concurrent.locks.ReentrantLock$NonfairSync)
        at java.util.concurrent.locks.LockSupport.park(java.base@11.0.11/LockSupport.java:194)
        at java.util.concurrent.locks.AbstractQueuedSynchronizer.parkAndCheckInterrupt(java.base@11.0.11/AbstractQueuedSynchronizer.java:885)
        at java.util.concurrent.locks.AbstractQueuedSynchronizer.acquireQueued(java.base@11.0.11/AbstractQueuedSynchronizer.java:917)
        at java.util.concurrent.locks.AbstractQueuedSynchronizer.acquire(java.base@11.0.11/AbstractQueuedSynchronizer.java:1240)
        at java.util.concurrent.locks.ReentrantLock.lock(java.base@11.0.11/ReentrantLock.java:267)
        at org.infinispan.manager.DefaultCacheManager.internalStart(DefaultCacheManager.java:725)
        at org.infinispan.manager.DefaultCacheManager.internalGetCache(DefaultCacheManager.java:521)
        at org.infinispan.manager.DefaultCacheManager.getCache(DefaultCacheManager.java:510) {code}
Is that expected?",,,
4509,ISPN-13077,"When an URL contains a path that carry either ""\{"" or ""}"", the REST server fails to read the path since it erroneously consider it an expression rather than a constant",,,
4511,ISPN-13057,"The following code was not removed:

{code:java}
   @Override
   public Object visitRemoveExpiredCommand(InvocationContext ctx, RemoveExpiredCommand command) throws Throwable {
      // Expiration isn't supported yet for xsite and lifespan doesn't need to be sent across sites
      return invokeNext(ctx, command);
   }
{code}
 
The problem is that the IRAC interceptor does not generate the metadata required. When trying to replicate to the remote site, it fails because the metadata is missing.

Also, looking at the code, the transactional cache does not intercept this command as well. It requires some investigation.

Note: RemoveExpiredCommand is always non-transactional.
Note2: it looks like putForExternalRead() share the same issue.",,,
4546,ISPN-13049,"This bug was introduced with ISPN-12927

The data migration should not have a timeout associated",,,
4547,ISPN-13036,"While migrating Kogito from using Infinispan 11.0.4 to version 12.0.2 I run in the following issue when executing Queries:

 
{code:java}
12:23:45,512 DEBUG (blocking-thread--p3-t1) [org.infinispan.query.remote.impl.QueryFacadeImpl] Error executing remote query : null java.lang.UnsupportedOperationException
	at org.infinispan.commons.dataconversion.internal.Json.asJsonList(Json.java:1912)
	at org.infinispan.query.remote.client.impl.QueryRequest.fromJson(QueryRequest.java:93)
	at org.infinispan.query.remote.impl.JsonQuerySerializer.decodeQueryRequest(JsonQuerySerializer.java:35)
	at org.infinispan.query.remote.impl.BaseRemoteQueryManager.decodeQueryRequest(BaseRemoteQueryManager.java:80)
	at org.infinispan.query.remote.impl.QueryFacadeImpl.query(QueryFacadeImpl.java:38)
	at org.infinispan.server.hotrod.HotRodServer.query(HotRodServer.java:141)
	at org.infinispan.server.hotrod.CacheRequestProcessor.queryInternal(CacheRequestProcessor.java:545)
	at org.infinispan.server.hotrod.CacheRequestProcessor.lambda$query$20(CacheRequestProcessor.java:540)
	at org.jboss.threads.ContextClassLoaderSavingRunnable.run(ContextClassLoaderSavingRunnable.java:35)
	at org.jboss.threads.EnhancedQueueExecutor.safeRun(EnhancedQueueExecutor.java:1982)
	at org.jboss.threads.EnhancedQueueExecutor$ThreadBody.doRunTask(EnhancedQueueExecutor.java:1486)
	at org.jboss.threads.EnhancedQueueExecutor$ThreadBody.run(EnhancedQueueExecutor.java:1377)
	at java.base/java.lang.Thread.run(Thread.java:829)
{code}
The JSON that is received in the server is the following:

 
{code:java}
{""queryString"":""from org.acme.travels.travels.Travels"",""startOffset"":null,""maxResults"":null,""namedParameters"":null}
{code}
Which seems to be the root cause as namedParameters is null.

 

cache config:
{code:java}
<infinispan>
  <cache-container shutdown-hook=""DEFAULT"">
    <local-cache name=""processinstances"">
      <indexing storage=""local-heap"">
        <indexed-entities>
          <indexed-entity>org.kie.kogito.index.model.KogitoMetadata</indexed-entity>
          <indexed-entity>org.kie.kogito.index.model.ProcessInstanceMeta</indexed-entity>
          <indexed-entity>org.kie.kogito.index.model.UserTaskInstanceMeta</indexed-entity>
          <indexed-entity>org.acme.travels.travels.Travels</indexed-entity>
        </indexed-entities>
      </indexing>
    </local-cache>
  </cache-container>
</infinispan>
{code}",,,
4549,ISPN-13031,"The {{CacheResource}} does not correctly handle the RxJava Flowable, causing {{BackupManager#createBackup}} to return prematurely before all entries have been written to disk.

This causes the operator to determine that the pod executing the backup has completed, resulting in the pod being shutdown before all of the cache content has finished writing to disk.",,,
4563,ISPN-13026,"If a {{x-java-object}} parameter is used, for example {{application/x-java-object;type=java.lang.String}}, then a {{ClassCastException}} is thrown:


{code:java}
io.reactivex.rxjava3.exceptions.OnErrorNotImplementedException: The exception was not handled due to missing onError handler in the subscribe() method call. Further reading: https://github.com/ReactiveX/RxJava/wiki/Error-Handling | org.infinispan.commons.CacheException: java.lang.ClassCastException: class java.lang.String cannot be cast to class [B (java.lang.String and [B are in module java.base of loader 'bootstrap')
	at io.reactivex.rxjava3.internal.functions.Functions$OnErrorMissingConsumer.accept(Functions.java:717)
	at io.reactivex.rxjava3.internal.functions.Functions$OnErrorMissingConsumer.accept(Functions.java:714)
	at io.reactivex.rxjava3.internal.subscribers.LambdaSubscriber.onError(LambdaSubscriber.java:79)
	at io.reactivex.rxjava3.internal.operators.flowable.FlowableUsing$UsingSubscriber.onError(FlowableUsing.java:124)
	at io.reactivex.rxjava3.internal.operators.flowable.FlowableDoOnEach$DoOnEachSubscriber.onError(FlowableDoOnEach.java:111)
	at io.reactivex.rxjava3.internal.operators.flowable.FlowableOnErrorNext$OnErrorNextSubscriber.onError(FlowableOnErrorNext.java:86)
	at io.reactivex.rxjava3.internal.subscriptions.EmptySubscription.error(EmptySubscription.java:55)
	at io.reactivex.rxjava3.internal.operators.flowable.FlowableError.subscribeActual(FlowableError.java:39)
	at io.reactivex.rxjava3.core.Flowable.subscribe(Flowable.java:15750)
	at io.reactivex.rxjava3.core.Flowable.subscribe(Flowable.java:15696)
	at io.reactivex.rxjava3.internal.operators.flowable.FlowableOnErrorNext$OnErrorNextSubscriber.onError(FlowableOnErrorNext.java:106)
	at io.reactivex.rxjava3.internal.operators.flowable.FlowableDoOnEach$DoOnEachSubscriber.onError(FlowableDoOnEach.java:111)
	at io.reactivex.rxjava3.internal.subscribers.BasicFuseableSubscriber.onError(BasicFuseableSubscriber.java:101)
	at io.reactivex.rxjava3.internal.subscribers.BasicFuseableSubscriber.fail(BasicFuseableSubscriber.java:111)
	at io.reactivex.rxjava3.internal.operators.flowable.FlowableMap$MapSubscriber.onNext(FlowableMap.java:66)
	at io.reactivex.rxjava3.internal.util.HalfSerializer.onNext(HalfSerializer.java:45)
	at io.reactivex.rxjava3.internal.operators.flowable.FlowableConcatMap$ConcatMapImmediate.innerNext(FlowableConcatMap.java:204)
	at io.reactivex.rxjava3.internal.operators.flowable.FlowableConcatMap$ConcatMapInner.onNext(FlowableConcatMap.java:559)
	at io.reactivex.rxjava3.internal.operators.flowable.FlowableDoOnEach$DoOnEachSubscriber.onNext(FlowableDoOnEach.java:92)
	at io.reactivex.rxjava3.internal.operators.flowable.FlowableFromIterable$IteratorSubscription.fastPath(FlowableFromIterable.java:185)
	at io.reactivex.rxjava3.internal.operators.flowable.FlowableFromIterable$BaseRangeSubscription.request(FlowableFromIterable.java:129)
	at io.reactivex.rxjava3.internal.subscribers.BasicFuseableSubscriber.request(BasicFuseableSubscriber.java:153)
	at io.reactivex.rxjava3.internal.subscriptions.SubscriptionArbiter.setSubscription(SubscriptionArbiter.java:99)
	at io.reactivex.rxjava3.internal.operators.flowable.FlowableConcatMap$ConcatMapInner.onSubscribe(FlowableConcatMap.java:552)
	at io.reactivex.rxjava3.internal.subscribers.BasicFuseableSubscriber.onSubscribe(BasicFuseableSubscriber.java:67)
	at io.reactivex.rxjava3.internal.operators.flowable.FlowableFromIterable.subscribe(FlowableFromIterable.java:69)
	at io.reactivex.rxjava3.internal.operators.flowable.FlowableFromIterable.subscribeActual(FlowableFromIterable.java:47)
	at io.reactivex.rxjava3.core.Flowable.subscribe(Flowable.java:15750)
	at io.reactivex.rxjava3.internal.operators.flowable.FlowableDoOnEach.subscribeActual(FlowableDoOnEach.java:50)
	at io.reactivex.rxjava3.core.Flowable.subscribe(Flowable.java:15750)
	at io.reactivex.rxjava3.core.Flowable.subscribe(Flowable.java:15696)
	at io.reactivex.rxjava3.internal.operators.flowable.FlowableConcatMap$ConcatMapImmediate.drain(FlowableConcatMap.java:316)
	at io.reactivex.rxjava3.internal.operators.flowable.FlowableConcatMap$BaseConcatMapSubscriber.onSubscribe(FlowableConcatMap.java:122)
	at io.reactivex.rxjava3.internal.jdk8.FlowableFromStream.subscribeStream(FlowableFromStream.java:74)
	at io.reactivex.rxjava3.internal.jdk8.FlowableFromStream.subscribeActual(FlowableFromStream.java:45)
	at io.reactivex.rxjava3.core.Flowable.subscribe(Flowable.java:15750)
	at io.reactivex.rxjava3.core.Flowable.subscribe(Flowable.java:15696)
	at io.reactivex.rxjava3.internal.operators.flowable.FlowableConcatMap.subscribeActual(FlowableConcatMap.java:64)
	at io.reactivex.rxjava3.core.Flowable.subscribe(Flowable.java:15750)
	at io.reactivex.rxjava3.core.Flowable.subscribe(Flowable.java:15696)
	at org.infinispan.reactive.publisher.impl.LocalPublisherManagerImpl$SegmentAwarePublisherImpl.subscribe(LocalPublisherManagerImpl.java:291)
	at org.infinispan.reactive.publisher.impl.SegmentAwarePublisher.subscribe(SegmentAwarePublisher.java:34)
	at org.infinispan.reactive.publisher.impl.SegmentCompletionPublisher.subscribe(SegmentCompletionPublisher.java:34)
	at io.reactivex.rxjava3.internal.operators.flowable.FlowableDefer.subscribeActual(FlowableDefer.java:42)
	at io.reactivex.rxjava3.core.Flowable.subscribe(Flowable.java:15750)
	at io.reactivex.rxjava3.internal.operators.flowable.FlowableMap.subscribeActual(FlowableMap.java:38)
	at io.reactivex.rxjava3.core.Flowable.subscribe(Flowable.java:15750)
	at io.reactivex.rxjava3.internal.operators.flowable.FlowableDoOnEach.subscribeActual(FlowableDoOnEach.java:50)
	at io.reactivex.rxjava3.core.Flowable.subscribe(Flowable.java:15750)
	at io.reactivex.rxjava3.internal.operators.flowable.FlowableOnErrorNext.subscribeActual(FlowableOnErrorNext.java:39)
	at io.reactivex.rxjava3.core.Flowable.subscribe(Flowable.java:15750)
	at io.reactivex.rxjava3.internal.operators.flowable.FlowableDoOnEach.subscribeActual(FlowableDoOnEach.java:50)
	at io.reactivex.rxjava3.core.Flowable.subscribe(Flowable.java:15750)
	at io.reactivex.rxjava3.core.Flowable.subscribe(Flowable.java:15696)
	at io.reactivex.rxjava3.internal.operators.flowable.FlowableUsing.subscribeActual(FlowableUsing.java:73)
	at io.reactivex.rxjava3.core.Flowable.subscribe(Flowable.java:15750)
	at io.reactivex.rxjava3.core.Flowable.subscribe(Flowable.java:15686)
	at io.reactivex.rxjava3.core.Flowable.subscribe(Flowable.java:15589)
	at org.infinispan.server.core.backup.resources.CacheResource.lambda$createCacheBackup$7(CacheResource.java:282)
	at java.base/java.util.concurrent.CompletableFuture$AsyncRun.run(CompletableFuture.java:1736)
	at org.jboss.threads.ContextClassLoaderSavingRunnable.run(ContextClassLoaderSavingRunnable.java:35)
	at org.jboss.threads.EnhancedQueueExecutor.safeRun(EnhancedQueueExecutor.java:1982)
	at org.jboss.threads.EnhancedQueueExecutor$ThreadBody.doRunTask(EnhancedQueueExecutor.java:1486)
	at org.jboss.threads.EnhancedQueueExecutor$ThreadBody.run(EnhancedQueueExecutor.java:1377)
	at java.base/java.lang.Thread.run(Thread.java:834)
Caused by: org.infinispan.commons.CacheException: java.lang.ClassCastException: class java.lang.String cannot be cast to class [B (java.lang.String and [B are in module java.base of loader 'bootstrap')
	at org.infinispan.commons.util.Util.rewrapAsCacheException(Util.java:686)
	at org.infinispan.commons.reactive.RxJavaInterop.lambda$static$2(RxJavaInterop.java:47)
	at io.reactivex.rxjava3.internal.operators.flowable.FlowableOnErrorNext$OnErrorNextSubscriber.onError(FlowableOnErrorNext.java:94)
	... 54 more
Caused by: java.lang.ClassCastException: class java.lang.String cannot be cast to class [B (java.lang.String and [B are in module java.base of loader 'bootstrap')
	at org.infinispan.server.core.backup.resources.CacheResource.lambda$createCacheBackup$3(CacheResource.java:266)
	at io.reactivex.rxjava3.internal.operators.flowable.FlowableMap$MapSubscriber.onNext(FlowableMap.java:64)
	... 50 more
Exception in thread ""blocking-thread-BackupManagerImplTest-NodeA-p3-t1"" io.reactivex.rxjava3.exceptions.OnErrorNotImplementedException: The exception was not handled due to missing onError handler in the subscribe() method call. Further reading: https://github.com/ReactiveX/RxJava/wiki/Error-Handling | org.infinispan.commons.CacheException: java.lang.ClassCastException: class java.lang.String cannot be cast to class [B (java.lang.String and [B are in module java.base of loader 'bootstrap')
	at io.reactivex.rxjava3.internal.functions.Functions$OnErrorMissingConsumer.accept(Functions.java:717)
	at io.reactivex.rxjava3.internal.functions.Functions$OnErrorMissingConsumer.accept(Functions.java:714)
	at io.reactivex.rxjava3.internal.subscribers.LambdaSubscriber.onError(LambdaSubscriber.java:79)
	at io.reactivex.rxjava3.internal.operators.flowable.FlowableUsing$UsingSubscriber.onError(FlowableUsing.java:124)
	at io.reactivex.rxjava3.internal.operators.flowable.FlowableDoOnEach$DoOnEachSubscriber.onError(FlowableDoOnEach.java:111)
	at io.reactivex.rxjava3.internal.operators.flowable.FlowableOnErrorNext$OnErrorNextSubscriber.onError(FlowableOnErrorNext.java:86)
	at io.reactivex.rxjava3.internal.subscriptions.EmptySubscription.error(EmptySubscription.java:55)
	at io.reactivex.rxjava3.internal.operators.flowable.FlowableError.subscribeActual(FlowableError.java:39)
	at io.reactivex.rxjava3.core.Flowable.subscribe(Flowable.java:15750)
	at io.reactivex.rxjava3.core.Flowable.subscribe(Flowable.java:15696)
	at io.reactivex.rxjava3.internal.operators.flowable.FlowableOnErrorNext$OnErrorNextSubscriber.onError(FlowableOnErrorNext.java:106)
	at io.reactivex.rxjava3.internal.operators.flowable.FlowableDoOnEach$DoOnEachSubscriber.onError(FlowableDoOnEach.java:111)
	at io.reactivex.rxjava3.internal.subscribers.BasicFuseableSubscriber.onError(BasicFuseableSubscriber.java:101)
	at io.reactivex.rxjava3.internal.subscribers.BasicFuseableSubscriber.fail(BasicFuseableSubscriber.java:111)
	at io.reactivex.rxjava3.internal.operators.flowable.FlowableMap$MapSubscriber.onNext(FlowableMap.java:66)
	at io.reactivex.rxjava3.internal.util.HalfSerializer.onNext(HalfSerializer.java:45)
	at io.reactivex.rxjava3.internal.operators.flowable.FlowableConcatMap$ConcatMapImmediate.innerNext(FlowableConcatMap.java:204)
	at io.reactivex.rxjava3.internal.operators.flowable.FlowableConcatMap$ConcatMapInner.onNext(FlowableConcatMap.java:559)
	at io.reactivex.rxjava3.internal.operators.flowable.FlowableDoOnEach$DoOnEachSubscriber.onNext(FlowableDoOnEach.java:92)
	at io.reactivex.rxjava3.internal.operators.flowable.FlowableFromIterable$IteratorSubscription.fastPath(FlowableFromIterable.java:185)
	at io.reactivex.rxjava3.internal.operators.flowable.FlowableFromIterable$BaseRangeSubscription.request(FlowableFromIterable.java:129)
	at io.reactivex.rxjava3.internal.subscribers.BasicFuseableSubscriber.request(BasicFuseableSubscriber.java:153)
	at io.reactivex.rxjava3.internal.subscriptions.SubscriptionArbiter.setSubscription(SubscriptionArbiter.java:99)
	at io.reactivex.rxjava3.internal.operators.flowable.FlowableConcatMap$ConcatMapInner.onSubscribe(FlowableConcatMap.java:552)
	at io.reactivex.rxjava3.internal.subscribers.BasicFuseableSubscriber.onSubscribe(BasicFuseableSubscriber.java:67)
	at io.reactivex.rxjava3.internal.operators.flowable.FlowableFromIterable.subscribe(FlowableFromIterable.java:69)
	at io.reactivex.rxjava3.internal.operators.flowable.FlowableFromIterable.subscribeActual(FlowableFromIterable.java:47)
	at io.reactivex.rxjava3.core.Flowable.subscribe(Flowable.java:15750)
	at io.reactivex.rxjava3.internal.operators.flowable.FlowableDoOnEach.subscribeActual(FlowableDoOnEach.java:50)
	at io.reactivex.rxjava3.core.Flowable.subscribe(Flowable.java:15750)
	at io.reactivex.rxjava3.core.Flowable.subscribe(Flowable.java:15696)
	at io.reactivex.rxjava3.internal.operators.flowable.FlowableConcatMap$ConcatMapImmediate.drain(FlowableConcatMap.java:316)
	at io.reactivex.rxjava3.internal.operators.flowable.FlowableConcatMap$BaseConcatMapSubscriber.onSubscribe(FlowableConcatMap.java:122)
	at io.reactivex.rxjava3.internal.jdk8.FlowableFromStream.subscribeStream(FlowableFromStream.java:74)
	at io.reactivex.rxjava3.internal.jdk8.FlowableFromStream.subscribeActual(FlowableFromStream.java:45)
	at io.reactivex.rxjava3.core.Flowable.subscribe(Flowable.java:15750)
	at io.reactivex.rxjava3.core.Flowable.subscribe(Flowable.java:15696)
	at io.reactivex.rxjava3.internal.operators.flowable.FlowableConcatMap.subscribeActual(FlowableConcatMap.java:64)
	at io.reactivex.rxjava3.core.Flowable.subscribe(Flowable.java:15750)
	at io.reactivex.rxjava3.core.Flowable.subscribe(Flowable.java:15696)
	at org.infinispan.reactive.publisher.impl.LocalPublisherManagerImpl$SegmentAwarePublisherImpl.subscribe(LocalPublisherManagerImpl.java:291)
	at org.infinispan.reactive.publisher.impl.SegmentAwarePublisher.subscribe(SegmentAwarePublisher.java:34)
	at org.infinispan.reactive.publisher.impl.SegmentCompletionPublisher.subscribe(SegmentCompletionPublisher.java:34)
	at io.reactivex.rxjava3.internal.operators.flowable.FlowableDefer.subscribeActual(FlowableDefer.java:42)
	at io.reactivex.rxjava3.core.Flowable.subscribe(Flowable.java:15750)
	at io.reactivex.rxjava3.internal.operators.flowable.FlowableMap.subscribeActual(FlowableMap.java:38)
	at io.reactivex.rxjava3.core.Flowable.subscribe(Flowable.java:15750)
	at io.reactivex.rxjava3.internal.operators.flowable.FlowableDoOnEach.subscribeActual(FlowableDoOnEach.java:50)
	at io.reactivex.rxjava3.core.Flowable.subscribe(Flowable.java:15750)
	at io.reactivex.rxjava3.internal.operators.flowable.FlowableOnErrorNext.subscribeActual(FlowableOnErrorNext.java:39)
	at io.reactivex.rxjava3.core.Flowable.subscribe(Flowable.java:15750)
	at io.reactivex.rxjava3.internal.operators.flowable.FlowableDoOnEach.subscribeActual(FlowableDoOnEach.java:50)
	at io.reactivex.rxjava3.core.Flowable.subscribe(Flowable.java:15750)
	at io.reactivex.rxjava3.core.Flowable.subscribe(Flowable.java:15696)
	at io.reactivex.rxjava3.internal.operators.flowable.FlowableUsing.subscribeActual(FlowableUsing.java:73)
	at io.reactivex.rxjava3.core.Flowable.subscribe(Flowable.java:15750)
	at io.reactivex.rxjava3.core.Flowable.subscribe(Flowable.java:15686)
	at io.reactivex.rxjava3.core.Flowable.subscribe(Flowable.java:15589)
	at org.infinispan.server.core.backup.resources.CacheResource.lambda$createCacheBackup$7(CacheResource.java:282)
	at java.base/java.util.concurrent.CompletableFuture$AsyncRun.run(CompletableFuture.java:1736)
	at org.jboss.threads.ContextClassLoaderSavingRunnable.run(ContextClassLoaderSavingRunnable.java:35)
	at org.jboss.threads.EnhancedQueueExecutor.safeRun(EnhancedQueueExecutor.java:1982)
	at org.jboss.threads.EnhancedQueueExecutor$ThreadBody.doRunTask(EnhancedQueueExecutor.java:1486)
	at org.jboss.threads.EnhancedQueueExecutor$ThreadBody.run(EnhancedQueueExecutor.java:1377)
	at java.base/java.lang.Thread.run(Thread.java:834)
Caused by: org.infinispan.commons.CacheException: java.lang.ClassCastException: class java.lang.String cannot be cast to class [B (java.lang.String and [B are in module java.base of loader 'bootstrap')
	at org.infinispan.commons.util.Util.rewrapAsCacheException(Util.java:686)
	at org.infinispan.commons.reactive.RxJavaInterop.lambda$static$2(RxJavaInterop.java:47)
	at io.reactivex.rxjava3.internal.operators.flowable.FlowableOnErrorNext$OnErrorNextSubscriber.onError(FlowableOnErrorNext.java:94)
	... 54 more
Caused by: java.lang.ClassCastException: class java.lang.String cannot be cast to class [B (java.lang.String and [B are in module java.base of loader 'bootstrap')
	at org.infinispan.server.core.backup.resources.CacheResource.lambda$createCacheBackup$3(CacheResource.java:266)
	at io.reactivex.rxjava3.internal.operators.flowable.FlowableMap$MapSubscriber.onNext(FlowableMap.java:64)
	... 50 more
{code}
",,,
4572,ISPN-13024," Infinispan cache to run on a single node with {{*PESSIMISTIC* locking. The application}}{{ is backed with Java EE and runs on the JBOSS application server. Therefore container manage EJB transaction is created using @Transaction annotation and the container is all responsible for commit and rollback created transaction. Code Structure looks like follow}}

*{{structure as follows Transaction}}*

*{{@Transaction}}*

*{{public void processOrder(){}}*

*{{// validations}}*

*{{cache1.put(k,v1) // need to acquire lock}}*

*{{// do some action}}*

*{{}}}*

{{if any exception found then mark rollback using sessionContext.setRollbackOnly(); inside finally block.}}

But under high load, if a certain cache key gets locked it will forever, and each subsequent attempt to lock the same key will result in a lock acquisition timeout exception as follow. *This lock never releases and persists forever.*

*javax.ejb.EJBTransactionRolledbackException: ISPN000299: Unable to acquire lock after 25 seconds for key 51254 and requestor GlobalTx:local:9. Lock is held by GlobalTx:local:1*

{{The server log file ([^server-1.log]) also attached to this with Infinispan config xml}}",,,
4573,ISPN-13022,"The ClusterExecutor is used to execute the {{DistributedCacheStatsCallable}} on all nodes in the cluster to retrieve cluster wide stats. However, if one or more of the cluster members are missing a cache definition, then the following exception is thrown {{ISPN000436: Cache 'someCache' has been requested, but no matching cache configuration exists}}.

Infinispan's operator Backup/Restore functionality uses zero-capacity pods to join a cluster and perform said operation. On joining the cluster, these nodes do not have any cache definitions defined, resulting in the {{DistributedCacheStatsCallable}} failing and cluster-wide cache stats failing until these pods leave the cluster.

A simple solution is to simple update {{DistributedCacheStatsCallable}} to return an empty map when executed on a node that is missing a cache configuration.",,,
4575,ISPN-13017,"The notable was:
Infinispan SNAPSHOT library
REPL writes - 100

http://perfrepo.mw.lab.eng.bos.redhat.com/reports/metric/3160

https://github.com/infinispan/infinispan/commit/4d5a6e27a482ad4197614ae74accb0cdda6a52a8",,,
4604,ISPN-13012,"The test ignores some (non-xsite) state transfer commands, but does not ignore {{StateTransferCancelCommand}}, and fails when NodeB sends one:

{noformat}
17:03:27,940 DEBUG (non-blocking-thread-Test-NodeB-p23613-t4:[]) [ControlledRpcManager] Intercepted command to [Test-NodeC]: StateTransferCancelCommand{topologyId=11, segments={4 6 8-12}, cacheName=defaultcache}
17:03:28,033 ERROR (testng-Test:[]) [TestSuiteProgress] Test failed: org.infinispan.xsite.statetransfer.XSiteAutoStateTransferTest.testNewSiteMasterStartsStateTransfer
java.util.concurrent.ExecutionException: java.lang.AssertionError: Expecting a org.infinispan.xsite.commands.XSiteAutoTransferStatusCommand, got StateTransferCancelCommand{topologyId=11, segments={4 6 8-12}, cacheName=defaultcache}
	at java.util.concurrent.CompletableFuture.reportGet(CompletableFuture.java:395) ~[?:?]
	at java.util.concurrent.CompletableFuture.get(CompletableFuture.java:2022) ~[?:?]
	at org.infinispan.xsite.statetransfer.XSiteAutoStateTransferTest.testNewSiteMasterStartsStateTransfer(XSiteAutoStateTransferTest.java:308) ~[test-classes/:?]
{noformat}

Normally NodeB does not send a {{StateTransferCancelCommand}}, but sometimes when the test kills NodeA, it manages to start a rebalance with members {{[NodeB, NodeC]}}. Then NodeB becomes coordinator and cancels the rebalance before starting a new one, with the same members.

{noformat}
17:03:27,920 TRACE (testng-Test:[]) [JGroupsTransport] Test-NodeA sending command to all: RebalanceStartCommand{cacheName='defaultcache', origin=Test-NodeA, currentCH=DefaultConsistentHash{ns=21, owners = (2)[Test-NodeB: 9+5, Test-NodeC: 12+2]}, pendingCH=DefaultConsistentHash{ns=21, owners = (2)[Test-NodeB: 10+11, Test-NodeC: 11+10]}, phase=READ_OLD_WRITE_ALL, actualMembers=[Test-NodeB, Test-NodeC], persistentUUIDs=[5994a338-b58d-440a-939f-75db7bb5c387, dc5282ec-4b27-4bac-b48e-e0138cf7258f], rebalanceId=4, topologyId=11, viewId=2}
17:03:27,929 DEBUG (non-blocking-thread-Test-NodeB-p23613-t6:[Merge-3]) [PreferAvailabilityStrategy] Recovered a single partition for cache defaultcache: CacheTopology{id=11, phase=READ_OLD_WRITE_ALL, rebalanceId=4, currentCH=DefaultConsistentHash{ns=21, owners = (2)[Test-NodeB: 9+5, Test-NodeC: 12+2]}, pendingCH=DefaultConsistentHash{ns=21, owners = (2)[Test-NodeB: 10+11, Test-NodeC: 11+10]}, unionCH=null, actualMembers=[Test-NodeB, Test-NodeC], persistentUUIDs=[5994a338-b58d-440a-939f-75db7bb5c387, dc5282ec-4b27-4bac-b48e-e0138cf7258f]}
17:03:27,929 DEBUG (non-blocking-thread-Test-NodeB-p23613-t6:[Merge-3]) [CLUSTER] ISPN000521: Cache defaultcache recovered after merge with topology = CacheTopology{id=12, phase=NO_REBALANCE, rebalanceId=5, currentCH=DefaultConsistentHash{ns=21, owners = (2)[Test-NodeB: 9+5, Test-NodeC: 12+2]}, pendingCH=null, unionCH=null, actualMembers=[Test-NodeB, Test-NodeC], persistentUUIDs=[5994a338-b58d-440a-939f-75db7bb5c387, dc5282ec-4b27-4bac-b48e-e0138cf7258f]}, availability mode null

17:03:27,932 TRACE (non-blocking-thread-Test-NodeC-p23642-t4:[]) [StateConsumerImpl] Received new topology for cache defaultcache, isRebalance = false, isMember = true, topology = CacheTopology{id=12, phase=NO_REBALANCE, rebalanceId=5, currentCH=DefaultConsistentHash{ns=21, owners = (2)[Test-NodeB: 9+5, Test-NodeC: 12+2]}, pendingCH=null, unionCH=null, actualMembers=[Test-NodeB, Test-NodeC], persistentUUIDs=[5994a338-b58d-440a-939f-75db7bb5c387, dc5282ec-4b27-4bac-b48e-e0138cf7258f]}
17:03:27,932 TRACE (non-blocking-thread-Test-NodeC-p23642-t4:[]) [StateConsumerImpl] On cache defaultcache we have: added segments: {}; removed segments: {7 14-19}
17:03:27,932 TRACE (non-blocking-thread-Test-NodeC-p23642-t4:[]) [InboundTransferTask] Partially cancelling inbound state transfer from node Test-NodeB, segments {7 14-19}
17:03:27,933 TRACE (non-blocking-thread-Test-NodeC-p23642-t4:[]) [JGroupsTransport] Test-NodeC sending command to Test-NodeB: StateTransferCancelCommand{topologyId=11, segments={7 14-19}, cacheName=defaultcache}
{noformat}
",,,
4606,ISPN-13011,"Some of the various stores add children info for parsing, but however miss adding the parent class children info (which includes async). This causes the async elements to not be created when generating json from a configuration.

For example SoftIndexFileStoreConfigurationBuilder, RocksDBStoreConfigurationBuilder, and JdbcStringBasedStoreConfigurationBuilder do not do this properly.",,,
4731,ISPN-13010,"Statement is wrong:

If (creation + lifespan > currentTime) or (lastUsed + maxIdle > currentTime) then Infinispan detects that the entry is expired.""

Should be:
If (creation + lifespan < currentTime) or (lastUsed + maxIdle < currentTime)

example:

cretated at 1.1.2021 lifespan 1 month will expire
(1.1.2021 + 1M == 1.2.2021) < 10.1.2021 -> not expired
(1.1.2021 + 1M == 1.2.2021) < 2.2.2021 -> expired",,,
4751,ISPN-12998,"when we create an admin with authorization enabled, the subject principal is not used for exec permission on scripting tasks execution",,,
4754,ISPN-2352,"When you invoke lazyIterator() for the 2nd time on the same ClusteredQueryImpl instance, the iterator returns results in reverse order. This only occurs when the query has a Sort specified.

Caused by DistributedIterator.setTopDocs(), which inverts the reverse flag on SortField.

The same is probably also true for ClusteredQueryImpl.iterator()",,,
4758,ISPN-2349,"When the coordinator dies or otherwise leaves the cluster, the new coordinator recovers the cluster state and handles any new changes.

However, if there was already a rebalance operation in progress, the new coordinator ignores the rebalance confirmations from the other members and doesn't install a balanced CH until there is another join/leave/etc. event for that cache.

Normally this doesn't appear in our tests because the state transfer is quick and so the old coordinator is able to finish the rebalance caused by its own leave before shutting down. I did see it however in Query's MultiNodeDistributedTest.",,,
4768,ISPN-2340,"I'm currently using infinispan-5.1.5 as a local persistent cache (like a persistent map) with no eviction and write-behind for maximum performance.

I tried the 5.2.0alpha4 version and item processing mean decreased from 4ms to 60 ms. 
So I profiled the application and discovered that the Async.remove(Object) implementation differs from 5.2 to 5.1:

+5.1+:
{code}
   @Override
   public boolean remove(Object key) {
      enqueue(new Remove(key));
      return true;
   }
{code}

+5.2+:
{code}
   @Override
   public boolean remove(Object key) {
      try {
         InternalCacheEntry load = load(key);
         if (load != null) {
            enqueue(new Remove(key));
            return true;
         }
         return false;
      } catch (CacheLoaderException e) {
         throw new CacheException(""Could not load key/value entries from cacheloader"", e);
      }
   }
{code}

So each time I remove an entry from my cache, I pay the cost of a bucket load from the store:

{code}
Thread [pool-9-thread-1] (Suspended)	
	ExtendedRiverUnmarshaller(RiverUnmarshaller).doReadObject(boolean) line: 209	
	ExtendedRiverUnmarshaller(AbstractObjectInput).readObject() line: 37	
	JBossMarshaller(AbstractJBossMarshaller).objectFromObjectStream(ObjectInput) line: 163	
	VersionAwareMarshaller.objectFromObjectStream(ObjectInput) line: 190	
	CacheMarshaller(AbstractDelegatingMarshaller).objectFromObjectStream(ObjectInput) line: 79	
	FileCacheStore.objectFromInputStreamInReentrantMode(InputStream) line: 433	
	FileCacheStore.loadBucket(File) line: 306	
	FileCacheStore.loadBucket(Integer) line: 280	
	FileCacheStore(BucketBasedCacheStore).loadLockSafe(Object, Integer) line: 60	
	FileCacheStore(BucketBasedCacheStore).loadLockSafe(Object, Object) line: 49	
	FileCacheStore(LockSupportCacheStore<L>).load(Object) line: 142	
	AsyncStore(AbstractDelegatingStore).load(Object) line: 120	
	AsyncStore.remove(Object) line: 163	
	CacheStoreInterceptor.visitRemoveCommand(InvocationContext, RemoveCommand) line: 221	
	RemoveCommand.acceptVisitor(InvocationContext, Visitor) line: 72	
	CacheLoaderInterceptor(CommandInterceptor).invokeNextInterceptor(InvocationContext, VisitableCommand) line: 118	
	CacheLoaderInterceptor.visitRemoveCommand(InvocationContext, RemoveCommand) line: 138	
	RemoveCommand.acceptVisitor(InvocationContext, Visitor) line: 72	
	EntryWrappingInterceptor(CommandInterceptor).invokeNextInterceptor(InvocationContext, VisitableCommand) line: 118	
	EntryWrappingInterceptor.invokeNextAndApplyChanges(InvocationContext, FlagAffectedCommand) line: 211	
	EntryWrappingInterceptor.visitRemoveCommand(InvocationContext, RemoveCommand) line: 161	
	RemoveCommand.acceptVisitor(InvocationContext, Visitor) line: 72	
	NonTransactionalLockingInterceptor(CommandInterceptor).invokeNextInterceptor(InvocationContext, VisitableCommand) line: 118	
	NonTransactionalLockingInterceptor.visitRemoveCommand(InvocationContext, RemoveCommand) line: 104	
	RemoveCommand.acceptVisitor(InvocationContext, Visitor) line: 72	
	NotificationInterceptor(CommandInterceptor).invokeNextInterceptor(InvocationContext, VisitableCommand) line: 118	
	NotificationInterceptor(CommandInterceptor).handleDefault(InvocationContext, VisitableCommand) line: 132	
	NotificationInterceptor(AbstractVisitor).visitRemoveCommand(InvocationContext, RemoveCommand) line: 68	
	RemoveCommand.acceptVisitor(InvocationContext, Visitor) line: 72	
	IsMarshallableInterceptor(CommandInterceptor).invokeNextInterceptor(InvocationContext, VisitableCommand) line: 118	
	IsMarshallableInterceptor(CommandInterceptor).handleDefault(InvocationContext, VisitableCommand) line: 132	
	IsMarshallableInterceptor(AbstractVisitor).visitRemoveCommand(InvocationContext, RemoveCommand) line: 68	
	IsMarshallableInterceptor.visitRemoveCommand(InvocationContext, RemoveCommand) line: 125	
	RemoveCommand.acceptVisitor(InvocationContext, Visitor) line: 72	
	InvocationContextInterceptor(CommandInterceptor).invokeNextInterceptor(InvocationContext, VisitableCommand) line: 118	
	InvocationContextInterceptor.handleAll(InvocationContext, VisitableCommand) line: 129	
	InvocationContextInterceptor.handleDefault(InvocationContext, VisitableCommand) line: 93	
	InvocationContextInterceptor(AbstractVisitor).visitRemoveCommand(InvocationContext, RemoveCommand) line: 68	
	RemoveCommand.acceptVisitor(InvocationContext, Visitor) line: 72	
	InterceptorChain.invoke(InvocationContext, VisitableCommand) line: 347	
	CacheImpl<K,V>.executeCommandAndCommitIfNeeded(InvocationContext, VisitableCommand) line: 999	
	CacheImpl<K,V>.remove(Object, EnumSet<Flag>, ClassLoader) line: 290	
	DecoratedCache<K,V>.remove(Object) line: 324	
	CacheBidiMap<K,V>(AbstractDualBidiMap<K,V>).remove(Object) line: 199	
	OrderCache.removePendingByClientId(String) line: 168	
	OrderEventCacheManager(EventCacheManager).receiveAck(OrderId) line: 166	
	OrderEventCacheManager(EventCacheManager).cacheEventNotification(IamapiEvent, OrderId) line: 101	
	OrderMarketFixService.onOrderEvent(OrderEvent) line: 88	
	OrderEventDispatcher.fireEvent(OrderEvent) line: 52	
	OrderEventDispatcher.run() line: 67	
	ThreadPoolExecutor.runWorker(ThreadPoolExecutor$Worker) line: 1110	
	ThreadPoolExecutor$Worker.run() line: 603	
	Thread.run() line: 722	

{code}

My config file is: 
{code}
	<default>
		<loaders passivation=""false"" preload=""true"" shared=""false"">
			<loader class=""org.infinispan.loaders.file.FileCacheStore"">
				<properties>
					<property name=""location"" value=""cache"" />
					<property name=""fsyncMode"" value=""perWrite"" />
				</properties>
				<async enabled=""true"" />
			</loader>
		</loaders>
		<expiration reaperEnabled=""false"" />
	</default>
{code}

(I use perWrite for fsyncMode because we reached linux open files ulimit maximum)

We cannot consider that as a bug, but this performance problem is a show-stopper for us to upgrade to 5.2.

Best regards,

Christophe


",,,
4769,ISPN-2338,"Transactions should be transferred anyway, even if the affected data segments are not.

Affected test: ParticipantFailsAfterPrepareTest",,,
4772,ISPN-2329,TableManipulation.getDatabasetype does not release used connections for data type determination.,,,
4774,ISPN-2325,The grand majority of failures in https://infinispan.ci.cloudbees.com/job/Infinispan-master-JDK6-tcp/827 are result of ISPN-2290.,,,
4824,ISPN-2321,"We noticed a memory leak in CacheStoreInterceptor where the ""txStores"" and ""preparingTxs"" maps get not cleaned up after a transaction is completed and org.infinispan.transaction.xa.GlobalTransaction objects accumulate in these maps.
This occurs in connection with transactional caches with pessimistic locking.

See attached test case.",,,
4826,ISPN-2314," Query tests fail with messages like:
{quote}testLocalQueryCacheRestart(org.infinispan.query.blackbox.QueryCacheRestartTest): It was expected to find the Query interceptor registered in the InterceptorChain but it wasn't found {quote}
This was working fine in https://infinispan.ci.cloudbees.com/job/Infinispan-master-JDK6-tcp/814/consoleText, so since the issue appears to be related to cache startup, it's almost for sure related to ISPN-2256 (appeared in https://infinispan.ci.cloudbees.com/job/Infinispan-master-JDK6-tcp/815/consoleText).
Btw, as part of fixing up ISPN-2290 to avoid duplicate domains, I'm making the tests that caused the testsuite to halt more resilient.
",,,
4827,ISPN-2312,"This happens for transactions that arrive via state transfer. The view id of these transactions is currently wrong - it should be the view id in which they were created instead of the current view id at the time they were transferred.

AbstractTxLockingInterceptor.lockKeyAndCheckOwnership relies on this and consequently does not work correctly for transferred transactions.

Also TransactionTable listens for JGroup view changes instead of CacheTopology updates. This is another reason minViewId calculation is wrong.

Another aspect that needs to be considered is the topology id does not change if the update is not caused by a rebalance. In this case the topologyId comparison in AbstractTxLockingInterceptor.lockKeyAndCheckOwnership must not be strict.",,,
4848,ISPN-2311,"Store configuration builders are not entirely fluent, e.g. async() and store() interrupt fluency.",,,
4944,ISPN-2301,"Part of my design pattern is to use the Group API to group like-minded keys across caches (on the same cache manager) to the same segment.  

With the introduction of NBST, though, the same group key used across different caches results in different ownership information.  This is different behavior from 5.1.  

(It looks like about a ~70% business logic degradation from 5.1 as well)

See the comments for ISPN-2291 for logs associated with such keys. (These keys use ""edgeDeviceId="" as the group value.",,,
4955,ISPN-2300,"Description from http://lists.jboss.org/pipermail/infinispan-dev/2012-September/011205.html

1) testPutIfAbsent, testRemoveIfPresent, testReplaceWithOldVal (methods 
the test cases)

In this tests, it was updating the cache entry with a null version. This 
originates later a IllegalStateException when it tries to perform the 
write skew check and the version is null.
I have fixed this problem in this way: if the command fails (PutCommand, 
RemoveCommand, ReplaceCommand), I unset the flag CHANGED in the 
MvccEntry to avoid to update the entry in the DataContainer.

2) testClear in distributed mode

I have no clear idea how to solve this problem but it looks like the 
PrepareCommand (with the ClearCommand) is not sent to all the nodes in 
the cluster. Then, when I do a get, a remote get is performed and the 
key is still there. I think that it is not the desired behavior.

3) testRemoveUnexistingEntry

In this test, it tries to remove a key that does not exists but it does 
not success due to a NullPointerException. I have looked deeper and I 
check that the transaction's lookup entries map has an entry with [key 
=> null] and when it tries to perform the write skew check in that key, 
a NullPointerException is thrown in here [2] (line 80, WriteSkewHelper)

[1] https://github.com/pruivo/infinispan/tree/t_replace_fix
[2] https://github.com/pruivo/infinispan/blob/t_replace_fix/core/src/main/java/org/infinispan/transaction/WriteSkewHelper.java#L80
",,,
4969,ISPN-2297,"Cache restart has at least two issues:

1. If a cache is stopped via {{Cache.stop()}} it will still be returned by {{DefaultCacheManager.getCache()}}. Cache {{start()}} and {{stop()}} are not synchronized in any way, so a {{start()}} call may return before the cache was properly started - just because another thread is in the process of starting it.

2. {{ComponentRegistry}} keeps a few components as fields to speed up access. These components are destroyed on {{stop()}} and re-created on {{start()}}, because they are volatile, but the field references are not updated.

Also, the documentation of {{EmbeddedCacheManager.getCache()}} should say that it will start the cache only if it doesn't exist yet - if the cache is stopped it will return the cache as it was. Alternatively we could change the behaviour of {{getCache()}} to always start the cache.",,,
4978,ISPN-2296,"Queries should support projection like these constants in Hibernate Search:
{code}org.hibernate.search.ProjectionConstants{code}

It seems particularly important that we don't provide the keys of the matching entries.",,,
5001,ISPN-2294,"The custom commands driven Query backend does not transform Document Ids using the keyTransformer component: depending on which node is the master, document ids in string form might not match the existing document for the same entry, creating duplicates in the index.

This is user visible only as an unexpected number of matches in an index but should not result in duplicate entries; could have returned less entries than those requested at the current page when using pagination on the query results.",,,
5026,ISPN-2292,On startup of a 2 node cluster with one server offline topology is not read by HotRod client.,,,
5027,ISPN-2291,"There are stale locks that happened when a transaction failed due to a replication timeout to its peer node.  The transaction contained grouped keys that were submitted to the primary owner.  During execution of one such transaction, there was a state transfer, which changed ownership of these keys.  

Here's an example flow:

The task executed and started a transaction.  Since it was not the primary owner, it sent a LockControlCommand to the new owner.  This call timed out, and a rollback was issued.  The local transaction is completed, but subsequent attempts to lock this key fail.

The logs can be found here:

http://dl.dropbox.com/u/50401510/5.2.0.ALPHA3/lock/10.30.12.83/server.log.gz
http://dl.dropbox.com/u/50401510/5.2.0.ALPHA3/lock/10.30.12.84/server.log.gz
http://dl.dropbox.com/u/50401510/5.2.0.ALPHA3/lock/10.30.12.85/server.log.gz",,,
5046,ISPN-2290,"JMX MBeans should still be registered with an MBean server even if statistics gathering is disabled, to allow for operations on a running grid.  If an MBean server is not available though, this should be short-circuited.",,,
5064,ISPN-2288,"The RecoveryManager MBean is *always* registered, even in a non-transactional cache.  Naturally, any operations on this MBean fail in this case, so it doesn't cause any problems per-se, but it still pollutes the JMX console.",,,
5092,ISPN-2276,"I am using the Tree API for Infinispan.  I want to persist the cache.  I started with the following configuration xml for my loader:
<infinispan>
    <default>
              <loaders passivation=""false"" shared=""false"" preload=""true"">
                  <loader
                      class=""org.infinispan.loaders.file.FileCacheStore""
                      fetchPersistentState=""true""
                      purgerThreads=""1""
                      purgeSynchronously=""true""
                      ignoreModifications=""false""
                      purgeOnStartup=""false"">
                      <properties>
                          <property name=""location"" value=""/home/eialbur/infiniCache"" />
                      </properties>
                  </loader>
              </loaders>
              <invocationBatching enabled=""true""/>
    </default>
</infinispan>
 
This worked great, but I wanted it to be a named cache.  I modified the xml changing <default> to <namedCache name=""foo"">. 
This now produces the runtime error: Cannot enable Invocation Batching when the Transaction Mode is NON_TRANSACTIONAL, set the transaction mode to TRANSACTIONAL
 
So then I modified the xml as follows:
<infinispan>
    <namedCache name=""foo"" >
              <loaders passivation=""false"" shared=""false"" preload=""true"">
                  <loader
                      class=""org.infinispan.loaders.file.FileCacheStore""
                      fetchPersistentState=""true""
                      purgerThreads=""1""
                      purgeSynchronously=""true""
                      ignoreModifications=""false""
                      purgeOnStartup=""false"">
                      <properties>
                          <property name=""location"" value=""/home/eialbur/infiniCache"" />
                      </properties>
                  </loader>
              </loaders>
              <transaction transactionMode=""TRANSACTIONAL"" />
              <invocationBatching enabled=""true""/>
    </namedCache>
</infinispan>
 
This now produces the following runtime error: invocationBatching is not enabled. Make sure this is enabled by calling configurationBuilder.invocationBatching().enable()
 
I assume this is some sort of problem with Infinispan.  It appears that namedCache is having troubles with configuring from xml.",,,
5094,ISPN-2264,"{code}Failed tests:   
testSharedCounter(org.infinispan.container.versioning.DistL1WriteSkewTest): 
Timed out waiting for updater threads{code}
",,,
5100,ISPN-2262,"Basic resilience scenario in library mode:
* spawn 4 nodes
* kill one node (kill = insert DISCARD protocol and then call CacheManger.stop())
* start one node

We use RadarGun (with some modifications) for this test.

When the node is started again the system looses some messages as some timeouts are triggered (and the RadarGun stage acknowledgement is missing as well) and later put/get requests cause exceptions.

The trace logs are too big, therefore, these are published on http://dl.dropbox.com/u/103079234/serverlogs_trace.zip

Note that the test was shutdown manually.",,,
5104,ISPN-2261,"The new cachestore builders are missing javadocs in important places, have incomplete read() method implementations, need more effective testing and",,,
5125,ISPN-2258,"StateTransferManager is not exposed as JMX MBean
It appears that it is missing the MBean annotation.",,,
5126,ISPN-2255,"I am using FineGrainedAtomicMap to store data into clustering distributed cache. When clustering set to replicated  doesn't cause any issues or at least I haven't run

into any. When I switch to distributed mode I don't see some key,value pairs in some nodes. This happens randomly. The numOwners is set to two and I have cluster of three nodes.

more details:
https://community.jboss.org/thread/203420?tstart=60
",,,
5136,ISPN-2254,NoData,,,
5139,ISPN-2252,"Here's why:
- the ""distribution"" which we use for releasing which was initially present in root's pom.xml was also added in ""parent/pom.xml"" (ISPN-1959).
- the sources to be uploaded were generated by an ""activeByDefault"" profile located in ""parent/pom.xml"", named ""extras""
- the ""activeByDefault"" configuration has a rather error prone semantic, that is it only activates a profile if there's no other profile in the same file explicitly or implicitly active[1]
- not having the source is a show stopper for releasing as nexus has a validation in place to check for sources (a good thing).

The solution is to merge the ""distribution"" profile from parent\pom.xml into the preexisting one from root. This would allow the ""extras"" to kick in as there isn't any other active profile in parent\pom.xml (at least when running -Pdistribution).

[1] from mvn documentation
{quote}
... This profile will automatically be active for all builds unless another profile in the same POM is activated using one of the previously described methods. All profiles that are active by default are automatically deactivated when a profile in the POM is activated on the command line or through its activation config. ...
{quote} ",,,
5142,ISPN-2247,"The infinispan artifact infinispan-cachestore-hbase depends on org.apache.hbase:hbase in version 0.90.4 - but this depends on org.apache.hadoop:hadoop-core:jar:0.20-append-r1056497 which is not contained in any public repository I know.

Build from source of Infinispan fails.",,,
5145,ISPN-2237,"The implementation in ConcurrentMapFactory checks for existance of a Sun JVM private class. But although a Sun JDK/JRE 6 is used, the check fails (wrong class com.sun.unsafe.Unsafe instead of sun.misc.Unsafe).

Sould use sun.misc.Unsafe

{noformat}
   static {
      boolean sunIncompatibleJvm;
      boolean jdk8;
      boolean allowExperimentalMap = Boolean.getBoolean(""infinispan.unsafe.allow_jdk8_chm"");

      try {
         Class.forName(""com.sun.unsafe.Unsafe"");
         sunIncompatibleJvm = false;
      } catch (ClassNotFoundException e) {
         sunIncompatibleJvm = true;
      }
      
      try {
         Class.forName(""java.util.concurrent.atomic.LongAdder"");
         jdk8 = true;
      } catch (ClassNotFoundException e) {
         jdk8 = false;
      }

      if (jdk8 || sunIncompatibleJvm || !allowExperimentalMap)
         MAP_CREATOR = new JdkConcurrentMapCreator();
      else
         MAP_CREATOR = new BackportedV8ConcurrentMapCreator();
   }
{noformat}

",,,
5148,ISPN-2232,"When re-starting existing stopped cache, NPE is thrown:

23:10:27,160 ERROR [org.apache.catalina.core.ContainerBase.[jboss.web].[default-host]] (http-/192.168.1.101:8080-2) Exception sending request initialized lifecycle event to listener instance of class org.jboss.capedwarf.appidentity.GAEListener: java.lang.NullPointerException
	at org.infinispan.query.impl.LifecycleManager.cacheStarted(LifecycleManager.java:125)
	at org.infinispan.factories.ComponentRegistry.start(ComponentRegistry.java:178) [infinispan-core-5.2.0.ALPHA2.jar:5.2.0.ALPHA2]
	at org.infinispan.CacheImpl.start(CacheImpl.java:523) [infinispan-core-5.2.0.ALPHA2.jar:5.2.0.ALPHA2]
	at org.infinispan.AbstractDelegatingCache.start(AbstractDelegatingCache.java:343) [infinispan-core-5.2.0.ALPHA2.jar:5.2.0.ALPHA2]
	at org.jboss.capedwarf.common.infinispan.InfinispanUtils.checkCache(InfinispanUtils.java:72) [capedwarf-common-1.0.0-SNAPSHOT.jar:1.0.0-SNAPSHOT]
	at org.jboss.capedwarf.common.infinispan.InfinispanUtils.getCache(InfinispanUtils.java:82) [capedwarf-common-1.0.0-SNAPSHOT.jar:1.0.0-SNAPSHOT]

This is the code I added:

   private static <K, V> Cache<K, V> checkCache(String cacheName) {
       final Cache<K, V> cache = cacheManager.getCache(cacheName, false);
       if (cache != null) {
           final ComponentStatus status = cache.getStatus();
           if (status != ComponentStatus.INITIALIZING && status != ComponentStatus.RUNNING) {
               cache.start();
           }
       }
       return cache;
   }",,,
5155,ISPN-2231,"Please see https://github.com/infinispan/infinispan/blob/master/core/src/test/java/org/infinispan/replication/SyncReplTest.java. When we switch lines 205 and 219 it pass with no problem. I expect that this shouldn't pass.

The problem is - how we can properly test whether replication call was SYNC or ASYNC.

Assigning to Tristan (or Mircea? familiar with mockito..) according to Manik's answer.",,,
5156,ISPN-2229,"metadata is spelled incorrectly in InfinispanDirectory.java


--- a/lucene-directory/src/main/java/org/infinispan/lucene/InfinispanDirectory.java
+++ b/lucene-directory/src/main/java/org/infinispan/lucene/InfinispanDirectory.java
@@ -283,7 +283,7 @@ public IndexInput openInput(String name) throws IOException {
       final FileCacheKey fileKey = new FileCacheKey(indexName, name);
       FileMetadata fileMetadata = (FileMetadata) metadataCache.get(fileKey);
       if (fileMetadata == null) {
-         throw new FileNotFoundException(""Error loading medatada for index file: "" + fileKey);
+         throw new FileNotFoundException(""Error loading metadata for index file: "" + fileKey);
       }
       else if (fileMetadata.getSize() <= fileMetadata.getBufferSize()) {
          //files smaller than chunkSize don't need a readLock
@@ -293,7 +293,7 @@ else if (fileMetadata.getSize() <= fileMetadata.getBufferSize()) {
          boolean locked = readLocks.acquireReadLock(name);
          if (!locked) {
             // safest reaction is to tell this file doesn't exist anymore.
-            throw new FileNotFoundException(""Error loading medatada for index file: "" + fileKey);
+            throw new FileNotFoundException(""Error loading metadata for index file: "" + fileKey);
          }
          return new InfinispanIndexInput(chunksCache, fileKey, fileMetadata, readLocks);
       }
",,,
5158,ISPN-2220,"Configuration overrides in already defined configurations are not saved in the cache manager's configuration overrides, leading to incorrect behaviour.

The issue is present both with old and new configuration.",,,
5180,ISPN-2219,"There's a background compilation error related to configuration changes:

{code}:hibernate-infinispan:compileTestJava/scratch/jenkins/workspace/Hibernate-master-Infinispan-master/hibernate-infinispan/src/test/java/

org/hibernate/test/cache/infinispan/tm/JBossStandaloneJtaExampleTest.java:90: 

init(org.infinispan.configuration.cache.Configuration) in org.infinispan.transaction.lookup.JBossStandaloneJTAManagerLookup cannot be applied to (org.infinispan.config.Configuration)
      lookup.init(new org.infinispan.config.Configuration());{code}

https://infinispan.ci.cloudbees.com/job/Hibernate-master-Infinispan-master/11/console",,,
5181,ISPN-2212,"When we use AtomicMap with replication queue, the contents are not replicated.

Normally we get delta, replicate it in prepare phase then commit the tx. However when replication queue enabled, commit tx comes first and then replication. In ReadCommittedEntry.commit() we clear delta out, so nothing is replicated.
",,,
5183,ISPN-2207,"In BaseStateTransferManagerImpl.waitForJoinToComplete() we wait on a CountDownLatch with a timeout, yet we don't check the return value.
If the timeout expires, the cache is considered started, but state transfer is not yet done.",,,
5186,ISPN-2206,"When using indexLocalOnly=true, the Lucene index is updated when the transaction is commited. 

After removing an entry from the cache (and before commiting the transaction), queries will still match the entry, but since the entry is no longer in the cache, the list returned by the query will contain a null value.

This forces clients to always check whether elements of the collection returned by queries are null. 

IMO, Ispan-query should handle this and simply skip the entries that were matched in the index, but are no longer in the cache. 



",,,
5189,ISPN-2203,Test being disabled as part of ISPN-2196 cos it's unstable.,,,
5190,ISPN-2193,"This problem was spotted by the Hibernate 2nd level cache testsuite.

Since the introduction of ExpandableMarshalledValueByteStream as an improvement to MarshalledValue, the war buffer might be allocated larger than the actually used buffer region. Most usages of getRaw() where correctly using the area, except the final line of the equals implementation of MarshalledValue - which is reached only in exceptional cases and configurations.",,,
5200,ISPN-2188,"Avoid the problem reported as
https://hibernate.onjira.com/browse/HHH-7499

Not strictly a bug in Infinispan, but checking against null is unnecessary.",,,
5201,ISPN-2187,"Hi,

While writing tests for Infinispan Flag.PUT_FOR_EXTERNAL_READ the following issue has been found.

In documentation it is said: 

 PUT_FOR_EXTERNAL_READ 
          Flags the invocation as a Cache.putForExternalRead(Object, Object) call, as opposed to a regular Map.put(Object, Object).

And the documentation for Cache.putForExternalRead(Object, Object) says:

void putForExternalRead(K key,
                        V value)
...................
 Errors and exceptions are 'silent' - logged at a much lower level than normal, and this method does not throw exceptions

The issue is the following:

when trying to perform operation using PUT_FOR_EXTERNAL_READ flag, the exception is thrown, it is not 'silent'.

cache1.getAdvancedCache().withFlags(Flag.PUT_FOR_EXTERNAL_READ).put(key, value);

The test is the following: 
{code}
public void testExceptionSuppression() throws Exception {
      Cache cache1 = cache(0, ""replSync"");
      Cache cache2 = cache(1, ""replSync"");
      Transport mockTransport = mock(Transport.class);
      RpcManagerImpl rpcManager = (RpcManagerImpl) TestingUtil.extractComponent(cache1, RpcManager.class);
      Transport originalTransport = TestingUtil.extractComponent(cache1, Transport.class);
      try {

         Address mockAddress1 = mock(Address.class);
         Address mockAddress2 = mock(Address.class);

         List<Address> memberList = new ArrayList<Address>(2);
         memberList.add(mockAddress1);
         memberList.add(mockAddress2);

         rpcManager.setTransport(mockTransport);

         when(mockTransport.getMembers()).thenReturn(memberList);

         when(mockTransport.getViewId()).thenReturn(originalTransport.getViewId());

         when(mockTransport.invokeRemotely(anyAddresses(), (CacheRpcCommand) anyObject(), anyResponseMode(),
                                             anyLong(), anyBoolean(), (ResponseFilter) anyObject()))
               .thenThrow(new RuntimeException(""Barf!""));

         try {
            cache1.put(key, value);
            fail(""Should have barfed"");
         }
         catch (RuntimeException re) {
         }

         // clean up any indeterminate state left over
         try {
            cache1.remove(key);
            fail(""Should have barfed"");
         }
         catch (RuntimeException re) {
         }

         assertNull(""Should have cleaned up"", cache1.get(key));

         // should not barf
         cache1.putForExternalRead(key, value);

         /** ------------------- Testing the same feature with Flag.PUT_FOR_EXTERNAL_READ **/
         try {
            cache1.remove(key);
            fail(""Should have barfed"");
         }
         catch (RuntimeException re) {
         }

         cache1.getAdvancedCache().withFlags(Flag.PUT_FOR_EXTERNAL_READ).put(key, value);
      }
      finally {
         if (rpcManager != null) rpcManager.setTransport(originalTransport);
      }
   }
{code}
Best regards,
Anna.",,,
5202,ISPN-2186,"This is not a serious problem, because so far the only thing I discoverd it causes is a superfluous debug level log message.

This happened in elasticity tests with radargun,
In these tests we go from 4 nodes to 8 and back to 4.

See views installed:
http://www.qa.jboss.com/~mlinhard/hyperion2/run218-radargun-08-elasticity-JDG.6.0.1.ER1/report/loganalysis/views.html

In this case, each time the node is shutdown it is the coordinator (I'm not sure whether this is accident or coordinators are picked by their seniority in the cluster)

The shutdown is made gracefully via DefaultCacheManager.stop() and each time this happens I can see an attempt of CacheViewsManagerImpl to install a new view - which doesn't complete because the coordinator shuts down few moments later and the new view is really established by a new coordinator.

Log from slave on node0003:
{code}
02:37:32,737 INFO  [org.radargun.stages.KillStage] (pool-1-thread-1) Tearing down cache wrapper.
02:38:02,752 WARN  [org.infinispan.transaction.TransactionTable] (pool-1-thread-1) ISPN000100: Stopping, but there are 9 local transactions and 0 remote transactions that did not finish in time.
02:38:02,755 DEBUG [org.infinispan.cacheviews.CacheViewsManagerImpl] (CacheViewInstaller-3,hyperion1098-55173) Installing new view CacheView{viewId=9, members=[hyperion1099-41789, hyperion1097-42149, hyperion1100-42888, hyperion1102-1099, hyperion1101-56019, hyperion1103-38655, hyperion1096-46484]} for cache x
02:38:04,279 INFO  [org.infinispan.remoting.transport.jgroups.JGroupsTransport] (pool-1-thread-1) ISPN000080: Disconnecting and closing JGroups Channel
02:38:04,641 INFO  [org.infinispan.remoting.transport.jgroups.JGroupsTransport] (pool-1-thread-1) ISPN000082: Stopping the RpcDispatcher
02:38:04,816 INFO  [org.radargun.Slave] (pool-1-thread-1) Finished stage: KillStage {tearDown=true, productName='jdg60', useSmartClassLoading=true, slaveIndex=0, activeSlavesCount=8, totalSlavesCount=8, slaves=[0]}
02:38:04,817 INFO  [org.radargun.Slave] (main) Ack successfully sent to the master
{code}

",,,
5205,ISPN-2185,"The following commit:
https://github.com/infinispan/infinispan/commit/672e91fab76c882498c24f5bf87d43b1c7654af5

adds a call to Cache.getCacheConfiguration().  In 5.1.x, this triggers a call to LegacyConfigurationAdaptor.adapt(...).  In AS7, this has a consequence of:
* a performance penalty per new cache entry (we use an atomic map per session)
* an INFO log message containing a warning about the eviction configuration",,,
5206,ISPN-2182,"e.g.
public DefaultCacheManager(GlobalConfiguration globalConfiguration, boolean start)
public DefaultCacheManager(GlobalConfiguration globalConfiguration)

This causes some properties to get lost, e.g. classloader",,,
5207,ISPN-2173,"When using xa enlistment (transaction/useSynchronization=false, default), and recovery is disabled (transaction/recovery/enabled=false, default) the transaction manager might invoke recovery related methods such as XAResource.forget() in certain situations.
E.g. the JBossTM invokes ""forget"", if during, XAResource.commit(xid, true) (second param means 1PC=true) an exception is thrown. (I expect an XAResource.rollback to be invoked in between the failed commit and forget). 
Here is such a stack trace: 
{quote}
2012-07-25 14:13:42,821 WARN  (testng-CheckRemoteLockAcquiredOnlyOnceDistTest:) [org.infinispan.transaction.xa.TransactionXaAdapter] Exception removing recovery information:java.lang.NullPointerException
        at org.infinispan.transaction.xa.TransactionXaAdapter.forget(TransactionXaAdapter.java:159)
        at com.arjuna.ats.internal.jta.resources.arjunacore.XAResourceRecord.forget(XAResourceRecord.java:759)
        at com.arjuna.ats.internal.jta.resources.arjunacore.XAResourceRecord.topLevelOnePhaseCommit(XAResourceRecord.java:691)
        at com.arjuna.ats.arjuna.coordinator.BasicAction.onePhaseCommit(BasicAction.java:2285)
        at com.arjuna.ats.arjuna.coordinator.BasicAction.End(BasicAction.java:1468)
        at com.arjuna.ats.arjuna.coordinator.TwoPhaseCoordinator.end(TwoPhaseCoordinator.java:98)
        at com.arjuna.ats.arjuna.AtomicAction.commit(AtomicAction.java:164)
        at com.arjuna.ats.internal.jta.transaction.arjunacore.TransactionImple.commitAndDisassociate(TransactionImple.java:1165)
        at com.arjuna.ats.internal.jta.transaction.arjunacore.BaseTransaction.commit(BaseTransaction.java:117)
        at org.infinispan.lock.CheckRemoteLockAcquiredOnlyOnceTest.testLockThenOperation(CheckRemoteLockAcquiredOnlyOnceTest.java:157)
        at org.infinispan.lock.CheckRemoteLockAcquiredOnlyOnceTest.testLockThenPutAll(CheckRemoteLockAcquiredOnlyOnceTest.java:100)
        at sun.reflect.NativeMethodAccessorImpl.invoke0(Native Method)
        at sun.reflect.NativeMethodAccessorImpl.invoke(NativeMethodAccessorImpl.java:57)
        at sun.reflect.DelegatingMethodAccessorImpl.invoke(DelegatingMethodAccessorImpl.java:43)
        at java.lang.reflect.Method.invoke(Method.java:601)
        at org.testng.internal.MethodInvocationHelper.invokeMethod(MethodInvocationHelper.java:74)
        at org.testng.internal.Invoker.invokeMethod(Invoker.java:673)
        at org.testng.internal.Invoker.invokeTestMethod(Invoker.java:846)
        at org.testng.internal.Invoker.invokeTestMethods(Invoker.java:1170)
        at org.testng.internal.TestMethodWorker.invokeTestMethods(TestMethodWorker.java:125)
        at org.testng.internal.TestMethodWorker.run(TestMethodWorker.java:109)
        at org.testng.TestRunner.runWorkers(TestRunner.java:1147)
        at org.testng.TestRunner.privateRun(TestRunner.java:749)
        at org.testng.TestRunner.run(TestRunner.java:600)
        at org.testng.SuiteRunner.runTest(SuiteRunner.java:317)
        at org.testng.SuiteRunner.access$000(SuiteRunner.java:34)
        at org.testng.SuiteRunner$SuiteWorker.run(SuiteRunner.java:351)
        at org.testng.internal.thread.ThreadUtil$CountDownLatchedRunnable.run(ThreadUtil.java:147)
        at java.util.concurrent.ThreadPoolExecutor.runWorker(ThreadPoolExecutor.java:1110)
        at java.util.concurrent.ThreadPoolExecutor$Worker.run(ThreadPoolExecutor.java:603)
        at java.lang.Thread.run(Thread.java:722)
{quote}

As we do allow xa enlistment *without* recovery enabled this NPE shouldn't be shown to the user.
Instead an warning should be logged stating that XA enlistment is configured without recovery, but recovery might be needed in certain situations.
",,,
5211,ISPN-2172,"There appears to be an issue L1 and removals. 

Seems like on removal, non-owners are not invalidated and data is left in memory.

If using a Hot Rod server, it would appear as if the remote get operations don't return anything after removal is cos it goes to an owner node, where data is indeed removed.

However, if you try to build a test case with embedded cache, it clearly shows that after removal, data is left in memory.",,,
5215,ISPN-2171,This flag is used in preload() method in CacheLoaderManagerImpl class but it seems have no effect. I can't find any implementation of functionality described in Flag class documentation. ,,,
5217,ISPN-2169,bin/profile.sh script still assumes the structure of the distribution before ISPN-1959 and does not correctly set up the classpath. Must be updated to use the runtime-classpath.txt files.,,,
5218,ISPN-2167,"The TestObjectStreamMarshaller.objectFromByteBuffer(byte[], int, int) method does not actually pass the array with offsets.  The code made a copy using the offset and size, but then passes the wrong byte array in.  This is causing some issues with some tests I am writing for a CacheStore that I had to work around for now.

I personally don't see why it creates a copy of the array when it could just pass in the offset and size directly and not incur the cost of copying the byte array again.  I have a fix that just passes the offset and index directly to the ByteArrayInputStream instead of doing the copy.  If you feel that the copy is still needed obviously then just change it to pass in newBytes as the change instead.

I will attach a pull request soon.",,,
5219,ISPN-2161,"Failed tests:   testInitiatorNodeCrashesBeforeCommit(org.infinispan.lock.singlelock.replicated.pessimistic.InitiatorCrashPessimisticReplTest): expected key 'k' to be locked on cache Cache '___defaultcache'@InitiatorCrashPessimisticReplTest-NodeD-44283, but it is not
",,,
5228,ISPN-2157,"Method: 
@Override
   public int read() throws IOException {
      int remaining = getBytesRemainingInChunk();
      if (remaining == 0) {
         if (endReached)
            return -1;
         fetchNextChunk();
         if (currentBuffer == null)
            return -1;
         else if (isLastChunk())
            endReached = true;
      }
      int retval = currentBuffer[localIndex++];
      index++;
      return retval;
   }
Line:
 int retval = currentBuffer[localIndex++];
contains error and must be replaced by:
int retval = 0x0ff&currentBuffer[localIndex++];",,,
5230,ISPN-2155,"The jdbc cache stores auto-generate the table name used to store cache contents by prefixing the cache name with some specified/default prefix.  However, if the cache name contains characters other than a letter, number, underscore, or period; the table creation fails.
In AS7, the cache name of a typical cache used for web sessions looks like: //default-host/mycontext  This obviously generates a invalid table name.
If the table name were instead to be quoted (if supported by the DBMS (see java.sql.DatabaseMetaData#getIdentifierQuoteString()), then the table name generated using the above cache name would be valid.
If we don't want to always quote the table name, then perhaps this could be enabled via a quoteTableName flag?",,,
5234,ISPN-2150,"When the event is trigger the getMembersAtStart/End() returns an empty set.

A test case can be found in here [1] and you can integrate it in the master if you want. =)

Cheers

[1] https://github.com/pruivo/infinispan/blob/data_rehash_event/core/src/test/java/org/infinispan/distribution/rehash/RehashNotification.java",,,
5250,ISPN-2147,"AbstractClusteredWriteSkewTest.testSharedCounter increments a cache-based counter in a loop and assumes that it can always make progress. If there is a leaked lock (because of ISPN-2081), the test's loop will never end.",,,
5251,ISPN-2145,"Can't find error's description for invalid jgroups configuration files. Shuffling elements of the file (why not!) makes it invalid, but log-files only report the existence of the error and you have to debug it to figure out the problem. It would be easier if the class JGroupsTransport also reports the exception, not just a generic message in blocks like

    } catch (Exception e) {
      log.errorCreatingChannelFromConfigFile(cfg);
      throw new CacheException(e);
    }

As a result log-file contains a lot of generic messages without explaining the problem, which in my case was quite helpful:

java.lang.Exception: events [GET_DIGEST SET_DIGEST FIND_INITIAL_MBRS FIND_ALL_VIEWS ] are required by GMS, but not provided by any of the protocols below it

",,,
5259,ISPN-2142,"This causes nasty side effects on Query as it listens to write operations and needs to strictly discard those not originating locally.

InvocationContext used with the APPLY_STATE command should have local=false.",,,
5269,ISPN-2139,"When a configuration property 
infinispan.client.hotrod.ping_on_startup=false
is passed to the properties of RemoteCacheManager, this
avoids ping in RemoteCacheManager.start() but
RemoteCacheManager.getCache() does ping without checking this property
and thus rendering this setting useless for scenario

where we want to specify
infinispan.client.hotrod.server_list

with list of servers with some of the servers possibly not available yet.
In such case we would expect the client to failover to first working server
and retrying the first operation we want to do with the cache.",,,
5272,ISPN-2138,"If I execute a MapReduce Task in AS7 a ClassCastEx occurs in the Mapper.

Thanks for help.

~Sandro

java.lang.ClassCastException: org.infinispan.marshall.MarshalledValue cannot be cast to de.adorsys.fireonec2.server.PrimeStats
	de.adorsys.fireonec2.server.PrimeCountMapper.map(PrimeCountMapper.java:10)
	org.infinispan.commands.read.MapReduceCommand.perform(MapReduceCommand.java:144)
	org.infinispan.distexec.mapreduce.MapReduceTask.execute(MapReduceTask.java:285)
	org.infinispan.distexec.mapreduce.MapReduceTask.execute(MapReduceTask.java:358)
	de.adorsys.fireonec2.server.StatsService.map(StatsService.java:44)
	sun.reflect.NativeMethodAccessorImpl.invoke0(Native Method)
	sun.reflect.NativeMethodAccessorImpl.invoke(NativeMethodAccessorImpl.java:39)
	sun.reflect.DelegatingMethodAccessorImpl.invoke(DelegatingMethodAccessorImpl.java:25)
	java.lang.reflect.Method.invoke(Method.java:597)
	org.jboss.as.ee.component.ManagedReferenceMethodInterceptorFactory$ManagedReferenceMethodInterceptor.processInvocation(ManagedReferenceMethodInterceptorFactory.java:72)
	org.jboss.invocation.InterceptorContext.proceed(InterceptorContext.java:288)
	org.jboss.invocation.InterceptorContext$Invocation.proceed(InterceptorContext.java:374)
	org.jboss.as.weld.ejb.Jsr299BindingsInterceptor.doMethodInterception(Jsr299BindingsIntercep",,,
5274,ISPN-2137,"Here's the sequence that might cause the leak:
- a tx locking K is prepared and committed on node A
- node B joins and becomes the primary owner of K
- tx and the lock on key is moved from A to B as part of the state transfer
- tx completion notification for tx is sent (async+oob) to A and not to B(old view)
- there's no way for A to reply to the the originator telling it to re-send the tx completion notification to B as the call is async+oob
- this would cause the lock transaction to leak on B

Suggested solution:
After a chat with Dan, following fixed seemed to be the most appropriate:
when receiving a tx completion notification for a tx that's being migrated over as result of state transfer forward it to the new lock owner. With current blocking ST, this fwd call waits only after the tx state is transferred to the new owner. This would need some more thought for the new NBST code.

Note: there's no issue in the case of nodes leaving the cluster, as the current logic of backup nodes would assure a proper cleanup.",,,
5284,ISPN-2132,"Hi,
   I am getting a StackOverFlowError when I call remote EJB's that return an exception. The EJBs are running in Weblogic configured to use the LLR XA transaction optimization. We are currently using version 5.0.1-FINAL. I have tried the latest 5.1.5-FINAL version and the problem still occurs.

The top of the stacktrace is:

 javax.ejb.EJBException: EJB encountered System Exception: : java.lang.StackOverflowError
	at java.lang.Integer.toUnsignedString(Integer.java:245)
	at java.lang.Integer.toHexString(Integer.java:174)
	at weblogic.transaction.internal.XAResourceHelper.xidToString(XAResourceHelper.java:26)
	at weblogic.transaction.internal.XAResourceHelper.xidToString(XAResourceHelper.java:21)
	at weblogic.transaction.internal.XidImpl.toString(XidImpl.java:151)
	at java.lang.String.valueOf(String.java:2826)
	at java.lang.StringBuffer.append(StringBuffer.java:219)
	at weblogic.transaction.internal.TransactionImpl.toString(TransactionImpl.java:965)
	at java.lang.String.valueOf(String.java:2826)
	at java.lang.StringBuilder.append(StringBuilder.java:115)
	at org.infinispan.transaction.LocalTransaction.toString(LocalTransaction.java:159)
	at org.infinispan.transaction.xa.LocalXaTransaction.toString(LocalXaTransaction.java:66)
	at java.lang.String.valueOf(String.java:2826)
	at java.lang.StringBuilder.append(StringBuilder.java:115)
	at org.infinispan.transaction.xa.TransactionXaAdapter.toString(TransactionXaAdapter.java:214)
	at java.lang.String.valueOf(String.java:2826)
	at java.lang.StringBuffer.append(StringBuffer.java:219)
	at weblogic.transaction.internal.XAServerResourceInfo.toString(XAServerResourceInfo.java:151)
	at weblogic.transaction.internal.TransactionImpl.toString(TransactionImpl.java:985)
	at java.lang.String.valueOf(String.java:2826)
	at java.lang.StringBuilder.append(StringBuilder.java:115)
	at org.infinispan.transaction.LocalTransaction.toString(LocalTransaction.java:159)
	at org.infinispan.transaction.xa.LocalXaTransaction.toString(LocalXaTransaction.java:66)
	at java.lang.String.valueOf(String.java:2826)
	at java.lang.StringBuilder.append(StringBuilder.java:115)
	at org.infinispan.transaction.xa.TransactionXaAdapter.toString(TransactionXaAdapter.java:214)
	at java.lang.String.valueOf(String.java:2826)
	at java.lang.StringBuffer.append(StringBuffer.java:219)
	at weblogic.transaction.internal.XAServerResourceInfo.toString(XAServerResourceInfo.java:151)
	at weblogic.transaction.internal.TransactionImpl.toString(TransactionImpl.java:985)
	at java.lang.String.valueOf(String.java:2826)
	at java.lang.StringBuilder.append(StringBuilder.java:115)
	at org.infinispan.transaction.LocalTransaction.toString(LocalTransaction.java:159)
	at org.infinispan.transaction.xa.LocalXaTransaction.toString(LocalXaTransaction.java:66)
	at java.lang.String.valueOf(String.java:2826)
	at java.lang.StringBuilder.append(StringBuilder.java:115)
	at org.infinispan.transaction.xa.TransactionXaAdapter.toString(TransactionXaAdapter.java:214)

",,,
5285,ISPN-2120,"For example, ""stores"": it counts both when someone calls put(), and when a node receives a replication message for the put(). It should only be counted once!

Check other similar scenarios.",,,
5289,ISPN-2118,The Cassandra cache store pulls in cassandra-all with scope=compile only for the ByteBufferUtil class. Provide an internal version of the ByteBufferUtil methods we use and put cassandra-all on scope=test,,,
5292,ISPN-2117,"See, https://infinispan.ci.cloudbees.com/job/Infinispan-master-JDK6-tcp/722

It can lead to unclosed cache managers:

{code}!!!!!!!!!!!!!!!!!!!!!!!!!!!!!!!!!!!!!!!!!!!!!!!!!!!!!!!!!!!!!!!!!!!!!!!!!!!!!!!!!!!!!!!!!!!!!!!!!!!!!!!!!!!!!!!!!!!!!!!!!!!!!!!!!!!!!!!!!!
!!!!!! (testng-VersionedReplStateTransferTest) Exiting because container.versioning.VersionedReplStateTransferTest has NOT shut down all the cache managers it has started !!!!!!!
!!!!!! (testng-VersionedReplStateTransferTest) The still-running cacheManager was created here: org.infinispan.container.versioning.VersionedReplStateTransferTest.testStateTransfer(VersionedReplStateTransferTest.java:77) !!!!!!!
!!!!!!!!!!!!!!!!!!!!!!!!!!!!!!!!!!!!!!!!!!!!!!!!!!!!!!!!!!!!!!!!!!!!!!!!!!!!!!!!!!!!!!!!!!!!!!!!!!!!!!!!!!!!!!!!!!!!!!!!!!!!!!!!!!!!!!!!!!{code}",,,
5293,ISPN-2112,"See http://goo.gl/H99K2

{code}2012-06-14 13:08:56,856 ERROR [TCP] (Incoming-1,ISPN,StaleLockRecoveryTest-NodeB-14067) failed sending message to StaleLockRecoveryTest-NodeA-41830 (59 bytes): java.net.SocketException: Socket closed, cause: null
2012-06-14 13:08:56,976 ERROR [UnitTestTestNGListener] (testng-StaleLockRecoveryTest) Method testStaleLock(org.infinispan.tx.StaleLockRecoveryTest) threw an exception
java.lang.IllegalStateException: Cache at address StaleLockRecoveryTest-NodeB-14067 had 2 members; expecting 1. Members were (StaleLockRecoveryTest-NodeA-41830, StaleLockRecoveryTest-NodeB-14067)
	at org.infinispan.test.TestingUtil.isCacheViewComplete(TestingUtil.java:517)
	at org.infinispan.test.TestingUtil.blockUntilViewReceived(TestingUtil.java:405)
	at org.infinispan.test.TestingUtil.blockUntilViewReceived(TestingUtil.java:396)
	at org.infinispan.tx.StaleLockRecoveryTest.testStaleLock(StaleLockRecoveryTest.java:74)
	at sun.reflect.NativeMethodAccessorImpl.invoke0(Native Method)
	at sun.reflect.NativeMethodAccessorImpl.invoke(NativeMethodAccessorImpl.java:39)
	at sun.reflect.DelegatingMethodAccessorImpl.invoke(DelegatingMethodAccessorImpl.java:25)
	at java.lang.reflect.Method.invoke(Method.java:597)
	at org.testng.internal.MethodInvocationHelper.invokeMethod(MethodInvocationHelper.java:74)
	at org.testng.internal.Invoker.invokeMethod(Invoker.java:673)
	at org.testng.internal.Invoker.invokeTestMethod(Invoker.java:846)
	at org.testng.internal.Invoker.invokeTestMethods(Invoker.java:1170)
	at org.testng.internal.TestMethodWorker.invokeTestMethods(TestMethodWorker.java:125)
	at org.testng.internal.TestMethodWorker.run(TestMethodWorker.java:109)
	at org.testng.TestRunner.runWorkers(TestRunner.java:1147)
	at org.testng.TestRunner.privateRun(TestRunner.java:749)
	at org.testng.TestRunner.run(TestRunner.java:600)
	at org.testng.SuiteRunner.runTest(SuiteRunner.java:317)
	at org.testng.SuiteRunner.access$000(SuiteRunner.java:34)
	at org.testng.SuiteRunner$SuiteWorker.run(SuiteRunner.java:351)
	at org.testng.internal.thread.ThreadUtil$CountDownLatchedRunnable.run(ThreadUtil.java:147)
	at java.util.concurrent.ThreadPoolExecutor$Worker.runTask(ThreadPoolExecutor.java:886)
	at java.util.concurrent.ThreadPoolExecutor$Worker.run(ThreadPoolExecutor.java:908)
	at java.lang.Thread.run(Thread.java:662)
[testng-StaleLockRecoveryTest] Test testStaleLock(org.infinispan.tx.StaleLockRecoveryTest) failed.
2012-06-14 13:08:56,986 ERROR [UnitTestTestNGListener] (testng-StaleLockRecoveryTest) Test failed testStaleLock(org.infinispan.tx.StaleLockRecoveryTest)
java.lang.IllegalStateException: Cache at address StaleLockRecoveryTest-NodeB-14067 had 2 members; expecting 1. Members were (StaleLockRecoveryTest-NodeA-41830, StaleLockRecoveryTest-NodeB-14067)
	at org.infinispan.test.TestingUtil.isCacheViewComplete(TestingUtil.java:517)
	at org.infinispan.test.TestingUtil.blockUntilViewReceived(TestingUtil.java:405)
	at org.infinispan.test.TestingUtil.blockUntilViewReceived(TestingUtil.java:396)
	at org.infinispan.tx.StaleLockRecoveryTest.testStaleLock(StaleLockRecoveryTest.java:74)
	at sun.reflect.NativeMethodAccessorImpl.invoke0(Native Method)
	at sun.reflect.NativeMethodAccessorImpl.invoke(NativeMethodAccessorImpl.java:39)
	at sun.reflect.DelegatingMethodAccessorImpl.invoke(DelegatingMethodAccessorImpl.java:25)
	at java.lang.reflect.Method.invoke(Method.java:597)
	at org.testng.internal.MethodInvocationHelper.invokeMethod(MethodInvocationHelper.java:74)
	at org.testng.internal.Invoker.invokeMethod(Invoker.java:673)
	at org.testng.internal.Invoker.invokeTestMethod(Invoker.java:846)
	at org.testng.internal.Invoker.invokeTestMethods(Invoker.java:1170)
	at org.testng.internal.TestMethodWorker.invokeTestMethods(TestMethodWorker.java:125)
	at org.testng.internal.TestMethodWorker.run(TestMethodWorker.java:109)
	at org.testng.TestRunner.runWorkers(TestRunner.java:1147)
	at org.testng.TestRunner.privateRun(TestRunner.java:749)
	at org.testng.TestRunner.run(TestRunner.java:600)
	at org.testng.SuiteRunner.runTest(SuiteRunner.java:317)
	at org.testng.SuiteRunner.access$000(SuiteRunner.java:34)
	at org.testng.SuiteRunner$SuiteWorker.run(SuiteRunner.java:351)
	at org.testng.internal.thread.ThreadUtil$CountDownLatchedRunnable.run(ThreadUtil.java:147)
	at java.util.concurrent.ThreadPoolExecutor$Worker.runTask(ThreadPoolExecutor.java:886)
	at java.util.concurrent.ThreadPoolExecutor$Worker.run(ThreadPoolExecutor.java:908)
	at java.lang.Thread.run(Thread.java:662)
Test suite progress: tests succeeded: 82, failed: 1, skipped: 0.{code}",,,
5299,ISPN-2111,"See http://goo.gl/In41y

{code}java.lang.AssertionError
	at org.infinispan.client.hotrod.retry.ReplicationRetryTest.testPut(ReplicationRetryTest.java:56)
	at sun.reflect.NativeMethodAccessorImpl.invoke0(Native Method)
	at sun.reflect.NativeMethodAccessorImpl.invoke(NativeMethodAccessorImpl.java:39)
	at sun.reflect.DelegatingMethodAccessorImpl.invoke(DelegatingMethodAccessorImpl.java:25)
	at java.lang.reflect.Method.invoke(Method.java:597)
	at org.testng.internal.MethodInvocationHelper.invokeMethod(MethodInvocationHelper.java:74)
	at org.testng.internal.Invoker.invokeMethod(Invoker.java:673)
	at org.testng.internal.Invoker.invokeTestMethod(Invoker.java:846)
	at org.testng.internal.Invoker.invokeTestMethods(Invoker.java:1170)
	at org.testng.internal.TestMethodWorker.invokeTestMethods(TestMethodWorker.java:125)
	at org.testng.internal.TestMethodWorker.run(TestMethodWorker.java:109)
	at org.testng.TestRunner.runWorkers(TestRunner.java:1147)
	at org.testng.TestRunner.privateRun(TestRunner.java:749)
	at org.testng.TestRunner.run(TestRunner.java:600)
	at org.testng.SuiteRunner.runTest(SuiteRunner.java:317)
	at org.testng.SuiteRunner.access$000(SuiteRunner.java:34)
	at org.testng.SuiteRunner$SuiteWorker.run(SuiteRunner.java:351)
	at org.testng.internal.thread.ThreadUtil$CountDownLatchedRunnable.run(ThreadUtil.java:147)
	at java.util.concurrent.ThreadPoolExecutor$Worker.runTask(ThreadPoolExecutor.java:886)
	at java.util.concurrent.ThreadPoolExecutor$Worker.run(ThreadPoolExecutor.java:908)
	at java.lang.Thread.run(Thread.java:662){code}",,,
5301,ISPN-2110,"See http://goo.gl/qbFML

{code}org.infinispan.client.hotrod.exceptions.TransportException:: java.net.SocketTimeoutException
	at org.infinispan.client.hotrod.impl.transport.tcp.TcpTransport.readByte(TcpTransport.java:184)
	at org.infinispan.client.hotrod.impl.protocol.Codec10.readHeader(Codec10.java:84)
	at org.infinispan.client.hotrod.impl.operations.HotRodOperation.readHeaderAndValidate(HotRodOperation.java:78)
	at org.infinispan.client.hotrod.impl.operations.AbstractKeyValueOperation.sendPutOperation(AbstractKeyValueOperation.java:72)
	at org.infinispan.client.hotrod.impl.operations.PutOperation.executeOperation(PutOperation.java:52)
	at org.infinispan.client.hotrod.impl.operations.PutOperation.executeOperation(PutOperation.java:41)
	at org.infinispan.client.hotrod.impl.operations.RetryOnFailureOperation.execute(RetryOnFailureOperation.java:68)
	at org.infinispan.client.hotrod.impl.RemoteCacheImpl.put(RemoteCacheImpl.java:220)
	at org.infinispan.CacheSupport.put(CacheSupport.java:53)
	at org.infinispan.client.hotrod.SocketTimeoutErrorTest.testErrorWhileDoingPut(SocketTimeoutErrorTest.java:105)
	at sun.reflect.NativeMethodAccessorImpl.invoke0(Native Method)
	at sun.reflect.NativeMethodAccessorImpl.invoke(NativeMethodAccessorImpl.java:39)
	at sun.reflect.DelegatingMethodAccessorImpl.invoke(DelegatingMethodAccessorImpl.java:25)
	at java.lang.reflect.Method.invoke(Method.java:597)
	at org.testng.internal.MethodInvocationHelper.invokeMethod(MethodInvocationHelper.java:74)
	at org.testng.internal.Invoker.invokeMethod(Invoker.java:673)
	at org.testng.internal.Invoker.invokeTestMethod(Invoker.java:846)
	at org.testng.internal.Invoker.invokeTestMethods(Invoker.java:1170)
	at org.testng.internal.TestMethodWorker.invokeTestMethods(TestMethodWorker.java:125)
	at org.testng.internal.TestMethodWorker.run(TestMethodWorker.java:109)
	at org.testng.TestRunner.runWorkers(TestRunner.java:1147)
	at org.testng.TestRunner.privateRun(TestRunner.java:749)
	at org.testng.TestRunner.run(TestRunner.java:600)
	at org.testng.SuiteRunner.runTest(SuiteRunner.java:317)
	at org.testng.SuiteRunner.access$000(SuiteRunner.java:34)
	at org.testng.SuiteRunner$SuiteWorker.run(SuiteRunner.java:351)
	at org.testng.internal.thread.ThreadUtil$CountDownLatchedRunnable.run(ThreadUtil.java:147)
	at java.util.concurrent.ThreadPoolExecutor$Worker.runTask(ThreadPoolExecutor.java:886)
	at java.util.concurrent.ThreadPoolExecutor$Worker.run(ThreadPoolExecutor.java:908)
	at java.lang.Thread.run(Thread.java:662)
Caused by: java.net.SocketTimeoutException
	at sun.nio.ch.SocketAdaptor$SocketInputStream.read(SocketAdaptor.java:201)
	at sun.nio.ch.ChannelInputStream.read(ChannelInputStream.java:86)
	at java.io.BufferedInputStream.fill(BufferedInputStream.java:218)
	at java.io.BufferedInputStream.read(BufferedInputStream.java:237)
	at org.infinispan.client.hotrod.impl.transport.tcp.TcpTransport.readByte(TcpTransport.java:179){code}

The test could be reduced to simply expecting the socket, the put calls after that are not really necessary.",,,
5302,ISPN-2108,"HeavyLoadConnectionPoolingTest.testHeavyLoad has been disabled cos it was unstable.

It needs to be reenabled once it's been looked into.",,,
5303,ISPN-2101,"The cache will not be created because of the following sql error:
Running sql 'SELECT DATA_COLUMN, ID_COLUMN FROM ISPN_STRING_TABLE_keychain LIMIT ?


ERROR org.infinispan.loaders.jdbc.DataManipulationHelper[253] - ISPN008007: SQL error while fetching all StoredEntries
java.sql.SQLSyntaxErrorException: Syntax error: Encountered ""?"" at line 1, column 69.
        at org.apache.derby.impl.jdbc.SQLExceptionFactory40.getSQLException(Unknown Source)
        at org.apache.derby.impl.jdbc.Util.generateCsSQLException(Unknown Source)
        at org.apache.derby.impl.jdbc.TransactionResourceImpl.wrapInSQLException(Unknown Source)
        at org.apache.derby.impl.jdbc.TransactionResourceImpl.handleException(Unknown Source)
        at org.apache.derby.impl.jdbc.EmbedConnection.handleException(Unknown Source)
        at org.apache.derby.impl.jdbc.ConnectionChild.handleException(Unknown Source)
        at org.apache.derby.impl.jdbc.EmbedPreparedStatement.<init>(Unknown Source)
        at org.apache.derby.impl.jdbc.EmbedPreparedStatement20.<init>(Unknown Source)
        at org.apache.derby.impl.jdbc.EmbedPreparedStatement30.<init>(Unknown Source)
        at org.apache.derby.impl.jdbc.EmbedPreparedStatement40.<init>(Unknown Source)
        at org.apache.derby.jdbc.Driver40.newEmbedPreparedStatement(Unknown Source)
        at org.apache.derby.impl.jdbc.EmbedConnection.prepareStatement(Unknown Source)
        at org.apache.derby.impl.jdbc.EmbedConnection.prepareStatement(Unknown Source)
        at sun.reflect.NativeMethodAccessorImpl.invoke0(Native Method)
        at sun.reflect.NativeMethodAccessorImpl.invoke(NativeMethodAccessorImpl.java:57)
        at sun.reflect.DelegatingMethodAccessorImpl.invoke(DelegatingMethodAccessorImpl.java:43)

The problem is that Apache Derby does not support select LIMIT.

See here from Derby doc:
5.2. Does Derby support a LIMIT command?
^

Derby does not support the LIMIT syntax. However, Derby 10.4 added the ROW_NUMBER function and Derby 10.7 added the OFFSET and FETCH clauses.

Derby also supports limiting the number of rows returned by a query through JDBC. For example, to fetch the first 5 rows of a large table:

Statement stmt = con.createStatement();
stmt.setMaxRows(5);
ResultSet rs = stmt.executeQuery(""SELECT * FROM myLargeTable"");

Some related tuning tips are available in this external article.

Starting with the 10.4.1.3 release Derby also supports limiting the number of rows using the ROW_NUMBER function.

For example, to fetch the first 5 rows of a large table:

SELECT * FROM (
    SELECT ROW_NUMBER() OVER() AS rownum, myLargeTable.*
    FROM myLargeTable
) AS tmp
WHERE rownum <= 5;

The ROW_NUMBER function can also be used to select a limited number of rows starting with an offset, for example:

SELECT * FROM (
    SELECT ROW_NUMBER() OVER() AS rownum, myLargeTable.*
    FROM myLargeTable
) AS tmp
WHERE rownum > 200000 AND rownum <= 200005;

For more information, refer to the ROW_NUMBER built-in function in the Derby Reference Manual (available from the Documentation page). Development notes are available on the OLAPRowNumber wiki page.

The LIMIT keyword is not defined in the SQL standard, and is currently not supported.

",,,
5304,ISPN-2096,"When the coordinator receives a {{CacheViewControlCommand(REQUEST_JOIN)}} command from a node that's already a member of the cache, it should just ignore it. Currently it tries to install a new cache view with a duplicate member, and the new cache view installation fails with this error:

{noformat}
[13:37:08,442] [WARN] (CacheViewControlCommand.java:141) - ISPN000071: Caught exception when handling command CacheViewControlCommand{cache=Demo, type=PREPARE_VIEW, sender=ppl-poz-nb0074/testy, newViewId=2, newMembers=[PPL-POZ-NB0074-33316, PPL-POZ-NB0074-33316], oldViewId=1, oldMembers=[PPL-POZ-NB0074-33316]}
java.lang.IllegalStateException: Cannot prepare new view CacheView{viewId=2, members=[PPL-POZ-NB0074-33316, PPL-POZ-NB0074-33316]} on cache Demo, we are currently preparing view CacheView{viewId=2, members=[PPL-POZ-NB0074-33316, PPL-POZ-NB0074-33316]}
    at org.infinispan.cacheviews.CacheViewInfo.prepareView(CacheViewInfo.java:102)
    at org.infinispan.cacheviews.CacheViewsManagerImpl.handlePrepareView(CacheViewsManagerImpl.java:481)
    at org.infinispan.commands.control.CacheViewControlCommand.perform(CacheViewControlCommand.java:126)
{noformat}",,,
5305,ISPN-2095,"Here's the scenario:

Given 2 nodes with REPL_SYNC cache with passivating cache store (e.g. default web cache in AS7).

1. Create cache entry containing atomic map with 2 map entries on node1.
2. Passivate that cache entry on node2 via manual evict.
3. Modify 1 of the atomic map entries within the cache entry on node1.
4. Lookup atomic map on node2.  It only contains 1 map entry - the map entry modified in step 3.  The other map entry is lost.",,,
5311,ISPN-2092,"Using a local cache with optimistic locking, repeatable read and write skew check, two threads will concurrently execute a transaction that put() the same key. In this case write skew check is properly detected and only one is able to commit. If the two threads modify two keys no write skew check happens and both will commit. It turns out there is an optimization in OptimisticLockingInterceptor for single modification transactions. The write skew check is properly done on this code path but is not done for the code path that handles transactions with multiple modifications. More specifically, LockAcquisitionVisitor.performWriteSkewCheck is not invoked at all. Please have a look at WriteSkewTest.testCheckWriteSkewWithMultipleModifications() in the pull request that demonstrates the issue.
",,,
5316,ISPN-2090,"When implementing @TransactionCompleted in a sync listener, calling cache.get() even when event.isPre=false throws:

{code}IllegalStateException - ActionStatus.COMMITTED  is not in a valid state to be invoking cache operations on{code}",,,
5325,ISPN-2089,"This test fails:

{code}public class DistSyncTxCacheStoreSharedTest extends BaseDistCacheStoreTest {

   public DistSyncTxCacheStoreSharedTest() {
      sync = true;
      tx = true;
      testRetVals = true;
      shared = true;
      INIT_CLUSTER_SIZE = 2;
      numOwners = 1;
   }

   public void testPutFromNonOwner() throws Exception {
      Cache<Object, String> cacheX = getFirstNonOwner(""key1"");
      CacheStore storeX = TestingUtil.extractComponent(
            cacheX, CacheLoaderManager.class).getCacheStore();
      cacheX.put(""key1"", ""v1"");
      assertEquals(""v1"", cacheX.get(""key1""));
      assertNotNull(storeX.load(""key1""));
      assertEquals(""v1"", storeX.load(""key1"").getValue());
   }

}{code}",,,
5329,ISPN-2088,"In Infinispan 5.1.5, I'm experiencing a consistent NPE in the constructor in DefaultCacheManager at line 434 - DefaultCacheManager(String globalConfigurationFile, String defaultConfigurationFile, String namedCacheFile, boolean start), when the named cache file is specified.
 
On line 447, it calls defineConfiguration(), which ultimately NPEs on line 974 because the globalComponentRegistry has not yet been created. If you look back at line 447, you can see that the globalComponentRegistry is created afterwards on line 450.",,,
5333,ISPN-2083,"When a _CacheLoaderConfig_ is used which is not also a _CacheStoreConfig_, the LegacyConfigurationAdaptor is not setting the configured properties on the CacheLoader",,,
5348,ISPN-2082,"I've configured a JdbcStringBasedCacheStore with a VARCHAR(4000) key column and a BLOB value column.  If I try to store a BLOB value of less than 4000 bytes, everything works fine.  If the value is greater, the cache store fails with ORA-24816.  This occurs because the BLOB column is not the last one in the PreparedStatement SQL as the Oracle driver requires.  My current, sad workaround is to clone the JdbcStringBasedCacheStore implementation and write my own insert/update SQL in storeLockSafe().  This works fine, but obviously isn't ideal from an upgrade point of view.  Simply overriding storeLockSafe() isn't an option due to all the private fields.",,,
5352,ISPN-2081,"There's no ordering between the prepare and commit/rollback messages, as the later are sent OOB.
With this in mind, the following transaction leak might happen:
Tx1 send prepare on nodes {A,B}
1. the message reaches A and timeouts but hasn't yet been processed on B
2. The transaction originator reacts immediately to the timeout received from A without waiting the response from B and sends a rollback request
3. The rollback request is processed on A and B 
4. The initial prepare is then processed on B

At this point we have an orphan transaction prepare on B.
Whilst this is not causing any inconsistencies, it keeps keys locked indefinitely and is a memory leak.  

The solution would be to wait at 2 for all the prepare messages *before* sending the rollback.
Attached is a unit test to reproduce the issue.

Related mailing list thread: http://infinispan.markmail.org/search/#query:%20list%3Aorg.jboss.lists.infinispan-dev+page:1+mid:xgnmtee56jpqifs6+state:results  ",,,
5375,ISPN-2079,"Not much on TRACE logs, but something's wrong with it.

{code}Error Message

expected:<2> but was:<1>
Stacktrace

java.lang.AssertionError: expected:<2> but was:<1>
	at org.testng.AssertJUnit.fail(AssertJUnit.java:57)
	at org.testng.AssertJUnit.failNotEquals(AssertJUnit.java:362)
	at org.testng.AssertJUnit.assertEquals(AssertJUnit.java:78)
	at org.testng.AssertJUnit.assertEquals(AssertJUnit.java:243)
	at org.testng.AssertJUnit.assertEquals(AssertJUnit.java:250)
	at org.infinispan.client.hotrod.ClientConnectionPoolingTest.testMaxActiveReached(ClientConnectionPoolingTest.java:206)
	at sun.reflect.NativeMethodAccessorImpl.invoke0(Native Method)
	at sun.reflect.NativeMethodAccessorImpl.invoke(NativeMethodAccessorImpl.java:39)
	at sun.reflect.DelegatingMethodAccessorImpl.invoke(DelegatingMethodAccessorImpl.java:25)
	at java.lang.reflect.Method.invoke(Method.java:597)
	at org.testng.internal.MethodInvocationHelper.invokeMethod(MethodInvocationHelper.java:74)
	at org.testng.internal.Invoker.invokeMethod(Invoker.java:673)
	at org.testng.internal.Invoker.invokeTestMethod(Invoker.java:846)
	at org.testng.internal.Invoker.invokeTestMethods(Invoker.java:1170)
	at org.testng.internal.TestMethodWorker.invokeTestMethods(TestMethodWorker.java:125)
	at org.testng.internal.TestMethodWorker.run(TestMethodWorker.java:109)
	at org.testng.TestRunner.runWorkers(TestRunner.java:1147)
	at org.testng.TestRunner.privateRun(TestRunner.java:749)
	at org.testng.TestRunner.run(TestRunner.java:600)
	at org.testng.SuiteRunner.runTest(SuiteRunner.java:317)
	at org.testng.SuiteRunner.access$000(SuiteRunner.java:34)
	at org.testng.SuiteRunner$SuiteWorker.run(SuiteRunner.java:351)
	at org.testng.internal.thread.ThreadUtil$CountDownLatchedRunnable.run(ThreadUtil.java:147)
	at java.util.concurrent.ThreadPoolExecutor$Worker.runTask(ThreadPoolExecutor.java:886)
	at java.util.concurrent.ThreadPoolExecutor$Worker.run(ThreadPoolExecutor.java:908)
	at java.lang.Thread.run(Thread.java:662){code}",,,
5376,ISPN-2078,"Javadoc currently reads: ""Returns the parent node. If this is the root node, this method returns <code>null</code>."".
Actually, if invoked on root node itreturns itself. This behaviour is consistent with JBoss Cache and has to be maintained for legacy compatibility. Javadoc must be fixed to reflect this.",,,
5377,ISPN-2077,"Transaction manager silently aborts transaction commit due to write skew conflicts with other concurrent TX but does not throw RollbackException from TransactionManager.commit() as mandated by JTA spec. This only happens for a non-transactional cache. Tx for non-transactional caches are supported via DummyTransactionManager/DummyTransaction which seems to behave quite differently than JBoss TM and the JTA spec.

I've done a simple test. One non-transactional cache with batching, optimistic locking, simple versioning and write skew check. I use explicit manual transaction demarcation. N threads attempt to remove the same key concurrently and I count how many succeeded to remove (ie. remove(key,value) returned true) and also commit the TX successfully. I expect 1 but it turns out there are more successes.",,,
5379,ISPN-2076,"A simple write skew check failure is logged as a critical error in org.infinispan.interceptors.InvocationContextInterceptor:146

This should be reported at most as DEBUG (but still re-thrown to the invoker) 

{quote}
(main) ISPN000136: Execution error
org.infinispan.CacheException: Detected write skew - concurrent removal of entry!
	at org.infinispan.container.entries.RepeatableReadEntry.performLocalWriteSkewCheck(RepeatableReadEntry.java:75)
{quote}",,,
5383,ISPN-2074,"If the normalised consistent hash of the key has value equal to 0 then an incorrect node is returned. 
",,,
5385,ISPN-2073,"Some modules' logging message id ranges overlap (hbase+cassandra, core+tree). Clean up and add the ranges to README-i18n.txt",,,
5388,ISPN-2072,"When having this configuration:
{code:xml}
<transaction
        transactionMode=""TRANSACTIONAL""
        transactionManagerLookupClass=""org.infinispan.transaction.lookup.JBossStandaloneJTAManagerLookup""/>
    <locking isolationLevel=""REPEATABLE_READ"" writeSkewCheck=""true"" />
{code}

When a write skew check is failed, the following exception is propagated to the user code:
{quote}
org.infinispan.CacheException: Detected write skew - concurrent removal of entry!
	at org.infinispan.container.entries.RepeatableReadEntry.performLocalWriteSkewCheck(RepeatableReadEntry.java:75)
        at org.infinispan.container.entries.RepeatableReadEntry.copyForUpdate(RepeatableReadEntry.java:52)
	at org.infinispan.container.EntryFactoryImpl.wrapEntryForRemove(EntryFactoryImpl.java:133)
	at org.infinispan.interceptors.EntryWrappingInterceptor.visitRemoveCommand(EntryWrappingInterceptor.java:158)
	at org.infinispan.commands.write.RemoveCommand.acceptVisitor(RemoveCommand.java:72)
	at org.infinispan.interceptors.base.CommandInterceptor.invokeNextInterceptor(CommandInterceptor.java:116)
	at org.infinispan.interceptors.locking.OptimisticLockingInterceptor.visitRemoveCommand(OptimisticLockingInterceptor.java:173)
	at org.infinispan.commands.write.RemoveCommand.acceptVisitor(RemoveCommand.java:72)
{quote}

The user code is catching the exception, and attempts a rollback. The rollback fails with:

{quote}
WARN  [jta] (main) ARJUNA016045: attempted rollback of < formatId=131077, gtrid_length=29, bqual_length=36, tx_uid=0:ffffac11823e:8e2d:4fc39246:2669f, node_name=1, branch_uid=0:ffffac11823e:8e2d:4fc39246:266a4, subordinatenodename=null, eis_name=0 > (TransactionXaAdapter\{localTransaction=LocalXaTransaction\{xid=< formatId=131077, gtrid_length=29, bqual_length=36, tx_uid=0:ffffac11823e:8e2d:4fc39246:2669f, node_name=1, branch_uid=0:ffffac11823e:8e2d:4fc39246:266a4, subordinatenodename=null, eis_name=0 >} LocalTransaction\{remoteLockedNodes=null, isMarkedForRollback=false, transaction=TransactionImple < ac, BasicAction: 0:ffffac11823e:8e2d:4fc39246:2669f status: ActionStatus.ABORTING >, lockedKeys=null, backupKeyLocks=null, viewId=-1} org.infinispan.transaction.xa.LocalXaTransaction@99a9}) failed with exception code XAException.XAER_NOTA
javax.transaction.xa.XAException
	at org.infinispan.transaction.xa.TransactionXaAdapter.getLocalTransactionAndValidateImpl(TransactionXaAdapter.java:245)
	at org.infinispan.transaction.xa.TransactionXaAdapter.rollback(TransactionXaAdapter.java:134)
	at com.arjuna.ats.internal.jta.resources.arjunacore.XAResourceRecord.topLevelAbort(XAResourceRecord.java:345)
	at com.arjuna.ats.arjuna.coordinator.BasicAction.doAbort(BasicAction.java:2876)
	at com.arjuna.ats.arjuna.coordinator.BasicAction.doAbort(BasicAction.java:2855)
	at com.arjuna.ats.arjuna.coordinator.BasicAction.Abort(BasicAction.java:1618)
	at com.arjuna.ats.arjuna.coordinator.TwoPhaseCoordinator.cancel(TwoPhaseCoordinator.java:118)
	at com.arjuna.ats.arjuna.AtomicAction.abort(AtomicAction.java:188)
	at com.arjuna.ats.internal.jta.transaction.arjunacore.TransactionImple.rollbackAndDisassociate(TransactionImple.java:1247)
	at com.arjuna.ats.internal.jta.transaction.arjunacore.BaseTransaction.rollback(BaseTransaction.java:134)
{quote}

as in _org.infinispan.transaction.xa.TransactionXaAdapter.getLocalTransactionAndValidateImpl(Xid, XaTransactionTable)_ the operation 
{code}
LocalXaTransaction localTransaction = txTable.getLocalTransaction(xid);{code}
returns *null*.

This happens as the method _org.infinispan.interceptors.TxInterceptor_.enlistWriteAndInvokeNext(InvocationContext, WriteCommand) is removing a reference to the local transaction on *line 218*

I've removed the cleanup line and it fixes my problem: I'm now correctly able to rollback transactions and try again. Still I'm uncomfortable with that change..",,,
5393,ISPN-2068,"I am using Infinispan on top of a Cassandra cache store. Whenever I start an Infinispan cluster node, and Cassandra contains data from a previous run, the application immediatly allocates all available memory (1GB) and after a few minutes I get OutOfMemory exceptions in org.infinispan.loaders.cassandra.CassandraCacheStore.purgeInternal.

If I purge Cassandra manually (TRUNCATE InfinispanEntries; TRUNCATE InfinispanExpiration;) and restart the application, everything works again.

Note that there were only around 10000 entries stored in Cassandra (around 150 MB spread over 2 nodes). 

Infinispan loaders configuration:

<loaders passivation=""false"" preload=""false"" shared=""true"">
     <loader class=""org.infinispan.loaders.cassandra.CassandraCacheStore"" fetchPersistentState=""false"" ignoreModifications=""false"" purgeOnStartup=""false"">
          <properties>
               <!--  property name=""autoCreateKeyspace"" value=""true""/ -->
               <property name=""host"" value=""localhost"" />
               <property name=""keySpace"" value=""Infinispan"" />
               <property name=""entryColumnFamily"" value=""InfinispanEntries"" />
               <property name=""expirationColumnFamily"" value=""InfinispanExpiration"" />
               <property name=""sharedKeyspace"" value=""false"" />
               <property name=""readConsistencyLevel"" value=""ONE"" />
               <property name=""writeConsistencyLevel"" value=""ONE"" />
               <property name=""configurationPropertiesFile"" value=""cassandrapool.properties"" />
               <property name=""keyMapper"" value=""org.infinispan.loaders.keymappers.DefaultTwoWayKey2StringMapper"" />
          </properties>
     </loader>
</loaders>

Stack trace:

Caused by: java.lang.OutOfMemoryError: Java heap space
        at java.nio.ByteBuffer.wrap(ByteBuffer.java:367)
        at java.nio.ByteBuffer.wrap(ByteBuffer.java:390)
        at org.apache.thrift.TBaseHelper.rightSize(TBaseHelper.java:279)
        at org.apache.cassandra.thrift.Column.getName(Column.java:195)
        at org.infinispan.loaders.cassandra.CassandraCacheStore.purgeInternal(CassandraCacheStore.java:539)
        at org.infinispan.loaders.cassandra.CassandraCacheStore.start(CassandraCacheStore.java:153)
        at org.infinispan.loaders.CacheLoaderManagerImpl.start(CacheLoaderManagerImpl.java:136)
        at sun.reflect.NativeMethodAccessorImpl.invoke0(Native Method)
        at sun.reflect.NativeMethodAccessorImpl.invoke(NativeMethodAccessorImpl.java:57)
        at sun.reflect.DelegatingMethodAccessorImpl.invoke(DelegatingMethodAccessorImpl.java:43)
        at java.lang.reflect.Method.invoke(Method.java:616)
        at org.infinispan.util.ReflectionUtil.invokeAccessibly(ReflectionUtil.java:236)
        at org.infinispan.factories.AbstractComponentRegistry$PrioritizedMethod.invoke(AbstractComponentRegistry.java:885)
        at org.infinispan.factories.AbstractComponentRegistry.invokeStartMethods(AbstractComponentRegistry.java:639)
        at org.infinispan.factories.AbstractComponentRegistry.internalStart(AbstractComponentRegistry.java:628)
        at org.infinispan.factories.AbstractComponentRegistry.start(AbstractComponentRegistry.java:531)
        at org.infinispan.factories.ComponentRegistry.start(ComponentRegistry.java:174)
        at org.infinispan.CacheImpl.start(CacheImpl.java:521)
        at org.infinispan.manager.DefaultCacheManager.createCache(DefaultCacheManager.java:656)
        at org.infinispan.manager.DefaultCacheManager.getCache(DefaultCacheManager.java:549)
        at org.infinispan.manager.DefaultCacheManager.getCache(DefaultCacheManager.java:521)",,,
5394,ISPN-2060,"Test:

{code}@Test(groups = ""unit"", testName = ""BootTest"")
public class BootTest extends SingleCacheManagerTest {

   @Override
   protected EmbeddedCacheManager createCacheManager() throws Exception {
      return TestCacheManagerFactory.fromXml(""infinispan.xml"");
   }

   public void test000() {
      new TreeCacheFactory().createTreeCache(cache);
   }

}{code}

XML:

{code}<infinispan>
   <default>
      <locking isolationLevel=""REPEATABLE_READ"" lockAcquisitionTimeout=""15000"" writeSkewCheck=""true""/>
      <transaction transactionManagerLookupClass=""org.infinispan.transaction.lookup.GenericTransactionManagerLookup"" transactionMode=""TRANSACTIONAL"" lockingMode=""OPTIMISTIC""/>
      <invocationBatching enabled=""true""/>
      <versioning versioningScheme=""SIMPLE"" enabled=""true"" />
      <clustering mode=""LOCAL""/>
   </default>
   <namedCache name=""JCoffeeSystemCache"">
      <versioning versioningScheme=""SIMPLE"" enabled=""true"" />
   </namedCache>
</infinispan>
{code}",,,
5395,ISPN-2058,"NodeMoveAPITest.testConcurrency() is broken, see attached log. 

To summarise, when the concurrent moves begin, two threads are allowed to move, '/a/x' to '/d' and '/b'.

The result is that 'x' appears under both '/b' and 'd' in the end.

This test has been failing as early as https://infinispan.ci.cloudbees.com/job/Infinispan-5.1.x-JDK6-tcp/org.infinispan$infinispan-tree/142/testReport/junit/org.infinispan.api.tree/NodeMoveAPITest/testConcurrency/ but could have been failing from an earlier stage.

",,,
5414,ISPN-2056,"If cacheManager.stop() got any exception, the cache manger will not be able stopped by retrying stop().

This will resulted in following new cache manager instance with same configure fail to start with following exception:

{code}
org.infinispan.CacheException: Unable to invoke method public void
org.infinispan.remoting.transport.jgroups.JGroupsTransport.start() on
object of type JGroupsTransport
        at
org.infinispan.util.ReflectionUtil.invokeAccessibly(ReflectionUtil.java:238)
        at
org.infinispan.factories.AbstractComponentRegistry$PrioritizedMethod.invoke(AbstractComponentRegistry.java:885)
        at
org.infinispan.factories.AbstractComponentRegistry.invokeStartMethods(AbstractComponentRegistry.java:639)
        at
org.infinispan.factories.AbstractComponentRegistry.registerComponentInternal(AbstractComponentRegistry.java:226)
        at
org.infinispan.factories.ComponentRegistry.registerComponentInternal(ComponentRegistry.java:152)
        at
org.infinispan.factories.AbstractComponentRegistry.registerComponent(AbstractComponentRegistry.java:175)
        at
org.infinispan.factories.AbstractComponentRegistry.getOrCreateComponent(AbstractComponentRegistry.java:291)
        at
org.infinispan.factories.AbstractComponentRegistry.invokeInjectionMethod(AbstractComponentRegistry.java:246)
        at
org.infinispan.factories.AbstractComponentRegistry.access$000(AbstractComponentRegistry.java:83)
        at
org.infinispan.factories.AbstractComponentRegistry$Component.injectDependencies(AbstractComponentRegistry.java:792)
        at
org.infinispan.factories.AbstractComponentRegistry.registerComponentInternal(AbstractComponentRegistry.java:220)
        at
org.infinispan.factories.ComponentRegistry.registerComponentInternal(ComponentRegistry.java:154)
        at
org.infinispan.factories.AbstractComponentRegistry.registerComponent(AbstractComponentRegistry.java:175)
        at
org.infinispan.factories.AbstractComponentRegistry.getOrCreateComponent(AbstractComponentRegistry.java:291)
        at
org.infinispan.factories.AbstractComponentRegistry.invokeInjectionMethod(AbstractComponentRegistry.java:246)
        at
org.infinispan.factories.AbstractComponentRegistry.access$000(AbstractComponentRegistry.java:83)
        at
org.infinispan.factories.AbstractComponentRegistry$Component.injectDependencies(AbstractComponentRegistry.java:792)
        at
org.infinispan.factories.AbstractComponentRegistry.registerComponentInternal(AbstractComponentRegistry.java:220)
        at
org.infinispan.factories.ComponentRegistry.registerComponentInternal(ComponentRegistry.java:154)
        at
org.infinispan.factories.AbstractComponentRegistry.registerComponent(AbstractComponentRegistry.java:175)
        at
org.infinispan.factories.AbstractComponentRegistry.getOrCreateComponent(AbstractComponentRegistry.java:291)
        at
org.infinispan.factories.AbstractComponentRegistry.invokeInjectionMethod(AbstractComponentRegistry.java:246)
        at
org.infinispan.factories.AbstractComponentRegistry.access$000(AbstractComponentRegistry.java:83)
        at
org.infinispan.factories.AbstractComponentRegistry$Component.injectDependencies(AbstractComponentRegistry.java:792)
        at
org.infinispan.factories.AbstractComponentRegistry.registerComponentInternal(AbstractComponentRegistry.java:220)
        at
org.infinispan.factories.ComponentRegistry.registerComponentInternal(ComponentRegistry.java:154)
        at
org.infinispan.factories.AbstractComponentRegistry.registerComponent(AbstractComponentRegistry.java:175)
        at
org.infinispan.factories.AbstractComponentRegistry.registerComponent(AbstractComponentRegistry.java:167)
        at
org.infinispan.factories.InterceptorChainFactory.register(InterceptorChainFactory.java:73)
        at
org.infinispan.factories.InterceptorChainFactory.createInterceptor(InterceptorChainFactory.java:62)
        at
org.infinispan.factories.InterceptorChainFactory.buildInterceptorChain(InterceptorChainFactory.java:95)
        at
org.infinispan.factories.InterceptorChainFactory.construct(InterceptorChainFactory.java:272)
        at
org.infinispan.factories.AbstractComponentRegistry.getOrCreateComponent(AbstractComponentRegistry.java:286)
        at
org.infinispan.factories.AbstractComponentRegistry.invokeInjectionMethod(AbstractComponentRegistry.java:246)
        at
org.infinispan.factories.AbstractComponentRegistry.access$000(AbstractComponentRegistry.java:83)
        at
org.infinispan.factories.AbstractComponentRegistry$Component.injectDependencies(AbstractComponentRegistry.java:792)
        at
org.infinispan.factories.AbstractComponentRegistry.registerComponentInternal(AbstractComponentRegistry.java:220)
        at
org.infinispan.factories.ComponentRegistry.registerComponentInternal(ComponentRegistry.java:154)
        at
org.infinispan.factories.AbstractComponentRegistry.registerComponent(AbstractComponentRegistry.java:175)
        at
org.infinispan.factories.AbstractComponentRegistry.getOrCreateComponent(AbstractComponentRegistry.java:291)
        at
org.infinispan.factories.AbstractComponentRegistry.invokeInjectionMethod(AbstractComponentRegistry.java:246)
        at
org.infinispan.factories.AbstractComponentRegistry.access$000(AbstractComponentRegistry.java:83)
        at
org.infinispan.factories.AbstractComponentRegistry$Component.injectDependencies(AbstractComponentRegistry.java:792)
        at
org.infinispan.factories.AbstractComponentRegistry.registerComponentInternal(AbstractComponentRegistry.java:220)
        at
org.infinispan.factories.ComponentRegistry.registerComponentInternal(ComponentRegistry.java:154)
        at
org.infinispan.factories.AbstractComponentRegistry.registerComponent(AbstractComponentRegistry.java:175)
        at
org.infinispan.factories.AbstractComponentRegistry.getOrCreateComponent(AbstractComponentRegistry.java:291)
        at
org.infinispan.factories.AbstractComponentRegistry.invokeInjectionMethod(AbstractComponentRegistry.java:246)
        at
org.infinispan.factories.AbstractComponentRegistry.access$000(AbstractComponentRegistry.java:83)
        at
org.infinispan.factories.AbstractComponentRegistry$Component.injectDependencies(AbstractComponentRegistry.java:792)
        at
org.infinispan.factories.AbstractComponentRegistry.registerComponentInternal(AbstractComponentRegistry.java:220)
        at
org.infinispan.factories.ComponentRegistry.registerComponentInternal(ComponentRegistry.java:154)
        at
org.infinispan.factories.AbstractComponentRegistry.registerComponent(AbstractComponentRegistry.java:175)
        at
org.infinispan.factories.AbstractComponentRegistry.getOrCreateComponent(AbstractComponentRegistry.java:291)
        at
org.infinispan.factories.AbstractComponentRegistry.invokeInjectionMethod(AbstractComponentRegistry.java:246)
        at
org.infinispan.factories.AbstractComponentRegistry.access$000(AbstractComponentRegistry.java:83)
        at
org.infinispan.factories.AbstractComponentRegistry$Component.injectDependencies(AbstractComponentRegistry.java:792)
        at
org.infinispan.factories.AbstractComponentRegistry.registerComponentInternal(AbstractComponentRegistry.java:220)
        at
org.infinispan.factories.ComponentRegistry.registerComponentInternal(ComponentRegistry.java:154)
        at
org.infinispan.factories.AbstractComponentRegistry.registerComponent(AbstractComponentRegistry.java:175)
        at
org.infinispan.factories.AbstractComponentRegistry.getOrCreateComponent(AbstractComponentRegistry.java:291)
        at
org.infinispan.factories.AbstractComponentRegistry.invokeInjectionMethod(AbstractComponentRegistry.java:246)
        at
org.infinispan.factories.AbstractComponentRegistry.access$000(AbstractComponentRegistry.java:83)
        at
org.infinispan.factories.AbstractComponentRegistry$Component.injectDependencies(AbstractComponentRegistry.java:792)
        at
org.infinispan.factories.AbstractComponentRegistry.registerComponentInternal(AbstractComponentRegistry.java:220)
        at
org.infinispan.factories.ComponentRegistry.registerComponentInternal(ComponentRegistry.java:154)
        at
org.infinispan.factories.AbstractComponentRegistry.registerComponent(AbstractComponentRegistry.java:175)
        at
org.infinispan.factories.AbstractComponentRegistry.getOrCreateComponent(AbstractComponentRegistry.java:291)
        at
org.infinispan.factories.AbstractComponentRegistry.invokeInjectionMethod(AbstractComponentRegistry.java:246)
        at
org.infinispan.factories.AbstractComponentRegistry.access$000(AbstractComponentRegistry.java:83)
        at
org.infinispan.factories.AbstractComponentRegistry$Component.injectDependencies(AbstractComponentRegistry.java:792)
        at
org.infinispan.factories.AbstractComponentRegistry.registerComponentInternal(AbstractComponentRegistry.java:220)
        at
org.infinispan.factories.ComponentRegistry.registerComponentInternal(ComponentRegistry.java:154)
        at
org.infinispan.factories.AbstractComponentRegistry.registerComponent(AbstractComponentRegistry.java:175)
        at
org.infinispan.factories.AbstractComponentRegistry.getOrCreateComponent(AbstractComponentRegistry.java:291)
        at
org.infinispan.factories.AbstractComponentRegistry.invokeInjectionMethod(AbstractComponentRegistry.java:246)
        at
org.infinispan.factories.AbstractComponentRegistry.access$000(AbstractComponentRegistry.java:83)
        at
org.infinispan.factories.AbstractComponentRegistry$Component.injectDependencies(AbstractComponentRegistry.java:792)
        at
org.infinispan.factories.AbstractComponentRegistry.registerComponentInternal(AbstractComponentRegistry.java:220)
        at
org.infinispan.factories.ComponentRegistry.registerComponentInternal(ComponentRegistry.java:154)
        at
org.infinispan.factories.AbstractComponentRegistry.registerComponent(AbstractComponentRegistry.java:175)
        at
org.infinispan.factories.InternalCacheFactory.bootstrap(InternalCacheFactory.java:102)
        at
org.infinispan.factories.InternalCacheFactory.createAndWire(InternalCacheFactory.java:78)
        at
org.infinispan.factories.InternalCacheFactory.createCache(InternalCacheFactory.java:62)
        at
org.infinispan.manager.DefaultCacheManager.wireCache(DefaultCacheManager.java:692)
        at
org.infinispan.manager.DefaultCacheManager.createCache(DefaultCacheManager.java:649)
        at
org.infinispan.manager.DefaultCacheManager.getCache(DefaultCacheManager.java:549)
        at
.....StatusUpdater.poll.....

....

Caused by: org.infinispan.CacheException: Unable to start JGroups Channel
        at
org.infinispan.remoting.transport.jgroups.JGroupsTransport.startJGroupsChannelIfNeeded(JGroupsTransport.java:186)
        at
org.infinispan.remoting.transport.jgroups.JGroupsTransport.start(JGroupsTransport.java:175)
        at sun.reflect.GeneratedMethodAccessor104.invoke(Unknown Source)
        at
sun.reflect.DelegatingMethodAccessorImpl.invoke(DelegatingMethodAccessorImpl.java:43)
        at java.lang.reflect.Method.invoke(Method.java:601)
        at
org.infinispan.util.ReflectionUtil.invokeAccessibly(ReflectionUtil.java:236)
        ... 96 more

Caused by: java.lang.IllegalStateException: cluster 'HA_Customer_9.3' is
already connected to singleton transport: [dummy-1336085803144,
dummy-1336085899401, dummy-1336085785840, dummy-1336085828476,
dummy-1336085808197, HA_Customer_9.3, dummy-1336085874063,
dummy-1336085868964, dummy-1336085785779, dummy-1336085818352,
dummy-1336085792988, dummy-1336085879152, dummy-1336085823409,
dummy-1336085785693, dummy-1336085848698, dummy-1336085785734,
dummy-1336085813295, dummy-1336085889257, dummy-1336085853769,
dummy-1336085894308, dummy-1336085843643, dummy-1336085833534,
dummy-1336085787888, dummy-1336085798048, dummy-1336085785653,
dummy-1336085884206, dummy-1336085863914, dummy-1336085785603,
dummy-1336085838588, dummy-1336085858821]
        at org.jgroups.stack.ProtocolStack.startStack(ProtocolStack.java:909)
        at org.jgroups.JChannel.startStack(JChannel.java:841)
        at org.jgroups.JChannel.connect(JChannel.java:277)
        at org.jgroups.JChannel.connect(JChannel.java:261)
        at
org.infinispan.remoting.transport.jgroups.JGroupsTransport.startJGroupsChannelIfNeeded(JGroupsTransport.java:184)
{code}

This specific case is caused by cache manager can not terminate the first cache manager instance becaue of SyncFailedException: sync failed as shown:

{code}
 2012-05-17/10:11:32.539/MDT [Thread-23] DEBUG com.symplified.service.shared.platform.cluster.InfinispanClusterCacheStoreServiceImpl[183] - exception caught in stop existing cache manager
org.infinispan.CacheException: Unable to invoke method public void org.infinispan.loaders.CacheLoaderManagerImpl.stop() on object of type CacheLoaderManagerImpl
        at org.infinispan.util.ReflectionUtil.invokeAccessibly(ReflectionUtil.java:238)
        at org.infinispan.factories.AbstractComponentRegistry$PrioritizedMethod.invoke(AbstractComponentRegistry.java:885)
        at org.infinispan.factories.AbstractComponentRegistry.internalStop(AbstractComponentRegistry.java:674)
        at org.infinispan.factories.AbstractComponentRegistry.stop(AbstractComponentRegistry.java:553)
        at org.infinispan.factories.ComponentRegistry.stop(ComponentRegistry.java:199)
        at org.infinispan.CacheImpl.stop(CacheImpl.java:539)
        at org.infinispan.CacheImpl.stop(CacheImpl.java:531)
        at org.infinispan.manager.DefaultCacheManager.stop(DefaultCacheManager.java:742)

.....

Caused by: org.infinispan.CacheException: java.io.SyncFailedException: sync failed
        at org.infinispan.loaders.jdbm.JdbmCacheStore.stop(JdbmCacheStore.java:246)
        at org.infinispan.loaders.decorators.AbstractDelegatingStore.stop(AbstractDelegatingStore.java:155)
        at org.infinispan.loaders.decorators.AsyncStore.stop(AsyncStore.java:237)
        at org.infinispan.loaders.CacheLoaderManagerImpl.stop(CacheLoaderManagerImpl.java:221)
        at sun.reflect.NativeMethodAccessorImpl.invoke0(Native Method)
        at sun.reflect.NativeMethodAccessorImpl.invoke(NativeMethodAccessorImpl.java:57)
        at sun.reflect.DelegatingMethodAccessorImpl.invoke(DelegatingMethodAccessorImpl.java:43)
        at java.lang.reflect.Method.invoke(Method.java:601)
        at org.infinispan.util.ReflectionUtil.invokeAccessibly(ReflectionUtil.java:236)
        ... 14 more

Caused by: java.io.SyncFailedException: sync failed
        at java.io.FileDescriptor.sync(Native Method)
        at jdbm.recman.TransactionManager.sync(TransactionManager.java:331)
        at jdbm.recman.TransactionManager.close(TransactionManager.java:347)
        at jdbm.recman.TransactionManager.synchronizeLogFromMemory(TransactionManager.java:156)
        at jdbm.recman.TransactionManager.shutdown(TransactionManager.java:339)
        at jdbm.recman.RecordFile.close(RecordFile.java:346)
        at jdbm.recman.BaseRecordManager.close(BaseRecordManager.java:168)
{code}

I do not see there is any way to froce stop the cache manager.",,,
5415,ISPN-2055,"Defining a CacheLoader in configuration is currently broken, unless it's also annotated with CacheLoaderMetadata.

Affects the LegacyConfigurationAdaptor only, so it should work fine for new tests using the new configuration API.",,,
5418,ISPN-2054,"I have found that on CacheEntryCreated the cache size is the same both when pre=true and pre=false, what can be wrong. The discussion can be read in the forum reference.

Here is the reproducible test case:
https://github.com/jfaerman/sandbox/blob/master/ispn-tests/src/test/java/jfaerman/TestCacheSize.java

 ",,,
5439,ISPN-2053,"The memcached server sometimes ""forgets"" to read the ending CR/LF after value payloads.",,,
5441,ISPN-2049,"The custom Externalizers from the Lucene Directory have been disabled, but they really should not as we rely one them: still investigating ISPN-2046, but it seems that enabling the Externalizers again avoids the problem.",,,
5444,ISPN-2047,"ISPN000136: Execution error: org.infinispan.marshall.NotSerializableException: Object of type class org.infinispan.server.core.CacheValue expected to be marshallable
appear only in test with replication async mode. Everything works fine for sync mode. Trace log can be found in the attached zip file. ",,,
5450,ISPN-2040,JTA transactions should be suspended when interacting with the JDBC store configured against a transactional ManagedConnectionPool,,,
5451,ISPN-2039,"For some unknown reason iteration over available DistributedTaskLifecycle services in DistributedTaskLifecycleService fails, and it fails only in AS environment:

Caused by: java.util.NoSuchElementException
	at java.util.AbstractList$Itr.next(AbstractList.java:350) [classes.jar:1.6.0_31]
	at java.util.Collections$1.nextElement(Collections.java:3389) [classes.jar:1.6.0_31]
	at java.util.ServiceLoader$LazyIterator.hasNext(ServiceLoader.java:332) [classes.jar:1.6.0_31]
	at java.util.ServiceLoader$1.hasNext(ServiceLoader.java:415) [classes.jar:1.6.0_31]
	at org.infinispan.distexec.spi.DistributedTaskLifecycleService.onPreExecute(DistributedTaskLifecycleService.java:50) [infinispan-core-5.2.0-SNAPSHOT.jar:5.2.0-SNAPSHOT]

   public <T> void onPreExecute(Callable<T> task) {
      try {
         Iterator<DistributedTaskLifecycle> i = loader.iterator();
         while (i.hasNext()) { // <------------------------------------------------- we CHECK before
            DistributedTaskLifecycle cl = i.next();
            cl.onPreExecute(task);",,,
5455,ISPN-2036,"With the current version it is not possible to create an instance of TreeCache. I'm using the cache inside JBoss 7.1.2 Final. The following lines worked in earlier versions of the cache api:

            org.infinispan.Cache<String, Object> infiniCache = this.cacheContainer.getCache(cfg.getName());
            
            TreeCache<String, Object> tc = new TreeCacheFactory().createTreeCache(infiniCache.getCache());

Now the method createTreeCache(..) throws an java.lang.IllegalArgumentException: This adapter only works with CacheImpl, not with DelegatingCach

e",,,
5466,ISPN-2033,"A potential memory leak of pooled DB connections is present in JdbcBinaryCacheStore.  Observe the catch and finally blocks of the purgeInternal() method.  The pooled DB connection is not released unless an SQLException has been thrown.  Contrast with JdbcStringBasedCacheStore.purgeInternal(), where the releaseConnection() is invoked in the finally block.

When using a JdbcMixedCacheStore, I noticed a DB connection leak.  It appeared that for every two connections being acquired, only one was being released.  I believe it is down to the fact that the JdbcBinaryCacheStore inside the JdbcMixedCacheStore is not releasing its connections properly (i.e. in its finally block) whereas the JdbcStringBasedCacheStore is.

I guess a workaround is to use only a JdbcStringBasedCacheStore, not a JdbcMixedCacheStore.
",,,
5471,ISPN-2027,"jgroups-udp.xml and jgroups-tcp.xml currently have:

{code}<config xmlns=""urn:org:jgroups""
        xmlns:xsi=""http://www.w3.org/2001/XMLSchema-instance""
        xsi:schemaLocation=""urn:org:jgroups file:schema/JGroups-2.8.xsd"">
{code}",,,
5478,ISPN-2025,"This is what I get when I'm shutting down one of the clustered nodes (default config standalone-ha.xml) of JDG 6.0.0.ER7

{code}
09:50:25,505 WARN  [org.infinispan.remoting.transport.jgroups.CommandAwareRpcDispatcher] Problems unmarshalling remote command from byte buffer: java.lang.NullPointerException
	at org.infinispan.marshall.jboss.ExternalizerTable.readObject(ExternalizerTable.java:222)
	at org.jboss.marshalling.river.RiverUnmarshaller.doReadObject(RiverUnmarshaller.java:351)
	at org.jboss.marshalling.river.RiverUnmarshaller.doReadObject(RiverUnmarshaller.java:209)
	at org.jboss.marshalling.AbstractObjectInput.readObject(AbstractObjectInput.java:37) [jboss-marshalling-1.3.13.GA-redhat-1.jar:1.3.13.GA-redhat-1]
	at org.infinispan.marshall.jboss.AbstractJBossMarshaller.objectFromObjectStream(AbstractJBossMarshaller.java:154)
	at org.infinispan.marshall.VersionAwareMarshaller.objectFromByteBuffer(VersionAwareMarshaller.java:114)
	at org.infinispan.marshall.AbstractDelegatingMarshaller.objectFromByteBuffer(AbstractDelegatingMarshaller.java:85)
	at org.infinispan.remoting.transport.jgroups.MarshallerAdapter.objectFromBuffer(MarshallerAdapter.java:50)
	at org.infinispan.remoting.transport.jgroups.CommandAwareRpcDispatcher.handle(CommandAwareRpcDispatcher.java:200)
	at org.jgroups.blocks.RequestCorrelator.handleRequest(RequestCorrelator.java:456) [jgroups-3.0.9.Final-redhat-1.jar:3.0.9.Final-redhat-1]
	at org.jgroups.blocks.RequestCorrelator.receiveMessage(RequestCorrelator.java:363) [jgroups-3.0.9.Final-redhat-1.jar:3.0.9.Final-redhat-1]
	at org.jgroups.blocks.RequestCorrelator.receive(RequestCorrelator.java:238) [jgroups-3.0.9.Final-redhat-1.jar:3.0.9.Final-redhat-1]
	at org.jgroups.blocks.MessageDispatcher$ProtocolAdapter.up(MessageDispatcher.java:543) [jgroups-3.0.9.Final-redhat-1.jar:3.0.9.Final-redhat-1]
	at org.jgroups.blocks.mux.MuxUpHandler.up(MuxUpHandler.java:130) [jgroups-3.0.9.Final-redhat-1.jar:3.0.9.Final-redhat-1]
	at org.jgroups.JChannel.up(JChannel.java:716) [jgroups-3.0.9.Final-redhat-1.jar:3.0.9.Final-redhat-1]
	at org.jgroups.stack.ProtocolStack.up(ProtocolStack.java:1026) [jgroups-3.0.9.Final-redhat-1.jar:3.0.9.Final-redhat-1]
	at org.jgroups.protocols.RSVP.up(RSVP.java:179) [jgroups-3.0.9.Final-redhat-1.jar:3.0.9.Final-redhat-1]
	at org.jgroups.protocols.FRAG2.up(FRAG2.java:181) [jgroups-3.0.9.Final-redhat-1.jar:3.0.9.Final-redhat-1]
	at org.jgroups.protocols.FlowControl.up(FlowControl.java:418) [jgroups-3.0.9.Final-redhat-1.jar:3.0.9.Final-redhat-1]
	at org.jgroups.protocols.FlowControl.up(FlowControl.java:400) [jgroups-3.0.9.Final-redhat-1.jar:3.0.9.Final-redhat-1]
	at org.jgroups.protocols.pbcast.GMS.up(GMS.java:889) [jgroups-3.0.9.Final-redhat-1.jar:3.0.9.Final-redhat-1]
	at org.jgroups.protocols.pbcast.STABLE.up(STABLE.java:244) [jgroups-3.0.9.Final-redhat-1.jar:3.0.9.Final-redhat-1]
	at org.jgroups.protocols.UNICAST2.handleDataReceived(UNICAST2.java:793) [jgroups-3.0.9.Final-redhat-1.jar:3.0.9.Final-redhat-1]
	at org.jgroups.protocols.UNICAST2.up(UNICAST2.java:365) [jgroups-3.0.9.Final-redhat-1.jar:3.0.9.Final-redhat-1]
	at org.jgroups.protocols.pbcast.NAKACK.up(NAKACK.java:602) [jgroups-3.0.9.Final-redhat-1.jar:3.0.9.Final-redhat-1]
	at org.jgroups.protocols.FD_ALL.up(FD_ALL.java:177) [jgroups-3.0.9.Final-redhat-1.jar:3.0.9.Final-redhat-1]
	at org.jgroups.protocols.FD_SOCK.up(FD_SOCK.java:288) [jgroups-3.0.9.Final-redhat-1.jar:3.0.9.Final-redhat-1]
	at org.jgroups.protocols.MERGE2.up(MERGE2.java:205) [jgroups-3.0.9.Final-redhat-1.jar:3.0.9.Final-redhat-1]
	at org.jgroups.protocols.Discovery.up(Discovery.java:359) [jgroups-3.0.9.Final-redhat-1.jar:3.0.9.Final-redhat-1]
	at org.jgroups.stack.Protocol.up(Protocol.java:363) [jgroups-3.0.9.Final-redhat-1.jar:3.0.9.Final-redhat-1]
	at org.jgroups.protocols.TP.passMessageUp(TP.java:1180) [jgroups-3.0.9.Final-redhat-1.jar:3.0.9.Final-redhat-1]
	at org.jgroups.protocols.TP$IncomingPacket.handleMyMessage(TP.java:1728) [jgroups-3.0.9.Final-redhat-1.jar:3.0.9.Final-redhat-1]
	at org.jgroups.protocols.TP$IncomingPacket.run(TP.java:1710) [jgroups-3.0.9.Final-redhat-1.jar:3.0.9.Final-redhat-1]
	at java.util.concurrent.ThreadPoolExecutor$Worker.runTask(ThreadPoolExecutor.java:886) [rt.jar:1.6.0_30]
	at java.util.concurrent.ThreadPoolExecutor$Worker.run(ThreadPoolExecutor.java:908) [rt.jar:1.6.0_30]
	at java.lang.Thread.run(Thread.java:662) [rt.jar:1.6.0_30]
	at org.jboss.threads.JBossThread.run(JBossThread.java:122) [jboss-threads-2.0.0.GA-redhat-1.jar:2.0.0.GA-redhat-1]

{code}

I've ran the instances out of the box by this commands, binding them to virtual ips on my laptop:
{code}
server1/bin/standalone.sh -b 192.168.11.101 -c standalone-ha.xml -Djboss.bind.address.management=192.168.11.101 -Djboss.node.name=node1
server2/bin/standalone.sh -b 192.168.11.102 -c standalone-ha.xml -Djboss.bind.address.management=192.168.11.102 -Djboss.node.name=node2
{code}
shutdown was a graceful shutdown by Ctrl+C from console",,,
5480,ISPN-2013,"In a test I have several tasks that run on a single cache node configured as transactional pessimistic replicated cache. If I explicitly call ""unlock"" then I consistently see TimeoutException reported by some tasks. Without explicit ""unlock"" the test works fine. Does it mean that I should never call ""unlock"" and rely on transaction.commit/rollback ? It's seen with infinispan-5.1.2.FINAL
 
Here's what in a nutshell each task does:
 
final lockKey = ...
 
executor.submit(new Callable<Boolean>()   {
   public Boolean call() throws Exception
 
      TransactionManager tx = cache.getAdvancedCache().getTransactionManager(); 
      tx.begin()
      try {
          if ( lockManager.lock(lockKey) ) {
 
             // ...
         
             // removing next line makes test happy. Otherwise some tasks report TimeoutException (pls. see the stack traces)
             cache.getLockManager().unlock(lockKey);      
          }
      }   catch(Throwable t) {
          tx.setRollbackOnly();
      }  finally {
          if (ut.getStatus() == Status.STATUS_ACTIVE)
              ut.commit();
          else
             ut.rollback();
      }
 
 
By the time I received that exception all other tasks were completed and they released the lock on the key in question.
I also see that LockManagerImpl.lock recognized that the lock was not owned by any thread - see ""Lock held by [null]"", which seems to be right. But yet the lock failed to be acquired.
Is it a matter to trying it one more time?
 
org.infinispan.util.concurrent.TimeoutException: Unable to acquire lock after [10 seconds] on key [foo] for requestor [GlobalTransaction:<Sound-15075>:8:local]! Lock held by [null]
    at org.infinispan.util.concurrent.locks.LockManagerImpl.lock(LockManagerImpl.java:206)
    at org.infinispan.util.concurrent.locks.LockManagerImpl.acquireLock(LockManagerImpl.java:180)
    at org.infinispan.util.concurrent.locks.LockManagerImpl.acquireLock(LockManagerImpl.java:170)
    at org.infinispan.interceptors.locking.AbstractTxLockingInterceptor.lockKeyAndCheckOwnership(AbstractTxLockingInterceptor.java:209)
    at org.infinispan.interceptors.locking.AbstractTxLockingInterceptor.lockAndRegisterBackupLock(AbstractTxLockingInterceptor.java:136)
    at org.infinispan.interceptors.locking.PessimisticLockingInterceptor.visitLockControlCommand(PessimisticLockingInterceptor.java:228)
    at org.infinispan.commands.control.LockControlCommand.acceptVisitor(LockControlCommand.java:129)
    at org.infinispan.interceptors.base.CommandInterceptor.invokeNextInterceptor(CommandInterceptor.java:116)
    at org.infinispan.interceptors.base.CommandInterceptor.handleDefault(CommandInterceptor.java:130)
    at org.infinispan.commands.AbstractVisitor.visitLockControlCommand(AbstractVisitor.java:159)
    at org.infinispan.commands.control.LockControlCommand.acceptVisitor(LockControlCommand.java:129)
    at org.infinispan.interceptors.base.CommandInterceptor.invokeNextInterceptor(CommandInterceptor.java:116)
    at org.infinispan.interceptors.TxInterceptor.visitLockControlCommand(TxInterceptor.java:144)
    at org.infinispan.commands.control.LockControlCommand.acceptVisitor(LockControlCommand.java:129)
    at org.infinispan.interceptors.base.CommandInterceptor.invokeNextInterceptor(CommandInterceptor.java:116)
    at org.infinispan.interceptors.StateTransferLockInterceptor.handleWithRetries(StateTransferLockInterceptor.java:207)
    at org.infinispan.interceptors.StateTransferLockInterceptor.visitLockControlCommand(StateTransferLockInterceptor.java:138)
    at org.infinispan.commands.control.LockControlCommand.acceptVisitor(LockControlCommand.java:129)
    at org.infinispan.interceptors.base.CommandInterceptor.invokeNextInterceptor(CommandInterceptor.java:116)
    at org.infinispan.interceptors.base.CommandInterceptor.handleDefault(CommandInterceptor.java:130)
    at org.infinispan.commands.AbstractVisitor.visitLockControlCommand(AbstractVisitor.java:159)
    at org.infinispan.commands.control.LockControlCommand.acceptVisitor(LockControlCommand.java:129)
    at org.infinispan.interceptors.base.CommandInterceptor.invokeNextInterceptor(CommandInterceptor.java:116)
    at org.infinispan.interceptors.InvocationContextInterceptor.handleAll(InvocationContextInterceptor.java:130)
    at org.infinispan.interceptors.InvocationContextInterceptor.visitLockControlCommand(InvocationContextInterceptor.java:94)
    at org.infinispan.commands.control.LockControlCommand.acceptVisitor(LockControlCommand.java:129)
    at org.infinispan.interceptors.InterceptorChain.invoke(InterceptorChain.java:345)
    at org.infinispan.CacheImpl.lock(CacheImpl.java:484)
    at org.infinispan.CacheImpl.lock(CacheImpl.java:468)
",,,
5484,ISPN-2008,"The REST server's optimistic currency control is not atomic. The sequence in e.g. a PUT request goes like this:

* request.evaluatePreconditions
* cache.put (if preconditions met)

Which is not inside any lock (that would make it pessimistic, anyway), in other words, a race condition.

This applies to the optimistic variants, i.e. requests carrying 'If-Match' or any of the other 'If-*' preconditions, of PUT, POST, and DELETE requests.",,,
5486,ISPN-2006,"I've spotted a bug in PutMapCommand. When the keys in the Command touches in multiple nodes, the remote nodes (nodes that didn't created 
the command) can throw the exception [1] when executing the perform() method. I'm using a transactional cache.

The test case in [2] reproduces the bug.

[1] Exception:
{code}
Caused by: java.lang.NullPointerException
     at org.infinispan.commands.write.PutMapCommand.perform(PutMapCommand.java:79)
     at org.infinispan.interceptors.CallInterceptor.handleDefault(CallInterceptor.java:83)
     at org.infinispan.commands.AbstractVisitor.visitPutMapCommand(AbstractVisitor.java:82)
     at org.infinispan.commands.write.PutMapCommand.acceptVisitor(PutMapCommand.java:67)
{code}

[2]
branch: https://github.com/pruivo/infinispan/tree/issue_2
test case: https://github.com/pruivo/infinispan/blob/issue_2/core/src/test/java/org/infinispan/commands/PutMapCommandTest.java
",,,
5488,ISPN-2005,"With native memcached out of the box, I can execute such a test without any problems:
1000 clients (threads), 400 operations per thread, 34% writes

However, running Infinispan Memcached distribution with 1000 worker threads results in exceptions such as:

{code}2012-04-23 16:46:59,893 ERROR (MemcachedServerWorker-1-957) [org.infinispan.server.memcached.MemcachedDecoder] ISPN005003: Exception reported
org.infinispan.server.core.UnknownOperationException: Unknown operation: 
	at org.infinispan.server.memcached.RequestResolver$.toRequest(MemcachedDecoder.scala:659)
	at org.infinispan.server.memcached.MemcachedDecoder.readHeader(MemcachedDecoder.scala:73)
	at org.infinispan.server.core.AbstractProtocolDecoder.decodeHeader(AbstractProtocolDecoder.scala:92)
	at org.infinispan.server.core.AbstractProtocolDecoder.decode(AbstractProtocolDecoder.scala:69)
	at org.infinispan.server.core.AbstractProtocolDecoder.decode(AbstractProtocolDecoder.scala:45)
	at org.infinispan.server.core.transport.CustomReplayingDecoder.callDecode(CustomReplayingDecoder.java:250)
	at org.infinispan.server.core.transport.CustomReplayingDecoder.messageReceived(CustomReplayingDecoder.java:223)
	at org.infinispan.server.core.AbstractProtocolDecoder.messageReceived(AbstractProtocolDecoder.scala:360)
	at org.jboss.netty.channel.Channels.fireMessageReceived(Channels.java:274)
	at org.jboss.netty.channel.Channels.fireMessageReceived(Channels.java:261)
	at org.jboss.netty.channel.socket.nio.NioWorker.read(NioWorker.java:351)
	at org.jboss.netty.channel.socket.nio.NioWorker.processSelectedKeys(NioWorker.java:282)
	at org.jboss.netty.channel.socket.nio.NioWorker.run(NioWorker.java:202)
	at java.util.concurrent.ThreadPoolExecutor$Worker.runTask(ThreadPoolExecutor.java:886)
	at java.util.concurrent.ThreadPoolExecutor$Worker.run(ThreadPoolExecutor.java:908)
	at java.lang.Thread.run(Thread.java:680){code}

Client shows:

{code}2012-04-23 16:46:28.742 INFO net.spy.memcached.MemcachedConnection:  Reconnecting due to exception on {QA sa=/127.0.0.1:11211, #Rops=0, #Wops=0, #iq=0, topRop=null, topWop=null, toWrite=0, interested=0}
java.net.SocketException: Connection reset by peer
	at sun.nio.ch.SocketChannelImpl.checkConnect(Native Method)
	at sun.nio.ch.SocketChannelImpl.finishConnect(SocketChannelImpl.java:567)
	at net.spy.memcached.MemcachedConnection.handleIO(MemcachedConnection.java:369)
	at net.spy.memcached.MemcachedConnection.handleIO(MemcachedConnection.java:242)
	at net.spy.memcached.MemcachedConnection.run(MemcachedConnection.java:833){code}",,,
5494,ISPN-2003,A change in generics usage caused the Query module to break badly: 55 test errors.,,,
5496,ISPN-2000,"This was still hanging in tests for me, I found it was happening as the threads were ignoring the interruption request from the Executor service managing them.
",,,
5498,ISPN-1998,"Hot Rod distribution tests have recently been failing with:

{code}Caused by: java.util.concurrent.ExecutionException: org.infinispan.remoting.transport.jgroups.SuspectException: One or more nodes have left the cluster while replicating command SingleRpcCommand{cacheName='hotRodDistSync', command=InvalidateL1Command{num keys=1, forRehash=false, origin=HotRodDistributionTest-NodeA-24419}}
	at java.util.concurrent.FutureTask$Sync.innerGet(FutureTask.java:222)
	at java.util.concurrent.FutureTask.get(FutureTask.java:83)
	at org.infinispan.interceptors.DistributionInterceptor.handleWriteCommand(DistributionInterceptor.java:518)
	at org.infinispan.interceptors.DistributionInterceptor.visitPutKeyValueCommand(DistributionInterceptor.java:272){code}

This happens once a node goes down, after waiting for the cluster view to reform, when a client does a put() on one of the other surviving nodes.

The two suspicious things here are:
* Why is an error on InvalidateL1Command bubbling up? If anything, it should be the put that fails to work.
* Why would a suspect exception happen even if you wait for the cluster to reform?

Note that these Hot Rod server tests use a simplistic Hot Rod client that does not filter suspect exceptions...etc

",,,
5499,ISPN-1997,The binary JDBC cache store expects the ID column to be of type INT but the unit tests create an ID column of type VARCHAR(255). Recent versions of H2 (1.3.x) fail to interpret this correctly.,,,
5514,ISPN-1995,"After a node crashes and rejoins the cluster, it does not receive client load at the same level as the other nodes.
This issue does not affect data integrity and distribution in the cluster.",,,
5516,ISPN-1990,"I think I've spotted a issue when I use repeatable read with write skew check and I preload the cache.
 
I've made a test case to reproduce the bug. It can be found here [1]. 
The problem is that each keys preloaded is put in the container with version = null. When I try to commit a transaction, I get this exception:
 
{code}
 java.lang.IllegalStateException: Entries cannot have null versions!
    at org.infinispan.container.entries.ClusteredRepeatableReadEntry.performWriteSkewCheck(ClusteredRepeatableReadEntry.java:44)
    at org.infinispan.transaction.WriteSkewHelper.performWriteSkewCheckAndReturnNewVersions(WriteSkewHelper.java:81)
    at org.infinispan.interceptors.locking.ClusteringDependentLogic$AllNodesLogic.createNewVersionsAndCheckForWriteSkews(ClusteringDependentLogic.java:133)
    at org.infinispan.interceptors.VersionedEntryWrappingInterceptor.visitPrepareCommand(VersionedEntryWrappingInterceptor.java:64)
{code}
 
I think that all info is in the test case, but if you need something let 
me know.
 
Cheers,
Pedro

[1] 
https://github.com/pruivo/infinispan/blob/issue_1/core/src/test/java/org/infinispan/loaders/WriteSkewCacheLoaderFunctionalTest.java",,,
5521,ISPN-1984,DistributedExecutorService#submitEverywhere fails in REPL_SYNC mode while it works in DIST_SYNC. For some reason the response from the node submitting the task itself is always null therefore throwing exception to caller thread of DistributedExecutorService#submitEverywhere.  ,,,
5528,ISPN-1983,"The javadoc says: ""Only goes through if the key specified does not exist...""

But, two consecutive calls for putForExternalRead result in the second one acting on the cache.

1st call:
{code}
1444  TRACE [org.infinispan.interceptors.InvocationContextInterceptor] (main:replSync) Invoked with command PutKeyValueCommand{key=k, value=v, flags=[ZERO_LOCK_ACQUISITION_TIMEOUT, FORCE_ASYNCHRONOUS, FAIL_SILENTLY, PUT_FOR_EXTERNAL_READ], putIfAbsent=true, lifespanMillis=-1, maxIdleTimeMillis=-1} and InvocationContext [SingleKeyNonTxInvocationContext{flags=[ZERO_LOCK_ACQUISITION_TIMEOUT, FORCE_ASYNCHRONOUS, FAIL_SILENTLY, PUT_FOR_EXTERNAL_READ]}]
1444  TRACE [org.infinispan.statetransfer.StateTransferLockImpl] (main:replSync) Acquired shared state transfer shared lock, total holders: 1
1444  TRACE [org.infinispan.container.EntryFactoryImpl] (main:replSync) Exists in context? null 
1444  TRACE [org.infinispan.container.EntryFactoryImpl] (main:replSync) Retrieved from container null
1444  TRACE [org.infinispan.container.EntryFactoryImpl] (main:replSync) Creating new entry.
1446  TRACE [org.infinispan.interceptors.CallInterceptor] (main:replSync) Executing command: PutKeyValueCommand{key=k, value=v, flags=[ZERO_LOCK_ACQUISITION_TIMEOUT, FORCE_ASYNCHRONOUS, FAIL_SILENTLY, PUT_FOR_EXTERNAL_READ], putIfAbsent=true, lifespanMillis=-1, maxIdleTimeMillis=-1}.
1447  TRACE [org.infinispan.remoting.rpc.RpcManagerImpl] (main:replSync) NodeA-26945 broadcasting call PutKeyValueCommand{key=k, value=v, flags=[ZERO_LOCK_ACQUISITION_TIMEOUT, FORCE_ASYNCHRONOUS, FAIL_SILENTLY, PUT_FOR_EXTERNAL_READ], putIfAbsent=true, lifespanMillis=-1, maxIdleTimeMillis=-1} to recipient list null
...
1452  TRACE [org.infinispan.container.entries.ReadCommittedEntry] (main:replSync) Updating entry (key=k removed=false valid=true changed=true created=true value=v]
1453  TRACE [org.infinispan.interceptors.EntryWrappingInterceptor] (main:replSync) Committed entry ReadCommittedEntry(1436ae83){key=k, value=v, oldValue=null, isCreated=false, isChanged=false, isRemoved=false, isValid=true}
{code}

2nd call:
{code}
1453  TRACE [org.infinispan.interceptors.InvocationContextInterceptor] (main:replSync) Invoked with command PutKeyValueCommand{key=k, value=v, flags=[ZERO_LOCK_ACQUISITION_TIMEOUT, FORCE_ASYNCHRONOUS, FAIL_SILENTLY, PUT_FOR_EXTERNAL_READ], putIfAbsent=true, lifespanMillis=-1, maxIdleTimeMillis=-1} and InvocationContext [SingleKeyNonTxInvocationContext{flags=[ZERO_LOCK_ACQUISITION_TIMEOUT, FORCE_ASYNCHRONOUS, FAIL_SILENTLY, PUT_FOR_EXTERNAL_READ]}]
1453  TRACE [org.infinispan.remoting.InboundInvocationHandlerImpl] (Incoming-1,ISPN,NodeB-23417:) Calling perform() on SingleRpcCommand{cacheName='replSync', command=PutKeyValueCommand{key=k, value=v, flags=[ZERO_LOCK_ACQUISITION_TIMEOUT, FORCE_ASYNCHRONOUS, FAIL_SILENTLY, PUT_FOR_EXTERNAL_READ], putIfAbsent=false, lifespanMillis=-1, maxIdleTimeMillis=-1}}
1453  TRACE [org.infinispan.container.EntryFactoryImpl] (main:replSync) Exists in context? null 
1453  TRACE [org.infinispan.container.EntryFactoryImpl] (main:replSync) Retrieved from container ImmortalCacheEntry{key=k, value=ImmortalCacheValue {value=v}}
1454  TRACE [org.infinispan.interceptors.CallInterceptor] (main:replSync) Executing command: PutKeyValueCommand{key=k, value=v, flags=[ZERO_LOCK_ACQUISITION_TIMEOUT, FORCE_ASYNCHRONOUS, FAIL_SILENTLY, PUT_FOR_EXTERNAL_READ], putIfAbsent=true, lifespanMillis=-1, maxIdleTimeMillis=-1}.
1454  TRACE [org.infinispan.container.entries.ReadCommittedEntry] (main:replSync) Updating entry (key=k removed=false valid=true changed=true created=false value=v]
1454  TRACE [org.infinispan.interceptors.EntryWrappingInterceptor] (main:replSync) Committed entry ReadCommittedEntry(7f2ea1dd){key=k, value=v, oldValue=null, isCreated=false, isChanged=false, isRemoved=false, isValid=true}
{code}

Why is updating an entry if if the value is already present? It shouldn't do that.

Even further, in the case of putForExternalRead() the previous value is not needed since we don't return it, so it should not even retrieve it from the container. Just checking if it's present should be enough. This is in contrast to a normal putIfAbsent() call.",,,
5533,ISPN-1980,"When a distributed query could get more results than HSQuery.maxResults, an exception is thrown:
Exception in thread ""main"" java.lang.IndexOutOfBoundsException: Index: 200, Size: 200
	at java.util.ArrayList.rangeCheck(ArrayList.java:571)
	at java.util.ArrayList.get(ArrayList.java:349)
	at org.infinispan.query.clustered.DistributedIterator.current(DistributedIterator.java:140)
	at org.infinispan.query.clustered.DistributedIterator.next(DistributedIterator.java:116)

The correct behaviour is to limit the results up to HsQuery.maxResults",,,
5537,ISPN-1979,"This is related to ISPN-1873 and ISPN-1926. AS7-3180 now shows what the missing status check:

{code}[JBossINF] 21:04:58,419 WARN  [org.infinispan.remoting.transport.jgroups.CommandAwareRpcDispatcher] Problems unmarshalling remote command 
from byte buffer: org.infinispan.CacheException: Cache manager is TERMINATED and type (id=74) cannot be resolved (thread not interrupted){code}",,,
5538,ISPN-1973,NoData,,,
5542,ISPN-1972,"When a user calls {{ConfigurationBuilder.build()}} with L1 enabled, L1ConfigurationBuilder.onRehash is automatically set to {{true}}.
So if the user disables L1 and tries to call {{ConfigurationBuilder.build()}} again, he will get an exception - as described in JBPAPP-8629.
",,,
5553,ISPN-1970,"Users are confused by Infinispan telling them that they are using deprecated configuration elements even when the are using the latest schema files. As XSD does not support a ""deprecation"" status, the best solution is to remove the deprecated elements/attributes from the latest schema.",,,
5564,ISPN-1969,"I am using infinispan mixed. Non transactional spring cache and transactional L1 cache.

Spring cache region config looks like this:

{noformat}
	<namedCache name=""springCache"">
		<transaction transactionMode=""NON_TRANSACTIONAL""/>
		<eviction maxEntries=""100"" strategy=""NONE"" />
		<expiration lifespan=""3600000"" wakeUpInterval=""600000"" />
		<invocationBatching enabled=""false"" />
		<storeAsBinary enabled=""true"" storeKeysAsBinary=""true"" storeValuesAsBinary=""true""/>
	</namedCache>
{noformat}

My global configuration is:

{noformat}
	<global>
		<evictionScheduledExecutor
			factory=""org.infinispan.executors.DefaultScheduledExecutorFactory"">
			<properties>
				<property name=""threadNamePrefix"" value=""EvictionThread"" />
			</properties>
		</evictionScheduledExecutor>
		
		<globalJmxStatistics allowDuplicateDomains=""true""
			enabled=""true"" jmxDomain=""org.infinispan"" cacheManagerName=""SampleCacheManager"" />
	</global>
{noformat}

And default is:

{noformat}
	<default>
		<locking isolationLevel=""READ_COMMITTED""
			lockAcquisitionTimeout=""20000"" writeSkewCheck=""false""
			concurrencyLevel=""5000"" useLockStriping=""false"" />

		<transaction
			transactionManagerLookupClass=""org.infinispan.transaction.lookup.GenericTransactionManagerLookup""
			syncRollbackPhase=""false"" syncCommitPhase=""false"" useEagerLocking=""false""
			eagerLockSingleNode=""false"" lockingMode=""OPTIMISTIC"" autoCommit=""false"" transactionMode=""TRANSACTIONAL"" />

		<jmxStatistics enabled=""true"" />

		<invocationBatching enabled=""true"" />
	</default>
{noformat}

Actually I get NullPointerException:

{noformat}
java.lang.NullPointerException: null
	at org.infinispan.interceptors.BatchingInterceptor.handleDefault(BatchingInterceptor.java:72) ~[infinispan-core-5.1.3.FINAL.jar:5.1.3.FINAL]
	at org.infinispan.commands.AbstractVisitor.visitGetKeyValueCommand(AbstractVisitor.java:95) ~[infinispan-core-5.1.3.FINAL.jar:5.1.3.FINAL]
	at org.infinispan.commands.read.GetKeyValueCommand.acceptVisitor(GetKeyValueCommand.java:60) ~[infinispan-core-5.1.3.FINAL.jar:5.1.3.FINAL]
	at org.infinispan.interceptors.InterceptorChain.invoke(InterceptorChain.java:345) ~[infinispan-core-5.1.3.FINAL.jar:5.1.3.FINAL]
	at org.infinispan.CacheImpl.get(CacheImpl.java:272) ~[infinispan-core-5.1.3.FINAL.jar:5.1.3.FINAL]
	at org.infinispan.CacheImpl.get(CacheImpl.java:264) ~[infinispan-core-5.1.3.FINAL.jar:5.1.3.FINAL]
	at org.infinispan.spring.provider.SpringCache.get(SpringCache.java:74) ~[infinispan-spring-5.1.3.FINAL.jar:5.1.3.FINAL]
	at org.springframework.cache.interceptor.CacheAspectSupport.inspectCacheables(CacheAspectSupport.java:310) ~[spring-context-3.1.1.RELEASE.jar:3.1.1.RELEASE]
	at org.springframework.cache.interceptor.CacheAspectSupport.execute(CacheAspectSupport.java:198) ~[spring-context-3.1.1.RELEASE.jar:3.1.1.RELEASE]
	at org.springframework.cache.interceptor.CacheInterceptor.invoke(CacheInterceptor.java:66) ~[spring-context-3.1.1.RELEASE.jar:3.1.1.RELEASE]
	at org.springframework.aop.framework.ReflectiveMethodInvocation.proceed(ReflectiveMethodInvocation.java:172) ~[spring-aop-3.1.1.RELEASE.jar:3.1.1.RELEASE]
	at org.springframework.aop.framework.JdkDynamicAopProxy.invoke(JdkDynamicAopProxy.java:202) ~[spring-aop-3.1.1.RELEASE.jar:3.1.1.RELEASE]
{noformat}",,,
5570,ISPN-1968,The test suite is hanging on the cluster cache store. This makes it practically unusable.,,,
5574,ISPN-1963,"As a result of changes in ISPN-1911, the test does not work any more when run from IDE. This is because the new getRootFolder() impl does not accomodate when the test is run from IDE. Please find an implementation that works for all:

- running from cmd line, for UNIX env. 
- running from cmd line for windows env
- running from IDE

",,,
5575,ISPN-1962,"As discussed on infinispan and weld forum (see references), the 

org.infinispan.cdi.InfinispanExtension::registerCacheConfigurations(@Observes AfterDeploymentValidation event, CacheManagerEventBridge eventBridge, @Any Instance<EmbeddedCacheManager> cacheManagers, BeanManager beanManager)

is not compliant to cdi 1.0 specification as it should only accept a BeanManager.",,,
5576,ISPN-1960,The release script does not increment the version number after the release,,,
5578,ISPN-1954,"When debugging/profiling JDG, we're seeing HotRod server calls being executed by MemcachedServerWorker threads.",,,
5580,ISPN-1948,"Here we have the good old ""invalid magic number"" problem again (JDG 6.0.0.ER5 testing):
https://hudson.qa.jboss.com/hudson/view/EDG6/view/EDG-REPORTS-RESILIENCE/job/edg-60-elasticity-dist-basic/47/console-edg-perf05/consoleText

{code}
2012-03-26 15:18:43,524 253444 ERROR [org.jboss.smartfrog.edg.loaddriver.DriverNode] (Client-477:) Error doing PUT(key410977) to node node02 (lastOpTime 1 ms)
org.infinispan.client.hotrod.exceptions.InvalidResponseException:: Invalid magic number. Expected 0xa1 and received 0x0
	at org.infinispan.client.hotrod.impl.protocol.Codec10.readHeader(Codec10.java:92)
	at org.infinispan.client.hotrod.impl.operations.HotRodOperation.readHeaderAndValidate(HotRodOperation.java:78)
	at org.infinispan.client.hotrod.impl.operations.AbstractKeyValueOperation.sendPutOperation(AbstractKeyValueOperation.java:72)
	at org.infinispan.client.hotrod.impl.operations.PutOperation.executeOperation(PutOperation.java:52)
	at org.infinispan.client.hotrod.impl.operations.PutOperation.executeOperation(PutOperation.java:41)
	at org.infinispan.client.hotrod.impl.operations.RetryOnFailureOperation.execute(RetryOnFailureOperation.java:68)
	at org.infinispan.client.hotrod.impl.RemoteCacheImpl.put(RemoteCacheImpl.java:219)
	at org.infinispan.CacheSupport.put(CacheSupport.java:52)
	at org.jboss.qa.edg.adapter.HotRodAdapter$HotRodRemoteCacheAdapter.put(HotRodAdapter.java:249)
	at org.jboss.qa.edg.adapter.HotRodAdapter$HotRodRemoteCacheAdapter.put(HotRodAdapter.java:234)
	at org.jboss.smartfrog.edg.loaddriver.DriverNodeImpl$ClientThread.makeRequest(DriverNodeImpl.java:244)
	at org.jboss.smartfrog.edg.loaddriver.DriverNodeImpl$ClientThread.run(DriverNodeImpl.java:375)
{code}

The exception repeats many times in the log and the ""received"" part of ""Expected 0xa1 and received 0xXX"" takes on different values.
Also happens in both PUT and GET operations.",,,
5583,ISPN-1946,"The resource jgroups-tcp.xml contains the following piece of XML:


   <!--
   <TCPPING timeout=""3000""
            initial_hosts=""localhost[7800],localhost[7801]}""
            port_range=""5""
            num_initial_members=""3""
            ergonomics=""false""
        />
   -->

There's a typo in the ""initial_hosts"" attribute.",,,
5584,ISPN-1945,As per summary,,,
5585,ISPN-1942,"Several things are not right in the forum post above:

1. The XML file should not allow both stateRetrieval (deprecated) and stateTransfer to be defined:

{code}<?xml version=""1.0"" encoding=""UTF-8""?>
<infinispan
      xmlns:xsi=""http://www.w3.org/2001/XMLSchema-instance""
      xsi:schemaLocation=""urn:infinispan:config:5.1 http://www.infinispan.org/schemas/infinispan-config-5.1.xsd""
      xmlns=""urn:infinispan:config:5.1"">
 
   <global>
        <transport clusterName=""hotrod-test"" distributedSyncTimeout=""16000000"">
                <properties>
                        <property name=""configurationFile"" value=""/opt/infinispan-5.1.1.FINAL/etc/gossip-router-config.xml""/>
                </properties>
        </transport>
      <globalJmxStatistics enabled=""true""/>
   </global>
 
   <default>
      <jmxStatistics enabled=""true""/>
      <locking
         lockAcquisitionTimeout=""16000000""
      />
 
      <clustering mode=""replicated"">
         <sync replTimeout=""16000000""/>
 
         <!-- for replication -->
         <stateRetrieval timeout=""16000000""/>
         <stateTransfer timeout=""16000000""/>
      </clustering>
   </default>
 
   <namedCache name=""A""/>
   <namedCache name=""B""/>
   <namedCache name=""C""/>
   <namedCache name=""D""/>
</infinispan>{code}

2. In spite of setting the stateTransfer timeout, state transfer is looking for hash.rehashRpcTimeout which by default is 10 minutes? @Dan, shouldn't the state transfer timeout be passed onto the hash.rehashTimeout? 

Also @Dan, do we have any docu on how this really should be configured in 5.1?",,,
5596,ISPN-1941,"In the linked forum post, Jeremy adds a write skew test that not always detects a write skew, resulting in multiple counter increments for the same number (i.e. both threads increment the counter to a given number).",,,
5599,ISPN-1938,"As a consequence we might get warnings as https://community.jboss.org/message/725088 for details.  

We are getting this warning message but all of our caches are named caches started at the same time.  They all have an eviction policy set up (see discussion board message for details).",,,
5602,ISPN-1936,"Using the following java (see Test.java):


	public static void main(String[] args) throws Exception {
		DefaultCacheManager manager = new DefaultCacheManager(""config/config.xml"");
		Cache<String, String> cache = manager.getCache(""evictionCache"");

		for (int i = 0; i < 10000; i++) {
			cache.put(""key"" + i, ""value"" + i);
		}
		
		cache.stop();
		manager.stop();
	}

with the following config (see config.xml):

<infinispan>
	<namedCache name=""evictionCache"">
		<loaders passivation=""false"" shared=""false"" preload=""true"">
			<loader class=""org.infinispan.loaders.file.FileCacheStore""
				fetchPersistentState=""true"" ignoreModifications=""false""
				purgeOnStartup=""false"">
				<properties>
					<property name=""location"" value=""d:\code\infinispan\store"" />
				</properties>
			</loader>
		</loaders>
		<eviction maxEntries=""5000"" strategy=""LRU"" />
		<expiration lifespan=""60000"" maxIdle=""10000"" wakeUpInterval=""500"" />
	</namedCache>
</infinispan>

running under Windows 7, there are two problems:

1) There are lots INFO: Unable to remove empty file
d:\code\infinispan\store\evictionCache\-1134715904 - will try again
later. I'm running under windows, so this may have something to do
with it, but the process which is holding on to the file handles is
the jvm. Is it possible that something somewhere is holding the files
open somewhere? Looking at the code in FileCacheStore, there doesn't
seem to be anything obvious.
2) This may be related to the above, but the process eventually falls
over with java.nio.channels.ClosedByInterruptException (with
iterations = 1000) see console-1000.txt or a java.io.EOFException: The
stream ended unexpectedly. for iterations = 10000 (see
console-10000.txt).",,,
5607,ISPN-1934,"Joiners should ignore SuspectExceptions when sending their REQUEST_JOIN command, as the new coordinator will pick up all the cache members using the RECOVER_VIEW command.
",,,
5609,ISPN-1932,"JGroups 3.0.8 contains a backport of the RSVP protocol, which is required for us to upgrade back to UNICAST2 (ISPN-1879).",,,
5610,ISPN-1931,"When one of a command's target nodes leaves the cluster, StateTransferLockInterceptor is supposed to catch the SuspectException and retry the command.
This mechanism doesn't work, because the SuspectException is wrapped inside a CacheException.
",,,
5613,ISPN-1929,"In a resiliency/failover tests I'm getting this on client side:

{code}
org.infinispan.client.hotrod.exceptions.HotRodClientException:Request for message id[825139] returned server error (status=0x85): org.infinispan.CacheException: SuspectedException
	at org.infinispan.client.hotrod.impl.protocol.Codec10.checkForErrorsInResponseStatus(Codec10.java:154)
	at org.infinispan.client.hotrod.impl.protocol.Codec10.readHeader(Codec10.java:109)
	at org.infinispan.client.hotrod.impl.operations.HotRodOperation.readHeaderAndValidate(HotRodOperation.java:78)
	at org.infinispan.client.hotrod.impl.operations.AbstractKeyValueOperation.sendPutOperation(AbstractKeyValueOperation.java:72)
	at org.infinispan.client.hotrod.impl.operations.PutOperation.executeOperation(PutOperation.java:52)
	at org.infinispan.client.hotrod.impl.operations.PutOperation.executeOperation(PutOperation.java:41)
	at org.infinispan.client.hotrod.impl.operations.RetryOnFailureOperation.execute(RetryOnFailureOperation.java:68)
	at org.infinispan.client.hotrod.impl.RemoteCacheImpl.put(RemoteCacheImpl.java:219)
	at org.infinispan.CacheSupport.put(CacheSupport.java:52)
	at org.jboss.qa.edg.adapter.HotRodAdapter$HotRodRemoteCacheAdapter.put(HotRodAdapter.java:249)
	at org.jboss.qa.edg.adapter.HotRodAdapter$HotRodRemoteCacheAdapter.put(HotRodAdapter.java:234)
	at org.jboss.smartfrog.edg.loaddriver.DriverNodeImpl$ClientThread.makeRequest(DriverNodeImpl.java:244)
	at org.jboss.smartfrog.edg.loaddriver.DriverNodeImpl$ClientThread.run(DriverNodeImpl.java:375)
{code}

problem being
https://github.com/infinispan/infinispan/blob/master/client/hotrod-client/src/main/java/org/infinispan/client/hotrod/impl/protocol/Codec10.java#L145
where we expect ""SuspectException"" instead of ""SuspectedException""
",,,
5614,ISPN-1926,"Seems like the check I added in ISPN-1873 to fix AS7-3180 is not fully working.

So, add the status of the cache manager to the exception itself so that we can nail this.",,,
5615,ISPN-1923,"There's a bug when defining caches with versioning. This is due to old configuration overriding that's not working right for versioning.

The result is that configuration.isEnableVersioning() returns false when it shouldn't.",,,
5619,ISPN-1920,"The class org.infinispan.config.GlobalConfiguration is deprecated but is lacking any documentation whatsoever on what to use instead. This also applied to a bunch of methods in that same class.

Lack of description for @deprecated can be accepted in some cases, but I personally would not accept it for Configuration classes that are commonly used.",,,
5621,ISPN-1919,"The L1ConfigurationBuilder (rightly) breaks when l1 is disabled and l1 onrehash is enabled. Unfortunately when a configuration is inherited via read() from a previous configuration where l1 was enabled (and onrehash enabled implicitly because of this), the user is forced to call L1ConfigurationBuilder.disable().disableOnRehash(), which is a bit redundant. This also breaks AS7.",,,
5622,ISPN-1915,"From an email from Bela:

{quote}
OK, when running async DIST with 2 nodes and numOwners == 2, I found a huge memory leak in the L1ManagerImpl !

With L1 enabled, my test with 1 passive and 1 active node wouldn't complete with 10 threads each putting 100'000 elements in the cache; instead the passive node would always OOME !

With L1 disabled, it would complete, with 23'000 TXs / sec !

Profiling the passive node (the one which would receive the modifications via RPCs), I can see that L1ManageImpl.addRequestor() leaks entries in the 'requestors' hashmap.

******
The weird thing is that L1 shouldn't even matter in the 2 node case !
******
{quote}",,,
5636,ISPN-1913,See AS7-4145,,,
5640,ISPN-1912,"Tested with ISPN 5.1.3-SNAPSHOT (HEAD=cd60abc - Tristan Tarrant : Bump to 5.1.3-SNAPSHOT) on W2k8-x86_64 

The failures can be found at:
http://hudson.qa.jboss.com/hudson/job/edg-60-community-testsuite-windows/jdk=java16_default,label=dev97-W2k8-x86_64/lastCompletedBuild/testReport/org.infinispan.loaders.file/

I ran these tests 3 times (with 2 different Windows boxes) and they failed each time.",,,
5645,ISPN-1911,"The following class contains UNIX-style file separators: https://github.com/infinispan/infinispan/blob/master/tools/src/test/java/org/infinispan/test/fwk/TestNameVerifier.java

We'll be executing the testsuite as a part of JDG release on Windows so it would be good to fix this.

Our temporary hudson job for windows shows that the test fails: http://hudson.qa.jboss.com/hudson/job/edg-60-community-testsuite-windows/7/jdk=java16_default,label=Win2k8_x86_64/testReport/junit/org.infinispan.test.fwk/TestNameVerifier-verifyTestName/org_infinispan_test_fwk_TestNameVerifier_verifyTestName/

Please fix this also in 5.1.x branch.",,,
5647,ISPN-1910,"This is a reedit of ISPN-835, only now it affects both repl and dist caches as a result of my ISPN-1475 fix. All invocations are supported because enabling state transfer also enables replay support, but there is no reason to support replay at the transport level any more. 

Before ISPN-1194, a cache could receive RPCs before it had received its initial state, and it would reply with a RequestIgnoredResponse. The originator would see this response and retry the operation, without any change. 

After ISPN-1194, we no longer use RequestIgnoredResponse - instead a node can reply with a StateTransferInProgressException to signal that the command targets may have changed or (only for CommitCommands) with CommitCommand.RESEND_PREPARE to request the prepare information on a new owner. Either way, there is no case where the originator has to resend the command exactly the same as the first time.

We should disable the replay support completely, as this job is better handled at a higher level.",,,
5662,ISPN-1909,"I'm getting the following exception when running Infinispan testsuite on Solaris with NFS (Network File System):

{code}
java.lang.IllegalArgumentException: bucketId: .nfs073116 (expected: integer)
	at org.infinispan.loaders.bucket.Bucket.setBucketId(Bucket.java:77)
	at org.infinispan.loaders.file.FileCacheStore.loadBucket(FileCacheStore.java:323)
	at org.infinispan.loaders.file.FileCacheStore.loopOverBuckets(FileCacheStore.java:101)
	at org.infinispan.loaders.bucket.BucketBasedCacheStore.loadAllLockSafe(BucketBasedCacheStore.java:180)
	at org.infinispan.loaders.LockSupportCacheStore.loadAll(LockSupportCacheStore.java:138)
	at org.infinispan.loaders.BaseCacheStoreTest.testStreamingAPI(BaseCacheStoreTest.java:561)
	at sun.reflect.NativeMethodAccessorImpl.invoke0(Native Method)
	at sun.reflect.NativeMethodAccessorImpl.invoke(NativeMethodAccessorImpl.java:39)
	at sun.reflect.DelegatingMethodAccessorImpl.invoke(DelegatingMethodAccessorImpl.java:25)
	at java.lang.reflect.Method.invoke(Method.java:597)
	at org.testng.internal.MethodHelper.invokeMethod(MethodHelper.java:644)
	at org.testng.internal.Invoker.invokeMethod(Invoker.java:546)
	at org.testng.internal.Invoker.invokeTestMethod(Invoker.java:700)
	at org.testng.internal.Invoker.invokeTestMethods(Invoker.java:1002)
	at org.testng.internal.TestMethodWorker.invokeTestMethods(TestMethodWorker.java:137)
	at org.testng.internal.TestMethodWorker.run(TestMethodWorker.java:121)
	at org.testng.TestRunner.runWorkers(TestRunner.java:909)
	at org.testng.TestRunner.privateRun(TestRunner.java:618)
	at org.testng.TestRunner.run(TestRunner.java:499)
	at org.testng.SuiteRunner.runTest(SuiteRunner.java:332)
	at org.testng.SuiteRunner.access$000(SuiteRunner.java:33)
	at org.testng.SuiteRunner$SuiteWorker.run(SuiteRunner.java:358)
	at org.testng.internal.thread.ThreadUtil$CountDownLatchedRunnable.run(ThreadUtil.java:142)
	at java.util.concurrent.ThreadPoolExecutor$Worker.runTask(ThreadPoolExecutor.java:886)
	at java.util.concurrent.ThreadPoolExecutor$Worker.run(ThreadPoolExecutor.java:908)
	at java.lang.Thread.run(Thread.java:662)
{code}

More FileCacheStore tests fail because of this problem: https://hudson.qa.jboss.com/hudson/view/EDG6/view/EDG-QE/job/edg-60-community-testsuite-solaris/jdk=java16_default,label=sol10_x86_64/16/testReport/org.infinispan.loaders.file/

I was not sure what this means and found this explanation on the internet:

The .nfsxxxx files are used by NFS clients to manage
the deletion of open files. If an open file is deleted
then the client renames it to .nfsxxxx. If the last
open to this file is closed then the client should
send a request to remove it. If the client crashes
before it can clean up then you'll be left with these
files. 

I think Infinispan should count with using NFS ans ignore the files with .nsf prefix when loading all buckets into memory.
",,,
5667,ISPN-1908,"The attached file is an example to reproduce the situation:

CM1 is started and a cache is filled up with some values. 2nd CM is now started and the same cache is filled there with values. As result I'd expect to have (in this case) 8 entries inside the cache store.
When using JDBC cache store and looking into the logs, for some of the key added in the 2nd node (even if they are unique) he executes UPDATE queries instead of inserts...

This only happens, when cache store is shared and transactions are enabled.",,,
5671,ISPN-1902,NoData,,,
5673,ISPN-1900,"{code}org.infinispan.CacheException: Unable to unmarshall value
	at org.infinispan.marshall.MarshalledValue.deserialize0(MarshalledValue.java:159)
	at org.infinispan.marshall.MarshalledValue.deserialize(MarshalledValue.java:143)
	at org.infinispan.marshall.MarshalledValue.get(MarshalledValue.java:224)
	at org.infinispan.interceptors.MarshalledValueInterceptor.visitEntrySetCommand(MarshalledValueInterceptor.java:256)
	at org.infinispan.commands.read.EntrySetCommand.acceptVisitor(EntrySetCommand.java:60)
	at org.infinispan.interceptors.base.CommandInterceptor.invokeNextInterceptor(CommandInterceptor.java:116)
	at org.infinispan.interceptors.base.CommandInterceptor.handleDefault(CommandInterceptor.java:130)
	at org.infinispan.commands.AbstractVisitor.visitEntrySetCommand(AbstractVisitor.java:107)
	at org.infinispan.commands.read.EntrySetCommand.acceptVisitor(EntrySetCommand.java:60)
	at org.infinispan.interceptors.base.CommandInterceptor.invokeNextInterceptor(CommandInterceptor.java:116)
	at org.infinispan.interceptors.InvocationContextInterceptor.handleAll(InvocationContextInterceptor.java:130)
	at org.infinispan.interceptors.InvocationContextInterceptor.handleDefault(InvocationContextInterceptor.java:89)
	at org.infinispan.commands.AbstractVisitor.visitEntrySetCommand(AbstractVisitor.java:107)
	at org.infinispan.commands.read.EntrySetCommand.acceptVisitor(EntrySetCommand.java:60)
	at org.infinispan.interceptors.InterceptorChain.invoke(InterceptorChain.java:345)
	at org.infinispan.CacheImpl.entrySet(CacheImpl.java:327)
	at org.infinispan.CacheImpl.entrySet(CacheImpl.java:320)
	at org.infinispan.loaders.BaseCacheStoreFunctionalTest.testPreloadStoredAsBinary(BaseCacheStoreFunctionalTest.java:166)
	at sun.reflect.NativeMethodAccessorImpl.invoke0(Native Method)
	at sun.reflect.NativeMethodAccessorImpl.invoke(NativeMethodAccessorImpl.java:39)
	at sun.reflect.DelegatingMethodAccessorImpl.invoke(DelegatingMethodAccessorImpl.java:25)
	at java.lang.reflect.Method.invoke(Method.java:597)
	at org.testng.internal.MethodHelper.invokeMethod(MethodHelper.java:644)
	at org.testng.internal.Invoker.invokeMethod(Invoker.java:546)
	at org.testng.internal.Invoker.invokeTestMethod(Invoker.java:700)
	at org.testng.internal.Invoker.invokeTestMethods(Invoker.java:1002)
	at org.testng.internal.TestMethodWorker.invokeTestMethods(TestMethodWorker.java:137)
	at org.testng.internal.TestMethodWorker.run(TestMethodWorker.java:121)
	at org.testng.TestRunner.runWorkers(TestRunner.java:909)
	at org.testng.TestRunner.privateRun(TestRunner.java:618)
	at org.testng.TestRunner.run(TestRunner.java:499)
	at org.testng.SuiteRunner.runTest(SuiteRunner.java:332)
	at org.testng.SuiteRunner.runSequentially(SuiteRunner.java:327)
	at org.testng.SuiteRunner.privateRun(SuiteRunner.java:299)
	at org.testng.SuiteRunner.run(SuiteRunner.java:204)
	at org.testng.TestNG.createAndRunSuiteRunners(TestNG.java:915)
	at org.testng.TestNG.runSuitesLocally(TestNG.java:879)
	at org.testng.TestNG.run(TestNG.java:787)
	at org.testng.remote.RemoteTestNG.run(RemoteTestNG.java:73)
	at org.testng.RemoteTestNGStarter.main(RemoteTestNGStarter.java:101)
	at sun.reflect.NativeMethodAccessorImpl.invoke0(Native Method)
	at sun.reflect.NativeMethodAccessorImpl.invoke(NativeMethodAccessorImpl.java:39)
	at sun.reflect.DelegatingMethodAccessorImpl.invoke(DelegatingMethodAccessorImpl.java:25)
	at java.lang.reflect.Method.invoke(Method.java:597)
	at com.intellij.rt.execution.application.AppMain.main(AppMain.java:120)
Caused by: java.lang.NullPointerException
	at org.infinispan.marshall.MarshalledValue.deserialize0(MarshalledValue.java:154)
	... 44 more{code}",,,
5678,ISPN-1899,"If the configuration filename is wrong (or file is missing), you get an ""com.ctc.wstx.exc.WstxIOException: Stream closed"" exception.
",,,
5681,ISPN-1898,"Warning messages such as this should not appear when the cache loader is read only, i.e. ClusterCacheLoader:
2012-03-01 22:27:34,523 | ISPN000149: Fetch persistent state and purge on startup are both disabled, cache may contain stale entries on startup

The original warning message came from ConfigurationValidatingVisitor where there was, a check to see if the cache loader was really a cache store (i.e. loaderConfig instanceof CacheStoreConfig). This is not present in LoaderConfigurationBuilder for the new configuration style.

So, add it to LoaderConfigurationBuilder and mark ConfigurationValidatingVisitor as deprecated.",,,
5683,ISPN-1897,This is caused by a missing match in the removeEntry method in Server.scala,,,
5685,ISPN-1895,"Some tests are using UDP transport in spite of configuring TCP as transport for the testsuite, see https://infinispan.ci.cloudbees.com/job/Infinispan-master-JDK6-tcp/571/consoleText

These tests appear to be:
* EHCache2InfinispanTransformerTest
* SampleConfigFilesCorrectnessTest
* CacheManagerXmlConfigurationTest
* NoXaConfigTest
* DifferentCacheModesTest
* Command line test (?? query module related?? [testng-Command line test] Test testClear(org.infinispan.query.blackbox.ClusteredCacheTest) succeeded.)",,,
5736,ISPN-1894,"{code}[g@z:~/Go/test/infinispan.git/target/distribution/infinispan-5.2.0-SNAPSHOT]% ./bin/runGuiDemo.sh 
Skipping non-existing classpath element: /Users/g/Go/test/infinispan.git/target/distribution/infinispan-5.2.0-SNAPSHOT/modules/demos/gui
[g@z:~/Go/test/infinispan.git/target/distribution/infinispan-5.2.0-SNAPSHOT]% Exception in thread ""main"" java.lang.NoClassDefFoundError: org/infinispan/demo/InfinispanDemo
Caused by: java.lang.ClassNotFoundException: org.infinispan.demo.InfinispanDemo
	at java.net.URLClassLoader$1.run(URLClassLoader.java:202)
	at java.security.AccessController.doPrivileged(Native Method)
	at java.net.URLClassLoader.findClass(URLClassLoader.java:190)
	at java.lang.ClassLoader.loadClass(ClassLoader.java:306)
	at sun.misc.Launcher$AppClassLoader.loadClass(Launcher.java:301)
	at java.lang.ClassLoader.loadClass(ClassLoader.java:247){code}

all distribution works fine.",,,
5737,ISPN-1887,"2) using AdvancedCache::lock w/o Tx present results in CCE

java.lang.ClassCastException: org.infinispan.context.impl.NonTxInvocationContext cannot be cast to org.infinispan.context.impl.TxInvocationContext
       at org.infinispan.commands.control.LockControlCommand.acceptVisitor(LockControlCommand.java:129)
       at org.infinispan.interceptors.InterceptorChain.invoke(InterceptorChain.java:345)
       at org.infinispan.CacheImpl.lock(CacheImpl.java:481)
       at org.infinispan.CacheImpl.lock(CacheImpl.java:468)
       at org.infinispan.AbstractDelegatingAdvancedCache.lock(AbstractDelegatingAdvancedCache.java:153)",,,
5739,ISPN-1886,"1) using DistributedExecutorService::submit with non <distributable-cache> results in NPE

  protected <K> Map<Address, List<K>> mapKeysToNodes(K... input) {
     DistributionManager dm = cache.getDistributionManager();
     Map<Address, List<K>> addressToKey = new HashMap<Address, List<K>>(input.length * 2);
     for (K key : input) {
        Address ownerOfKey = dm.getPrimaryLocation(key); // <------- dm is null",,,
5742,ISPN-1885,"CommandAwareRpcDispatcher is started before the request/response marshallers are set, which can cause a NotSerializableException if it attempts to handle an RPC during this short period of time.

[JBossINF] 10:24:24,735 ERROR [org.infinispan.cacheviews.CacheViewsManagerImpl] (CacheViewTrigger,perf21/web) Error recovering views from the cluster members: java.util.concurrent.ExecutionException: org.infinispan.CacheException: java.util.concurrent.ExecutionException: org.infinispan.marshall.NotSerializableException: org.infinispan.remoting.responses.ExceptionResponse
[JBossINF] 	at java.util.concurrent.FutureTask$Sync.innerGet(FutureTask.java:222) [rt.jar:1.6.0_30]
[JBossINF] 	at java.util.concurrent.FutureTask.get(FutureTask.java:83) [rt.jar:1.6.0_30]
[JBossINF] 	at org.infinispan.cacheviews.CacheViewsManagerImpl.recoverViews(CacheViewsManagerImpl.java:672) [infinispan-core-5.1.1.FINAL.jar:5.1.1.FINAL]
[JBossINF] 	at org.infinispan.cacheviews.CacheViewsManagerImpl.access$500(CacheViewsManagerImpl.java:95) [infinispan-core-5.1.1.FINAL.jar:5.1.1.FINAL]
[JBossINF] 	at org.infinispan.cacheviews.CacheViewsManagerImpl$ViewTriggerThread.run(CacheViewsManagerImpl.java:812) [infinispan-core-5.1.1.FINAL.jar:5.1.1.FINAL]
[JBossINF] Caused by: org.infinispan.CacheException: java.util.concurrent.ExecutionException: org.infinispan.marshall.NotSerializableException: org.infinispan.remoting.responses.ExceptionResponse
[JBossINF] 	at org.infinispan.util.Util.rewrapAsCacheException(Util.java:524) [infinispan-core-5.1.1.FINAL.jar:5.1.1.FINAL]
[JBossINF] 	at org.infinispan.remoting.transport.jgroups.CommandAwareRpcDispatcher.invokeRemoteCommands(CommandAwareRpcDispatcher.java:115) [infinispan-core-5.1.1.FINAL.jar:5.1.1.FINAL]
[JBossINF] 	at org.infinispan.remoting.transport.jgroups.JGroupsTransport.invokeRemotely(JGroupsTransport.java:447) [infinispan-core-5.1.1.FINAL.jar:5.1.1.FINAL]
[JBossINF] 	at org.infinispan.cacheviews.CacheViewsManagerImpl$4.call(CacheViewsManagerImpl.java:663) [infinispan-core-5.1.1.FINAL.jar:5.1.1.FINAL]
[JBossINF] 	at org.infinispan.cacheviews.CacheViewsManagerImpl$4.call(CacheViewsManagerImpl.java:660) [infinispan-core-5.1.1.FINAL.jar:5.1.1.FINAL]
[JBossINF] 	at java.util.concurrent.FutureTask$Sync.innerRun(FutureTask.java:303) [rt.jar:1.6.0_30]
[JBossINF] 	at java.util.concurrent.FutureTask.run(FutureTask.java:138) [rt.jar:1.6.0_30]
[JBossINF] 	at java.util.concurrent.ThreadPoolExecutor$Worker.runTask(ThreadPoolExecutor.java:886) [rt.jar:1.6.0_30]
[JBossINF] 	at java.util.concurrent.ThreadPoolExecutor$Worker.run(ThreadPoolExecutor.java:908) [rt.jar:1.6.0_30]
[JBossINF] 	at java.lang.Thread.run(Thread.java:662) [rt.jar:1.6.0_30]
[JBossINF] Caused by: java.util.concurrent.ExecutionException: org.infinispan.marshall.NotSerializableException: org.infinispan.remoting.responses.ExceptionResponse
[JBossINF] 	at org.jgroups.blocks.UnicastRequest.getValue(UnicastRequest.java:165) [jgroups-3.0.4.Final.jar:3.0.4.Final]
[JBossINF] 	at org.jgroups.blocks.UnicastRequest.get(UnicastRequest.java:191) [jgroups-3.0.4.Final.jar:3.0.4.Final]
[JBossINF] 	at org.infinispan.remoting.transport.jgroups.CommandAwareRpcDispatcher$ReplicationTask.call(CommandAwareRpcDispatcher.java:269) [infinispan-core-5.1.1.FINAL.jar:5.1.1.FINAL]
[JBossINF] 	at org.infinispan.remoting.transport.jgroups.CommandAwareRpcDispatcher.invokeRemoteCommands(CommandAwareRpcDispatcher.java:111) [infinispan-core-5.1.1.FINAL.jar:5.1.1.FINAL]
[JBossINF] 	... 8 more
[JBossINF] Caused by: org.infinispan.marshall.NotSerializableException: org.infinispan.remoting.responses.ExceptionResponse
[JBossINF] Caused by: an exception which occurred:
[JBossINF] 	in object org.infinispan.remoting.responses.ExceptionResponse@58e39f23",,,
5744,ISPN-1882,"Starting a single clustered node results in:

{code}java.lang.IllegalStateException: Trying to unblock write commands for cache view 1 but they were not blocked
     at org.infinispan.statetransfer.StateTransferLockImpl.unblockNewTransactions(StateTransferLockImpl.java:260)
     at org.infinispan.statetransfer.BaseStateTransferManagerImpl.postInstallView(BaseStateTransferManagerImpl.java:351)
     at org.infinispan.cacheviews.CacheViewsManagerImpl.handleCommitView(CacheViewsManagerImpl.java:520)
     at org.infinispan.cacheviews.CacheViewsManagerImpl.clusterCommitView(CacheViewsManagerImpl.java:387)
     at org.infinispan.cacheviews.CacheViewsManagerImpl.clusterInstallView(CacheViewsManagerImpl.java:271)
     at org.infinispan.cacheviews.CacheViewsManagerImpl$ViewInstallationTask.call(CacheViewsManagerImpl.java:876)
     at java.util.concurrent.FutureTask$Sync.innerRun(FutureTask.java:303)
     at java.util.concurrent.FutureTask.run(FutureTask.java:138)
     at java.util.concurrent.ThreadPoolExecutor$Worker.runTask(ThreadPoolExecutor.java:886)
     at java.util.concurrent.ThreadPoolExecutor$Worker.run(ThreadPoolExecutor.java:908)
     at java.lang.Thread.run(Thread.java:680){code}

See attached log.",,,
5746,ISPN-1876,"when using clustered query, command is not executed on the right cache.

when debuging, in CommandAwareRpcDispatcher::executeCommand()
cmd = ClusteredQuery{cache=""the-good-cache-name""}
cmd.cache = ""the-bad-cache-name""
cmd.cacheName = ""the-good-cache-name""
",,,
5753,ISPN-1875,"{code}[g@dhcp-144-239:/opt/infinispan]% ./bin/runPiApproximationDemo.sh 
Exception in thread ""main"" java.util.ServiceConfigurationError: org.infinispan.lifecycle.ModuleLifecycle: Provider org.infinispan.query.impl.LifecycleManager not found
	at java.util.ServiceLoader.fail(ServiceLoader.java:214)
	at java.util.ServiceLoader.access$400(ServiceLoader.java:164)
	at java.util.ServiceLoader$LazyIterator.next(ServiceLoader.java:350)
	at java.util.ServiceLoader$1.next(ServiceLoader.java:421)
	at org.infinispan.util.ModuleProperties.resolveModuleLifecycles(ModuleProperties.java:70)
	at org.infinispan.factories.GlobalComponentRegistry.<init>(GlobalComponentRegistry.java:100)
	at org.infinispan.manager.DefaultCacheManager.<init>(DefaultCacheManager.java:377)
	at org.infinispan.manager.DefaultCacheManager.<init>(DefaultCacheManager.java:336)
	at org.infinispan.manager.DefaultCacheManager.<init>(DefaultCacheManager.java:323)
	at org.infinispan.demo.CacheBuilder.<init>(CacheBuilder.java:39)
	at org.infinispan.demo.Demo.startCache(Demo.java:62)
	at org.infinispan.demo.distexec.PiApproximationDemo.run(PiApproximationDemo.java:38)
	at org.infinispan.demo.distexec.PiApproximationDemo.main(PiApproximationDemo.java:28)
[g@dhcp-144-239:/opt/infinispan]% ./bin/runPiApproximationDemo.sh
[g@dhcp-144-239:/opt/infinispan]% ./bin/runWordCountDemo.sh 
Exception in thread ""main"" java.util.ServiceConfigurationError: org.infinispan.lifecycle.ModuleLifecycle: Provider org.infinispan.query.impl.LifecycleManager not found
	at java.util.ServiceLoader.fail(ServiceLoader.java:214)
	at java.util.ServiceLoader.access$400(ServiceLoader.java:164)
	at java.util.ServiceLoader$LazyIterator.next(ServiceLoader.java:350)
	at java.util.ServiceLoader$1.next(ServiceLoader.java:421)
	at org.infinispan.util.ModuleProperties.resolveModuleLifecycles(ModuleProperties.java:70)
	at org.infinispan.factories.GlobalComponentRegistry.<init>(GlobalComponentRegistry.java:100)
	at org.infinispan.manager.DefaultCacheManager.<init>(DefaultCacheManager.java:377)
	at org.infinispan.manager.DefaultCacheManager.<init>(DefaultCacheManager.java:336)
	at org.infinispan.manager.DefaultCacheManager.<init>(DefaultCacheManager.java:323)
	at org.infinispan.demo.CacheBuilder.<init>(CacheBuilder.java:39)
	at org.infinispan.demo.Demo.startCache(Demo.java:62)
	at org.infinispan.demo.mapreduce.WordCountDemo.run(WordCountDemo.java:63)
	at org.infinispan.demo.mapreduce.WordCountDemo.main(WordCountDemo.java:51){code}",,,
5755,ISPN-1873,"During clean shutdown of AS7, we occasionally see log messages like the below stack trace.  To detect that the cache manager is being shutdown, ExternalizerTable checks both a ""started"" boolean flag and the interrupted status of the up handler thread.  In the AS, however, the cache manager does not control the lifecycle of the channel - a channel does not stop until its dependent services (e.g. the cache manager) have already stopped.  So, the incoming message handling thread won't be interrupted.  Objects like ExternalizerTable need to use some other mechanism to distinguish ""shutting down"" from ""not yet started"".

[JBossINF] 12:28:22,463 WARN  [org.infinispan.remoting.transport.jgroups.CommandAwareRpcDispatcher] Problems unmarshalling remote command from byte buffer: org.infinispan.CacheException: Cache manager is either starting up or shutting down but it's not interrupted, so type (id=74) cannot be resolved.
[JBossINF] 	at org.infinispan.marshall.jboss.ExternalizerTable.readObject(ExternalizerTable.java:257) [infinispan-core-5.1.0.CR1.jar:5.1.0.CR1]
[JBossINF] 	at org.jboss.marshalling.river.RiverUnmarshaller.doReadObject(RiverUnmarshaller.java:351)
[JBossINF] 	at org.jboss.marshalling.river.RiverUnmarshaller.doReadObject(RiverUnmarshaller.java:209)
[JBossINF] 	at org.jboss.marshalling.AbstractObjectInput.readObject(AbstractObjectInput.java:37) [jboss-marshalling-1.3.4.GA.jar:1.3.4.GA]
[JBossINF] 	at org.infinispan.marshall.jboss.AbstractJBossMarshaller.objectFromObjectStream(AbstractJBossMarshaller.java:120) [infinispan-core-5.1.0.CR1.jar:5.1.0.CR1]
[JBossINF] 	at org.infinispan.marshall.VersionAwareMarshaller.objectFromByteBuffer(VersionAwareMarshaller.java:115) [infinispan-core-5.1.0.CR1.jar:5.1.0.CR1]
[JBossINF] 	at org.infinispan.marshall.AbstractDelegatingMarshaller.objectFromByteBuffer(AbstractDelegatingMarshaller.java:79) [infinispan-core-5.1.0.CR1.jar:5.1.0.CR1]
[JBossINF] 	at org.infinispan.remoting.transport.jgroups.MarshallerAdapter.objectFromBuffer(MarshallerAdapter.java:50) [infinispan-core-5.1.0.CR1.jar:5.1.0.CR1]
[JBossINF] 	at org.infinispan.remoting.transport.jgroups.CommandAwareRpcDispatcher.handle(CommandAwareRpcDispatcher.java:139) [infinispan-core-5.1.0.CR1.jar:5.1.0.CR1]
[JBossINF] 	at org.jgroups.blocks.RequestCorrelator.handleRequest(RequestCorrelator.java:447) [jgroups-3.0.1.Final.jar:3.0.1.Final]
[JBossINF] 	at org.jgroups.blocks.RequestCorrelator.receiveMessage(RequestCorrelator.java:354) [jgroups-3.0.1.Final.jar:3.0.1.Final]
[JBossINF] 	at org.jgroups.blocks.RequestCorrelator.receive(RequestCorrelator.java:230) [jgroups-3.0.1.Final.jar:3.0.1.Final]
[JBossINF] 	at org.jgroups.blocks.MessageDispatcher$ProtocolAdapter.up(MessageDispatcher.java:556) [jgroups-3.0.1.Final.jar:3.0.1.Final]
[JBossINF] 	at org.jboss.as.clustering.jgroups.ClassLoaderAwareUpHandler.up(ClassLoaderAwareUpHandler.java:56) [jboss-as-clustering-jgroups-7.1.0.Final-SNAPSHOT.jar:7.1.0.Final-SNAPSHOT]
[JBossINF] 	at org.jgroups.blocks.mux.MuxUpHandler.up(MuxUpHandler.java:130) [jgroups-3.0.1.Final.jar:3.0.1.Final]
[JBossINF] 	at org.jboss.as.clustering.jgroups.MuxChannel$ClassLoaderAwareMuxUpHandler.up(MuxChannel.java:64) [jboss-as-clustering-jgroups-7.1.0.Final-SNAPSHOT.jar:7.1.0.Final-SNAPSHOT]
[JBossINF] 	at org.jgroups.JChannel.up(JChannel.java:716) [jgroups-3.0.1.Final.jar:3.0.1.Final]
[JBossINF] 	at org.jgroups.stack.ProtocolStack.up(ProtocolStack.java:1026) [jgroups-3.0.1.Final.jar:3.0.1.Final]
[JBossINF] 	at org.jgroups.protocols.pbcast.FLUSH.up(FLUSH.java:481) [jgroups-3.0.1.Final.jar:3.0.1.Final]
[JBossINF] 	at org.jgroups.protocols.pbcast.STATE_TRANSFER.up(STATE_TRANSFER.java:178) [jgroups-3.0.1.Final.jar:3.0.1.Final]
[JBossINF] 	at org.jgroups.protocols.FRAG2.up(FRAG2.java:181) [jgroups-3.0.1.Final.jar:3.0.1.Final]
[JBossINF] 	at org.jgroups.protocols.FlowControl.up(FlowControl.java:400) [jgroups-3.0.1.Final.jar:3.0.1.Final]
[JBossINF] 	at org.jgroups.protocols.FlowControl.up(FlowControl.java:418) [jgroups-3.0.1.Final.jar:3.0.1.Final]
[JBossINF] 	at org.jgroups.protocols.pbcast.GMS.up(GMS.java:881) [jgroups-3.0.1.Final.jar:3.0.1.Final]
[JBossINF] 	at org.jgroups.protocols.pbcast.STABLE.up(STABLE.java:244) [jgroups-3.0.1.Final.jar:3.0.1.Final]
[JBossINF] 	at org.jgroups.protocols.UNICAST2.up(UNICAST2.java:383) [jgroups-3.0.1.Final.jar:3.0.1.Final]
[JBossINF] 	at org.jgroups.protocols.pbcast.NAKACK.handleMessage(NAKACK.java:733) [jgroups-3.0.1.Final.jar:3.0.1.Final]
[JBossINF] 	at org.jgroups.protocols.pbcast.NAKACK.up(NAKACK.java:561) [jgroups-3.0.1.Final.jar:3.0.1.Final]
[JBossINF] 	at org.jgroups.protocols.BARRIER.up(BARRIER.java:126) [jgroups-3.0.1.Final.jar:3.0.1.Final]
[JBossINF] 	at org.jgroups.protocols.VERIFY_SUSPECT.up(VERIFY_SUSPECT.java:140) [jgroups-3.0.1.Final.jar:3.0.1.Final]
[JBossINF] 	at org.jgroups.protocols.FD.up(FD.java:273) [jgroups-3.0.1.Final.jar:3.0.1.Final]
[JBossINF] 	at org.jgroups.protocols.FD_SOCK.up(FD_SOCK.java:284) [jgroups-3.0.1.Final.jar:3.0.1.Final]
[JBossINF] 	at org.jgroups.protocols.MERGE2.up(MERGE2.java:205) [jgroups-3.0.1.Final.jar:3.0.1.Final]
[JBossINF] 	at org.jgroups.protocols.Discovery.up(Discovery.java:354) [jgroups-3.0.1.Final.jar:3.0.1.Final]
[JBossINF] 	at org.jgroups.stack.Protocol.up(Protocol.java:358) [jgroups-3.0.1.Final.jar:3.0.1.Final]
[JBossINF] 	at org.jgroups.protocols.TP.passMessageUp(TP.java:1174) [jgroups-3.0.1.Final.jar:3.0.1.Final]
[JBossINF] 	at org.jgroups.protocols.TP$IncomingPacket.handleMyMessage(TP.java:1709) [jgroups-3.0.1.Final.jar:3.0.1.Final]
[JBossINF] 	at org.jgroups.protocols.TP$IncomingPacket.run(TP.java:1691) [jgroups-3.0.1.Final.jar:3.0.1.Final]
[JBossINF] 	at java.util.concurrent.ThreadPoolExecutor$Worker.runTask(ThreadPoolExecutor.java:886) [:1.6.0_29]
[JBossINF] 	at java.util.concurrent.ThreadPoolExecutor$Worker.run(ThreadPoolExecutor.java:908) [:1.6.0_29]
[JBossINF] 	at java.lang.Thread.run(Thread.java:662) [:1.6.0_29]",,,
5756,ISPN-1867,"in http://docs.jboss.org/infinispan/schemas/infinispan-config-5.1.xsd, the ""class"" attribute does not exist on ""loader"" element.",,,
5757,ISPN-1860,"Say we have a HotRod cluster with a JGroups view A1 [A, B]. A client makes a get request to A, and it receives topology id 1, with nodes [A, B].

Another node C joins the HotRod cluster, and the JGroups view becomes A2 [A, B, C]. It takes a certain time for C to finish joining the topology cache, so for a limited amount of time the topology cache on A only contains [A, B].

If the client makes another get request during this time interval, it will receive topology id 2, but still with nodes [A, B]. So its consistent hash will not contain C.

Future requests from the same client will send topology id 2 to the server, so the server will believe that the client's CH is [A, B, C] and won't send another topology update until another JGroups view is installed (because of a join, leave, or merge).

Note that this can happen even if the client had C in its initial host list, because topology updates override the initial host list.
",,,
5759,ISPN-1859,"While testing some stuff for ISPN-1837, I found that the hash configuration for DIST doesn't override properly when using the defineConfiguration method on the DefaultCacheManager.  The problem is that the OverrideConfigurationVisitor doesn't copy over the activated value, so when the config is copied it over it doesn't think the hash configuration was touched and subsequently skips it.

The interesting thing is that L1 should also be broken, but because of how the LegacyConfigurationAdaptor works it actually activates L1 no matter what, since it will either enable or disable it.

Also the override works properly if the default has a setting for the hash configuration.

I have a testNG that very easily shows this.",,,
5761,ISPN-1857,"Scenario:
tx1 writes to k, hash(k) = {A, B}. Tx is prepared, commit hasn't been send yet.
New node C has joined so that ch(k) = {C, B}, tx1 hasn't completed.
tx2 writes on k adn prepares/acquire lock on k@C.
both transactions commit at the same time resulting in B seeing tx2 result and B seeing tx1 result.  

",,,
5782,ISPN-1855,"RemoteCacheManager uses a single consistent hash to map requests to different servers, but caches on the server may have different CHs (or even no CH if the cache is not in distributed mode).

If the first request goes to a on-distributed cache, the client will never request an updated CH and so it will use a round robin strategy for routing request to all the caches. Obviously this is not optimal for distributed caches.

Each distributed cache can also have different members since 5.1, so it would be best if we kept a separate CH per cache on the client.
",,,
5813,ISPN-1854,Nor its JMX information is in the jmxComponents html file.,,,
5821,ISPN-1853,"http://docs.jboss.org/infinispan/5.1/apidocs/jmxComponents.html is empty.

In the build, I have:
{code}[g@dhcp-144-239:~/Go/upstream/old/infinispan-5.1.1.FINAL.git]% (master) fndany jmxComponents                                                                
./target/distribution/infinispan-5.1.1.FINAL/doc/5.1/apidocs/jmxComponents.html
./target/site/apidocs/jmxComponents.html{code}

The first html file is empty and the second contains the right data. So, something goes wrong when building the distribution.",,,
5822,ISPN-1851,"Missing drivers can only be recognized when looking at the traces and see there a:
2012-02-07 18:08:30,714 [WARN] com.mchange.v2.c3p0.DriverManagerDataSource - Could not load driverClass oracle.jdbc.OracleDriver
java.lang.ClassNotFoundException: oracle.jdbc.OracleDriver

The caches are started but without working cache loaders.
I would expect an exception during cache start.",,,
5826,ISPN-1850,"Happens, when running ISPN inside webapp in Tomcat 6 during shutdown of the server.

java.lang.NullPointerException
        at org.infinispan.jmx.CacheJmxRegistration.unregisterCacheMBean(CacheJmxRegistration.java:113)
        at org.infinispan.manager.DefaultCacheManager.unregisterCacheMBean(DefaultCacheManager.java:732)
        at org.infinispan.manager.DefaultCacheManager.stop(DefaultCacheManager.java:706)
",,,
5827,ISPN-1849,NoData,,,
5828,ISPN-1847,"Hello,

trying to get the treecache working inside a JBoss AS7 7.1.0-x, there is a problem within the configuration parameter ""invocationBatching"". Although batching is enabled, treecache is not recognizing it.

I think the reason is that treecache is using the deprecated configuration API. (e.g. TreeCacheFactory#createTreeCache)

AS7 cache configurations:
{code}
  <cache-container name=""myappCache"" default-cache=""repl"">
    <local-cache name=""default"" batching=""true"">
      <eviction strategy=""LRU""/>
    </local-cache>
  
    <distributed-cache mode=""SYNC"" name=""repl"" batching=""true"">
      <locking isolation=""REPEATABLE_READ""/>
    </distributed-cache>
  </cache-container>
  ...
{code}

Example usage:
{code}
@Singleton
public class CacheServiceBean {

  @Resource(mappedName = ""java:jboss/infinispan/myappCache"")
  CacheContainer infinispanCacheContainer;
  
  TreeCache tc;
  
  @PostConstruct
  public void init(){ 
    this.tc = new TreeCacheFactory().createTreeCache(infinispanCacheContainer.getCache());
  }  
}
{code}

Resulting exception:
{quote}
 org.infinispan.config.ConfigurationException: invocationBatching is not enabled. Make sure this is enabled by calling config.setInvocationBatchingEnabled(true)
	at org.infinispan.tree.TreeCacheFactory.createTreeCache(TreeCacheFactory.java:55) [infinispan-tree-5.1.0.CR1.jar:5.1.0.CR1]
	at com......CacheServiceBean.init(CacheServiceBean.java:35) [example-base-ejb-0.0.1-SNAPSHOT.jar:]
	at sun.reflect.NativeMethodAccessorImpl.invoke0(Native Method) [:1.6.0_29]
	at sun.reflect.NativeMethodAccessorImpl.invoke(NativeMethodAccessorImpl.java:39) [:1.6.0_29]
	at sun.reflect.DelegatingMethodAccessorImpl.invoke(DelegatingMethodAccessorImpl.java:25) [:1.6.0_29]
	at java.lang.reflect.Method.invoke(Method.java:597) [:1.6.0_29]
	at org.jboss.as.ee.component.ManagedReferenceLifecycleMethodInterceptorFactory$ManagedReferenceLifecycleMethodInterceptor.processInvocation(ManagedReferenceLifecycleMethodInterceptorFactory.java:130) [jboss-as-ee-7.1.0.Final-SNAPSHOT.jar:7.1.0.Final-SNAPSHOT]
	at org.jboss.invocation.InterceptorContext.proceed(InterceptorContext.java:288) [jboss-invocation-1.1.1.Final.jar:1.1.1.Final]
	at org.jboss.invocation.WeavedInterceptor.processInvocation(WeavedInterceptor.java:53) [jboss-invocation-1.1.1.Final.jar:1.1.1.Final]
	at org.jboss.invocation.InterceptorContext.proceed(InterceptorContext.java:288) [jboss-invocation-1.1.1.Final.jar:1.1.1.Final]
	at org.jboss.as.weld.injection.WeldInjectionInterceptor.processInvocation(WeldInjectionInterceptor.java:73) [jboss-as-weld-7.1.0.Final-SNAPSHOT.jar:7.1.0.Final-SNAPSHOT]
	at org.jboss.invocation.InterceptorContext.proceed(InterceptorContext.java:288) [jboss-invocation-1.1.1.Final.jar:1.1.1.Final]
	at org.jboss.as.ee.component.ManagedReferenceFieldInjectionInterceptorFactory$ManagedReferenceFieldInjectionInterceptor.processInvocation(ManagedReferenceFieldInjectionInterceptorFactory.java:112) [jboss-as-ee-7.1.0.Final-SNAPSHOT.jar:7.1.0.Final-SNAPSHOT]
	at org.jboss.invocation.InterceptorContext.proceed(InterceptorContext.java:288) [jboss-invocation-1.1.1.Final.jar:1.1.1.Final]
{quote}",,,
5830,ISPN-1840,"I have a strange problem with infinispan 5.1.x.
On my develompent enviroment (Mac 10.6.x and Linux) the cache works fine.
When I tried to deploy my app on my customers test enviroment (a virtualized linux machine) the cache doesn't start... The JVM is blocked during cache initialization.
I tried to debug infinispan and I found that the init process is blocked on DefaultCacheManager at this line

    InputStream schemaInputStream = InfinispanConfiguration.findSchemaInputStream();

If I comment this line ( and the Util.close(schemaInputStream) ) the cache starts successfully.

I see that the findSchemaInputStream() method is deprecated and the schemaInputStream object is never used.
Is it possible to remove these 2 lines of code?

",,,
5831,ISPN-1839,"When a node leaves the cluster, it remains in the list of requestors for all the entries that it retrieved from other nodes. When those entries are updated, their owners try to invalidate them on the leaver. The invalidation command fails because the target has left, and this causes the entire put operation to fail.

This can be seen in some of the HotRod server tests, e.g. HotRodDistributionTest:

{noformat}
2012-02-02 10:56:06,186 TRACE (CacheViewTrigger,HotRodDistributionTest-NodeA-37471) [org.infinispan.cacheviews.PendingCacheViewChanges] Previous members are [HotRodDistributionTest-NodeA-37471, HotRodDistributionTest-NodeB-63614, HotRodDistributionTest-NodeC-41658], joiners are [], leavers are [HotRodDistributionTest-NodeC-41658], recovered after merge = false
2012-02-02 10:56:06,296 TRACE (OOB-2,ISPN,HotRodDistributionTest-NodeB-63614) [org.infinispan.distribution.L1ManagerImpl] Keys [ByteArrayKey{data=ByteArray{size=39, hashCode=7ec14a15, array=0x6b2d746573744469..}}] needs invalidation on [HotRodDistributionTest-NodeC-41658]
2012-02-02 10:56:06,296 TRACE (OOB-2,ISPN,HotRodDistributionTest-NodeB-63614) [org.infinispan.remoting.rpc.RpcManagerImpl] HotRodDistributionTest-NodeB-63614 invoking in future call InvalidateL1Command{num keys=1, forRehash=false, origin=HotRodDistributionTest-NodeA-37471} to recipient list [HotRodDistributionTest-NodeC-41658]
2012-02-02 10:56:06,297 TRACE (transport-thread-64) [org.infinispan.remoting.rpc.RpcManagerImpl] HotRodDistributionTest-NodeB-63614 broadcasting call InvalidateL1Command{num keys=1, forRehash=false, origin=HotRodDistributionTest-NodeA-37471} to recipient list [HotRodDistributionTest-NodeC-41658]
2012-02-02 10:56:06,298 ERROR (OOB-2,ISPN,HotRodDistributionTest-NodeB-63614) [org.infinispan.interceptors.InvocationContextInterceptor] ISPN000136: Execution error
java.util.concurrent.ExecutionException: org.infinispan.remoting.transport.jgroups.SuspectException: One or more nodes have left the cluster while replicating command SingleRpcCommand{cacheName='hotRodDistSync', command=InvalidateL1Command{num keys=1, forRehash=false, origin=HotRodDistributionTest-NodeA-37471}}
{noformat}
",,,
5837,ISPN-1828,"On this line
https://github.com/infinispan/infinispan/blob/master/client/hotrod-client/src/main/java/org/infinispan/client/hotrod/impl/transport/tcp/TcpTransportFactory.java#L208

Shouldn't newServers be replaced with addedServers ?
At least when logging the message ISPN004014: New server added(xxxx), adding to the pool.
this causes even the non-changed servers to be reported as newly added.",,,
5838,ISPN-1826,"Another resilience test: 4 nodes node2 goes down and up again:
http://hudson.qa.jboss.com/hudson/view/EDG6/view/EDG-REPORTS-RESILIENCE/job/edg-60-failover-dist-basic/16/artifact/report/stats-throughput.png

Test timeline goes like this:

2012-02-01 04:39:21,993: 20 hotrod clients started
2012-02-01 04:42:21,995: node02 killed
2012-02-01 04:45:27,950: node02 up again

Endpoints:
172.18.1.1:11222 - node01
172.18.1.3:11222 - node02
172.18.1.5:11222 - node03
172.18.1.7:11222 - node04

in the client side log
http://hudson.qa.jboss.com/hudson/view/EDG6/view/EDG-REPORTS-RESILIENCE/job/edg-60-failover-dist-basic/16/console-edg-perf06/consoleText
http://hudson.qa.jboss.com/hudson/view/EDG6/view/EDG-REPORTS-RESILIENCE/job/edg-60-failover-dist-basic/16/console-edg-perf07/consoleText

some warnings about connection refused and then node02 being removed from the pool by Timer thread:
{code}
2012-02-01 04:43:15,608 254109 INFO  [org.infinispan.client.hotrod.impl.protocol.Codec11] (Timer-1:) ISPN004006: New topology: [/172.18.1.1:11222, /172.18.1.7:11222, /172.18.1.5:11222]
2012-02-01 04:43:15,609 254110 INFO  [org.infinispan.client.hotrod.impl.transport.tcp.TcpTransportFactory] (Timer-1:) ISPN004014: New server added(/172.18.1.1:11222), adding to the pool.
2012-02-01 04:43:15,610 254111 INFO  [org.infinispan.client.hotrod.impl.transport.tcp.TcpTransportFactory] (Timer-1:) ISPN004014: New server added(/172.18.1.7:11222), adding to the pool.
2012-02-01 04:43:15,611 254112 INFO  [org.infinispan.client.hotrod.impl.transport.tcp.TcpTransportFactory] (Timer-1:) ISPN004014: New server added(/172.18.1.5:11222), adding to the pool.
2012-02-01 04:43:15,612 254113 INFO  [org.infinispan.client.hotrod.impl.transport.tcp.TcpTransportFactory] (Timer-1:) ISPN004016: Server not in cluster anymore(/172.18.1.3:11222), removing from the pool.
{code}

Log of Client-19

{code}
2012-02-01 04:39:20,962 19437 DEBUG [org.infinispan.client.hotrod.impl.transport.tcp.TcpTransportFactory] (Client-19:) Statically configured servers: [/172.18.1.7:11222, /172.18.1.5:11222, /172.18.1.3:11222, /172.18.1.1:11222]
2012-02-01 04:39:20,962 19437 DEBUG [org.infinispan.client.hotrod.impl.transport.tcp.TcpTransportFactory] (Client-19:) Load balancer class: org.infinispan.client.hotrod.impl.transport.tcp.RoundRobinBalancingStrategy
2012-02-01 04:39:20,963 19438 DEBUG [org.infinispan.client.hotrod.impl.transport.tcp.TcpTransportFactory] (Client-19:) Tcp no delay = true; client socket timeout = 120000 ms; connect timeout = 120000 ms
2012-02-01 04:39:20,996 19471 INFO  [org.infinispan.client.hotrod.impl.protocol.Codec11] (Client-19:) ISPN004006: New topology: [/172.18.1.1:11222, /172.18.1.3:11222, /172.18.1.7:11222, /172.18.1.5:11222]
2012-02-01 04:39:20,997 19472 INFO  [org.infinispan.client.hotrod.impl.transport.tcp.TcpTransportFactory] (Client-19:) ISPN004014: New server added(/172.18.1.1:11222), adding to the pool.
2012-02-01 04:39:20,998 19473 INFO  [org.infinispan.client.hotrod.impl.transport.tcp.TcpTransportFactory] (Client-19:) ISPN004014: New server added(/172.18.1.3:11222), adding to the pool.
2012-02-01 04:39:20,999 19474 INFO  [org.infinispan.client.hotrod.impl.transport.tcp.TcpTransportFactory] (Client-19:) ISPN004014: New server added(/172.18.1.7:11222), adding to the pool.
2012-02-01 04:39:21,000 19475 INFO  [org.infinispan.client.hotrod.impl.transport.tcp.TcpTransportFactory] (Client-19:) ISPN004014: New server added(/172.18.1.5:11222), adding to the pool.
2012-02-01 04:45:26,202 384677 INFO  [org.infinispan.client.hotrod.impl.protocol.Codec11] (Client-19:) ISPN004006: New topology: [/172.18.1.1:11222, /172.18.1.7:11222, /172.18.1.5:11222]
2012-02-01 04:45:26,206 384681 INFO  [org.infinispan.client.hotrod.impl.transport.tcp.TcpTransportFactory] (Client-19:) ISPN004014: New server added(/172.18.1.1:11222), adding to the pool.
2012-02-01 04:45:26,207 384682 INFO  [org.infinispan.client.hotrod.impl.transport.tcp.TcpTransportFactory] (Client-19:) ISPN004014: New server added(/172.18.1.7:11222), adding to the pool.
2012-02-01 04:45:26,208 384683 INFO  [org.infinispan.client.hotrod.impl.transport.tcp.TcpTransportFactory] (Client-19:) ISPN004014: New server added(/172.18.1.5:11222), adding to the pool.
{code}

it seems like they get new topology update but without newly started node02

",,,
5851,ISPN-1820,SearchMapping is not recognized by Infinispan and therfore it is not possible to add Objects to cache where you can not add Annotations. (maybe you just have the class Files),,,
5854,ISPN-1816,"Hi,
I'm trying to migrate my application to Infinispan 5.1.0.FINAL but I have some problem.
 
My code uses put method passing lifespan parameter. In the new Infinispan version it seems that if I put an entry to the cache with a lifespan (e.g. 10 seconds) and then, after 5 seconds, I put the same entry with lifespan = 10 seconds, the lifespan is not overrided and the cache entry expires after 10 seconds from the first operation.
 
Here an example of code that reproduces the problem:
 
        final Cache cache = .... // Obtain cache instance
       
        // Put entry in cache
        cache.put( ""key_001"", ""v_001"", 10, TimeUnit.SECONDS );
 
        int x = 0;
        while ( true ) {
            // print cache entry every 500ms
            System.out.println( ( x++ * 500 ) + ""--->"" + cache.get( ""key_001"" ) );
 
            // every 5 seconds put the same entry with lifespan = 10 seconds
            if ( x % 10 == 0 ) {
                System.out.println(""PING"");
                cache.put( ""key_001"", ""v_001"", 10, TimeUnit.SECONDS );
            }
            Thread.sleep( 500 );
        }
 
The results is:
0--->v_001
500--->v_001
1000--->v_001
1500--->v_001
2000--->v_001
2500--->v_001
3000--->v_001
3500--->v_001
4000--->v_001
4500--->v_001
PING
5000--->v_001
5500--->v_001
6000--->v_001
6500--->v_001
7000--->v_001
7500--->v_001
8000--->v_001
8500--->v_001
9000--->v_001
9500--->v_001
PING
10000--->null
10500--->null
11000--->null
11500--->null
12000--->null
12500--->null
13000--->null
13500--->null
14000--->null
14500--->null
PING
15000--->v_001
15500--->v_001
16000--->v_001
16500--->v_001
17000--->v_001
17500--->v_001
 
With Infinispan 5.0.1 the result is
0--->v_001
500--->v_001
1000--->v_001
1500--->v_001
2000--->v_001
2500--->v_001
3000--->v_001
3500--->v_001
4000--->v_001
4500--->v_001
PING
5000--->v_001
5500--->v_001
6000--->v_001
6500--->v_001
7000--->v_001
7500--->v_001
8000--->v_001
8500--->v_001
9000--->v_001
9500--->v_001
PING
10000--->v_001
10500--->v_001
11000--->v_001
11500--->v_001
12000--->v_001
12500--->v_001
13000--->v_001
13500--->v_001
14000--->v_001
14500--->v_001
PING
15000--->v_001
15500--->v_001
16000--->v_001
16500--->v_001
17000--->v_001
17500--->v_001
 
",,,
5856,ISPN-1814,"When a node leaves the cluster gracefully, it is automatically removed from the set of joiners and from the next cache view. If, however, it leaves without sending a {{CacheViewControlCommand\{REQUEST_LEAVE\}}}, it is only handled properly if it's part of the last committed view.

This is visible in the attached log (a simplified version of https://issues.jboss.org/secure/attachment/12350962/org.jboss.as.test.clustering.unmanaged.singleton.SingletonTestCase-output.txt, from ISPN-1806)

The test repeatedly kills a node (node-udp-1) and starts it up again. Somehow JGroups didn't detect the killed node and when it was restarted we received a 3-node view:

{noformat}
20:22:49,552 INFO  [org.infinispan.remoting.transport.jgroups.JGroupsTransport] (Incoming-13,null) ISPN000094: Received new cluster view: [node-udp-0/cluster|4] [node-udp-0/cluster, node-udp-1/cluster, node-udp-1/cluster]
{noformat}

CacheViewsManagerImpl tried to install the new view, but obviously the killed node wasn't responding. I believe we only got an exception when the test timed out and it stopped the new {{node-udp-1}}:

{noformat}
20:23:20,170 ERROR [org.infinispan.cacheviews.CacheViewsManagerImpl] (CacheViewInstaller-1,node-udp-0/cluster) ISPN000172: Failed to prepare view CacheView{viewId=6, members=[node-udp-0/cluster, node-udp-1/cluster]} for cache  default, rolling back to view CacheView{viewId=5, members=[node-udp-0/cluster]}: java.util.concurrent.ExecutionException: org.infinispan.remoting.transport.jgroups.SuspectException: Suspected member: node-udp-1/cluster
{noformat}

However, because of the bug in CacheViewsManagerImpl, we kept trying to install a cache view with 3 nodes:

{noformat}
20:23:20,226 ERROR [org.infinispan.cacheviews.CacheViewsManagerImpl] (CacheViewInstaller-1,node-udp-0/cluster) ISPN000172: Failed to prepare view CacheView{viewId=8, members=[node-udp-0/cluster, node-udp-1/cluster, node-udp-1/cluster]} for cache  default, rolling back to view CacheView{viewId=7, members=[node-udp-0/cluster]}: java.util.concurrent.ExecutionException: org.infinispan.remoting.transport.jgroups.SuspectException: One or more nodes have left the cluster while replicating command CacheViewControlCommand{cache=default, type=PREPARE_VIEW, sender=node-udp-0/cluster, newViewId=8, newMembers=[node-udp-0/cluster, node-udp-1/cluster, node-udp-1/cluster], oldViewId=7, oldMembers=[node-udp-0/cluster]}
{noformat}

The test couldn't really stop because it was blocked waiting for a transaction commit, and the commit command was waiting for the cache view installation to end.",,,
5859,ISPN-1813,"It says 

   /**
    * Configure sync sub element. Once this method is invoked users cannot subsequently invoke
    * <code>configureAsync()</code> as two are mutually exclusive
    */
   @Override
   public StateTransferConfigurationBuilder stateTransfer() {
      return stateTransferConfigurationBuilder;
   }",,,
5860,ISPN-1807,Write skews are not correctly detected when in replicated mode.  This works fine in distributed mode.,,,
5871,ISPN-1798,As per subject,,,
5872,ISPN-1789,"LoaderConfigurationBuilder.validate() tests for the following condition:

if (!getLoadersBuilder().shared() && fetchPersistentState && purgeOnStartup && getBuilder().clustering().cacheMode().isClustered()) {
  log.staleEntriesWithoutFetchPersistentStateOrPurgeOnStartup();
}

The error message reads:
""Fetch persistent state and purge on startup are both disabled, cache may contain stale entries on startup""

However, the condition tests for the case where fetch persistent state and purge are both *enabled*.  The result is a misleading WARN message in the logs.",,,
5873,ISPN-1786,"This might have a dramatic impact performance, caused by uneven distribution. 

Here's the result form an radargun benchmark.
Key distribution in 5.0.Final:
Cluster size: 4 -> ( 9818 10242 9898 9899)
Cluster size: 6 -> ( 9724 9585 10152 9964 9739 10115)
Cluster size: 8 -> ( 9260 9680 9971 9378 10079 10086 10274 10017)

Key distribution in 5.1.Final:
Cluster size: 4 -> ( 15505 13698 5918 4482)
Cluster size: 6 -> ( 8761 7820 17145 8188 12827 4183)
Cluster size: 8 -> ( 8391 6302 10773 22068 3589 200 3050 25211)
",,,
5876,ISPN-1782,"While executing the labs and playing with retrieving keys from other nodes, I see these in the logs:

{code}
[Server:server-three] 20:02:46,847 WARN  [org.infinispan.interceptors.locking.NonTransactionalLockingInterceptor] (OOB-3,ISPN,z-63185) ISPN000135: Could not lock key sanne-Devoxx presents... in order to invalidate from L1 at node z-63185, skipping....
[Server:server-three] 20:02:46,857 WARN  [org.infinispan.interceptors.locking.NonTransactionalLockingInterceptor] (OOB-2,ISPN,z-63185) ISPN000135: Could not lock key manik-Best of Abba in order to invalidate from L1 at node z-63185, skipping....
[Server:server-three] 20:02:46,867 WARN  [org.infinispan.interceptors.locking.NonTransactionalLockingInterceptor] (OOB-2,ISPN,z-63185) ISPN000135: Could not lock key dan-Cher's greatest hits in order to invalidate from L1 at node z-63185, skipping....
...
[Server:server-four] 20:03:05,500 WARN  [org.infinispan.interceptors.locking.NonTransactionalLockingInterceptor] (OOB-4,ISPN,z-25294) ISPN000135: Could not lock key galder-M83 live in order to invalidate from L1 at node z-25294, skipping....{code}

I'll attach TRACE logs asap if I can replicate it.
",,,
5882,ISPN-1781,"Even though I disable l1 configuration via:

{code}      return new ConfigurationBuilder()
            .clustering()
               .cacheMode(CacheMode.DIST_SYNC)
               .l1().disable(){code}

L1 is enabled.",,,
5885,ISPN-1775,Using new configuration API properties defined with the FileCacheLoaderConfigurationBuilder are lost when adapted to the old configuration API.,,,
5891,ISPN-1773,NoData,,,
5906,ISPN-1765,"I'm getting lots of these during shutdown phase of 4 node test

{code}
2012-01-19 14:18:58,635 ERROR [InvocationContextInterceptor] (HotRodServerWorker-1-124) ISPN000136: Execution error
java.lang.InterruptedException
	at java.lang.Object.wait(Native Method)
	at org.infinispan.statetransfer.StateTransferLockImpl.acquireLockForWriteCommand(StateTransferLockImpl.java:304)
	at org.infinispan.statetransfer.StateTransferLockImpl.acquireForCommand(StateTransferLockImpl.java:126)
	at org.infinispan.interceptors.StateTransferLockInterceptor.visitPutKeyValueCommand(StateTransferLockInterceptor.java:127)
	at org.infinispan.commands.write.PutKeyValueCommand.acceptVisitor(PutKeyValueCommand.java:76)
	at org.infinispan.interceptors.base.CommandInterceptor.invokeNextInterceptor(CommandInterceptor.java:116)
	at org.infinispan.interceptors.CacheMgmtInterceptor.visitPutKeyValueCommand(CacheMgmtInterceptor.java:124)
	at org.infinispan.commands.write.PutKeyValueCommand.acceptVisitor(PutKeyValueCommand.java:76)
	at org.infinispan.interceptors.base.CommandInterceptor.invokeNextInterceptor(CommandInterceptor.java:116)
	at org.infinispan.interceptors.InvocationContextInterceptor.handleAll(InvocationContextInterceptor.java:116)
	at org.infinispan.interceptors.InvocationContextInterceptor.handleDefault(InvocationContextInterceptor.java:76)
	at org.infinispan.commands.AbstractVisitor.visitPutKeyValueCommand(AbstractVisitor.java:61)
	at org.infinispan.commands.write.PutKeyValueCommand.acceptVisitor(PutKeyValueCommand.java:76)
	at org.infinispan.interceptors.InterceptorChain.invoke(InterceptorChain.java:345)
	at org.infinispan.CacheImpl.executeCommandAndCommitIfNeeded(CacheImpl.java:941)
	at org.infinispan.CacheImpl.put(CacheImpl.java:654)
	at org.infinispan.DecoratedCache.put(DecoratedCache.java:179)
	at org.infinispan.server.core.AbstractProtocolDecoder.put(AbstractProtocolDecoder.scala:187)
	at org.infinispan.server.core.AbstractProtocolDecoder.decodeValue(AbstractProtocolDecoder.scala:141)
	at org.infinispan.server.core.AbstractProtocolDecoder.decode(AbstractProtocolDecoder.scala:71)
	at org.infinispan.server.core.AbstractProtocolDecoder.decode(AbstractProtocolDecoder.scala:44)
	at org.jboss.netty.handler.codec.replay.CustomReplayingDecoder.callDecode(CustomReplayingDecoder.java:250)
	at org.jboss.netty.handler.codec.replay.CustomReplayingDecoder.messageReceived(CustomReplayingDecoder.java:223)
	at org.infinispan.server.core.AbstractProtocolDecoder.messageReceived(AbstractProtocolDecoder.scala:351)
	at org.jboss.netty.channel.SimpleChannelUpstreamHandler.handleUpstream(SimpleChannelUpstreamHandler.java:80)
	at org.jboss.netty.channel.DefaultChannelPipeline.sendUpstream(DefaultChannelPipeline.java:564)
	at org.jboss.netty.channel.DefaultChannelPipeline.sendUpstream(DefaultChannelPipeline.java:559)
	at org.jboss.netty.channel.Channels.fireMessageReceived(Channels.java:274)
	at org.jboss.netty.channel.Channels.fireMessageReceived(Channels.java:261)
	at org.jboss.netty.channel.socket.nio.NioWorker.read(NioWorker.java:351)
	at org.jboss.netty.channel.socket.nio.NioWorker.processSelectedKeys(NioWorker.java:282)
	at org.jboss.netty.channel.socket.nio.NioWorker.run(NioWorker.java:202)
	at org.jboss.netty.util.ThreadRenamingRunnable.run(ThreadRenamingRunnable.java:108)
	at org.jboss.netty.util.internal.DeadLockProofWorker$1.run(DeadLockProofWorker.java:44)
	at java.util.concurrent.ThreadPoolExecutor$Worker.runTask(ThreadPoolExecutor.java:886)
	at java.util.concurrent.ThreadPoolExecutor$Worker.run(ThreadPoolExecutor.java:908)
	at java.lang.Thread.run(Thread.java:662)
{code}

I'm guessig for all PUTs waiting on state transfer lock. so this happens when shutting down during state transfer.

full log:
http://hudson.qa.jboss.com/hudson/view/EDG6/view/EDG-QE/job/edg-60-experiments-mlinhard-perflab/35/artifact/report/serverlogs.zip

I thought I'll report this since we're tidying technical exceptions during shutdown phase as in ISPN-1754.


",,,
5918,ISPN-1761,The CustomReplayingDecoder should be moved to the org.infinispan.server.core hierarchy to avoid package signing errors and package splitting,,,
5922,ISPN-1758,"When an exception is thrown during a get, e.g. by an custom interceptor, the PessimisticTransactionInterceptor does not behave well but throws an CCE. ",,,
5924,ISPN-1755,"see
https://github.com/infinispan/infinispan/blob/master/client/hotrod-client/src/main/java/org/infinispan/client/hotrod/impl/transport/tcp/TcpTransport.java#L80
https://github.com/infinispan/infinispan/blob/master/client/hotrod-client/src/main/java/org/infinispan/client/hotrod/impl/transport/tcp/TcpTransport.java#L82",,,
5925,ISPN-1754,"I get these during stress/failover test while shutting down the servers

{code}
05:44:54,051 ERROR [org.infinispan.transaction.TransactionCoordinator] ISPN000098: Exception while rollback: java.lang.IllegalStateException: Cache 'testCache' is in 'STOPPING' state and this is an invocation not belonging to an on-going transaction, so i..
	at org.infinispan.interceptors.InvocationContextInterceptor.handleAll(InvocationContextInterceptor.java:100) [infinispan-core-5.1.0.CR4.jar:5.1.0.CR4]
	at org.infinispan.interceptors.InvocationContextInterceptor.handleDefault(InvocationContextInterceptor.java:76) [infinispan-core-5.1.0.CR4.jar:5.1.0.CR4]
	at org.infinispan.commands.AbstractVisitor.visitRollbackCommand(AbstractVisitor.java:117) [infinispan-core-5.1.0.CR4.jar:5.1.0.CR4]
	at org.infinispan.commands.tx.RollbackCommand.acceptVisitor(RollbackCommand.java:54) [infinispan-core-5.1.0.CR4.jar:5.1.0.CR4]
	at org.infinispan.interceptors.InterceptorChain.invoke(InterceptorChain.java:345) [infinispan-core-5.1.0.CR4.jar:5.1.0.CR4]
	at org.infinispan.transaction.TransactionCoordinator.rollbackInternal(TransactionCoordinator.java:208) [infinispan-core-5.1.0.CR4.jar:5.1.0.CR4]
	at org.infinispan.transaction.TransactionCoordinator.rollback(TransactionCoordinator.java:176) [infinispan-core-5.1.0.CR4.jar:5.1.0.CR4]
	at org.infinispan.transaction.synchronization.SynchronizationAdapter.afterCompletion(SynchronizationAdapter.java:89) [infinispan-core-5.1.0.CR4.jar:5.1.0.CR4]
	at com.arjuna.ats.internal.jta.resources.arjunacore.SynchronizationImple.afterCompletion(SynchronizationImple.java:117)
	at com.arjuna.ats.arjuna.coordinator.TwoPhaseCoordinator.afterCompletion(TwoPhaseCoordinator.java:403)
	at com.arjuna.ats.arjuna.coordinator.TwoPhaseCoordinator.end(TwoPhaseCoordinator.java:104)
	at com.arjuna.ats.arjuna.AtomicAction.commit(AtomicAction.java:159)
	at com.arjuna.ats.internal.jta.transaction.arjunacore.TransactionImple.commitAndDisassociate(TransactionImple.java:1162)
	at com.arjuna.ats.internal.jta.transaction.arjunacore.BaseTransaction.commit(BaseTransaction.java:119)
	at com.arjuna.ats.jbossatx.BaseTransactionManagerDelegate.commit(BaseTransactionManagerDelegate.java:75)
	at org.infinispan.CacheImpl.executeCommandAndCommitIfNeeded(CacheImpl.java:951) [infinispan-core-5.1.0.CR4.jar:5.1.0.CR4]
	at org.infinispan.CacheImpl.put(CacheImpl.java:654) [infinispan-core-5.1.0.CR4.jar:5.1.0.CR4]
	at org.infinispan.DecoratedCache.put(DecoratedCache.java:179) [infinispan-core-5.1.0.CR4.jar:5.1.0.CR4]
	at org.infinispan.AbstractDelegatingCache.put(AbstractDelegatingCache.java:119) [infinispan-core-5.1.0.CR4.jar:5.1.0.CR4]
	at org.infinispan.server.core.AbstractProtocolDecoder.put(AbstractProtocolDecoder.scala:187) [infinispan-server-core-5.1.0.CR4.jar:5.1.0.CR4]
	at org.infinispan.server.core.AbstractProtocolDecoder.decodeValue(AbstractProtocolDecoder.scala:141) [infinispan-server-core-5.1.0.CR4.jar:5.1.0.CR4]
	at org.infinispan.server.core.AbstractProtocolDecoder.decode(AbstractProtocolDecoder.scala:71) [infinispan-server-core-5.1.0.CR4.jar:5.1.0.CR4]
	at org.infinispan.server.core.AbstractProtocolDecoder.decode(AbstractProtocolDecoder.scala:44) [infinispan-server-core-5.1.0.CR4.jar:5.1.0.CR4]
	at org.jboss.netty.handler.codec.replay.CustomReplayingDecoder.callDecode(CustomReplayingDecoder.java:250) [infinispan-server-core-5.1.0.CR4.jar:5.1.0.CR4]
	at org.jboss.netty.handler.codec.replay.CustomReplayingDecoder.messageReceived(CustomReplayingDecoder.java:223) [infinispan-server-core-5.1.0.CR4.jar:5.1.0.CR4]
	at org.infinispan.server.core.AbstractProtocolDecoder.messageReceived(AbstractProtocolDecoder.scala:351) [infinispan-server-core-5.1.0.CR4.jar:5.1.0.CR4]
	at org.jboss.netty.channel.SimpleChannelUpstreamHandler.handleUpstream(SimpleChannelUpstreamHandler.java:80) [netty-3.2.6.Final.jar:]
	at org.jboss.netty.channel.DefaultChannelPipeline.sendUpstream(DefaultChannelPipeline.java:564) [netty-3.2.6.Final.jar:]
	at org.jboss.netty.channel.DefaultChannelPipeline.sendUpstream(DefaultChannelPipeline.java:559) [netty-3.2.6.Final.jar:]
	at org.jboss.netty.channel.Channels.fireMessageReceived(Channels.java:274) [netty-3.2.6.Final.jar:]
	at org.jboss.netty.channel.Channels.fireMessageReceived(Channels.java:261) [netty-3.2.6.Final.jar:]
	at org.jboss.netty.channel.socket.nio.NioWorker.read(NioWorker.java:351) [netty-3.2.6.Final.jar:]
	at org.jboss.netty.channel.socket.nio.NioWorker.processSelectedKeys(NioWorker.java:282) [netty-3.2.6.Final.jar:]
	at org.jboss.netty.channel.socket.nio.NioWorker.run(NioWorker.java:202) [netty-3.2.6.Final.jar:]
	at org.jboss.netty.util.ThreadRenamingRunnable.run(ThreadRenamingRunnable.java:108) [netty-3.2.6.Final.jar:]
	at org.jboss.netty.util.internal.DeadLockProofWorker$1.run(DeadLockProofWorker.java:44) [netty-3.2.6.Final.jar:]
	at java.util.concurrent.ThreadPoolExecutor$Worker.runTask(ThreadPoolExecutor.java:886) [:1.6.0_29]
	at java.util.concurrent.ThreadPoolExecutor$Worker.run(ThreadPoolExecutor.java:908) [:1.6.0_29]
	at java.lang.Thread.run(Thread.java:662) [:1.6.0_29]

{code}",,,
5937,ISPN-1753,"The existing nearcache demo uses old configuration which fails to deploy in AS7.

Move to new configuration and get the demo working.",,,
5940,ISPN-1751,"I've got this one in two recent stress test runs:

{code}
java.lang.NullPointerException
	at sun.nio.ch.Util.atBugLevel(Util.java:448)
	at sun.nio.ch.SelectorImpl.<init>(SelectorImpl.java:40)
	at sun.nio.ch.EPollSelectorImpl.<init>(EPollSelectorImpl.java:47)
	at sun.nio.ch.EPollSelectorProvider.openSelector(EPollSelectorProvider.java:18)
	at sun.nio.ch.Util.getTemporarySelector(Util.java:245)
	at sun.nio.ch.SocketAdaptor.connect(SocketAdaptor.java:92)
	at org.infinispan.client.hotrod.impl.transport.tcp.TcpTransport.<init>(TcpTransport.java:80)
	at org.infinispan.client.hotrod.impl.transport.tcp.TransportObjectFactory.makeObject(TransportObjectFactory.java:57)
	at org.apache.commons.pool.impl.GenericKeyedObjectPool.borrowObject(GenericKeyedObjectPool.java:1179)
	at org.infinispan.client.hotrod.impl.transport.tcp.TcpTransportFactory.borrowTransportFromPool(TcpTransportFactory.java:250)
	at org.infinispan.client.hotrod.impl.transport.tcp.TcpTransportFactory.getTransport(TcpTransportFactory.java:143)
	at org.jboss.qa.edg.adapter.HotRodAdapter$AdapterTcpTransportFactory.getTransport(HotRodAdapter.java:104)
	at org.infinispan.client.hotrod.RemoteCacheManager.ping(RemoteCacheManager.java:529)
	at org.infinispan.client.hotrod.RemoteCacheManager.createRemoteCache(RemoteCacheManager.java:511)
	at org.infinispan.client.hotrod.RemoteCacheManager.getCache(RemoteCacheManager.java:433)
	at org.infinispan.client.hotrod.RemoteCacheManager.getCache(RemoteCacheManager.java:429)
	at org.jboss.qa.edg.adapter.HotRodAdapter.getCache(HotRodAdapter.java:216)
	at org.jboss.smartfrog.edg.loaddriver.DriverNodeImpl$ClientThread.init(DriverNodeImpl.java:104)
	at org.jboss.smartfrog.edg.loaddriver.DriverNodeImpl$ClientThread.run(DriverNodeImpl.java:317)
{code}",,,
5963,ISPN-1750,"With ISPN 5.1.0.CR4, I face exceptions of the following type:
{code}
17.01.2012 11:56:53 *ERROR* [main] InvocationContextInterceptor: ISPN000136: Execution error (InvocationContextInterceptor.java, line 123) 
java.lang.IllegalArgumentException: Comparison method violates its general contract!
	at org.infinispan.util.TimSort.mergeHi(TimSort.java:872)
	at org.infinispan.util.TimSort.mergeAt(TimSort.java:489)
	at org.infinispan.util.TimSort.mergeForceCollapse(TimSort.java:430)
	at org.infinispan.util.TimSort.sort(TimSort.java:227)
	at org.infinispan.util.TimSort.sort(TimSort.java:177)
	at org.infinispan.interceptors.locking.OptimisticLockingInterceptor.sort(OptimisticLockingInterceptor.java:252)
	at org.infinispan.interceptors.locking.OptimisticLockingInterceptor.visitPrepareCommand(OptimisticLockingInterceptor.java:94)
	at org.infinispan.commands.tx.PrepareCommand.acceptVisitor(PrepareCommand.java:131)
	at org.infinispan.interceptors.base.CommandInterceptor.invokeNextInterceptor(CommandInterceptor.java:116)
	at org.infinispan.interceptors.NotificationInterceptor.visitPrepareCommand(NotificationInterceptor.java:58)
	at org.infinispan.commands.tx.PrepareCommand.acceptVisitor(PrepareCommand.java:131)
	at org.infinispan.interceptors.base.CommandInterceptor.invokeNextInterceptor(CommandInterceptor.java:116)
	at org.infinispan.interceptors.TxInterceptor.visitPrepareCommand(TxInterceptor.java:106)
	at org.infinispan.commands.tx.PrepareCommand.acceptVisitor(PrepareCommand.java:131)
	at org.infinispan.interceptors.base.CommandInterceptor.invokeNextInterceptor(CommandInterceptor.java:116)
	at org.infinispan.interceptors.base.CommandInterceptor.handleDefault(CommandInterceptor.java:130)
	at org.infinispan.commands.AbstractVisitor.visitPrepareCommand(AbstractVisitor.java:113)
	at org.infinispan.commands.tx.PrepareCommand.acceptVisitor(PrepareCommand.java:131)
	at org.infinispan.interceptors.base.CommandInterceptor.invokeNextInterceptor(CommandInterceptor.java:116)
	at org.infinispan.interceptors.InvocationContextInterceptor.handleAll(InvocationContextInterceptor.java:116)
	at org.infinispan.interceptors.InvocationContextInterceptor.handleDefault(InvocationContextInterceptor.java:76)
	at org.infinispan.commands.AbstractVisitor.visitPrepareCommand(AbstractVisitor.java:113)
	at org.infinispan.commands.tx.PrepareCommand.acceptVisitor(PrepareCommand.java:131)
	at org.infinispan.interceptors.InterceptorChain.invoke(InterceptorChain.java:345)
	at org.infinispan.transaction.TransactionCoordinator.prepare(TransactionCoordinator.java:129)
	at org.infinispan.transaction.TransactionCoordinator.prepare(TransactionCoordinator.java:111)
	at org.infinispan.transaction.xa.TransactionXaAdapter.commit(TransactionXaAdapter.java:122)
	at com.arjuna.ats.internal.jta.resources.arjunacore.XAResourceRecord.topLevelOnePhaseCommit(XAResourceRecord.java:811)
	at com.arjuna.ats.arjuna.coordinator.BasicAction.onePhaseCommit(BasicAction.java:2656)
	at com.arjuna.ats.arjuna.coordinator.BasicAction.End(BasicAction.java:1784)
	at com.arjuna.ats.arjuna.coordinator.TwoPhaseCoordinator.end(TwoPhaseCoordinator.java:94)
	at com.arjuna.ats.arjuna.AtomicAction.commit(AtomicAction.java:177)
	at com.arjuna.ats.internal.jta.transaction.arjunacore.TransactionImple.commitAndDisassociate(TransactionImple.java:1423)
	at com.arjuna.ats.internal.jta.transaction.arjunacore.BaseTransaction.commit(BaseTransaction.java:137)
{code}

After a deeper investigation, it seems to be due to the implementation of {{keyComparator}} used to sort the keys based on {{MurmurHash3}}. Please find as attached file a test case that shows the issue. ",,,
5964,ISPN-1749,"Although the startServer.sh script provides a way to specify custom system properties, via the JVM_PARAMS environment variable, it is not possible to specify a different log4j configuration file through the log4j.configuration system property because it will be overridden in functions.sh (see script snippet below, starting at line 154 of functions.sh). I think the portion of functions.sh that sets the location of the log4j configuration file should only execute if the user hasn't provided their own location.

  # Log4J config path needs path conversion in Cygwin
  if $CYGWIN; then
    LOG4J_CONFIG=`cygpath -w ""${ISPN_HOME}/etc/log4j.xml""`
  else
    LOG4J_CONFIG=${ISPN_HOME}/etc/log4j.xml
  fi
  START_ARGS=( ""${START_ARGS[@]}"" ""-Dlog4j.configuration=file:///$LOG4J_CONFIG"" )


",,,
5968,ISPN-1746,There is a check the the end of KeyAffinityServiceTest.testConcurrentConsumptionOfKeys that verifies that buffer of keys is at max capacity. This is incorrect as new key generation is only triggered if the buffer size goes below the .5 threshold.,,,
5971,ISPN-1739,NoData,,,
5972,ISPN-1737,"{code}
   public DefaultCacheManager(String configurationFile, boolean start) throws IOException {
      this(FileLookupFactory.newInstance().lookupFile(configurationFile, Thread.currentThread().getContextClassLoader()));
   }
{code}

Look what happens to the start parameter ;)",,,
5973,ISPN-1736,"For CR4, new config docs won't be uploaded cos I forgot to modify all.xml assembly file.

I'll upload them manually for CR4 and should be included in final.",,,
5974,ISPN-1727,"{code}
private static String extractFqcn(String path, File f) {
      return f.getAbsolutePath().replace(path, """").replace(File.separator, ""."").replace("".class"", """").replaceFirst(""."", """");
   }
{code}
A problem is here - at least I think so as I've not seen any complaints; while ""replace"" is expecting a literal, ""replaceFirst"" is taking first argument as a regex pattern to match; and ""."" is a wildcard..

This method is a good candidate for a *unit test* but I'm not understanding what the purpose is - if someone could plase add examples of intended functionality.",,,
5975,ISPN-1717,"i.e. 

{code}org.infinispan.CacheConfigurationException: Unable to instantiate class 
	at org.infinispan.util.Util.loadClass(Util.java:88)
	at org.infinispan.configuration.cache.LegacyConfigurationAdaptor.adapt(LegacyConfigurationAdaptor.java:335){code}",,,
6005,ISPN-1716,NoData,,,
6035,ISPN-1714,StoreAsBinaryConfigurationBuilder.disable() should set enable to false.,,,
6065,ISPN-1713,Enabling replication queue via configuration not being reflected in the actual configuration.,,,
6095,ISPN-1712,It's currently using the ones from the async listener executor,,,
6125,ISPN-1711,"{code}java.lang.NullPointerException
	at org.infinispan.configuration.global.SerializationConfigurationBuilder.addAdvancedExternalizer(SerializationConfigurationBuilder.java:83)
	at org.infinispan.configuration.global.LegacyGlobalConfigurationAdaptor.adapt(LegacyGlobalConfigurationAdaptor.java:113)
	at org.infinispan.manager.DefaultCacheManager.getCacheManagerConfiguration(DefaultCacheManager.java:761)
	at org.infinispan.configuration.XmlFileParsingTest.assertNamedCacheFile(XmlFileParsingTest.java:90)
	at org.infinispan.configuration.XmlFileParsingTest.testNamedCacheFile(XmlFileParsingTest.java:86){code}",,,
6155,ISPN-1705,"In 5.1.0, the DummyXid was modified to use UUIDs to generate full branch and transaction identifiers.  The most and least significant longs of each UUID was used to populate a part of a 64-byte array (the rest of the array being set to 0).

This poses a number of problems.

1.  Generating 2 UUIDs for each XID is expensive
2.  Most of the 64-byte array is set to 0 and wasted
3.  XID.hashcode() is implemented by performing Arrays.hashcode on each of the (mostly-empty) 64-bit arrays

This makes using the DummyTransactionManager (and consequently, the BatchModeTransactionManager) extremely efficient - if XA compliant.

This JIRA proposes to change this such that:

1.  Each transaction manager creates a single UUID as a transaction manager ID
2.  Each XID created uses an atomic long for transaction and branch ID
3.  Combining most and least significant long of the transaction manager ID with the long counter can provide both transaction and branch identifiers.
4.  Hashcode should be calculated on the above 3 longs ONLY, not the full array, and should be cached.",,,
6160,ISPN-1701,"LegacyGlobalConfigurationAdaptor.adapt(...) does not correctly handle the case where the transport is null.

Caused by: org.infinispan.CacheException: Caught exception [java.lang.IllegalArgumentException] while invoking method [public void org.jboss.as.clustering.infinispan.subsystem.EmbeddedCacheManagerService.cacheStarted(org.infinispan.notifications.cachemanagerlistener.event.CacheStartedEvent)] on listener instance: org.jboss.as.clustering.infinispan.subsystem.EmbeddedCacheManagerService@3be88133
	at org.infinispan.notifications.AbstractListenerImpl$ListenerInvocation$1.run(AbstractListenerImpl.java:204)
	at org.infinispan.util.concurrent.WithinThreadExecutor.execute(WithinThreadExecutor.java:41)
	at org.infinispan.notifications.AbstractListenerImpl$ListenerInvocation.invoke(AbstractListenerImpl.java:220)
	at org.infinispan.notifications.cachemanagerlistener.CacheManagerNotifierImpl.notifyCacheStarted(CacheManagerNotifierImpl.java:121)
	at org.infinispan.factories.ComponentRegistry.start(ComponentRegistry.java:168)
	at org.infinispan.CacheImpl.start(CacheImpl.java:496)
	at org.infinispan.manager.DefaultCacheManager.createCache(DefaultCacheManager.java:625)
	at org.infinispan.manager.DefaultCacheManager.getCache(DefaultCacheManager.java:514)
	at org.infinispan.manager.DefaultCacheManager.getCache(DefaultCacheManager.java:528)
	at org.jboss.as.clustering.infinispan.DefaultEmbeddedCacheManager.getCache(DefaultEmbeddedCacheManager.java:123)
	at org.jboss.as.clustering.infinispan.DefaultEmbeddedCacheManager.getCache(DefaultEmbeddedCacheManager.java:114)
	at org.hibernate.cache.infinispan.InfinispanRegionFactory.getCache(InfinispanRegionFactory.java:423)
	at org.hibernate.cache.infinispan.InfinispanRegionFactory.buildEntityRegion(InfinispanRegionFactory.java:187)
	at org.hibernate.internal.SessionFactoryImpl.<init>(SessionFactoryImpl.java:340)
	at org.hibernate.cfg.Configuration.buildSessionFactory(Configuration.java:1737)
	at org.hibernate.ejb.EntityManagerFactoryImpl.<init>(EntityManagerFactoryImpl.java:76)
	at org.hibernate.ejb.Ejb3Configuration.buildEntityManagerFactory(Ejb3Configuration.java:905)
	at org.hibernate.ejb.Ejb3Configuration.buildEntityManagerFactory(Ejb3Configuration.java:890)
	at org.hibernate.ejb.HibernatePersistence.createContainerEntityManagerFactory(HibernatePersistence.java:73)
	at org.jboss.as.jpa.service.PersistenceUnitServiceImpl.createContainerEntityManagerFactory(PersistenceUnitServiceImpl.java:157)
	at org.jboss.as.jpa.service.PersistenceUnitServiceImpl.start(PersistenceUnitServiceImpl.java:81)
	at org.jboss.msc.service.ServiceControllerImpl$StartTask.startService(ServiceControllerImpl.java:1824) [jboss-msc-1.0.1.GA.jar:1.0.1.GA]
	at org.jboss.msc.service.ServiceControllerImpl$StartTask.run(ServiceControllerImpl.java:1759) [jboss-msc-1.0.1.GA.jar:1.0.1.GA]
	... 3 more
Caused by: java.lang.IllegalArgumentException: Cannot load null class!
	at org.infinispan.util.Util.getInstance(Util.java:206)
	at org.infinispan.configuration.global.LegacyGlobalConfigurationAdaptor.adapt(LegacyGlobalConfigurationAdaptor.java:84)
	at org.infinispan.manager.DefaultCacheManager.getCacheManagerConfiguration(DefaultCacheManager.java:762)
	at org.jboss.as.clustering.infinispan.subsystem.EmbeddedCacheManagerService.cacheStarted(EmbeddedCacheManagerService.java:210)
	at sun.reflect.NativeMethodAccessorImpl.invoke0(Native Method) [:1.6.0_29]
	at sun.reflect.NativeMethodAccessorImpl.invoke(NativeMethodAccessorImpl.java:39) [:1.6.0_29]
	at sun.reflect.DelegatingMethodAccessorImpl.invoke(DelegatingMethodAccessorImpl.java:25) [:1.6.0_29]
	at java.lang.reflect.Method.invoke(Method.java:597) [:1.6.0_29]
	at org.infinispan.notifications.AbstractListenerImpl$ListenerInvocation$1.run(AbstractListenerImpl.java:199)
	... 25 more",,,
6161,ISPN-1700,"In the old config, global.transport.strictPeerToPeer was false by default.

In the new config, TransportConfigurationBuilder has changed the default value to true.

This appears to have been done without any specific reason, which smells like a bug.",,,
6162,ISPN-1699,"<transaction autoCommit=""true"" use1PcForAutoCommitTransactions=""false"" lockingMode=""OPTIMISTIC""/>

results in 

Message: Unexpected attribute 'use1PcForAutoCommitTransactions' encountered
	at org.infinispan.configuration.parsing.Parser.parse(Parser.java:105) [infinispan-core-5.1.0.CR3.jar:]
	at org.infinispan.manager.DefaultCacheManager.<init>(DefaultCacheManager.java:365) [infinispan-core-5.1.0.CR3.jar:]
	at org.infinispan.manager.DefaultCacheManager.<init>(DefaultCacheManager.java:349) [infinispan-core-5.1.0.CR3.jar:]
	at org.infinispan.manager.DefaultCacheManager.<init>(DefaultCacheManager.java:336) [infinispan-core-5.1.0.CR3.jar:]
	at org.hibernate.cache.infinispan.InfinispanRegionFactory.createCacheManager(InfinispanRegionFactory.java:316) [hibernate-infinispan-4.0.0.Final.jar:]
	at org.hibernate.cache.infinispan.InfinispanRegionFactory.start(InfinispanRegionFactory.java:268) [hibernate-infinispan-4.0.0.Final.jar:]
",,,
6163,ISPN-1696,"A user complaint: 

{quote}
I needed to enable versioning.  Looking at http://docs.jboss.org/infinispan/5.1/apidocs/config.html#ce_default_versioning I tried to add 

<versioning versioningScheme=""SIMPLE"" enabled=""true"" />

to the <default> section in the configuration file, but apparently I'm doing something wrong, because then I get this exception from the parser:

    Caused by: javax.xml.stream.XMLStreamException: ParseError at [row,col]:[35,5]
    Message: Unexpected element 'versioning' encountered
{quote}",,,
6166,ISPN-1695,"Make eviction.wakeUpInterval work from a parser perspective, so that we avoid problems with XML config upgrades from 5.0 to 5.1",,,
6170,ISPN-1692,"We shouldn't just have components depend on Transport unless we know for sure that the component is only used in a clustered mode.  Otherwise, even in local mode, weend up creating and starting a channel which is unnecessary.  Seen in the CacheLoaderInterceptor, AbstractLockingInterceptor and the RemoteCommandsFactory so far.",,,
6186,ISPN-1691,"When parsing config files, the parser unnecessarily sets up a default Transport even if the <transport /> element is not specified in <global />.  This breaks backward compatibility.",,,
6202,ISPN-1686,NoData,,,
6203,ISPN-1682,"Calling Cache.getCacheConfiguration() on a started cache throws the following exception:

Caused by: org.infinispan.config.ConfigurationException: Attempted to modify a non-Dynamic configuration element [enabled] after the component has started!
	at org.infinispan.config.AbstractConfigurationBean.testImmutability(AbstractConfigurationBean.java:105)
	at org.infinispan.loaders.decorators.SingletonStoreConfig.setSingletonStoreEnabled(SingletonStoreConfig.java:72)
	at org.infinispan.loaders.AbstractCacheStoreConfig.singletonStore(AbstractCacheStoreConfig.java:92)
	at org.infinispan.configuration.cache.LegacyConfigurationAdaptor.adapt(LegacyConfigurationAdaptor.java:397)
	at org.infinispan.CacheImpl.getCacheConfiguration(CacheImpl.java:377)
	at org.infinispan.AbstractDelegatingCache.getCacheConfiguration(AbstractDelegatingCache.java:67)
	at org.infinispan.AbstractDelegatingCache.getCacheConfiguration(AbstractDelegatingCache.java:67)
",,,
6206,ISPN-1675,"The following code fragments will cause an InstantiationException:

new DefaultCacheManager(new GlobalConfigurationBuilder().transport().transport(new JGroupsTransport(channel)).build()).getCache();

new DefaultCacheManager(new GlobalConfigurationBuilder().asyncTransportExecutor().factory(new CustomExecutorFactory(executor)).build()).getCache();

Even though the new configuration API accepts object instances for these configuration properties, they are expected to have no-arg constructors (since the old configuration API relied on this mechanism), hence the InstantiationException.",,,
6212,ISPN-1671,"In order to block transactions on all nodes at approximately the same time, if we notice a leaver we block transactions even before state transfer starts.

Since the order of the messages is not guaranteed, the leave message can get to a node after the state transfer has ended and it can block transactions for a long time (until the next cache view change).",,,
6215,ISPN-1670,"This is a bug in CR3-SNAPSHOT. Version information:
{code}
====================== Parameters ======================
ISPN_REPO:             git://github.com/infinispan/infinispan.git
ISPN_VERSION:          5.1.0-SNAPSHOT
ISPN_BRANCH:           master
IS_TAG:                false
==================== last commit: infinispan master ====================
commit afb47efa8e0d9b4db8b1ffb3677be2d12085dac9
Author: Tristan Tarrant <ttarrant@redhat.com>
Date:   Tue Jan 3 16:30:29 2012 +0100

    ISPN-1660: Upgrade to Netty 3.2.6.Final
{code}

When I open a MBean that has attributes in jconsole I get UnmarshallException.
MBeans that have only operations, like DistributionManager, RecoveryAdmin work fine.

see attached pic.",,,
6221,ISPN-1668,"This was always the case but somehow the following works which it shouldn't:

{code}cache.put(""hello"", null);{code}",,,
6223,ISPN-1662,"Currently the keys that are no longer owned by a node are only invalidated during the listener's `commitView()`, we may be invalidate the keys only after another state transfer has already started - which could lead to inconsistencies.",,,
6233,ISPN-1661,"In the 2LC code integration, I've started seeing things like this:

{code}java.lang.NullPointerException
	at org.infinispan.container.EntryFactoryImpl.wrapEntryForPut(EntryFactoryImpl.java:151)
	at org.infinispan.interceptors.EntryWrappingInterceptor.visitPutKeyValueCommand(EntryWrappingInterceptor.java:132)
	at org.infinispan.commands.write.PutKeyValueCommand.acceptVisitor(PutKeyValueCommand.java:77)
	at org.infinispan.interceptors.base.CommandInterceptor.invokeNextInterceptor(CommandInterceptor.java:116)
	at org.infinispan.interceptors.locking.OptimisticLockingInterceptor.visitPutKeyValueCommand(OptimisticLockingInterceptor.java:117)
	at org.infinispan.commands.write.PutKeyValueCommand.acceptVisitor(PutKeyValueCommand.java:77)
	at org.infinispan.interceptors.base.CommandInterceptor.invokeNextInterceptor(CommandInterceptor.java:116)
	at org.infinispan.interceptors.base.CommandInterceptor.handleDefault(CommandInterceptor.java:130)
	at org.infinispan.commands.AbstractVisitor.visitPutKeyValueCommand(AbstractVisitor.java:61)
	at org.infinispan.commands.write.PutKeyValueCommand.acceptVisitor(PutKeyValueCommand.java:77)
	at org.infinispan.interceptors.base.CommandInterceptor.invokeNextInterceptor(CommandInterceptor.java:116)
	at org.infinispan.interceptors.MarshalledValueInterceptor.visitPutKeyValueCommand(MarshalledValueInterceptor.java:154)
	at org.infinispan.commands.write.PutKeyValueCommand.acceptVisitor(PutKeyValueCommand.java:77)
	at org.infinispan.interceptors.base.CommandInterceptor.invokeNextInterceptor(CommandInterceptor.java:116)
	at org.infinispan.interceptors.TxInterceptor.enlistWriteAndInvokeNext(TxInterceptor.java:222)
	at org.infinispan.interceptors.TxInterceptor.visitPutKeyValueCommand(TxInterceptor.java:160)
	at org.infinispan.commands.write.PutKeyValueCommand.acceptVisitor(PutKeyValueCommand.java:77)
	at org.infinispan.interceptors.base.CommandInterceptor.invokeNextInterceptor(CommandInterceptor.java:116)
	at org.infinispan.interceptors.base.CommandInterceptor.handleDefault(CommandInterceptor.java:130)
	at org.infinispan.commands.AbstractVisitor.visitPutKeyValueCommand(AbstractVisitor.java:61)
	at org.infinispan.interceptors.IsMarshallableInterceptor.visitPutKeyValueCommand(IsMarshallableInterceptor.java:108)
	at org.infinispan.commands.write.PutKeyValueCommand.acceptVisitor(PutKeyValueCommand.java:77)
	at org.infinispan.interceptors.base.CommandInterceptor.invokeNextInterceptor(CommandInterceptor.java:116)
	at org.infinispan.interceptors.InvocationContextInterceptor.handleAll(InvocationContextInterceptor.java:116)
	at org.infinispan.interceptors.InvocationContextInterceptor.handleDefault(InvocationContextInterceptor.java:76)
	at org.infinispan.commands.AbstractVisitor.visitPutKeyValueCommand(AbstractVisitor.java:61)
	at org.infinispan.commands.write.PutKeyValueCommand.acceptVisitor(PutKeyValueCommand.java:77)
	at org.infinispan.interceptors.base.CommandInterceptor.invokeNextInterceptor(CommandInterceptor.java:116)
	at org.infinispan.interceptors.base.CommandInterceptor.handleDefault(CommandInterceptor.java:130)
	at org.hibernate.cache.infinispan.impl.ClassLoaderAwareCache$ClassLoaderAwareCommandInterceptor.handleDefault(ClassLoaderAwareCache.java:77)
	at org.infinispan.commands.AbstractVisitor.visitPutKeyValueCommand(AbstractVisitor.java:61)
	at org.infinispan.commands.write.PutKeyValueCommand.acceptVisitor(PutKeyValueCommand.java:77)
	at org.infinispan.interceptors.InterceptorChain.invoke(InterceptorChain.java:345)
	at org.infinispan.CacheImpl.executeCommandAndCommitIfNeeded(CacheImpl.java:934)
	at org.infinispan.CacheImpl.putIfAbsent(CacheImpl.java:660)
	at org.infinispan.CacheImpl.putForExternalRead(CacheImpl.java:340)
	at org.infinispan.CacheImpl.putForExternalRead(CacheImpl.java:324)
	at org.infinispan.AbstractDelegatingCache.putForExternalRead(AbstractDelegatingCache.java:54)
	at org.hibernate.cache.infinispan.util.CacheAdapterImpl.putForExternalRead(CacheAdapterImpl.java:126){code}

If you look at the log line before, it says:

{code}2012-01-03 19:07:33,888 6368  TRACE [org.infinispan.container.EntryFactoryImpl] (main:org.hibernate.test.cache.infinispan.functional.Item) Retrieved from 
container ImmortalCacheEntry{key=MarshalledValue{instance=org.hibernate.test.cache.infinispan.functional.Item#3, serialized=false, cachedHashCode=3}@6d386751, 
value=ImmortalCacheValue{value=null}}{code}

That surely cannot be right, null values are not allowed.

I dunno what's causing this yet, making a note of it...",,,
6237,ISPN-1658,"We were waiting for responses from the leavers as well, and then we were ignoring the timeout. Instead we should remove the leavers from the targets list before sending the command.

`SYNCHRONOUS_IGNORE_LEAVERS` is used for `CommitCommand`s and `CacheViewControlCommand{COMMIT_VIEW}`s, if this happens it will block the cache view installation (and so the entire cluster) until the RPC timeout expires.
",,,
6247,ISPN-1657,"Throws:

org.infinispan.config.ConfigurationException: javax.xml.stream.XMLStreamException: ParseError at [row,col]:[87,7]
Message: Unexpected attribute 'use1PcForAutoCommitTransactions' encountered
	at org.infinispan.configuration.parsing.Parser.parse(Parser.java:103)
	at org.infinispan.manager.DefaultCacheManager.<init>(DefaultCacheManager.java:365)
	at org.infinispan.manager.DefaultCacheManager.<init>(DefaultCacheManager.java:349)
	at org.infinispan.manager.DefaultCacheManager.<init>(DefaultCacheManager.java:336)
	at org.infinispan.manager.DefaultCacheManager.<init>(DefaultCacheManager.java:323)
	at org.infinispan.test.fwk.TestCacheManagerFactory.fromXml(TestCacheManagerFactory.java:89)
	at org.infinispan.manager.CacheManagerXmlConfigurationTest.testNamedCacheXML(CacheManagerXmlConfigurationTest.java:58)
	at sun.reflect.NativeMethodAccessorImpl.invoke0(Native Method)
	at sun.reflect.NativeMethodAccessorImpl.invoke(NativeMethodAccessorImpl.java:39)
	at sun.reflect.DelegatingMethodAccessorImpl.invoke(DelegatingMethodAccessorImpl.java:25)
	at java.lang.reflect.Method.invoke(Method.java:597)
	at org.testng.internal.MethodHelper.invokeMethod(MethodHelper.java:644)
	at org.testng.internal.Invoker.invokeMethod(Invoker.java:546)
	at org.testng.internal.Invoker.invokeTestMethod(Invoker.java:700)
	at org.testng.internal.Invoker.invokeTestMethods(Invoker.java:1002)
	at org.testng.internal.TestMethodWorker.invokeTestMethods(TestMethodWorker.java:137)
	at org.testng.internal.TestMethodWorker.run(TestMethodWorker.java:121)
	at org.testng.TestRunner.runWorkers(TestRunner.java:909)
	at org.testng.TestRunner.privateRun(TestRunner.java:618)
	at org.testng.TestRunner.run(TestRunner.java:499)
	at org.testng.SuiteRunner.runTest(SuiteRunner.java:332)
	at org.testng.SuiteRunner.runSequentially(SuiteRunner.java:327)
	at org.testng.SuiteRunner.privateRun(SuiteRunner.java:299)
	at org.testng.SuiteRunner.run(SuiteRunner.java:204)
	at org.testng.TestNG.createAndRunSuiteRunners(TestNG.java:915)
	at org.testng.TestNG.runSuitesLocally(TestNG.java:879)
	at org.testng.TestNG.run(TestNG.java:787)
	at org.testng.remote.RemoteTestNG.run(RemoteTestNG.java:73)
	at org.testng.RemoteTestNGStarter.main(RemoteTestNGStarter.java:101)
	at sun.reflect.NativeMethodAccessorImpl.invoke0(Native Method)
	at sun.reflect.NativeMethodAccessorImpl.invoke(NativeMethodAccessorImpl.java:39)
	at sun.reflect.DelegatingMethodAccessorImpl.invoke(DelegatingMethodAccessorImpl.java:25)
	at java.lang.reflect.Method.invoke(Method.java:597)
	at com.intellij.rt.execution.application.AppMain.main(AppMain.java:120)
Caused by: javax.xml.stream.XMLStreamException: ParseError at [row,col]:[87,7]
Message: Unexpected attribute 'use1PcForAutoCommitTransactions' encountered
	at org.infinispan.configuration.parsing.ParseUtils.unexpectedAttribute(ParseUtils.java:80)
	at org.infinispan.configuration.parsing.Parser.parseTransaction(Parser.java:262)
	at org.infinispan.configuration.parsing.Parser.parseCache(Parser.java:210)
	at org.infinispan.configuration.parsing.Parser.parseNamedCache(Parser.java:159)
	at org.infinispan.configuration.parsing.Parser.doParse(Parser.java:129)
	at org.infinispan.configuration.parsing.Parser.parse(Parser.java:92)
	... 33 more

Process finished with exit code 0
",,,
6252,ISPN-1656,AS7 Infinispan quickstart not working with 5.1.0.CR1 nor 5.1.0.CR2.,,,
6276,ISPN-1654,"There is a problem with management of cluster topology view in address cache. You can see that by using remote client - there is the only way I know to see what is inside the address cache.
When I restart the whole cluster and make a call from remote client, I receive full cluster topology (25 nodes):
{code}
 INFO 02 sty 11:24:38 [main] org.infinispan.client.hotrod.impl.protocol.Codec11 - ISPN004006: New topology: [/10.0.36.150:11311, /10.0.36.134:11311, /10.0.36.102:11311, /10.0.36.110:11311, /10.0.36.142:11311, /10.0.36.140:11311, /10.0.36.132:11311, /10.0.36.120:11311, /10.0.36.116:11311, /10.0.36.104:11311, /10.0.36.118:11311, /10.0.36.136:11311, /10.0.36.128:11311, /10.0.36.108:11311, /10.0.36.144:11311, /10.0.36.126:11311, /10.0.36.138:11311, /10.0.36.114:11311, /10.0.36.148:11311, /10.0.36.130:11311, /10.0.36.106:11311, /10.0.36.122:11311, /10.0.36.124:11311, /10.0.36.146:11311, /10.0.36.112:11311]
 INFO 02 sty 11:24:38 [main] org.infinispan.client.hotrod.impl.transport.tcp.TcpTransportFactory - ISPN004014: New server added(/10.0.36.150:11311), adding to the pool.
 ...
 INFO 02 sty 11:24:38 [main] org.infinispan.client.hotrod.impl.transport.tcp.TcpTransportFactory - ISPN004014: New server added(/10.0.36.112:11311), adding to the pool.
{code}

Next I stop one node (10.0.36.106 in this case) and receive another topology, but not that what I expected:
{code}
 INFO 02 sty 11:26:39 [main] org.infinispan.client.hotrod.impl.protocol.Codec11 - ISPN004006: New topology: [/10.0.36.102:11311, /10.0.36.104:11311]
 INFO 02 sty 11:26:39 [main] org.infinispan.client.hotrod.impl.transport.tcp.TcpTransportFactory - ISPN004014: New server added(/10.0.36.102:11311), adding to the pool.
 INFO 02 sty 11:26:39 [main] org.infinispan.client.hotrod.impl.transport.tcp.TcpTransportFactory - ISPN004014: New server added(/10.0.36.104:11311), adding to the pool.
 INFO 02 sty 11:26:39 [main] org.infinispan.client.hotrod.impl.transport.tcp.TcpTransportFactory - ISPN004016: Server not in cluster anymore(/10.0.36.148:11311), removing from the pool.
 ...
 INFO 02 sty 11:26:39 [main] org.infinispan.client.hotrod.impl.transport.tcp.TcpTransportFactory - ISPN004016: Server not in cluster anymore(/10.0.36.140:11311), removing from the pool.
{code}

The client is seeing only two nodes: the coordinator - 10.0.36.102 and the regular node - 10.0.36.104. 
Now I start a not running node back. And that's the reported topology:
{code}
 INFO 02 sty 11:29:29 [main] org.infinispan.client.hotrod.impl.protocol.Codec11 - ISPN004006: New topology: [/10.0.36.102:11311, /10.0.36.104:11311, /10.0.36.106:11311]
 INFO 02 sty 11:29:29 [main] org.infinispan.client.hotrod.impl.transport.tcp.TcpTransportFactory - ISPN004014: New server added(/10.0.36.102:11311), adding to the pool.
 INFO 02 sty 11:29:29 [main] org.infinispan.client.hotrod.impl.transport.tcp.TcpTransportFactory - ISPN004014: New server added(/10.0.36.104:11311), adding to the pool.
 INFO 02 sty 11:29:29 [main] org.infinispan.client.hotrod.impl.transport.tcp.TcpTransportFactory - ISPN004014: New server added(/10.0.36.106:11311), adding to the pool.
{code}
The topology is still not valid. Whatever I do, I never receive the full cluster view, until the restart of all nodes.
But the worse happens after stopping a coordinator. The client receives an empty topology:
{code}
 INFO 02 sty 12:01:15 [main] org.infinispan.client.hotrod.impl.protocol.Codec11 - ISPN004006: New topology: []
 INFO 02 sty 12:01:15 [main] org.infinispan.client.hotrod.impl.transport.tcp.TcpTransportFactory - ISPN004016: Server not in cluster anymore(/10.0.36.104:11311), removing from the pool.
 INFO 02 sty 12:01:15 [main] org.infinispan.client.hotrod.impl.transport.tcp.TcpTransportFactory - ISPN004016: Server not in cluster anymore(/10.0.36.102:11311), removing from the pool.
 INFO 02 sty 12:01:15 [main] org.infinispan.client.hotrod.impl.transport.tcp.TcpTransportFactory - ISPN004016: Server not in cluster anymore(/10.0.36.106:11311), removing from the pool.
{code}
Subsequent calls end with exceptions:
{code}
 java.lang.IllegalStateException: We should not reach here!
	at org.infinispan.client.hotrod.impl.operations.RetryOnFailureOperation.execute(RetryOnFailureOperation.java:78)
	at org.infinispan.client.hotrod.impl.RemoteCacheImpl.put(RemoteCacheImpl.java:216)
	at org.infinispan.CacheSupport.put(CacheSupport.java:52)
	...
{code}

Unfortunately this not reliable behaviour of remote client stops me from using HotRod Server on production.
",,,
6280,ISPN-1653,"Trying to setup a persistent CacheLoader for distributed Lucene index. Using Berkeley DB as backend.

During startup following exception is thrown:
Caused by: java.io.NotSerializableException: org.infinispan.marshall.MarshalledValue
	at java.io.ObjectOutputStream.writeObject0(ObjectOutputStream.java:1164) ~[na:1.6.0_29]
	at java.io.ObjectOutputStream.writeObject(ObjectOutputStream.java:330) ~[na:1.6.0_29]
	at com.sleepycat.bind.serial.SerialBinding.objectToEntry(SerialBinding.java:179) ~[je-5.0.34.jar:5.0.34]
	at com.sleepycat.collections.DataView.useKey(DataView.java:502) ~[je-5.0.34.jar:5.0.34]
	at com.sleepycat.collections.DataCursor.getSearchKey(DataCursor.java:551) ~[je-5.0.34.jar:5.0.34]
	at com.sleepycat.collections.StoredContainer.getValue(StoredContainer.java:301) ~[je-5.0.34.jar:5.0.34]
	at com.sleepycat.collections.StoredMap.get(StoredMap.java:240) ~[je-5.0.34.jar:5.0.34]
	at org.infinispan.loaders.bdbje.BdbjeCacheStore.load(BdbjeCacheStore.java:405) ~[infinispan-cachestore-bdbje.jar:5.1.0.CR2]
	... 118 common frames omitted

Also tried with replicated mode, fetchPersistentState=false, preload=false... no success.",,,
6286,ISPN-1652,"Some flags might not be replicating correctly. As shown in the forum entry, transactional put calls on a node with Flag.SKIP_CACHE_LOAD might result in cache load operations when the tx prepares in a different node.",,,
6306,ISPN-1648,"When I try to connect to an infinispan MBean via JMX, NotSerializableException is thrown.

my guess is: we can't serialize inner classes like InvokableSetterBasedMBeanAttributeInfo, because they contain ""hidden"" link to ResourceDMBean, which is not serializable.
https://github.com/infinispan/infinispan/blob/master/core/src/main/java/org/infinispan/jmx/ResourceDMBean.java",,,
6307,ISPN-1647,"ValueWrapperImpl removed from spring-context in version spring-context-3.1.0.RELEASE.jar. The infinispan-spring.jar compiled with the spring-context-3.1.0.RC1.jar. Infinispan-spring project Spring references should be upgraded to the 3.1.0.RELEASE.


java.lang.ClassNotFoundException: org.springframework.cache.support.ValueWrapperImpl
	org.apache.catalina.loader.WebappClassLoader.loadClass(WebappClassLoader.java:1678)
	org.apache.catalina.loader.WebappClassLoader.loadClass(WebappClassLoader.java:1523)
	org.infinispan.spring.provider.SpringCache.get(SpringCache.java:75)
	org.springframework.cache.interceptor.CacheAspectSupport.inspectCacheables(CacheAspectSupport.java:310)
	org.springframework.cache.interceptor.CacheAspectSupport.execute(CacheAspectSupport.java:198)
	org.springframework.cache.interceptor.CacheInterceptor.invoke(CacheInterceptor.java:66)
	org.springframework.aop.framework.ReflectiveMethodInvocation.proceed(ReflectiveMethodInvocation.java:172)
	org.springframework.aop.framework.Cglib2AopProxy$DynamicAdvisedInterceptor.intercept(Cglib2AopProxy.java:622)
	com.aviva.integration.notes.service.NotesIntegrationService$$EnhancerByCGLIB$$6250dd79.getPolicyAgent(<generated>)
	com.aviva.app.sales.proposal.service.ABaseProposalService.importDataFromLotusNotes(ABaseProposalService.java:72)
	com.aviva.app.sales.proposal.service.ABaseProposalService$$FastClassByCGLIB$$bfb6d9b.invoke(<generated>)
	net.sf.cglib.proxy.MethodProxy.invoke(MethodProxy.java:191)
	org.springframework.aop.framework.Cglib2AopProxy$DynamicAdvisedInterceptor.intercept(Cglib2AopProxy.java:618)
	",,,
6309,ISPN-1645,"FileCacheStore leaves empty files inside storage directory after remove of cache entries.

During a purgeInternal (by reaper thread) these files are found, but cannot be removed because loadBucket(..) always return null, because bucketFile.length() == 0. So updateBucket(..) will never reached and these files don't get removed.",,,
6310,ISPN-1644,"If a DecoratedCache is created with no flags and the withFlags(Flags...) method is invoked, a NullPointerException is thrown:

Caused by: java.lang.NullPointerException
	at java.util.EnumSet.copyOf(EnumSet.java:129) [:1.6.0_29]
	at org.infinispan.DecoratedCache.withFlags(DecoratedCache.java:105)",,,
6311,ISPN-1641,NoData,,,
6323,ISPN-1640,"When the CacheViewsManager running on the merge coordinator receives the merged view, it immediately sends a StateTransferControlCommand{type=RECOVER_VIEW} to all the other members of the cluster do discover their installed views.

Sometimes the RECOVER_VIEW command reaches a node from the other partition before the merged view is installed on that node, and the message is dropped. The coordinator will eventually retry sending the message and succeed the second time, but the retry time can be up to 50 seconds with the default JGroups configuration.

I've discussed with Bela several possible workarounds:
1. Wait a short amount of time before sending the RECOVER_VIEW command.
2. Send the RECOVER_VIEW command as unicasts.
3. Use the RSVP flag for the RECOVER_VIEW command (once we upgrade to JGroups 3.1).",,,
6328,ISPN-1639,"A org.infinispan.DecoratedCache should be immutable, or using methods like _DecoratedCache.withFlags(Flag...)_ and _DecoratedCache.with(ClassLoader)_ will behave unexpectedly, possibly applying such options to existing instances.

Also all Cache instances should respect the contract of thread-safety.",,,
6333,ISPN-1637,"Documentation http://docs.jboss.org/infinispan/5.1/apidocs/config.html#ce_loader_async :

""modificationQueueSize	int	1024	Sets the size of the modification queue for the async store. If updates are made at a rate that is faster than the underlying cache store can process this queue, then the async store behaves like a synchronous store for that period, blocking until the queue can accept more elements. (Javadoc)""

However the async store doesn't ""behaves like synchronous [...] blocking until the queue can accept more elements"" because AsyncStore.enqueue() calls 

changesDeque.add(mod); 

But I guess it should call put() to wait queue to accept more elements.
",,,
6334,ISPN-1635,This has to do with versioning data not being generated in the case of retrying a prepare.,,,
6347,ISPN-1630,"When a node leaves, {{KeyGeneratorWorker}} can get in an infinite loop because the consistent hash doesn't return the leaver any more and {{KeyGeneratorWorker}} will never be able to generate the required number of keys.

{{KeyAffinityServiceImpl}} installs a listener for {{TopologyChangeEvents}} that is supposed to adjust the queues and prevent this problem. However, it doesn't work if {{KeyGeneratorWorker}} is already generating keys, because it needs to acquire the {{maxNumberInvariant}} write lock and KeyGeneratorWorker is never going to release the {{maxNumberInvariant}} read lock.

What's worse, because the listener is synchronous, it also blocks the cache view installation and other cluster changes will be ignored.",,,
6350,ISPN-1629,"Since the introduction of the new Stax parser, the REST tests are failing because the config xml uses the 5.0 namespace.",,,
6351,ISPN-1626,"When using a modular class loader, the method used to find the metadata *.dat files is broken. We need to use the user-specified classloader.",,,
6353,ISPN-1620,"See the example code in the forum: http://community.jboss.org/message/641760

Because the lock is not released, a subsequent put on the key owner will not be able to invalidate the copy in L1 and so we get an inconsistency between the data in the two caches.

It seems to work fine in non-transactional caches.",,,
6355,ISPN-1619,"Within AS7/EAP, we should use an appropriate ClassLoader and not the TCCL",,,
6356,ISPN-1618,"When Infinispan is used within AS7/EAP a JChannel (actually a MuxChannel) is already connected, and therefore it is too late to set an AddressGenerator which provides TopologyAwareAddresses. If topology is required, but the underlying jgroups channel has an address without topology, throw an exception",,,
6357,ISPN-1611,"i set --idle_timeout=15 as param, threads count and memory usage always grow, i got a heap dump and found many netty HashedWheelTimer instances cost much memory.
in HashedWheelTimer javadoc, it says: ""Do not create many instances. HashedWheelTimer creates a new thread whenever it is instantiated and started. Therefore, you should make sure to create only one instance and share it across your application. One of the common mistakes, that makes your application unresponsive, is to create a new instance in ChannelPipelineFactory, which results in the creation of a new thread for every connection."". but in infinispan NettyChannelPipelineFactory.scala, there is ""timer = new HashedWheelTimer"", it's misused.",,,
6360,ISPN-1609,"Imagine this scenario:

# Call put key=k and value=""v1""
# Within transaction tx1, call put for key=k, value=""v2"" and stop the tx.
# Within a separate transaction tx2, call put with FAIL_SILENT for key=x and value=""v3""
# put call in tx2 should fail
# within tx2 call get(k), this should return ""v1"" since that's the last valid committed value -> currently it returns ""v3"" which is wrong

Code:

{code}   public void testSilentLockFailureAffectsPostOperations() throws Exception {
      final Cache<Integer, String> cache = cache(0);
      final TransactionManager tm = cache.getAdvancedCache().getTransactionManager();
      final ExecutorService e = Executors.newCachedThreadPool();
      final CountDownLatch waitLatch = new CountDownLatch(1);
      final CountDownLatch continueLatch = new CountDownLatch(1);
      cache.put(1, ""v1"");

      Future<Void> f1 = e.submit(new Callable<Void>() {
         @Override
         public Void call() throws Exception {
            tm.begin();
            try {
               cache.put(1, ""v2"");
               waitLatch.countDown();
               continueLatch.await();
            } catch (Exception e) {
               tm.setRollbackOnly();
               throw e;
            } finally {
               if (tm.getStatus() == Status.STATUS_ACTIVE) tm.commit();
               else tm.rollback();
            }
            return null;
         }
      });


      Future<Void> f2 = e.submit(new Callable<Void>() {
         @Override
         public Void call() throws Exception {
            waitLatch.await();
            tm.begin();
            try {
               AdvancedCache<Integer, String> silentCache = cache.getAdvancedCache().withFlags(
                     Flag.FAIL_SILENTLY, Flag.ZERO_LOCK_ACQUISITION_TIMEOUT);
               silentCache.put(1, ""v3"");
               assert !silentCache.lock(1);
               assert ""v1"".equals(cache.get(1));
            } catch (Exception e) {
               tm.setRollbackOnly();
               throw e;
            } finally {
               if (tm.getStatus() == Status.STATUS_ACTIVE) tm.commit();
               else tm.rollback();

               continueLatch.countDown();
            }
            return null;
         }
      });

      f1.get();
      f2.get();      
   }{code}",,,
6362,ISPN-1606,"When a cache view installation is rolled back, the state transfer is interrupted but is not rolled back. Because we allow transactions to run before retrying the cache view installation, in that period of time write transactions running on the old owners will not modify the data on the new owners and read transactions on the new owners will not contact the old owners, resulting in data inconsistency.",,,
6380,ISPN-1604,"It's been added to the builder, but not the configuration class it builds, nor to the legacy adaptor or read methods.",,,
6385,ISPN-1603,"This seems to happen in backgrous, without really affecting test functionality; at least it seems so.

Can be observed for example running the testsuite of *Query*.

{noformat} 2011-12-09 12:18:32,749 ERROR [NAKACK] (Incoming-1,Infinispan-Cluster,Command line test-NodeR-34770) couldn't deliver message [dst: <null>, src: Command line test-NodeQ-7093 (3 headers), size=0 bytes]
java.lang.RuntimeException: org.infinispan.CacheException: Caught exception [java.lang.NullPointerException] while invoking method [public void org.infinispan.cacheviews.CacheViewsManagerImpl$ViewListener.handleViewChange(org.infinispan.notifications.cachemanagerlistener.event.ViewChangedEvent)] on listener instance: org.infinispan.cacheviews.CacheViewsManagerImpl$ViewListener@284dbb2f
	at org.jgroups.blocks.MessageDispatcher$ProtocolAdapter.up(MessageDispatcher.java:561)
	at org.jgroups.JChannel.up(JChannel.java:716)
	at org.jgroups.stack.ProtocolStack.up(ProtocolStack.java:1026)
	at org.jgroups.protocols.FRAG2.up(FRAG2.java:181)
	at org.jgroups.protocols.FC.up(FC.java:499)
	at org.jgroups.protocols.pbcast.GMS.installView(GMS.java:625)
	at org.jgroups.protocols.pbcast.ParticipantGmsImpl.handleViewChange(ParticipantGmsImpl.java:152)
	at org.jgroups.protocols.pbcast.GMS.up(GMS.java:781)
	at org.jgroups.protocols.pbcast.STABLE.up(STABLE.java:244)
	at org.jgroups.protocols.UNICAST.up(UNICAST.java:332)
	at org.jgroups.protocols.pbcast.NAKACK.handleMessage(NAKACK.java:733)
	at org.jgroups.protocols.pbcast.NAKACK.up(NAKACK.java:561)
	at org.jgroups.protocols.Discovery.up(Discovery.java:354)
	at org.jgroups.protocols.TP.passMessageUp(TP.java:1174)
	at org.jgroups.protocols.TP$IncomingPacket.handleMyMessage(TP.java:1709)
	at org.jgroups.protocols.TP$IncomingPacket.run(TP.java:1686)
	at java.util.concurrent.ThreadPoolExecutor$Worker.runTask(ThreadPoolExecutor.java:886)
	at java.util.concurrent.ThreadPoolExecutor$Worker.run(ThreadPoolExecutor.java:908)
	at java.lang.Thread.run(Thread.java:662)
Caused by: org.infinispan.CacheException: Caught exception [java.lang.NullPointerException] while invoking method [public void org.infinispan.cacheviews.CacheViewsManagerImpl$ViewListener.handleViewChange(org.infinispan.notifications.cachemanagerlistener.event.ViewChangedEvent)] on listener instance: org.infinispan.cacheviews.CacheViewsManagerImpl$ViewListener@284dbb2f
	at org.infinispan.notifications.AbstractListenerImpl$ListenerInvocation$1.run(AbstractListenerImpl.java:204)
	at org.infinispan.util.concurrent.WithinThreadExecutor.execute(WithinThreadExecutor.java:41)
	at org.infinispan.notifications.AbstractListenerImpl$ListenerInvocation.invoke(AbstractListenerImpl.java:220)
	at org.infinispan.notifications.cachemanagerlistener.CacheManagerNotifierImpl.notifyViewChange(CacheManagerNotifierImpl.java:96)
	at org.infinispan.remoting.transport.jgroups.JGroupsTransport$NotifyViewChange.emitNotification(JGroupsTransport.java:461)
	at org.infinispan.remoting.transport.jgroups.JGroupsTransport.viewAccepted(JGroupsTransport.java:517)
	at org.jgroups.blocks.MessageDispatcher$ProtocolAdapter.handleUpEvent(MessageDispatcher.java:519)
	at org.jgroups.blocks.MessageDispatcher$ProtocolAdapter.up(MessageDispatcher.java:558)
	... 18 more
Caused by: java.lang.NullPointerException
	at org.infinispan.cacheviews.CacheViewsManagerImpl.handleNewView(CacheViewsManagerImpl.java:549)
	at org.infinispan.cacheviews.CacheViewsManagerImpl.access$1200(CacheViewsManagerImpl.java:95)
	at org.infinispan.cacheviews.CacheViewsManagerImpl$ViewListener.handleViewChange(CacheViewsManagerImpl.java:845)
	at sun.reflect.NativeMethodAccessorImpl.invoke0(Native Method)
	at sun.reflect.NativeMethodAccessorImpl.invoke(NativeMethodAccessorImpl.java:39)
	at sun.reflect.DelegatingMethodAccessorImpl.invoke(DelegatingMethodAccessorImpl.java:25)
	at java.lang.reflect.Method.invoke(Method.java:597)
	at org.infinispan.notifications.AbstractListenerImpl$ListenerInvocation$1.run(AbstractListenerImpl.java:199)
	... 25 more
{noformat} ",,,
6403,ISPN-1601,"I am not sure if this is the right place to post this, and just want to you gouys know that the GUI demo in 5.1.0.CR1 is broken.

 

The configureation files might be outdated.

 

In paritcular, whe I run with ""./runGuiDemo.sh config-samples/relay1.xml"", it gives me the following errors:

 

Caused by: java.lang.reflect.InvocationTargetException

    at sun.reflect.NativeMethodAccessorImpl.invoke0(Native Method)

    at sun.reflect.NativeMethodAccessorImpl.invoke(NativeMethodAccessorImpl.java:57)

    at sun.reflect.DelegatingMethodAccessorImpl.invoke(DelegatingMethodAccessorImpl.java:43)

    at java.lang.reflect.Method.invoke(Method.java:601)

    at org.infinispan.util.ReflectionUtil.invokeAccessibly(ReflectionUtil.java:203)

    ... 12 more

Caused by: org.infinispan.CacheException: java.lang.IllegalArgumentException: the following properties in pbcast.NAKACK are not recognized: {gc_lag=0}

    at org.infinispan.remoting.transport.jgroups.JGroupsTransport.buildChannel(JGroupsTransport.java:306)

    at org.infinispan.remoting.transport.jgroups.JGroupsTransport.initChannel(JGroupsTransport.java:238)

    at org.infinispan.remoting.transport.jgroups.JGroupsTransport.initChannelAndRPCDispatcher(JGroupsTransport.java:266)

    at org.infinispan.remoting.transport.jgroups.JGroupsTransport.start(JGroupsTransport.java:156)

    ... 17 more",,,
6415,ISPN-1597,"This is very similar problem to ISPN-1592. So the solution will be to handle the PostgreSQL case specifically and use its CAST function (http://www.microolap.com/products/connectivity/postgresdac/help/TipsAndTricks/Typecasting.htm)

{code}
15:38:38,224 ERROR [org.infinispan.interceptors.InvocationContextInterceptor] (HotRodServerWorker-1-2) ISPN000136: Execution error: org.infinispan.loaders.CacheLoaderException: Sql failure while loading key: 1892343808
	at org.infinispan.loaders.jdbc.binary.JdbcBinaryCacheStore.loadBucket(JdbcBinaryCacheStore.java:277)
	at org.infinispan.loaders.bucket.BucketBasedCacheStore.loadLockSafe(BucketBasedCacheStore.java:60) [infinispan-core-5.1.0-SNAPSHOT.jar:]
	at org.infinispan.loaders.bucket.BucketBasedCacheStore.loadLockSafe(BucketBasedCacheStore.java:49) [infinispan-core-5.1.0-SNAPSHOT.jar:]
	at org.infinispan.loaders.LockSupportCacheStore.load(LockSupportCacheStore.java:130) [infinispan-core-5.1.0-SNAPSHOT.jar:]
	at org.infinispan.interceptors.CacheLoaderInterceptor.loadIfNeeded(CacheLoaderInterceptor.java:130) [infinispan-core-5.1.0-SNAPSHOT.jar:]
	at org.infinispan.interceptors.CacheLoaderInterceptor.visitPutKeyValueCommand(CacheLoaderInterceptor.java:79) [infinispan-core-5.1.0-SNAPSHOT.jar:]
	at org.infinispan.commands.write.PutKeyValueCommand.acceptVisitor(PutKeyValueCommand.java:77) [infinispan-core-5.1.0-SNAPSHOT.jar:]
	at org.infinispan.interceptors.base.CommandInterceptor.invokeNextInterceptor(CommandInterceptor.java:119) [infinispan-core-5.1.0-SNAPSHOT.jar:]
	at org.infinispan.interceptors.EntryWrappingInterceptor.invokeNextAndApplyChanges(EntryWrappingInterceptor.java:188) [infinispan-core-5.1.0-SNAPSHOT.jar:]
	at org.infinispan.interceptors.EntryWrappingInterceptor.visitPutKeyValueCommand(EntryWrappingInterceptor.java:137) [infinispan-core-5.1.0-SNAPSHOT.jar:]
	at org.infinispan.commands.write.PutKeyValueCommand.acceptVisitor(PutKeyValueCommand.java:77) [infinispan-core-5.1.0-SNAPSHOT.jar:]
	at org.infinispan.interceptors.base.CommandInterceptor.invokeNextInterceptor(CommandInterceptor.java:119) [infinispan-core-5.1.0-SNAPSHOT.jar:]
	at org.infinispan.interceptors.locking.OptimisticLockingInterceptor.visitPutKeyValueCommand(OptimisticLockingInterceptor.java:108) [infinispan-core-5.1.0-SNAPSHOT.jar:]
	at org.infinispan.commands.write.PutKeyValueCommand.acceptVisitor(PutKeyValueCommand.java:77) [infinispan-core-5.1.0-SNAPSHOT.jar:]
	at org.infinispan.interceptors.base.CommandInterceptor.invokeNextInterceptor(CommandInterceptor.java:119) [infinispan-core-5.1.0-SNAPSHOT.jar:]
	at org.infinispan.interceptors.base.CommandInterceptor.handleDefault(CommandInterceptor.java:133) [infinispan-core-5.1.0-SNAPSHOT.jar:]
	at org.infinispan.commands.AbstractVisitor.visitPutKeyValueCommand(AbstractVisitor.java:61) [infinispan-core-5.1.0-SNAPSHOT.jar:]
	at org.infinispan.commands.write.PutKeyValueCommand.acceptVisitor(PutKeyValueCommand.java:77) [infinispan-core-5.1.0-SNAPSHOT.jar:]
	at org.infinispan.interceptors.base.CommandInterceptor.invokeNextInterceptor(CommandInterceptor.java:119) [infinispan-core-5.1.0-SNAPSHOT.jar:]
	at org.infinispan.interceptors.TxInterceptor.enlistWriteAndInvokeNext(TxInterceptor.java:214) [infinispan-core-5.1.0-SNAPSHOT.jar:]
	at org.infinispan.interceptors.TxInterceptor.visitPutKeyValueCommand(TxInterceptor.java:152) [infinispan-core-5.1.0-SNAPSHOT.jar:]
	at org.infinispan.commands.write.PutKeyValueCommand.acceptVisitor(PutKeyValueCommand.java:77) [infinispan-core-5.1.0-SNAPSHOT.jar:]
	at org.infinispan.interceptors.base.CommandInterceptor.invokeNextInterceptor(CommandInterceptor.java:119) [infinispan-core-5.1.0-SNAPSHOT.jar:]
	at org.infinispan.interceptors.CacheMgmtInterceptor.visitPutKeyValueCommand(CacheMgmtInterceptor.java:115) [infinispan-core-5.1.0-SNAPSHOT.jar:]
	at org.infinispan.commands.write.PutKeyValueCommand.acceptVisitor(PutKeyValueCommand.java:77) [infinispan-core-5.1.0-SNAPSHOT.jar:]
	at org.infinispan.interceptors.base.CommandInterceptor.invokeNextInterceptor(CommandInterceptor.java:119) [infinispan-core-5.1.0-SNAPSHOT.jar:]
	at org.infinispan.interceptors.InvocationContextInterceptor.handleAll(InvocationContextInterceptor.java:107) [infinispan-core-5.1.0-SNAPSHOT.jar:]
	at org.infinispan.interceptors.InvocationContextInterceptor.handleDefault(InvocationContextInterceptor.java:67) [infinispan-core-5.1.0-SNAPSHOT.jar:]
	at org.infinispan.commands.AbstractVisitor.visitPutKeyValueCommand(AbstractVisitor.java:61) [infinispan-core-5.1.0-SNAPSHOT.jar:]
	at org.infinispan.commands.write.PutKeyValueCommand.acceptVisitor(PutKeyValueCommand.java:77) [infinispan-core-5.1.0-SNAPSHOT.jar:]
	at org.infinispan.interceptors.InterceptorChain.invoke(InterceptorChain.java:318) [infinispan-core-5.1.0-SNAPSHOT.jar:]
	at org.infinispan.CacheImpl.executeCommandAndCommitIfNeeded(CacheImpl.java:919) [infinispan-core-5.1.0-SNAPSHOT.jar:]
	at org.infinispan.CacheImpl.put(CacheImpl.java:633) [infinispan-core-5.1.0-SNAPSHOT.jar:]
	at org.infinispan.CacheImpl.put(CacheImpl.java:625) [infinispan-core-5.1.0-SNAPSHOT.jar:]
	at org.infinispan.AbstractDelegatingCache.put(AbstractDelegatingCache.java:114) [infinispan-core-5.1.0-SNAPSHOT.jar:]
	at org.infinispan.server.core.AbstractProtocolDecoder.put(AbstractProtocolDecoder.scala:187) [infinispan-server-core-5.1.0-SNAPSHOT.jar:]
	at org.infinispan.server.core.AbstractProtocolDecoder.decodeValue(AbstractProtocolDecoder.scala:141) [infinispan-server-core-5.1.0-SNAPSHOT.jar:]
	at org.infinispan.server.core.AbstractProtocolDecoder.decode(AbstractProtocolDecoder.scala:71) [infinispan-server-core-5.1.0-SNAPSHOT.jar:]
	at org.infinispan.server.core.AbstractProtocolDecoder.decode(AbstractProtocolDecoder.scala:44) [infinispan-server-core-5.1.0-SNAPSHOT.jar:]
	at org.jboss.netty.handler.codec.replay.CustomReplayingDecoder.callDecode(CustomReplayingDecoder.java:250) [infinispan-server-core-5.1.0-SNAPSHOT.jar:]
	at org.jboss.netty.handler.codec.replay.CustomReplayingDecoder.messageReceived(CustomReplayingDecoder.java:223) [infinispan-server-core-5.1.0-SNAPSHOT.jar:]
	at org.infinispan.server.core.AbstractProtocolDecoder.messageReceived(AbstractProtocolDecoder.scala:351) [infinispan-server-core-5.1.0-SNAPSHOT.jar:]
	at org.jboss.netty.channel.SimpleChannelUpstreamHandler.handleUpstream(SimpleChannelUpstreamHandler.java:80) [netty-3.2.5.Final.jar:]
	at org.jboss.netty.channel.DefaultChannelPipeline.sendUpstream(DefaultChannelPipeline.java:564) [netty-3.2.5.Final.jar:]
	at org.jboss.netty.channel.DefaultChannelPipeline.sendUpstream(DefaultChannelPipeline.java:559) [netty-3.2.5.Final.jar:]
	at org.jboss.netty.channel.Channels.fireMessageReceived(Channels.java:274) [netty-3.2.5.Final.jar:]
	at org.jboss.netty.channel.Channels.fireMessageReceived(Channels.java:261) [netty-3.2.5.Final.jar:]
	at org.jboss.netty.channel.socket.nio.NioWorker.read(NioWorker.java:349) [netty-3.2.5.Final.jar:]
	at org.jboss.netty.channel.socket.nio.NioWorker.processSelectedKeys(NioWorker.java:280) [netty-3.2.5.Final.jar:]
	at org.jboss.netty.channel.socket.nio.NioWorker.run(NioWorker.java:200) [netty-3.2.5.Final.jar:]
	at org.jboss.netty.util.ThreadRenamingRunnable.run(ThreadRenamingRunnable.java:108) [netty-3.2.5.Final.jar:]
	at org.jboss.netty.util.internal.DeadLockProofWorker$1.run(DeadLockProofWorker.java:44) [netty-3.2.5.Final.jar:]
	at java.util.concurrent.ThreadPoolExecutor$Worker.runTask(ThreadPoolExecutor.java:886) [:1.6.0_21]
	at java.util.concurrent.ThreadPoolExecutor$Worker.run(ThreadPoolExecutor.java:908) [:1.6.0_21]
	at java.lang.Thread.run(Thread.java:619) [:1.6.0_21]
Caused by: org.postgresql.util.PSQLException: ERROR: operator does not exist: character varying = integer
  Hint: No operator matches the given name and argument type(s). You might need to add explicit type casts.
  Position: 51
	at org.postgresql.core.v3.QueryExecutorImpl.receiveErrorResponse(QueryExecutorImpl.java:2103)
	at org.postgresql.core.v3.QueryExecutorImpl.processResults(QueryExecutorImpl.java:1836)
	at org.postgresql.core.v3.QueryExecutorImpl.execute(QueryExecutorImpl.java:257)
	at org.postgresql.jdbc2.AbstractJdbc2Statement.execute(AbstractJdbc2Statement.java:512)
	at org.postgresql.jdbc2.AbstractJdbc2Statement.executeWithFlags(AbstractJdbc2Statement.java:388)
	at org.postgresql.jdbc2.AbstractJdbc2Statement.executeQuery(AbstractJdbc2Statement.java:273)
	at org.jboss.jca.adapters.jdbc.WrappedPreparedStatement.executeQuery(WrappedPreparedStatement.java:462)
	at org.infinispan.loaders.jdbc.binary.JdbcBinaryCacheStore.loadBucket(JdbcBinaryCacheStore.java:266)
	... 54 more

{code}",,,
6416,ISPN-1592,"Documentation at https://docs.jboss.org/author/display/ISPN/CacheLoaders suggests specifying idColumnType as VARCHAR. This is not problem with most DBs but it a problem with Sybase DB. This database treats parameters in SQL statements as type sensitive an when we define idColumnType as VARCHAR, jdbc driver for Sybase throws the following exception:

{code}
18:37:33,900 ERROR [org.infinispan.loaders.jdbc.binary.JdbcBinaryCacheStore] (HotRodServerWorker-2-1) ISPN008014: Sql failure while loading key: 1892343808: com.sybase.jdbc4.jdbc.SybSQLException: Implicit conversion from datatype 'INT' to 'VARCHAR' is not allowed.  Use the CONVERT function to run this query.

	at com.sybase.jdbc4.tds.Tds.a(Unknown Source)
	at com.sybase.jdbc4.tds.Tds.nextResult(Unknown Source)
	at com.sybase.jdbc4.jdbc.ResultGetter.nextResult(Unknown Source)
	at com.sybase.jdbc4.jdbc.SybStatement.nextResult(Unknown Source)
	at com.sybase.jdbc4.jdbc.SybStatement.nextResult(Unknown Source)
	at com.sybase.jdbc4.jdbc.SybStatement.queryLoop(Unknown Source)
	at com.sybase.jdbc4.jdbc.SybStatement.executeQuery(Unknown Source)
	at com.sybase.jdbc4.jdbc.SybPreparedStatement.executeQuery(Unknown Source)
	at org.jboss.jca.adapters.jdbc.WrappedPreparedStatement.executeQuery(WrappedPreparedStatement.java:462)
	at org.infinispan.loaders.jdbc.binary.JdbcBinaryCacheStore.loadBucket(JdbcBinaryCacheStore.java:266)
	at org.infinispan.loaders.bucket.BucketBasedCacheStore.loadLockSafe(BucketBasedCacheStore.java:60) [infinispan-core-5.1.0-SNAPSHOT.jar:]
	at org.infinispan.loaders.bucket.BucketBasedCacheStore.loadLockSafe(BucketBasedCacheStore.java:49) [infinispan-core-5.1.0-SNAPSHOT.jar:]
	at org.infinispan.loaders.LockSupportCacheStore.load(LockSupportCacheStore.java:130) [infinispan-core-5.1.0-SNAPSHOT.jar:]
	at org.infinispan.interceptors.CacheLoaderInterceptor.loadIfNeeded(CacheLoaderInterceptor.java:130) [infinispan-core-5.1.0-SNAPSHOT.jar:]
	at org.infinispan.interceptors.CacheLoaderInterceptor.visitPutKeyValueCommand(CacheLoaderInterceptor.java:79) [infinispan-core-5.1.0-SNAPSHOT.jar:]
	at org.infinispan.interceptors.ActivationInterceptor.visitPutKeyValueCommand(ActivationInterceptor.java:60) [infinispan-core-5.1.0-SNAPSHOT.jar:]
	at org.infinispan.commands.write.PutKeyValueCommand.acceptVisitor(PutKeyValueCommand.java:77) [infinispan-core-5.1.0-SNAPSHOT.jar:]
	at org.infinispan.interceptors.base.CommandInterceptor.invokeNextInterceptor(CommandInterceptor.java:119) [infinispan-core-5.1.0-SNAPSHOT.jar:]
	at org.infinispan.interceptors.EntryWrappingInterceptor.invokeNextAndApplyChanges(EntryWrappingInterceptor.java:188) [infinispan-core-5.1.0-SNAPSHOT.jar:]
	at org.infinispan.interceptors.EntryWrappingInterceptor.visitPutKeyValueCommand(EntryWrappingInterceptor.java:137) [infinispan-core-5.1.0-SNAPSHOT.jar:]
	at org.infinispan.commands.write.PutKeyValueCommand.acceptVisitor(PutKeyValueCommand.java:77) [infinispan-core-5.1.0-SNAPSHOT.jar:]
	at org.infinispan.interceptors.base.CommandInterceptor.invokeNextInterceptor(CommandInterceptor.java:119) [infinispan-core-5.1.0-SNAPSHOT.jar:]
	at org.infinispan.interceptors.locking.OptimisticLockingInterceptor.visitPutKeyValueCommand(OptimisticLockingInterceptor.java:108) [infinispan-core-5.1.0-SNAPSHOT.jar:]
	at org.infinispan.commands.write.PutKeyValueCommand.acceptVisitor(PutKeyValueCommand.java:77) [infinispan-core-5.1.0-SNAPSHOT.jar:]
	at org.infinispan.interceptors.base.CommandInterceptor.invokeNextInterceptor(CommandInterceptor.java:119) [infinispan-core-5.1.0-SNAPSHOT.jar:]
	at org.infinispan.interceptors.base.CommandInterceptor.handleDefault(CommandInterceptor.java:133) [infinispan-core-5.1.0-SNAPSHOT.jar:]
	at org.infinispan.commands.AbstractVisitor.visitPutKeyValueCommand(AbstractVisitor.java:61) [infinispan-core-5.1.0-SNAPSHOT.jar:]
	at org.infinispan.commands.write.PutKeyValueCommand.acceptVisitor(PutKeyValueCommand.java:77) [infinispan-core-5.1.0-SNAPSHOT.jar:]
	at org.infinispan.interceptors.base.CommandInterceptor.invokeNextInterceptor(CommandInterceptor.java:119) [infinispan-core-5.1.0-SNAPSHOT.jar:]
	at org.infinispan.interceptors.TxInterceptor.enlistWriteAndInvokeNext(TxInterceptor.java:214) [infinispan-core-5.1.0-SNAPSHOT.jar:]
	at org.infinispan.interceptors.TxInterceptor.visitPutKeyValueCommand(TxInterceptor.java:152) [infinispan-core-5.1.0-SNAPSHOT.jar:]
	at org.infinispan.commands.write.PutKeyValueCommand.acceptVisitor(PutKeyValueCommand.java:77) [infinispan-core-5.1.0-SNAPSHOT.jar:]
	at org.infinispan.interceptors.base.CommandInterceptor.invokeNextInterceptor(CommandInterceptor.java:119) [infinispan-core-5.1.0-SNAPSHOT.jar:]
	at org.infinispan.interceptors.CacheMgmtInterceptor.visitPutKeyValueCommand(CacheMgmtInterceptor.java:115) [infinispan-core-5.1.0-SNAPSHOT.jar:]
	at org.infinispan.commands.write.PutKeyValueCommand.acceptVisitor(PutKeyValueCommand.java:77) [infinispan-core-5.1.0-SNAPSHOT.jar:]
	at org.infinispan.interceptors.base.CommandInterceptor.invokeNextInterceptor(CommandInterceptor.java:119) [infinispan-core-5.1.0-SNAPSHOT.jar:]
	at org.infinispan.interceptors.InvocationContextInterceptor.handleAll(InvocationContextInterceptor.java:107) [infinispan-core-5.1.0-SNAPSHOT.jar:]
	at org.infinispan.interceptors.InvocationContextInterceptor.handleDefault(InvocationContextInterceptor.java:67) [infinispan-core-5.1.0-SNAPSHOT.jar:]
	at org.infinispan.commands.AbstractVisitor.visitPutKeyValueCommand(AbstractVisitor.java:61) [infinispan-core-5.1.0-SNAPSHOT.jar:]
	at org.infinispan.commands.write.PutKeyValueCommand.acceptVisitor(PutKeyValueCommand.java:77) [infinispan-core-5.1.0-SNAPSHOT.jar:]
	at org.infinispan.interceptors.InterceptorChain.invoke(InterceptorChain.java:318) [infinispan-core-5.1.0-SNAPSHOT.jar:]
	at org.infinispan.CacheImpl.executeCommandAndCommitIfNeeded(CacheImpl.java:919) [infinispan-core-5.1.0-SNAPSHOT.jar:]
	at org.infinispan.CacheImpl.put(CacheImpl.java:633) [infinispan-core-5.1.0-SNAPSHOT.jar:]
	at org.infinispan.CacheImpl.put(CacheImpl.java:625) [infinispan-core-5.1.0-SNAPSHOT.jar:]
	at org.infinispan.AbstractDelegatingCache.put(AbstractDelegatingCache.java:114) [infinispan-core-5.1.0-SNAPSHOT.jar:]
	at org.infinispan.server.core.AbstractProtocolDecoder.put(AbstractProtocolDecoder.scala:187) [infinispan-server-core-5.1.0-SNAPSHOT.jar:]
	at org.infinispan.server.core.AbstractProtocolDecoder.decodeValue(AbstractProtocolDecoder.scala:141) [infinispan-server-core-5.1.0-SNAPSHOT.jar:]
	at org.infinispan.server.core.AbstractProtocolDecoder.decode(AbstractProtocolDecoder.scala:71) [infinispan-server-core-5.1.0-SNAPSHOT.jar:]
	at org.infinispan.server.core.AbstractProtocolDecoder.decode(AbstractProtocolDecoder.scala:44) [infinispan-server-core-5.1.0-SNAPSHOT.jar:]
	at org.jboss.netty.handler.codec.replay.CustomReplayingDecoder.callDecode(CustomReplayingDecoder.java:250) [infinispan-server-core-5.1.0-SNAPSHOT.jar:]
	at org.jboss.netty.handler.codec.replay.CustomReplayingDecoder.messageReceived(CustomReplayingDecoder.java:223) [infinispan-server-core-5.1.0-SNAPSHOT.jar:]
	at org.infinispan.server.core.AbstractProtocolDecoder.messageReceived(AbstractProtocolDecoder.scala:351) [infinispan-server-core-5.1.0-SNAPSHOT.jar:]
	at org.jboss.netty.channel.SimpleChannelUpstreamHandler.handleUpstream(SimpleChannelUpstreamHandler.java:80) [netty-3.2.5.Final.jar:]
	at org.jboss.netty.channel.DefaultChannelPipeline.sendUpstream(DefaultChannelPipeline.java:564) [netty-3.2.5.Final.jar:]
	at org.jboss.netty.channel.DefaultChannelPipeline.sendUpstream(DefaultChannelPipeline.java:559) [netty-3.2.5.Final.jar:]
	at org.jboss.netty.channel.Channels.fireMessageReceived(Channels.java:274) [netty-3.2.5.Final.jar:]
	at org.jboss.netty.channel.Channels.fireMessageReceived(Channels.java:261) [netty-3.2.5.Final.jar:]
	at org.jboss.netty.channel.socket.nio.NioWorker.read(NioWorker.java:349) [netty-3.2.5.Final.jar:]
	at org.jboss.netty.channel.socket.nio.NioWorker.processSelectedKeys(NioWorker.java:280) [netty-3.2.5.Final.jar:]
	at org.jboss.netty.channel.socket.nio.NioWorker.run(NioWorker.java:200) [netty-3.2.5.Final.jar:]
	at org.jboss.netty.util.ThreadRenamingRunnable.run(ThreadRenamingRunnable.java:108) [netty-3.2.5.Final.jar:]
	at org.jboss.netty.util.internal.DeadLockProofWorker$1.run(DeadLockProofWorker.java:44) [netty-3.2.5.Final.jar:]
	at java.util.concurrent.ThreadPoolExecutor$Worker.runTask(ThreadPoolExecutor.java:886) [:1.6.0_21]
	at java.util.concurrent.ThreadPoolExecutor$Worker.run(ThreadPoolExecutor.java:908) [:1.6.0_21]
	at java.lang.Thread.run(Thread.java:619) [:1.6.0_21]
{code}

That is because IDs are hash codes and thus integers. When I specify idColumnType as INT, I get the conversion error in opposite direction: com.sybase.jdbc4.jdbc.SybSQLException: ""Implicit conversion from datatype 'CHAR' to 'INT' is not allowed.  Use the CONVERT function to run this query.""


There are 2 solutions to this problem (the first one is better IMHO):

1) use integer type for idColumnType for all DBs, this will need change of few lines in JdbcBinaryCacheStore class in the following manner:

{code}
-         ps.setString(3, bucket.getBucketIdAsString());
+         ps.setInt(3, bucket.getBucketId());
{code}

E.g. at line https://github.com/infinispan/infinispan/blob/master/cachestore/jdbc/src/main/java/org/infinispan/loaders/jdbc/binary/JdbcBinaryCacheStore.java#L199

This solution would suppose integer type for ID column which is IMHO right, but it would need a little change in the documentation mentioned above (suggesting integer, not varchar).

2) we would need to handle Sybase specifically and use Sybase's convert function to do the conversion manually: http://infocenter.sybase.com/help/index.jsp?topic=/com.sybase.help.ase_15.0.blocks/html/blocks/blocks82.htm . This would need more changes and some if-else statements for SQL queries.  
",,,
6417,ISPN-1584,A reader thread attempting to store an entry in L1 may fail (perhaps due to a lock acquisition by a competing writer thread).  This should not prevent the reader's transaction from failing - should simply skip storing in L1 for this call.,,,
6419,ISPN-1583,"When the withFlags(...) logic was modified to use a DecoratedCache instead of thread-local storage, any caches already decorated with the AbstractDelegatingAdvancedCache(...) broke.

Take the following code:
AdvancedCache<K, V> baseCache;
AdvancedCache<K, V> customCache = new AbstractDelegatingAdvancedCache<K, V>(baseCache) {
  public void clear() {
     // custom clear logic
  }
};

customCache.withFlags(Flag.CACHE_MODE_LOCAL).clear();

In the above statement, the flag is not applied.
The call to withFlags(...) returns a reference to customCache, and the reference to DecoratedCache containing the flags is lost to garbage collection.

In the case of with(ClassLoader) we have the opposite problem.

customCache.with(customClassLoader).clear();

In the above statement, the native clear() method is invoked instead of my custom clear() method. with(ClassLoader) returns a reference to DecoratedCache.  The clear() method then operates on baseCache, instead of customCache.",,,
6423,ISPN-1579,"This leads to the following exception when preloading data from the database.

Stack trace:

{code}
12:11:46,067 ERROR [org.infinispan.loaders.jdbc.DataManipulationHelper] (MSC service thread 1-4) ISPN008007: SQL error while fetching all StoredEntries: com.microsoft.sqlserver.jdbc.SQLServerException: Incorrect syntax near '@P0'.
     [java] 	at com.microsoft.sqlserver.jdbc.SQLServerException.makeFromDatabaseError(SQLServerException.java:197) [sqljdbc4.jar:]
     [java] 	at com.microsoft.sqlserver.jdbc.SQLServerStatement.getNextResult(SQLServerStatement.java:1493) [sqljdbc4.jar:]
     [java] 	at com.microsoft.sqlserver.jdbc.SQLServerPreparedStatement.doExecutePreparedStatement(SQLServerPreparedStatement.java:390) [sqljdbc4.jar:]
     [java] 	at com.microsoft.sqlserver.jdbc.SQLServerPreparedStatement$PrepStmtExecCmd.doExecute(SQLServerPreparedStatement.java:340) [sqljdbc4.jar:]
     [java] 	at com.microsoft.sqlserver.jdbc.TDSCommand.execute(IOBuffer.java:4575) [sqljdbc4.jar:]
     [java] 	at com.microsoft.sqlserver.jdbc.SQLServerConnection.executeCommand(SQLServerConnection.java:1400) [sqljdbc4.jar:]
     [java] 	at com.microsoft.sqlserver.jdbc.SQLServerStatement.executeCommand(SQLServerStatement.java:179) [sqljdbc4.jar:]
     [java] 	at com.microsoft.sqlserver.jdbc.SQLServerStatement.executeStatement(SQLServerStatement.java:154) [sqljdbc4.jar:]
     [java] 	at com.microsoft.sqlserver.jdbc.SQLServerPreparedStatement.executeQuery(SQLServerPreparedStatement.java:283) [sqljdbc4.jar:]
     [java] 	at org.jboss.jca.adapters.jdbc.WrappedPreparedStatement.executeQuery(WrappedPreparedStatement.java:462)
     [java] 	at org.infinispan.loaders.jdbc.DataManipulationHelper.loadSome(DataManipulationHelper.java:245) [infinispan-cachestore-jdbc-5.1.0.BETA5.jar:]
     [java] 	at org.infinispan.loaders.jdbc.stringbased.JdbcStringBasedCacheStore.loadLockSafe(JdbcStringBasedCacheStore.java:289) [infinispan-cachestore-jdbc-5.1.0.BETA5.jar:]
     [java] 	at org.infinispan.loaders.LockSupportCacheStore.load(LockSupportCacheStore.java:153) [infinispan-core-5.1.0.BETA5.jar:]
     [java] 	at org.infinispan.loaders.CacheLoaderManagerImpl.loadState(CacheLoaderManagerImpl.java:192) [infinispan-core-5.1.0.BETA5.jar:]
     [java] 	at org.infinispan.loaders.CacheLoaderManagerImpl.preload(CacheLoaderManagerImpl.java:155) [infinispan-core-5.1.0.BETA5.jar:]
     [java] 	at sun.reflect.NativeMethodAccessorImpl.invoke0(Native Method) [:1.6.0_21]
     [java] 	at sun.reflect.NativeMethodAccessorImpl.invoke(NativeMethodAccessorImpl.java:39) [:1.6.0_21]
     [java] 	at sun.reflect.DelegatingMethodAccessorImpl.invoke(DelegatingMethodAccessorImpl.java:25) [:1.6.0_21]
     [java] 	at java.lang.reflect.Method.invoke(Method.java:597) [:1.6.0_21]
     [java] 	at org.infinispan.util.ReflectionUtil.invokeAccessibly(ReflectionUtil.java:203) [infinispan-core-5.1.0.BETA5.jar:]
     [java] 	at org.infinispan.factories.AbstractComponentRegistry$PrioritizedMethod.invoke(AbstractComponentRegistry.java:825) [infinispan-core-5.1.0.BETA5.jar:]
     [java] 	at org.infinispan.factories.AbstractComponentRegistry.internalStart(AbstractComponentRegistry.java:624) [infinispan-core-5.1.0.BETA5.jar:]
     [java] 	at org.infinispan.factories.AbstractComponentRegistry.start(AbstractComponentRegistry.java:527) [infinispan-core-5.1.0.BETA5.jar:]
     [java] 	at org.infinispan.factories.ComponentRegistry.start(ComponentRegistry.java:177) [infinispan-core-5.1.0.BETA5.jar:]
     [java] 	at org.infinispan.CacheImpl.start(CacheImpl.java:473) [infinispan-core-5.1.0.BETA5.jar:]
     [java] 	at org.infinispan.manager.DefaultCacheManager.createCache(DefaultCacheManager.java:654) [infinispan-core-5.1.0.BETA5.jar:]
     [java] 	at org.infinispan.manager.DefaultCacheManager.getCache(DefaultCacheManager.java:543) [infinispan-core-5.1.0.BETA5.jar:]
     [java] 	at org.infinispan.manager.DefaultCacheManager.getCache(DefaultCacheManager.java:557) [infinispan-core-5.1.0.BETA5.jar:]
     [java] 	at org.jboss.as.clustering.infinispan.DefaultEmbeddedCacheManager.getCache(DefaultEmbeddedCacheManager.java:100) [jboss-as-clustering-infinispan-7.1.0.Beta1.jar:]
     [java] 	at org.jboss.as.clustering.infinispan.DefaultEmbeddedCacheManager.getCache(DefaultEmbeddedCacheManager.java:91) [jboss-as-clustering-infinispan-7.1.0.Beta1.jar:]
     [java] 	at org.jboss.as.clustering.infinispan.subsystem.CacheService.start(CacheService.java:89) [jboss-as-clustering-infinispan-7.1.0.Beta1.jar:]
     [java] 	at org.jboss.msc.service.ServiceControllerImpl$StartTask.startService(ServiceControllerImpl.java:1824) [jboss-msc-1.0.1.GA.jar:]
     [java] 	at org.jboss.msc.service.ServiceControllerImpl$StartTask.run(ServiceControllerImpl.java:1759) [jboss-msc-1.0.1.GA.jar:]
     [java] 	at java.util.concurrent.ThreadPoolExecutor$Worker.runTask(ThreadPoolExecutor.java:886) [:1.6.0_21]
     [java] 	at java.util.concurrent.ThreadPoolExecutor$Worker.run(ThreadPoolExecutor.java:908) [:1.6.0_21]
     [java] 	at java.lang.Thread.run(Thread.java:619) [:1.6.0_21]
     [java] 12:11:46,072 ERROR [org.jboss.msc.service.fail] (MSC service thread 1-4) MSC00001: Failed to start service jboss.infinispan.default.memcachedCache: org.jboss.msc.service.StartException in service jboss.infinispan.default.memcachedCache: Failed to start service
     [java] 	at org.jboss.msc.service.ServiceControllerImpl$StartTask.run(ServiceControllerImpl.java:1780) [jboss-msc-1.0.1.GA.jar:]
     [java] 	at java.util.concurrent.ThreadPoolExecutor$Worker.runTask(ThreadPoolExecutor.java:886) [:1.6.0_21]
     [java] 	at java.util.concurrent.ThreadPoolExecutor$Worker.run(ThreadPoolExecutor.java:908) [:1.6.0_21]
     [java] 	at java.lang.Thread.run(Thread.java:619) [:1.6.0_21]
     [java] Caused by: org.infinispan.CacheException: Unable to invoke method public void org.infinispan.loaders.CacheLoaderManagerImpl.preload() on object 
     [java] 	at org.infinispan.util.ReflectionUtil.invokeAccessibly(ReflectionUtil.java:205)
     [java] 	at org.infinispan.factories.AbstractComponentRegistry$PrioritizedMethod.invoke(AbstractComponentRegistry.java:825)
     [java] 	at org.infinispan.factories.AbstractComponentRegistry.internalStart(AbstractComponentRegistry.java:624)
     [java] 	at org.infinispan.factories.AbstractComponentRegistry.start(AbstractComponentRegistry.java:527)
     [java] 	at org.infinispan.factories.ComponentRegistry.start(ComponentRegistry.java:177)
     [java] 	at org.infinispan.CacheImpl.start(CacheImpl.java:473)
     [java] 	at org.infinispan.manager.DefaultCacheManager.createCache(DefaultCacheManager.java:654)
     [java] 	at org.infinispan.manager.DefaultCacheManager.getCache(DefaultCacheManager.java:543)
     [java] 	at org.infinispan.manager.DefaultCacheManager.getCache(DefaultCacheManager.java:557)
     [java] 	at org.jboss.as.clustering.infinispan.DefaultEmbeddedCacheManager.getCache(DefaultEmbeddedCacheManager.java:100)
     [java] 	at org.jboss.as.clustering.infinispan.DefaultEmbeddedCacheManager.getCache(DefaultEmbeddedCacheManager.java:91)
     [java] 	at org.jboss.as.clustering.infinispan.subsystem.CacheService.start(CacheService.java:89)
     [java] 	at org.jboss.msc.service.ServiceControllerImpl$StartTask.startService(ServiceControllerImpl.java:1824) [jboss-msc-1.0.1.GA.jar:]
     [java] 	at org.jboss.msc.service.ServiceControllerImpl$StartTask.run(ServiceControllerImpl.java:1759) [jboss-msc-1.0.1.GA.jar:]
     [java] 	... 3 more
     [java] Caused by: java.lang.reflect.InvocationTargetException
     [java] 	at sun.reflect.NativeMethodAccessorImpl.invoke0(Native Method) [:1.6.0_21]
     [java] 	at sun.reflect.NativeMethodAccessorImpl.invoke(NativeMethodAccessorImpl.java:39) [:1.6.0_21]
     [java] 	at sun.reflect.DelegatingMethodAccessorImpl.invoke(DelegatingMethodAccessorImpl.java:25) [:1.6.0_21]
     [java] 	at java.lang.reflect.Method.invoke(Method.java:597) [:1.6.0_21]
     [java] 	at org.infinispan.util.ReflectionUtil.invokeAccessibly(ReflectionUtil.java:203)
     [java] 	... 16 more
     [java] Caused by: org.infinispan.CacheException: Unable to preload!
     [java] 	at org.infinispan.loaders.CacheLoaderManagerImpl.preload(CacheLoaderManagerImpl.java:157)
     [java] 	... 21 more
     [java] Caused by: org.infinispan.loaders.CacheLoaderException: SQL error while fetching all StoredEntries
     [java] 	at org.infinispan.loaders.jdbc.DataManipulationHelper.loadSome(DataManipulationHelper.java:254)
     [java] 	at org.infinispan.loaders.jdbc.stringbased.JdbcStringBasedCacheStore.loadLockSafe(JdbcStringBasedCacheStore.java:289)
     [java] 	at org.infinispan.loaders.LockSupportCacheStore.load(LockSupportCacheStore.java:153)
     [java] 	at org.infinispan.loaders.CacheLoaderManagerImpl.loadState(CacheLoaderManagerImpl.java:192)
     [java] 	at org.infinispan.loaders.CacheLoaderManagerImpl.preload(CacheLoaderManagerImpl.java:155)
     [java] 	... 21 more
     [java] Caused by: com.microsoft.sqlserver.jdbc.SQLServerException: Incorrect syntax near '@P0'.
     [java] 	at com.microsoft.sqlserver.jdbc.SQLServerException.makeFromDatabaseError(SQLServerException.java:197)
     [java] 	at com.microsoft.sqlserver.jdbc.SQLServerStatement.getNextResult(SQLServerStatement.java:1493)
     [java] 	at com.microsoft.sqlserver.jdbc.SQLServerPreparedStatement.doExecutePreparedStatement(SQLServerPreparedStatement.java:390)
     [java] 	at com.microsoft.sqlserver.jdbc.SQLServerPreparedStatement$PrepStmtExecCmd.doExecute(SQLServerPreparedStatement.java:340)
     [java] 	at com.microsoft.sqlserver.jdbc.TDSCommand.execute(IOBuffer.java:4575)
     [java] 	at com.microsoft.sqlserver.jdbc.SQLServerConnection.executeCommand(SQLServerConnection.java:1400)
     [java] 	at com.microsoft.sqlserver.jdbc.SQLServerStatement.executeCommand(SQLServerStatement.java:179)
     [java] 	at com.microsoft.sqlserver.jdbc.SQLServerStatement.executeStatement(SQLServerStatement.java:154)
     [java] 	at com.microsoft.sqlserver.jdbc.SQLServerPreparedStatement.executeQuery(SQLServerPreparedStatement.java:283)
     [java] 	at org.jboss.jca.adapters.jdbc.WrappedPreparedStatement.executeQuery(WrappedPreparedStatement.java:462)
     [java] 	at org.infinispan.loaders.jdbc.DataManipulationHelper.loadSome(DataManipulationHelper.java:245)
     [java] 	... 25 more

{code}


SQL statement for SQL_SERVER needs parentheses around '?' character when substituting a variable in place of ? :

{code}
""SELECT TOP ? %s, %s FROM %s""  -> ""SELECT TOP (?) %s, %s FROM %s"" 
{code}

https://github.com/infinispan/infinispan/blob/master/cachestore/jdbc/src/main/java/org/infinispan/loaders/jdbc/TableManipulation.java#L429

",,,
6426,ISPN-1576,"Because of an empty AbstractConfigurationBeanVisitor.visitCacheLoaderConfig() method, ComponentRegistry is not injected into CacheLoaderConfig instances and therefore cacheloaders don't use the appropriate classloader (if one has been specified in configuration),",,,
6427,ISPN-1575,"match statement
https://github.com/infinispan/infinispan/blob/master/server/rest/src/main/scala/org/infinispan/rest/Server.scala#L123
fails because it doesn't expect byte array as result value, which can happen because of
https://github.com/infinispan/infinispan/blob/master/server/rest/src/main/scala/org/infinispan/rest/Server.scala#L141

test case:
https://github.com/mlinhard/infinispan/commit/35ecc69b1e647e01c4aac543f05b43ffbba2fdee",,,
6429,ISPN-1574,The timeout validator shouldn't validate lock timeout and repl timeout when cache is configured with async replication.,,,
6431,ISPN-1571,"Cache view rollback doesn't properly clean up the prepared cache view on joiners.

Future cache view prepares will be rejected because there still is a ""prepared"" cache view, but the rollback again doesn't clean up the state, leading to an infinite cycle.",,,
6436,ISPN-1570,"The following test:

{code}public void testReplAsyncWithQueue() {
      Configuration configuration = new ConfigurationBuilder()
         .clustering().cacheMode(CacheMode.REPL_ASYNC)
         .async().useReplQueue(true).replQueueInterval(1222)
         .build();
      org.infinispan.config.Configuration legacy = new LegacyConfigurationAdaptor().adapt(configuration);
   }{code}

Fails with:

{code}java.lang.IllegalStateException: Cannot configure a async for an sync cache. Set the cache mode to async first.
	at org.infinispan.configuration.cache.ClusteringConfigurationBuilder.async(ClusteringConfigurationBuilder.java:32)
	at org.infinispan.configuration.ConfigurationUnitTest.testReplAsyncWithQueue(ConfigurationUnitTest.java:81){code}
",,,
6438,ISPN-1567,"When a class extends MultiHotRodServersTest and tries to use createHotRodServers to create 2 servers with REPL_ASYNC and useReplQueue configurations, it crashes on the error message ""Use of the replication queue is only allowed with an ASYNCHRONOUS cluster mode.""
{code:xml}
Configuration config = new Configuration().fluent()
               .clustering()
                  .mode(CacheMode.REPL_ASYNC)
                  .async()
                     .replQueueInterval(1000L)
                     .useReplQueue(true)
               .eviction()
                  .maxEntries(3)
               .build();      
createHotRodServers(2, config);
{code}
I think this happens because in HotRodServer in method createTopologyCacheConfig REPL_SYNC is set but replication queue is not disabled.",,,
6442,ISPN-1556,"I have a system that performs a large number of tasks in a single transaction for efficiency. Some of those tasks access infinispan caches.

I found that occasionally I have been getting lock timeouts for the default 15 second period.

Lock contention is not a problem - but the impact of failing to obtain the lock results in the whole transaction being aborted, which aborts the work also carried out for potentially a large number of other tasks, resulting in all of the work being retried.

I was wondering if it would be possible to provide an alternative lock implementation the AdvancedCache that allowed a client app to test whether the lock was available and acquire it - returning 'true', but if the lock was not available, simply returning false, allowing the client code to make a decision about how to proceed.

In my case, I could then add the specific task to a retry queue, and move onto the next task, committing all of the work that had been successfully completed for the other tasks.
",,,
6445,ISPN-1555,"{code}
tm.begin();
cache.getAdvancedCache().lock(""k"");
tm.commit(); 

assertNotLocked(""k""); //this fails!!!
{code}
this transaction doesn't do any write, and we have an optimization in place to skip remote calls if we don't do any write. 
",,,
6447,ISPN-1550,"Line 67 in
https://github.com/infinispan/infinispan/blob/master/server/core/src/main/scala/org/infinispan/server/core/AbstractProtocolServer.scala",,,
6448,ISPN-1541,"Invoking Future#get from a FutureListener attached to a NotifyingNotifiableFuture passed as a parameter to RpcManager#invokeRemotelyInFuture throws InterruptedException! Sounds more complicated than it really is! In another words, the following code throws InterruptedException 

{code}NotifyingFutureImpl f = ...
      f.attachListener(new FutureListener<Object>() {
         
         @Override
         public void futureDone(Future<Object> future) {
            try {      
               future.get();
            } catch (Exception e) {   
               e.printStackTrace();
            }             
         }
      });
      CommandsFactory cf = cache1.getAdvancedCache().getComponentRegistry().getComponent(CommandsFactory.class);
      cache1.getAdvancedCache().getRpcManager().invokeRemotelyInFuture(null, cf.buildPutKeyValueCommand(""k"",""v"", -1, -1, null), f);
{code}

the reason why we get InterruptedException is that we invoke notifyDone which in turn invokes futureDone from the same thread invoking the future's callable. In effect we invoke future#get on the same *the same thread* that is running the callable for the associated future! 

{code}
 public final void invokeRemotelyInFuture(final Collection<Address> recipients, final ReplicableCommand rpc, final boolean usePriorityQueue, final NotifyingNotifiableFuture<Object> l, final long timeout) {
      if (trace) log.tracef(""%s invoking in future call %s to recipient list %s"", t.getAddress(), rpc, recipients);
      final CountDownLatch futureSet = new CountDownLatch(1);
      Callable<Object> c = new Callable<Object>() {
         public Object call() throws Exception {
            Object result = null;
            try {
               result = invokeRemotely(recipients, rpc, true, usePriorityQueue, timeout);
            } finally {
               try {
                  futureSet.await();
               } catch (InterruptedException e) {
                  Thread.currentThread().interrupt();
               } finally {
                  l.notifyDone();
               }
            }
            return result;
         }
      };
      l.setNetworkFuture(asyncExecutor.submit(c));
      futureSet.countDown();      
   }
{code}

The solution is to wait for callable to finish and invoke notifyDone from the other thread. We have two choices here:

a) invoke notifyDone from the same thread invoking invokeRemotelyInFuture. This in turn changes invokeRemotelyInFuture to be less async than it should be

b) invoke callback on another thread

{code}
public final void invokeRemotelyInFuture(final Collection<Address> recipients,
            final ReplicableCommand rpc, final boolean usePriorityQueue,
            final NotifyingNotifiableFuture<Object> l, final long timeout) {
      if (trace)
         log.tracef(""%s invoking in future call %s to recipient list %s"", t.getAddress(), rpc,
                  recipients);
      final CountDownLatch callableCompleted = new CountDownLatch(1);
      Callable<Object> c = new Callable<Object>() {
         public Object call() throws Exception {
            Object result = null;
            try {
               result = invokeRemotely(recipients, rpc, true, usePriorityQueue, timeout);
            } finally {
               callableCompleted.countDown();
            }
            return result;
         }
      };
      l.setNetworkFuture(asyncExecutor.submit(c));
      asyncExecutor.submit(new Runnable() {
         
         @Override
         public void run() {
            try {
               callableCompleted.await();
            } catch (Exception e) {
            } finally {
               l.notifyDone();
            }       
         }
      });     
   }
{code}

We can of course, leave things as they are right now but in such case we have to warn the implementer of FutureListener that he/she can not call future.get() from a FutureListener!",,,
6450,ISPN-1532,NoData,,,
6451,ISPN-1531,"The ""binaries"" JAR for {{-commons}} still contains some classes that have been refactored to the {{-api}} JAR, which results in duplicates of the classes in the classpath, and mismatched source/binary JARs.

Example mismatched JAR pair (which may not exist by the time you read this - attaching in case):
* {{infinispan-commons-5.1.0-20111117.100128-2}}
** [sources|https://repository.jboss.org/nexus/content/groups/public/org/infinispan/infinispan-commons/5.1.0-SNAPSHOT/infinispan-commons-5.1.0-20111117.100128-2-sources.jar]
** [binaries|https://repository.jboss.org/nexus/content/groups/public/org/infinispan/infinispan-commons/5.1.0-SNAPSHOT/infinispan-commons-5.1.0-20111117.100128-2.jar]

Several packages are affected, including: 
* {{org.infinispan.executors}}
* {{org.infinispan.lifecycle}}
* {{org.infinispan.manager}}

This seems to be related to [commit 907621288ee8c84d4db64dbf0e6acfb954a8e12f|https://github.com/infinispan/infinispan/commit/907621288ee8c84d4db64dbf0e6acfb954a8e12f] in which several of these classes were re-factored from {{-commons}} to {{-api}}.   For whatever reason, the classes are showing up in the binary builds of both {{-commons}} _AND_ {{-api}}.  Problem present in BETA4 and recent SNAPSHOT builds.  

Sorry, my Maven skillz are really too weak to suggest a patch/fix, but it's definitely causing issues trying to trace through stuff in my dev environment.  ",,,
6472,ISPN-1529,"It throws:

Caused by: com.sun.xml.internal.bind.api.AccessorException: The property has a getter ""public java.lang.Boolean org.infinispan.config.Configuration$TransactionType.isAutoCommit()"" but no setter. For unmarshalling, please define setters. (Or if this is a collection property, make sure that the getter returns a collection instance.)
	at com.sun.xml.internal.bind.v2.runtime.reflect.Accessor$GetterOnlyReflection.set(Accessor.java:379)
	at com.sun.xml.internal.bind.v2.runtime.reflect.TransducedAccessor$CompositeTransducedAccessorImpl.parse(TransducedAccessor.java:230)
	at com.sun.xml.internal.bind.v2.runtime.unmarshaller.StructureLoader.startElement(StructureLoader.java:191)",,,
6475,ISPN-1527,"The following configuration leaks remote transactions:

{code:xml}<?xml version=""1.0"" encoding=""UTF-8""?>

<infinispan xmlns:xsi=""http://www.w3.org/2001/XMLSchema-instance"" xmlns=""urn:infinispan:config:5.1"">
   <global>
      <transport clusterName=""x"">
         <properties>
            <property name=""configurationFile"" value=""jgroups-tcp.xml""/>
         </properties>
      </transport>
   </global>

   <default>
      <transaction
            transactionManagerLookupClass=""org.infinispan.transaction.lookup.JBossStandaloneJTAManagerLookup""
            transactionMode=""TRANSACTIONAL"" lockingMode=""OPTIMISTIC""/>

      <locking concurrencyLevel=""1000"" useLockStriping=""false"" />
      <clustering mode=""r"">
         <sync replTimeout=""10000""/>
         <stateRetrieval fetchInMemoryState=""false""/>
      </clustering>
   </default>
</infinispan>{code}

Why? The transaction completion notification is not being sent around, so remote transactions keep piling up. The code is in AbstractEnlistmentAdapter:

{code}
   private void removeTransactionInfoRemotely(LocalTransaction localTransaction, GlobalTransaction gtx) {
      if (isClustered() && !config.isSecondPhaseAsync()) {
         final TxCompletionNotificationCommand command = commandsFactory.buildTxCompletionNotificationCommand(null, gtx);
         final Collection<Address> owners = clusteringLogic.getOwners(localTransaction.getAffectedKeys());
         log.tracef(""About to invoke tx completion notification on nodes %s"", owners);
         rpcManager.invokeRemotely(owners, command, false);
      }
   }
{code}

Taking in account that the invokeRemotely is called with sync=False, looks to me the if condition should be:

{code}if (isClustered() && config.isSecondPhaseAsync()){code}

Otherwise, if the condition is right as it is, who should be responsible of removing remote transactions? It's definitely not responsibility of StaleTransactionCleanupService who should only do its job if nodes have left the cluster, not under normal conditions.

Just tried my suggested fix and seems to improve things although some remote transactions (a handful out of 250) are still not finished when the caches are shutdown.",,,
6480,ISPN-1525,"As shown in the attached log, different transactions running in separate threads are generating the same XID, in this particular case, XID with:

{code}globalTransactionId: ByteArray{size=64, array=[-36, -4, 27, 111, 3, 49, 118, -49, 55, 74, 25, 12, 57, -96, 17, -119, -30, -113, 98, -42, -52, 49, 74, 
93, 44, -94, 39, -71, -54, 37, 108, -102, -113, 82, 73, -88, 103, 88, -44, -49, -58, 127, -93, 83, 32, 124, 18, 83, 35, -116, -38, 43, -26, -87, 20, -82, -29, 
36, -20, 50, 97, -18, -30, 80]}
branchQualifier = ByteArray{size=64, array=[-104, 118, -26, -26, -67, -13, -84, -71, -34, -99, -124, 111, -83, -71, 2, 97, -9, 40, 12, -108, -127, 9, -92, 
-112, 1, 38, 99, 21, -126, 10, -36, 114, -26, 82, -74, 26, -14, -102, -8, -104, 55, -33, 109, 33, 97, -20, 51, 5, -122, -99, -17, -39, 59, -26, 124, -57, 6, 
-47, -34, -35, -79, 15, -67, -12]}{code}

In the log, we see both Stressor-0 and Stressor-1 using the same transaction. I've added some further logging because this sometimes leads (not shown in the logs) to spurious erros such as:

{code}javax.transaction.xa.XAException
	at org.infinispan.transaction.xa.TransactionXaAdapter.getLocalTransactionAndValidateImpl(TransactionXaAdapter.java:237)
	at org.infinispan.transaction.xa.TransactionXaAdapter.getLocalTransactionAndValidate(TransactionXaAdapter.java:230)
	at org.infinispan.transaction.xa.TransactionXaAdapter.commit(TransactionXaAdapter.java:116)
	at org.infinispan.transaction.tm.DummyTransaction.runCommitTx(DummyTransaction.java:302)
	at org.infinispan.transaction.tm.DummyTransaction.commit(DummyTransaction.java:84){code}

These are the result of the local transaction not being found amongst the registered transactions. If multiple transactions are using the same XID, this can easily be explained.

Finally, in the attached log, the other worrying thing is:

{code}2011-11-15 15:21:53,341 [pool-1-thread-1] WARN  [org.infinispan.transaction.TransactionTable] ISPN000100: Stopping but there're transactions that did 
not finish in time: ....{code}

Basically, those are transactions being leaked which sometimes lead to OOMEs when running Radargun (at least in optimistic locking). There're a fair few places in the code from which transactions can be removed transaction table and at the moment there's no logging there, so it's hard to say which of those removals should have happened.

I'm attaching logs, XML configs...etc and will move on to test with a proper transaction manager.
",,,
6481,ISPN-1521,It has been forgotten org.rhq.helpers:rhq-pluginAnnotations dependency in infinispan-core pom.xml,,,
6482,ISPN-1520,"Apparently package protected access does not work between classloaders, so Infinispan servers are not currently usable in EDG!

17:13:35,468 WARNING [org.jboss.netty.channel.DefaultChannelPipeline] (HotRodServerWorker-2-1) An exception was thrown by a user handler while handling an exception event ([id: 0x02916ab8, /127.0.0.1:58211 => /127.0.0.1:11222] EXCEPTION: java.lang.IllegalAccessError: tried to access class org.jboss.netty.handler.codec.replay.UnsafeDynamicChannelBuffer from class org.jboss.netty.handler.codec.replay.CustomReplayingDecoder): java.lang.NullPointerException
	at org.jboss.netty.handler.codec.replay.CustomReplayingDecoder.slimDownBuffer(CustomReplayingDecoder.java:178) [infinispan-server-core-5.1.0-SNAPSHOT.jar:5.1.0-SNAPSHOT]

Forget about the NPE, the root cause is the IllegalAccessError.

There're different avenues to get around the issue... I'm starting a dev thread on this.",,,
6487,ISPN-1517,"A thread dump taken towards the end of the testsuite shows a lot of:

""LockBreakingService,___defaultcache,LockOwnerCrashPessimisticReplTest-NodeB-4905"" daemon prio=5 tid=7fce6f753800 nid=0x11b9e6000 waiting on condition [11b9e5000]
   java.lang.Thread.State: WAITING (parking)
	at sun.misc.Unsafe.park(Native Method)

I don't see where StaleTransactionCleanupService.stop() is being called, so it appears those services are never stopped and it does not have @Stop or anything similar on it.",,,
6490,ISPN-1516,"hey - I just downloaded this. I think there's a problem with the runGUI demo. Did it change recently?

I had to change the launch script from

add_classpath ""${ISPN_HOME}/modules/gui""

to

add_classpath ""${ISPN_HOME}/modules/demos/gui""",,,
6497,ISPN-1514,"Unmarshalling of value with oracle driver fails with:
2011-11-09 14:57:59,490 [ERROR] org.infinispan.loaders.jdbc.JdbcUtil - ISPN008009: I/O error while unmarshalling from stream
java.io.EOFException: Read past end of file                                                                                 
        at org.jboss.marshalling.SimpleDataInput.eofOnRead(SimpleDataInput.java:126)                                        
        at org.jboss.marshalling.SimpleDataInput.readUnsignedByteDirect(SimpleDataInput.java:263)                           
        at org.jboss.marshalling.SimpleDataInput.readUnsignedByte(SimpleDataInput.java:224)
        at org.jboss.marshalling.river.RiverUnmarshaller.start(RiverUnmarshaller.java:1182)
        at org.infinispan.marshall.jboss.AbstractJBossMarshaller.startObjectInput(AbstractJBossMarshaller.java:113)
        at org.infinispan.marshall.VersionAwareMarshaller.startObjectInput(VersionAwareMarshaller.java:156)
        at org.infinispan.marshall.VersionAwareMarshaller.objectFromByteBuffer(VersionAwareMarshaller.java:112)
        at org.infinispan.marshall.AbstractMarshaller.objectFromInputStream(AbstractMarshaller.java:104)
        at org.infinispan.loaders.jdbc.JdbcUtil.unmarshall(JdbcUtil.java:88)
        at E04.main(E04.java:38)
        at sun.reflect.NativeMethodAccessorImpl.invoke0(Native Method)
        at sun.reflect.NativeMethodAccessorImpl.invoke(NativeMethodAccessorImpl.java:39)
        at sun.reflect.DelegatingMethodAccessorImpl.invoke(DelegatingMethodAccessorImpl.java:25)
        at java.lang.reflect.Method.invoke(Method.java:597)
        at com.inubit.ibis.configuration.Bootstrap.main(Bootstrap.java:66)
org.infinispan.loaders.CacheLoaderException: I/O error while unmarshalling from stream
        at org.infinispan.loaders.jdbc.JdbcUtil.unmarshall(JdbcUtil.java:91)
        at E04.main(E04.java:38)
        at sun.reflect.NativeMethodAccessorImpl.invoke0(Native Method)
        at sun.reflect.NativeMethodAccessorImpl.invoke(NativeMethodAccessorImpl.java:39)
        at sun.reflect.DelegatingMethodAccessorImpl.invoke(DelegatingMethodAccessorImpl.java:25)
        at java.lang.reflect.Method.invoke(Method.java:597)
        at com.inubit.ibis.configuration.Bootstrap.main(Bootstrap.java:66)
Caused by: java.io.EOFException: Read past end of file
        at org.jboss.marshalling.SimpleDataInput.eofOnRead(SimpleDataInput.java:126)
        at org.jboss.marshalling.SimpleDataInput.readUnsignedByteDirect(SimpleDataInput.java:263)
        at org.jboss.marshalling.SimpleDataInput.readUnsignedByte(SimpleDataInput.java:224)
        at org.jboss.marshalling.river.RiverUnmarshaller.start(RiverUnmarshaller.java:1182)
        at org.infinispan.marshall.jboss.AbstractJBossMarshaller.startObjectInput(AbstractJBossMarshaller.java:113)
        at org.infinispan.marshall.VersionAwareMarshaller.startObjectInput(VersionAwareMarshaller.java:156)
        at org.infinispan.marshall.VersionAwareMarshaller.objectFromByteBuffer(VersionAwareMarshaller.java:112)
        at org.infinispan.marshall.AbstractMarshaller.objectFromInputStream(AbstractMarshaller.java:104)
        at org.infinispan.loaders.jdbc.JdbcUtil.unmarshall(JdbcUtil.java:88)
        ... 6 more

Solution:
In AbstractMarshaller.objectFromInputStream is assumed, that the available() method from the incoming InputStream returns the size of data.
But this is optional, so the InputStream from the oracle driver returns 0. So implementation of objectFromInputStream must be changed to avoid usage of available().",,,
6499,ISPN-1511,"> 2011-11-07 17:00:14,644 TRACE [L1ManagerImpl]
> (testng-InfinispanDirectoryIOTest) Invalidating L1 caches for keys
> [longFile.writtenInMultipleFlushes|2|index]
> 2011-11-07 17:00:14,647 TRACE [L1ManagerImpl]
> (testng-InfinispanDirectoryIOTest) No L1 caches to invalidate
> 2011-11-07 17:00:14,647 WARN  [ComponentRegistry]
> (testng-DatabaseStoredIndexTest) ISPN000126: Attempted to stop() from
> FAILED state, but caught exception; try calling destroy()
> org.infinispan.CacheException: Unable to invoke method public void
> org.infinispan.loaders.CacheLoaderManagerImpl.stop() on object
>       at org.infinispan.util.ReflectionUtil.invokeAccessibly(ReflectionUtil.java:205)
>       at org.infinispan.factories.AbstractComponentRegistry$PrioritizedMethod.invoke(AbstractComponentRegistry.java:825)
>       at org.infinispan.factories.AbstractComponentRegistry.internalStop(AbstractComponentRegistry.java:657)
>       at org.infinispan.factories.AbstractComponentRegistry.stop(AbstractComponentRegistry.java:548)
>       at org.infinispan.factories.ComponentRegistry.stop(ComponentRegistry.java:202)
>       at org.infinispan.CacheImpl.stop(CacheImpl.java:490)
>       at org.infinispan.CacheImpl.stop(CacheImpl.java:482)
>       at org.infinispan.manager.DefaultCacheManager.stop(DefaultCacheManager.java:652)
>       at org.infinispan.test.TestingUtil.killCacheManagers(TestingUtil.java:626)
>       at org.infinispan.test.SingleCacheManagerTest.teardown(SingleCacheManagerTest.java:59)
>       at org.infinispan.test.SingleCacheManagerTest.destroyAfterMethod(SingleCacheManagerTest.java:97)
>       at sun.reflect.NativeMethodAccessorImpl.invoke0(Native Method)
>       at sun.reflect.NativeMethodAccessorImpl.invoke(NativeMethodAccessorImpl.java:39)
>       at sun.reflect.DelegatingMethodAccessorImpl.invoke(DelegatingMethodAccessorImpl.java:25)
>       at java.lang.reflect.Method.invoke(Method.java:597)
>       at org.testng.internal.MethodHelper.invokeMethod(MethodHelper.java:644)
>       at org.testng.internal.Invoker.invokeConfigurationMethod(Invoker.java:443)
>       at org.testng.internal.Invoker.invokeConfigurations(Invoker.java:160)
>       at org.testng.internal.Invoker.invokeMethod(Invoker.java:612)
>       at org.testng.internal.Invoker.invokeTestMethod(Invoker.java:700)
>       at org.testng.internal.Invoker.invokeTestMethods(Invoker.java:1002)
>       at org.testng.internal.TestMethodWorker.invokeTestMethods(TestMethodWorker.java:137)
>       at org.testng.internal.TestMethodWorker.run(TestMethodWorker.java:121)
>       at org.testng.TestRunner.runWorkers(TestRunner.java:909)
>       at org.testng.TestRunner.privateRun(TestRunner.java:618)
>       at org.testng.TestRunner.run(TestRunner.java:499)
>       at org.testng.SuiteRunner.runTest(SuiteRunner.java:332)
>       at org.testng.SuiteRunner.access$000(SuiteRunner.java:33)
>       at org.testng.SuiteRunner$SuiteWorker.run(SuiteRunner.java:358)
>       at org.testng.internal.thread.ThreadUtil$CountDownLatchedRunnable.run(ThreadUtil.java:142)
>       at java.util.concurrent.ThreadPoolExecutor$Worker.runTask(ThreadPoolExecutor.java:886)
>       at java.util.concurrent.ThreadPoolExecutor$Worker.run(ThreadPoolExecutor.java:908)
>       at java.lang.Thread.run(Thread.java:662)
> Caused by: java.lang.reflect.InvocationTargetException
>       at sun.reflect.NativeMethodAccessorImpl.invoke0(Native Method)
>       at sun.reflect.NativeMethodAccessorImpl.invoke(NativeMethodAccessorImpl.java:39)
>       at sun.reflect.DelegatingMethodAccessorImpl.invoke(DelegatingMethodAccessorImpl.java:25)
>       at java.lang.reflect.Method.invoke(Method.java:597)
>       at org.infinispan.util.ReflectionUtil.invokeAccessibly(ReflectionUtil.java:203)
>       ... 32 more
> Caused by: java.lang.NullPointerException
>       at org.infinispan.loaders.jdbc.stringbased.JdbcStringBasedCacheStore.stop(JdbcStringBasedCacheStore.java:188)
>       at org.infinispan.loaders.CacheLoaderManagerImpl.stop(CacheLoaderManagerImpl.java:210)
>       ... 37 more",,,
6503,ISPN-1509,"Using the maven dependencies from Gradle doesn't pull any artifacts or sub-dependencies. It seems this is because Gradle.Ivy isn't picking up the ${packaging} variable inherited from the parent pom when resolving. If I replace all the ${packaging} references with 'jar' and rebuild Infinispan then it works, at least for infinispan-core - org.infinispan:infinispan still doesn't grab anything, not sure if it should though.

Fixes appropriate for ivy/ant don't work for Gradle i.e. it doesn't pick up ivy config files.",,,
6524,ISPN-1508,"failing build: https://hudson.qa.jboss.com/hudson/job/edg-60-client-stress-test/87
server logs: https://hudson.qa.jboss.com/hudson/job/edg-60-client-stress-test/87/artifact/report/run1/serverlogs.zip

in this test I'm starting 4 standalone infinispan hotrod servers (startServer.sh style)
and they take too long to form a cluster (more than 2 min)
there errors related to CacheViewControlCommand

the infinispan version is 5.1.0-SNAPSHOT (c642be2c8a64c13e7e74283f38e2037cef9a362f) + a quick patch for ISPN-1498",,,
6526,ISPN-1507,The hashCode of a Transaction should not change after it's started or we might fail to look it up in one of the many HashMaps it might be stored in during it's lifecycle.,,,
6529,ISPN-1506,"Java Hotrod client gets errors trying to talk to basic distributed server cluster.  Same code works in 5.1.0.BETA2.  All endpoints and clients on local machine (different ports).  Cluster seems to form fine, just client gets errors.  Detailed log output will be attached in comments.

Error is characterized by lots of client-side errors like the following:

{code}
605055 [Timer-0] ERROR org.infinispan.client.hotrod.impl.protocol.Codec10  - ISPN004004: Invalid message id. Expected 10 and received 0
{code}",,,
6530,ISPN-1505,"That includes: remote cache store, cassandra cache store

Check any others that might be missing, including demos",,,
6533,ISPN-1498,"methods like
public boolean org.infinispan.statetransfer.BaseStateTransferManagerImpl.isJoinComplete()
public boolean org.infinispan.statetransfer.BaseStateTransferManagerImpl.isStateTransferInProgress()

are not exposed via JMX, the annotation @ManagedAttribute from StateTransferManager is not picked up when introspecting the object in ResourceDMBean.
",,,
6534,ISPN-1497,"Inside of the FileCacheStoreConfig class, the setter (now being deprecated in 5) for streamBufferSize has a typo when checking for immutability.  This prevents the value from actually being overridden from default.  While this is being deprecated, it's the only option available for those of us stuck in Infinispan 4.x for the time being.

{code}
public void setStreamBufferSize(int streamBufferSize) {
      testImmutability(""steamBufferSize"");
      this.streamBufferSize = streamBufferSize;
   }
{code}

Notice it is spelled STEAM buffer size instead of streamBufferSize in the testImmutability method call.",,,
6535,ISPN-1496,"When using REPEATABLE_READ as isolation level, after the commit all data I stored during the transaction are gone.
We'll need enough test coverage for REPEATABLE_READ too.",,,
6537,ISPN-1494,"Seems like the 5.1.0.BETA3 release did not generate the config.html file correctly:
http://docs.jboss.org/infinispan/5.1/apidocs/config.html

It seems to stop after hash seed.

Fix and upload a new version.",,,
6538,ISPN-1487,"Changes in ISPN-1397 broke this functionality.

Make sure WithClassLoaderTest works.",,,
6539,ISPN-1485,"The current code GridFile.java fails to create any new file with the file path containing parent components.
For example, the following code will fail to create the new file:

...
GridFileSystem fs= new GridFileSystem(data, metadata);
File gridDir = fs.getFile(""/test"");
gridDir.mkdirs();

//The following fails to create the file
File gridFile = fs.getFile(""/test/myfile.txt"");
gridFile.createNewFile();  //this line always returns false.
....


The root cause of the above failure is that the method of ""checkParentDirs(String path, boolean create_if_absent)""
does not handle the parent dir already exists case correctly.


",,,
6541,ISPN-1478,NoData,,,
6546,ISPN-1477,"Wrong classloader is used when looking up key class -- it uses cache's classloader (in JBossAS7 case this is org.jboss.as.clustering' module CL).
e.g. user could have custom key and its Transformer as part of his deployment, but only deployment's CL sees this two classes

18:04:02,866 ERROR [org.infinispan.query.backend.KeyTransformationHandler] (RMI TCP Connection(3)-127.0.0.1) ISPN014001: Could not locate key class com.google.appengine.api.datastore.Key: java.lang.ClassNotFoundException: com.google.appengine.api.datastore.Key
	at java.net.URLClassLoader$1.run(URLClassLoader.java:202) [:1.6.0_26]
	at java.security.AccessController.doPrivileged(Native Method) [:1.6.0_26]
	at java.net.URLClassLoader.findClass(URLClassLoader.java:190) [:1.6.0_26]
	at java.lang.ClassLoader.loadClass(ClassLoader.java:306) [:1.6.0_26]
	at sun.misc.Launcher$AppClassLoader.loadClass(Launcher.java:301) [:1.6.0_26]
	at java.lang.ClassLoader.loadClass(ClassLoader.java:247) [:1.6.0_26]
	at java.lang.Class.forName0(Native Method) [:1.6.0_26]
	at java.lang.Class.forName(Class.java:247) [:1.6.0_26]
	at org.infinispan.util.Util.loadClassStrict(Util.java:126)
	at org.infinispan.query.backend.KeyTransformationHandler.stringToKey(KeyTransformationHandler.java:90)
	at org.infinispan.query.impl.EntityLoader.load(EntityLoader.java:47)
	at org.infinispan.query.impl.EntityLoader.load(EntityLoader.java:55)
	at org.infinispan.query.impl.CacheQueryImpl.list(CacheQueryImpl.java:147)
	at org.jboss.capedwarf.datastore.query.PreparedQueryImpl.asQueryResultList(PreparedQueryImpl.java:30)
",,,
6551,ISPN-1476,"Hot Rod client hash code production is broken, which is why CSAIntegrationTest does not work.

As a result of the change in ISPN-1281, the hash space was increased and only positive values are produced.

However, Hot Rod client's ConsistentHashV1 was still producing old style hash codes, so request for keys would land on nodes that did not own the key.

This is being fixed as part of the work for ISPN-1408.",,,
6629,ISPN-1472,"Failures in TransactionsSpanningReplicatedCachesTest are causing issues as shown in:
https://infinispan.ci.cloudbees.com/job/Infinispan-master-JDK6-tcp/257/console
https://infinispan.ci.cloudbees.com/job/Infinispan-master-JDK6-tcp/243/console

Investigate why the CacheManager is not stopped.

Also consider changing the test to use default cleanup method and make each test use different key/value names.",,,
6631,ISPN-1471,"Some of our logging messages are wrong, in some cases it's the logging processor which isn't accepting a valid format we use (LOGTOOL-33)

Can be quite messy as some errors won't be logged; I'm adding proper validation in the build.",,,
6637,ISPN-1469,"I have previously changed AbstractTransport to check for exceptions using the new mechanisms in JGroups 3.0, but I didn't handle null responses properly.

ResponseGenerator implementations replace certain responses objects with null, so null is a normal response value and should not trigger an exception.
",,,
6643,ISPN-1465,"Looking at the CommandAwareRpcDispatcher.handle(Message) (line 139):
  cmd = (ReplicableCommand) req_marshaller.objectFromBuffer(req.getBuffer(), req.getOffset(), req.getLength());

Message.getBuffer() already returns a copy of the message buffer that takes into account the offset and length.  So, it would seem the above code will return a subset of the desired buffer if the offset > 0.

Either this code should operate on the raw buffer (i.e. req.getRawBuffer()), or pass 0 as the offset to objectFromBuffer(...).",,,
6644,ISPN-1464,NoData,,,
6649,ISPN-1463,NoData,,,
6650,ISPN-1462,"When the JGroups channel is connected outside Infinispan, before passing it to JGroupsTransport, the member list is not initialized.

This can lead to strange errors like this one:

java.lang.IllegalArgumentException: Invalid cache list for consistent hash: []
	at org.infinispan.distribution.ch.AbstractWheelConsistentHash.setCaches(AbstractWheelConsistentHash.java:96)
	at org.infinispan.distribution.ch.ConsistentHashHelper.createConsistentHash(ConsistentHashHelper.java:122)
	at org.infinispan.statetransfer.ReplicatedStateTransferManagerImpl.createConsistentHash(ReplicatedStateTransferManagerImpl.java:56)
	at org.infinispan.statetransfer.BaseStateTransferManagerImpl.start(BaseStateTransferManagerImpl.java:143)
",,,
6651,ISPN-1449,"memcachedCache cache definition is only defined when the a memcached request is received, and this causes issues related to ISPN-658.

The cache should be defined and started up when Memcached server starts up.",,,
6653,ISPN-1446,"Seam Solder changed its package structure since 3.1.0.Beta3. The upcoming release 5.1.0 should support the latest Seam release, expecially since Seam 3.0 so far only has a pretty small adoption compared to Seam 2, and Seam 3.1 hopefully gets a larger attention.",,,
6660,ISPN-1445,NoData,,,
6663,ISPN-1435,The JCache interceptors should be serializable to be used in beans with a passivating scope.,,,
6670,ISPN-1434,"We should allow locking mode to be configured through XML as follows:
<transaction lockingMode=""OPTIMISTIC""/> ",,,
6673,ISPN-1433,"This is a blocker as it prevent the lucene-directory to work fine.

To test, please use the lucene integration tests.",,,
6675,ISPN-1432,A simple testcase is _org.infinispan.lucene.SimpleLuceneTest_ from the lucene-directory module.,,,
6677,ISPN-1431,NoData,,,
6678,ISPN-1426,"Hot Rod client should create transport instances within the retry logic, otherwise exceptions like:

{code}Caused by: java.net.ConnectException: Connection refused{code}

Won't be recovered
",,,
6689,ISPN-1417,"When a context is reset, some implementations call clear() on the looked up entries map.  This can be inefficient in microbenchmarks if a large number of entries have been looked up.  Contexts should simply nullify looked up entries and let the collection be gc'd.",,,
6726,ISPN-1388,"At the end of the testsuite, there're about ~900 scheduled eviction threads lying around. Is the scheduled eviction executor thread service at all???

Right now shutdown of executors, which are global components, is spread around different parts of the code. In fact, eviction scheduled executor is not shutdown at all. They should be shutdown from a centralised point, i.e. GlobalCR.stop().",,,
6731,ISPN-1386,"The attached log is showing a test failure because a view is not stablished with the two remaining nodes:

{code}2011-09-14 13:01:15,124 ERROR (testng-TopologyInfoBroadcastTest) [org.infinispan.test.fwk.UnitTestTestNGListener] Method 
testNodeLeaves(org.infinispan.distribution.topologyaware.TopologyInfoBroadcastTest) threw an exception
java.lang.RuntimeException: Timed out before caches had complete views.  Expected 2 members in each view.  Views are as follows: 
[[TopologyInfoBroadcastTest-NodeA-20211(s0), TopologyInfoBroadcastTest-NodeB-32215(s1), TopologyInfoBroadcastTest-NodeC-36650(s2)], 
[TopologyInfoBroadcastTest-NodeA-20211(s0), TopologyInfoBroadcastTest-NodeB-32215(s1), TopologyInfoBroadcastTest-NodeC-36650(s2)]]
{code}

Having glanced some TRACE logs captured by Dan, it would appear that as NodeB is shutting down, TEST_PING finds it as a sole cluster member and finds another cluster formed of NodeA,NodeC, leading to a merge. This is somehow stopping a correct 2-node view being installed.

Needs further investigation",,,
6751,ISPN-1383,"After inserting a 160MB object in Hot Rod, the memory consumption of the server goes through the roof. The screenshot shows a couple of interesting things:

1. Both the HotRodDecoder and the DataContainer have a byte[] of approx 160mb each. So, it seems like it's actually two copies of the same byte[]. It's clear though that only the cache container should have it, and any cache decoder data should be cleared when the request is completed.

2. Netty's UnsafeDynamicChannelBuffer is still holding to a byte[] of 268MB approx. Judging by the 2nd screenshot attached, this appears to be belonging to the underlying ReplayingDecoder. That should also, if possible, be cleared up. I'll have a look around in the Netty code and maybe ping Trustin.",,,
6763,ISPN-1381,See https://infinispan.ci.cloudbees.com/job/Infinispan-master-JDK6-tcp/217/org.infinispan$infinispan-cachestore-jdbc/console,,,
6777,ISPN-1375,"2011-09-05 12:37:17,846 ERROR  local -> dist buckets|         RpcManagerImpl| ISPN000073: Unexpected error while replicating
java.lang.IllegalStateException: Tx lock should not be locked for writing as long as the latch is open
	at org.infinispan.distribution.TransactionLoggerImpl.acquireLockForTx(TransactionLoggerImpl.java:303)
	at org.infinispan.distribution.TransactionLoggerImpl.beforeCommand(TransactionLoggerImpl.java:185)
	at org.infinispan.interceptors.DistTxInterceptor.visitPutKeyValueCommand(DistTxInterceptor.java:125)
	at org.infinispan.commands.write.PutKeyValueCommand.acceptVisitor(PutKeyValueCommand.java:77)
	at org.infinispan.interceptors.base.CommandInterceptor.invokeNextInterceptor(CommandInterceptor.java:119)
	at org.infinispan.interceptors.CacheMgmtInterceptor.visitPutKeyValueCommand(CacheMgmtInterceptor.java:114)
	at org.infinispan.commands.write.PutKeyValueCommand.acceptVisitor(PutKeyValueCommand.java:77)
	at org.infinispan.interceptors.base.CommandInterceptor.invokeNextInterceptor(CommandInterceptor.java:119)
	at org.infinispan.interceptors.InvocationContextInterceptor.handleAll(InvocationContextInterceptor.java:104)
	at org.infinispan.interceptors.InvocationContextInterceptor.handleDefault(InvocationContextInterceptor.java:64)
	at org.infinispan.commands.AbstractVisitor.visitPutKeyValueCommand(AbstractVisitor.java:60)
	at org.infinispan.commands.write.PutKeyValueCommand.acceptVisitor(PutKeyValueCommand.java:77)
	at org.infinispan.interceptors.base.CommandInterceptor.invokeNextInterceptor(CommandInterceptor.java:119)
	at org.infinispan.interceptors.BatchingInterceptor.handleDefault(BatchingInterceptor.java:61)
	at org.infinispan.commands.AbstractVisitor.visitPutKeyValueCommand(AbstractVisitor.java:60)
	at org.infinispan.commands.write.PutKeyValueCommand.acceptVisitor(PutKeyValueCommand.java:77)
	at org.infinispan.interceptors.InterceptorChain.invoke(InterceptorChain.java:274)
	at org.infinispan.commands.remote.BaseRpcInvokingCommand.processVisitableCommand(BaseRpcInvokingCommand.java:71)
	at org.infinispan.commands.remote.SingleRpcCommand.perform(SingleRpcCommand.java:62)
	at org.infinispan.remoting.InboundInvocationHandlerImpl.handleInternal(InboundInvocationHandlerImpl.java:181)
	at org.infinispan.remoting.InboundInvocationHandlerImpl.handleWithWaitForBlocks(InboundInvocationHandlerImpl.java:195)
	at org.infinispan.remoting.InboundInvocationHandlerImpl.handleWithRetry(InboundInvocationHandlerImpl.java:309)
	at org.infinispan.remoting.InboundInvocationHandlerImpl.handle(InboundInvocationHandlerImpl.java:167)
	at org.infinispan.remoting.transport.jgroups.CommandAwareRpcDispatcher.executeCommand(CommandAwareRpcDispatcher.java:165)
	at org.infinispan.remoting.transport.jgroups.CommandAwareRpcDispatcher.handle(CommandAwareRpcDispatcher.java:144)
	at org.jgroups.blocks.RequestCorrelator.handleRequest(RequestCorrelator.java:577)
	at org.jgroups.blocks.RequestCorrelator.receiveMessage(RequestCorrelator.java:488)
	at org.jgroups.blocks.RequestCorrelator.receive(RequestCorrelator.java:364)
	at org.jgroups.blocks.MessageDispatcher$ProtocolAdapter.up(MessageDispatcher.java:770)
	at org.jgroups.JChannel.up(JChannel.java:1484)
	at org.jgroups.stack.ProtocolStack.up(ProtocolStack.java:1074)
	at org.jgroups.protocols.pbcast.STREAMING_STATE_TRANSFER.up(STREAMING_STATE_TRANSFER.java:263)
	at org.jgroups.protocols.FRAG2.up(FRAG2.java:189)
	at org.jgroups.protocols.FlowControl.up(FlowControl.java:418)
	at org.jgroups.protocols.FlowControl.up(FlowControl.java:418)
	at org.jgroups.protocols.pbcast.GMS.up(GMS.java:908)
	at org.jgroups.protocols.pbcast.STABLE.up(STABLE.java:246)
	at org.jgroups.protocols.UNICAST.handleDataReceived(UNICAST.java:575)
	at org.jgroups.protocols.UNICAST.up(UNICAST.java:294)
	at org.jgroups.protocols.pbcast.NAKACK.up(NAKACK.java:703)
	at org.jgroups.protocols.BARRIER.up(BARRIER.java:99)
	at org.jgroups.protocols.FD_ALL.up(FD_ALL.java:177)
	at org.jgroups.protocols.FD_SOCK.up(FD_SOCK.java:275)
	at org.jgroups.protocols.MERGE2.up(MERGE2.java:209)
	at org.jgroups.protocols.Discovery.up(Discovery.java:293)
	at org.jgroups.protocols.PING.up(PING.java:69)
	at org.jgroups.protocols.TP.passMessageUp(TP.java:1109)
	at org.jgroups.protocols.TP$IncomingPacket.handleMyMessage(TP.java:1665)
	at org.jgroups.protocols.TP$IncomingPacket.run(TP.java:1647)
	at java.util.concurrent.ThreadPoolExecutor$Worker.runTask(ThreadPoolExecutor.java:886)
	at java.util.concurrent.ThreadPoolExecutor$Worker.run(ThreadPoolExecutor.java:908)
	at java.lang.Thread.run(Thread.java:662)
2011-09-05 12:37:17,924 ERROR  local -> dist buckets| tionContextInterceptor| ISPN000136: Execution error
org.infinispan.CacheException: java.lang.IllegalStateException: Tx lock should not be locked for writing as long as the latch is open
	at org.infinispan.remoting.rpc.RpcManagerImpl.invokeRemotely(RpcManagerImpl.java:145)
	at org.infinispan.remoting.rpc.RpcManagerImpl.invokeRemotely(RpcManagerImpl.java:156)
	at org.infinispan.remoting.rpc.RpcManagerImpl.invokeRemotely(RpcManagerImpl.java:265)
	at org.infinispan.remoting.rpc.RpcManagerImpl.invokeRemotely(RpcManagerImpl.java:252)
	at org.infinispan.remoting.rpc.RpcManagerImpl.invokeRemotely(RpcManagerImpl.java:248)
	at org.infinispan.interceptors.DistributionInterceptor.handleWriteCommand(DistributionInterceptor.java:432)
	at org.infinispan.interceptors.DistributionInterceptor.visitPutKeyValueCommand(DistributionInterceptor.java:214)
	at org.infinispan.commands.write.PutKeyValueCommand.acceptVisitor(PutKeyValueCommand.java:77)
	at org.infinispan.interceptors.base.CommandInterceptor.invokeNextInterceptor(CommandInterceptor.java:119)
	at org.infinispan.interceptors.LockingInterceptor.visitPutKeyValueCommand(LockingInterceptor.java:294)
	at org.infinispan.commands.write.PutKeyValueCommand.acceptVisitor(PutKeyValueCommand.java:77)
	at org.infinispan.interceptors.base.CommandInterceptor.invokeNextInterceptor(CommandInterceptor.java:119)
	at org.infinispan.interceptors.base.CommandInterceptor.handleDefault(CommandInterceptor.java:133)
	at org.infinispan.commands.AbstractVisitor.visitPutKeyValueCommand(AbstractVisitor.java:60)
	at org.infinispan.commands.write.PutKeyValueCommand.acceptVisitor(PutKeyValueCommand.java:77)
	at org.infinispan.interceptors.base.CommandInterceptor.invokeNextInterceptor(CommandInterceptor.java:119)
	at org.infinispan.interceptors.TxInterceptor.enlistWriteAndInvokeNext(TxInterceptor.java:214)
	at org.infinispan.interceptors.TxInterceptor.visitPutKeyValueCommand(TxInterceptor.java:162)
	at org.infinispan.interceptors.DistTxInterceptor.visitPutKeyValueCommand(DistTxInterceptor.java:129)
	at org.infinispan.commands.write.PutKeyValueCommand.acceptVisitor(PutKeyValueCommand.java:77)
	at org.infinispan.interceptors.base.CommandInterceptor.invokeNextInterceptor(CommandInterceptor.java:119)
	at org.infinispan.interceptors.CacheMgmtInterceptor.visitPutKeyValueCommand(CacheMgmtInterceptor.java:114)
	at org.infinispan.commands.write.PutKeyValueCommand.acceptVisitor(PutKeyValueCommand.java:77)
	at org.infinispan.interceptors.base.CommandInterceptor.invokeNextInterceptor(CommandInterceptor.java:119)
	at org.infinispan.interceptors.InvocationContextInterceptor.handleAll(InvocationContextInterceptor.java:104)
	at org.infinispan.interceptors.InvocationContextInterceptor.handleDefault(InvocationContextInterceptor.java:64)
	at org.infinispan.commands.AbstractVisitor.visitPutKeyValueCommand(AbstractVisitor.java:60)
	at org.infinispan.commands.write.PutKeyValueCommand.acceptVisitor(PutKeyValueCommand.java:77)
	at org.infinispan.interceptors.base.CommandInterceptor.invokeNextInterceptor(CommandInterceptor.java:119)
	at org.infinispan.interceptors.BatchingInterceptor.handleDefault(BatchingInterceptor.java:77)
	at org.infinispan.commands.AbstractVisitor.visitPutKeyValueCommand(AbstractVisitor.java:60)
	at org.infinispan.commands.write.PutKeyValueCommand.acceptVisitor(PutKeyValueCommand.java:77)
	at org.infinispan.interceptors.InterceptorChain.invoke(InterceptorChain.java:274)
	at org.infinispan.CacheImpl.put(CacheImpl.java:515)
	at org.infinispan.CacheSupport.put(CacheSupport.java:51)
	at eu.ysoft.cache.cluster.bucket.IfspnBucketManager$BucketSynchronizer.run(IfspnBucketManager.java:223)
Caused by: java.lang.IllegalStateException: Tx lock should not be locked for writing as long as the latch is open
	at org.infinispan.distribution.TransactionLoggerImpl.acquireLockForTx(TransactionLoggerImpl.java:303)
	at org.infinispan.distribution.TransactionLoggerImpl.beforeCommand(TransactionLoggerImpl.java:185)
	at org.infinispan.interceptors.DistTxInterceptor.visitPutKeyValueCommand(DistTxInterceptor.java:125)
	at org.infinispan.commands.write.PutKeyValueCommand.acceptVisitor(PutKeyValueCommand.java:77)
	at org.infinispan.interceptors.base.CommandInterceptor.invokeNextInterceptor(CommandInterceptor.java:119)
	at org.infinispan.interceptors.CacheMgmtInterceptor.visitPutKeyValueCommand(CacheMgmtInterceptor.java:114)
	at org.infinispan.commands.write.PutKeyValueCommand.acceptVisitor(PutKeyValueCommand.java:77)
	at org.infinispan.interceptors.base.CommandInterceptor.invokeNextInterceptor(CommandInterceptor.java:119)
	at org.infinispan.interceptors.InvocationContextInterceptor.handleAll(InvocationContextInterceptor.java:104)
	at org.infinispan.interceptors.InvocationContextInterceptor.handleDefault(InvocationContextInterceptor.java:64)
	at org.infinispan.commands.AbstractVisitor.visitPutKeyValueCommand(AbstractVisitor.java:60)
	at org.infinispan.commands.write.PutKeyValueCommand.acceptVisitor(PutKeyValueCommand.java:77)
	at org.infinispan.interceptors.base.CommandInterceptor.invokeNextInterceptor(CommandInterceptor.java:119)
	at org.infinispan.interceptors.BatchingInterceptor.handleDefault(BatchingInterceptor.java:61)
	at org.infinispan.commands.AbstractVisitor.visitPutKeyValueCommand(AbstractVisitor.java:60)
	at org.infinispan.commands.write.PutKeyValueCommand.acceptVisitor(PutKeyValueCommand.java:77)
	at org.infinispan.interceptors.InterceptorChain.invoke(InterceptorChain.java:274)
	at org.infinispan.commands.remote.BaseRpcInvokingCommand.processVisitableCommand(BaseRpcInvokingCommand.java:71)
	at org.infinispan.commands.remote.SingleRpcCommand.perform(SingleRpcCommand.java:62)
	at org.infinispan.remoting.InboundInvocationHandlerImpl.handleInternal(InboundInvocationHandlerImpl.java:181)
	at org.infinispan.remoting.InboundInvocationHandlerImpl.handleWithWaitForBlocks(InboundInvocationHandlerImpl.java:195)
	at org.infinispan.remoting.InboundInvocationHandlerImpl.handleWithRetry(InboundInvocationHandlerImpl.java:309)
	at org.infinispan.remoting.InboundInvocationHandlerImpl.handle(InboundInvocationHandlerImpl.java:167)
	at org.infinispan.remoting.transport.jgroups.CommandAwareRpcDispatcher.executeCommand(CommandAwareRpcDispatcher.java:165)
	at org.infinispan.remoting.transport.jgroups.CommandAwareRpcDispatcher.handle(CommandAwareRpcDispatcher.java:144)
	at org.jgroups.blocks.RequestCorrelator.handleRequest(RequestCorrelator.java:577)
	at org.jgroups.blocks.RequestCorrelator.receiveMessage(RequestCorrelator.java:488)
	at org.jgroups.blocks.RequestCorrelator.receive(RequestCorrelator.java:364)
	at org.jgroups.blocks.MessageDispatcher$ProtocolAdapter.up(MessageDispatcher.java:770)
	at org.jgroups.JChannel.up(JChannel.java:1484)
	at org.jgroups.stack.ProtocolStack.up(ProtocolStack.java:1074)
	at org.jgroups.protocols.pbcast.STREAMING_STATE_TRANSFER.up(STREAMING_STATE_TRANSFER.java:263)
	at org.jgroups.protocols.FRAG2.up(FRAG2.java:189)
	at org.jgroups.protocols.FlowControl.up(FlowControl.java:418)
	at org.jgroups.protocols.FlowControl.up(FlowControl.java:418)
	at org.jgroups.protocols.pbcast.GMS.up(GMS.java:908)
	at org.jgroups.protocols.pbcast.STABLE.up(STABLE.java:246)
	at org.jgroups.protocols.UNICAST.handleDataReceived(UNICAST.java:575)
	at org.jgroups.protocols.UNICAST.up(UNICAST.java:294)
	at org.jgroups.protocols.pbcast.NAKACK.up(NAKACK.java:703)
	at org.jgroups.protocols.BARRIER.up(BARRIER.java:99)
	at org.jgroups.protocols.FD_ALL.up(FD_ALL.java:177)
	at org.jgroups.protocols.FD_SOCK.up(FD_SOCK.java:275)
	at org.jgroups.protocols.MERGE2.up(MERGE2.java:209)
	at org.jgroups.protocols.Discovery.up(Discovery.java:293)
	at org.jgroups.protocols.PING.up(PING.java:69)
	at org.jgroups.protocols.TP.passMessageUp(TP.java:1109)
	at org.jgroups.protocols.TP$IncomingPacket.handleMyMessage(TP.java:1665)
	at org.jgroups.protocols.TP$IncomingPacket.run(TP.java:1647)
	at java.util.concurrent.ThreadPoolExecutor$Worker.runTask(ThreadPoolExecutor.java:886)
	at java.util.concurrent.ThreadPoolExecutor$Worker.run(ThreadPoolExecutor.java:908)
	at java.lang.Thread.run(Thread.java:662)",,,
6821,ISPN-1365,"I'm seeing a lot of data inconsistencies on a rehash, especially if there is a lot of lock contention for keys on caches participating in a transaction.

Attached is a unit test that can reproduce the problem quite readily.  This uses the grouping API, eager locking of a single node, and the distribution framework to effect ""local"" transactions.",,,
6822,ISPN-1359,"TreeSets can be used to hold objects that don't implement Comparable, so long as you provide a Comparator during construction.  The current implementation of SetExternalizer doesn't support this pattern... trying to deserialize a TreeSet that holds objects that don't implement Comparable results in a ClassCastException.  This seriously reduces the flexibility of TreeSet.

JBoss Cache doesn't have this limitation, presumably because it delegates to native Java serialization.",,,
6824,ISPN-1357,"It would appear that the Infinispan RHQ plugin has some jars missing:

{code}Caused by: java.lang.ClassNotFoundException: org.jboss.logging.BasicLogger{code}

This could be halting the discovery of Infinispan instances via RHQ.

See forum ref for more info.",,,
6841,ISPN-1347,"It seems LIRS eviction at this moment only evicts the first entry in the HIR queue and nothing else. I have written a test based on [this presentation|https://docs.google.com/viewer?a=v&q=cache:jcEF5qSkCo4J:www.ece.eng.wayne.edu/~sjiang/Projects/LIRS/sig02.ppt+lirs+algorithm&hl=cs&gl=cz&pid=bl&srcid=ADGEESjKS6wTMJZZEGG8I6G7pOh-Va1lkLS4-JIFK-86NPAi-uKGOy2hHcQA3xoHmDcek6j7jd5pEUuj_iLwU_oUN6dlFqRH9CN2YkHD46hBzFJ2UbHBPECnelAvbWZ4soE1c-7xdu-g&sig=AHIEtbRMUTRpEWGssf3i4CMDJvnnpJEdFA] located in the eviction-strategy module of [edg-functional-tests|https://svn.devel.redhat.com/repos/jboss-qa/edg/edg-functional-tests/trunk/] that is at the moment failing. 
Upon closer examination I have found a couple of things I think may be the cause:

* in infinispan.util.concurrent.BoundedConcurrentHashMap
** in execute() of the LIRS eviction if you have more items in the accessQueue and while processing you choose an item to be evicted it is added to the evicted Set. But if it is still in the accessQueue(and the operation was put) it gets proccesed but in the end still ends up evicted because it was not removed from the evicted set.
** in onEntryMiss of the LIRS eviction the very first if shouldn't first increment currentLIRSize because otherwise LIRSize is never full and therefore the LIRS algorithm never truly happens because execute() is never called that's why it only evicts from the HIR queue. It also causes the cache to be able to hold only maxEntries-1 entries. Also if (queue.size() < hirSizeLimit) condition is true the item should also be added to the stack in order to track its recency. And lastly I don't think onEntryMiss should be evicting elements because that way we can't track their recency. They will get eventually evicted by pruning.
** the function onEntryRemove should not in my opinion remove entries from the stack because otherwise there is no way to track recency of HIR-nonresident blocks. They will eventually get removed from the stack by pruning. It also seems this function gets called when clearing the cache instead of clear.


* in Segment class 
** the remove operation makes entries behave as if they were just added as is already documented there with a TODO
** the get operation calls onEntryHit which can cause problems if get is used while servicing a put operation because it gets called twice

If some of these things were design choices let me know so I will modify the test.",,,
6842,ISPN-1333,"Concurrent calls to AdvancedCache.addInterceptor(...) and/or removeInterceptor(...) will result in an faulty interceptor chain.  In particular, if calls use an interceptor of the same type, this can cause assertNotAdded to fail inappropriately.",,,
6845,ISPN-1332,"If enabled persistence in treecache - using treecache leads to serialization issue:

ERROR:

org.infinispan.CacheException: Unable to invoke method public void org.infinispan.eviction.PassivationManagerImpl.passivateAll() throws org.infinispan.loaders.CacheLoaderException on object
at org.infinispan.util.ReflectionUtil.invokeAccessibly(ReflectionUtil.java:173)
at org.infinispan.factories.AbstractComponentRegistry$PrioritizedMethod.invoke(AbstractComponentRegistry.java:890)
at org.infinispan.factories.AbstractComponentRegistry.internalStop(AbstractComponentRegistry.java:716)
at org.infinispan.factories.AbstractComponentRegistry.stop(AbstractComponentRegistry.java:603)
at org.infinispan.factories.ComponentRegistry.stop(ComponentRegistry.java:205)
at org.infinispan.CacheImpl.stop(CacheImpl.java:378)
at org.infinispan.manager.DefaultCacheManager.stop(DefaultCacheManager.java:599)
at eu.ysoft.cache.replicator.IfspnReplicationBuffer.stop(IfspnReplicationBuffer.java:178)
at eu.ysoft.cache.replicator.IfspnReplicationBufferTestsBase.destroy(IfspnReplicationBufferTestsBase.java:51)
at eu.ysoft.cache.replicator.IfspnReplicationBufferTests.destroy(IfspnReplicationBufferTests.java:35)
at sun.reflect.NativeMethodAccessorImpl.invoke0(Native Method)
at sun.reflect.NativeMethodAccessorImpl.invoke(NativeMethodAccessorImpl.java:39)
at sun.reflect.DelegatingMethodAccessorImpl.invoke(DelegatingMethodAccessorImpl.java:25)
at java.lang.reflect.Method.invoke(Method.java:597)
at org.testng.internal.MethodInvocationHelper.invokeMethod(MethodInvocationHelper.java:80)
at org.testng.internal.Invoker.invokeConfigurationMethod(Invoker.java:525)
at org.testng.internal.Invoker.invokeConfigurations(Invoker.java:202)
at org.testng.internal.Invoker.invokeMethod(Invoker.java:753)
at org.testng.internal.Invoker.invokeTestMethod(Invoker.java:842)
at org.testng.internal.Invoker.invokeTestMethods(Invoker.java:1166)
at org.testng.internal.TestMethodWorker.invokeTestMethods(TestMethodWorker.java:125)
at org.testng.internal.TestMethodWorker.run(TestMethodWorker.java:109)
at org.testng.TestRunner.runWorkers(TestRunner.java:1178)
at org.testng.TestRunner.privateRun(TestRunner.java:757)
at org.testng.TestRunner.run(TestRunner.java:608)
at org.testng.SuiteRunner.runTest(SuiteRunner.java:334)
at org.testng.SuiteRunner.runSequentially(SuiteRunner.java:329)
at org.testng.SuiteRunner.privateRun(SuiteRunner.java:291)
at org.testng.SuiteRunner.run(SuiteRunner.java:240)
at org.testng.SuiteRunnerWorker.runSuite(SuiteRunnerWorker.java:52)
at org.testng.SuiteRunnerWorker.run(SuiteRunnerWorker.java:86)
at org.testng.TestNG.runSuitesSequentially(TestNG.java:1158)
at org.testng.TestNG.runSuitesLocally(TestNG.java:1083)
at org.testng.TestNG.run(TestNG.java:999)
at org.testng.remote.RemoteTestNG.run(RemoteTestNG.java:111)
at org.testng.remote.RemoteTestNG.initAndRun(RemoteTestNG.java:203)
at org.testng.remote.RemoteTestNG.main(RemoteTestNG.java:174)
at org.testng.RemoteTestNGStarter.main(RemoteTestNGStarter.java:106)
at sun.reflect.NativeMethodAccessorImpl.invoke0(Native Method)
at sun.reflect.NativeMethodAccessorImpl.invoke(NativeMethodAccessorImpl.java:39)
at sun.reflect.DelegatingMethodAccessorImpl.invoke(DelegatingMethodAccessorImpl.java:25)
at java.lang.reflect.Method.invoke(Method.java:597)
at com.intellij.rt.execution.application.AppMain.main(AppMain.java:120)
Caused by: java.lang.reflect.InvocationTargetException
at sun.reflect.NativeMethodAccessorImpl.invoke0(Native Method)
at sun.reflect.NativeMethodAccessorImpl.invoke(NativeMethodAccessorImpl.java:39)
at sun.reflect.DelegatingMethodAccessorImpl.invoke(DelegatingMethodAccessorImpl.java:25)
at java.lang.reflect.Method.invoke(Method.java:597)
at org.infinispan.util.ReflectionUtil.invokeAccessibly(ReflectionUtil.java:170)
... 42 more
Caused by: org.infinispan.loaders.CacheLoaderException: java.io.NotSerializableException: org.infinispan.tree.NodeKey
at org.infinispan.loaders.jdbm.JdbmCacheStore.store0(JdbmCacheStore.java:317)
at org.infinispan.loaders.jdbm.JdbmCacheStore.store(JdbmCacheStore.java:292)
at org.infinispan.eviction.PassivationManagerImpl.passivateAll(PassivationManagerImpl.java:108)
... 47 more
Caused by: java.io.NotSerializableException: org.infinispan.tree.NodeKey
at java.io.ObjectOutputStream.writeObject0(ObjectOutputStream.java:1164)
at java.io.ObjectOutputStream.writeObject(ObjectOutputStream.java:330)
at jdbm.htree.HashBucket.writeExternal(HashBucket.java:270)
at java.io.ObjectOutputStream.writeExternalData(ObjectOutputStream.java:1429)
at java.io.ObjectOutputStream.writeOrdinaryObject(ObjectOutputStream.java:1398)
at java.io.ObjectOutputStream.writeObject0(ObjectOutputStream.java:1158)
at java.io.ObjectOutputStream.writeObject(ObjectOutputStream.java:330)
at jdbm.helper.Serialization.serialize(Serialization.java:75)
at jdbm.helper.DefaultSerializer.serialize(DefaultSerializer.java:82)
at jdbm.recman.BaseRecordManager.insert(BaseRecordManager.java:202)
at jdbm.recman.CacheRecordManager.insert(CacheRecordManager.java:156)
at jdbm.recman.CacheRecordManager.insert(CacheRecordManager.java:140)
at jdbm.htree.HashDirectory.put(HashDirectory.java:233)
at jdbm.htree.HTree.put(HTree.java:129)
at org.infinispan.loaders.jdbm.JdbmCacheStore.store0(JdbmCacheStore.java:313)
... 49 more
",,,
6850,ISPN-1329,"When I configure
{code} 
<async
    enabled=""true""
    threadPoolSize=""3""/>
{code}
the implementation creates three threads names ""CoalescedAsyncStore"" per cache store.

When adding a large amount of data to the cache (for example indexing a lot of Lucene documents), the application will stop working with a lot of OutOfMemory exceptions.

This is caused by the implementation of org.infinispan.loaders.decorators.AsyncStore that uses an unbounded LinkedBlockingQueue.
A lot of worker threads push a huge amount of modifications into the queues, but the underlying cache store is not able to handle throughput.

As a quick solution change
{code}
   private final LinkedBlockingQueue<Modification> changesDeque = new LinkedBlockingQueue<Modification>();
{code}
to
{code}
   private final LinkedBlockingQueue<Modification> changesDeque = new LinkedBlockingQueue<Modification>(512);
{code}

and add a new configuration option to the async element, that specifies the capacity of the Linked Blocking Queue.",,,
6866,ISPN-1327,Hot Rod topology update timeout not working right because it's in the wrong unit. It should be milliseconds and instead it's being converted into seconds.,,,
6867,ISPN-1323,"Because of https://issues.jboss.org/browse/JGRP-1336, sometimes a node is ""resurrected"" and TEST_PING.findInitialMembers() is called even after the channel has been stopped.

If that happens the node is not removed from the discovery registry and the next node to start from the same test will hang trying to contact the dead node and elect a coordinator.",,,
6868,ISPN-1322,"The following thing is allowed by the CDI extension.

{code}
class Config { 
    @Infinispan(""greeting-cache"")
    @GreetingCache
    @Produces
    Configuration greetingCacheConfiguration;
}
{code}

If the cache configuration is not provided by an external mechanism (e.g. with an XML configuration file) the cache configuration is not registered. When this cache will be injected the default configuration of the corresponding cache manager will be used (see behavior of {{CacheContainer#getCache(name)}}).

To be consistent the cache configuration must be registered with a clone of the default configuration. In this case the {{EmbeddedCacheManager#getCacheNames}} return will reflect the ""{{Config}}"" class content.



",,,
6880,ISPN-1320,indexing properties defined for <namedCache/> in xml are ignored therefore indexes are always persistent; see reproduction steps for xml / UT,,,
6889,ISPN-1318,"Cache entries remain in the cache even after their lifespan expires (when setting the lifespan via replaceWithVersionAsync and also via replaceWithVersion (sync))

The test verifying this can be found at https://svn.devel.redhat.com/repos/jboss-qa/edg/infinispan-functional-tests/trunk/async-future/src/test/java/org/infinispan/test/async/LocalModeTest.java - test method testReplaceWithVersionWithLifespanAsync()

The test is failing on line assertEquals(null, cache.getVersioned(""aKey""));

To run it, one has to set ISPN_HOME property pointing to Infinispan build and run ""mvn clean verify"".


",,,
6893,ISPN-1316,"The coordinator of a cluster, which is the first node of the cluster can end up trying to fetch state from other nodes needlessly. For example:

1. A node starts up:
{code}15:39:20,443 DEBUG [org.infinispan.remoting.transport.jgroups.JGroupsTransport] (MSC service thread 1-2) 
New view accepted: [michal-linhard-12702|0] [michal-linhard-12702]{code}

2. Before state transfer check happens, a new node joins:
{code}15:39:20,735 DEBUG [org.infinispan.remoting.transport.jgroups.JGroupsTransport] (pool-5-thread-29) 
New view accepted: [michal-linhard-12702|1] [michal-linhard-12702, michal-linhard-37465, michal-linhard-61619]{code}

3. Now comes the coordinator which skips itself and sends a state trasnfer req to michal-linhard-37465:
{code}15:39:20,902 INFO  [org.infinispan.remoting.rpc.RpcManagerImpl] (MSC service thread 1-4) 
ISPN000074: Trying to fetch state from michal-linhard-37465{code}

4. That's not right, cos 37465 is likely not gonna have anything in memory and this could potentially lead to deadlocks, where 37465 starts and request state from 12702, and in fact, that's what happens:
{code}15:39:22,611 INFO  [org.infinispan.remoting.rpc.RpcManagerImpl] (MSC service thread 1-4) 
ISPN000074: Trying to fetch state from michal-linhard-12702{code}

5. In the mean time, as expected, 37465 writes nothing
{code}15:39:22,710 DEBUG [org.infinispan.statetransfer.StateTransferManagerImpl] (STREAMING_STATE_TRANSFER-sender-1,default,michal-linhard-37465) 
Writing 0 StoredEntries to stream
...
15:39:22,806 TRACE [org.infinispan.transaction.TransactionLog] (STREAMING_STATE_TRANSFER-sender-1,default,michal-linhard-37465) 
Writing 0 pending prepares to the stream{code}

In other words, in the current design, the coordinator should not go around asking for state.",,,
6894,ISPN-1312,"Any flags enabled on an async get operation will affect both the get operation, all subsequent async get operations, and the next operation of any type (all in the same thread).",,,
6899,ISPN-1311,"If there is no cacheLoader configured, or if either SKIP_CACHE_LOAD or SKIP_CACHE_STORE are enabled, the async operation will block the caller until it's performed by using wrapInFuture instead of using the asyncExecutor.",,,
6904,ISPN-1310,CACHE_MODE_LOCAL should prevent even a Get operation to send RPCs.,,,
6909,ISPN-1304,"org.infinispan.query.backend.QueryInterceptor.visitReplaceCommand() wrongly interprets field ReplaceCommand.oldValue as always present oldValue, but this field serves only for execution of conditional replace.

this leads to failure during replace when using searchable cache.

ReplaceCommand.oldValue is probably not well suited name for the field

test case project attached.",,,
6912,ISPN-1299,the visitPutMapCommand in Query doesn't consider the case in which the map contains existing entries,,,
6914,ISPN-1288,"When purging, the whole cache seems to be blocked.

This might be caused by the global lock used in FileCacheStore.purgeInternal().

A solution might be to lock each cache key to be purged. This might be slower, but will not block the whole cache.

(checked with FileCacheStore)
",,,
6919,ISPN-1287,A number of configuration options are not properly unmarshalled in CacheLoaderConfig#unmarshal(),,,
6924,ISPN-1285,"Default values for expiration specified via Infinispan configuration file (tag <expiration lifespan=""2000"" maxIdle=""1000"" />) do not influence real lifespan of cache entries stored via the Hot Rod client.",,,
6926,ISPN-1281,This is to minimise the collisions as reported in ISPN-1275.  It isn't a complete solution but drastically reduces the probability of collision if the hash space spans Integer.MIN_VALUE -> Integer.MAX_VALUE.,,,
6934,ISPN-1277,"when trying to use tree API + indexing I get the following:

{code}
2011-07-29 13:09:46,909 0     INFO  [org.infinispan.query.impl.LifecycleManager] (main:) ISPN014003: Registering Query interceptor
2011-07-29 13:09:46,930 21    INFO  [org.hibernate.search.Version] (main:) Hibernate Search 3.4.0.Final
2011-07-29 13:09:46,942 33    INFO  [org.hibernate.annotations.common.Version] (main:) Hibernate Commons Annotations 3.2.0.Final
2011-07-29 13:09:47,019 110   INFO  [org.infinispan.factories.TransactionManagerFactory] (main:) Using a batchMode transaction manager
2011-07-29 13:09:47,194 285   INFO  [org.infinispan.factories.GlobalComponentRegistry] (main:) ISPN000128: Infinispan version: Infinispan 'Pagoa' 5.0.0.CR8
2011-07-29 13:09:47,228 319   INFO  [org.infinispan.factories.ComponentRegistry] (main:) ISPN000128: Infinispan version: Infinispan 'Pagoa' 5.0.0.CR8
2011-07-29 13:09:47,321 412   ERROR [org.infinispan.interceptors.InvocationContextInterceptor] (main:) ISPN000136: Execution error
java.lang.IllegalArgumentException: Indexing only works with entries keyed on Strings, primitives and classes that have the @Transformable annotation - you passed in a class org.infinispan.tree.NodeKey
	at org.infinispan.query.backend.KeyTransformationHandler.keyToString(KeyTransformationHandler.java:149)
	at org.infinispan.query.backend.QueryInterceptor.addToIndexes(QueryInterceptor.java:195)
	at org.infinispan.query.backend.QueryInterceptor.visitPutKeyValueCommand(QueryInterceptor.java:103)
	at org.infinispan.commands.write.PutKeyValueCommand.acceptVisitor(PutKeyValueCommand.java:77)
	at org.infinispan.interceptors.base.CommandInterceptor.invokeNextInterceptor(CommandInterceptor.java:119)
	at org.infinispan.interceptors.LockingInterceptor.visitPutKeyValueCommand(LockingInterceptor.java:294)
	at org.infinispan.commands.write.PutKeyValueCommand.acceptVisitor(PutKeyValueCommand.java:77)
	at org.infinispan.interceptors.base.CommandInterceptor.invokeNextInterceptor(CommandInterceptor.java:119)
	at org.infinispan.interceptors.base.CommandInterceptor.handleDefault(CommandInterceptor.java:133)
	at org.infinispan.commands.AbstractVisitor.visitPutKeyValueCommand(AbstractVisitor.java:60)
	at org.infinispan.commands.write.PutKeyValueCommand.acceptVisitor(PutKeyValueCommand.java:77)
	at org.infinispan.interceptors.base.CommandInterceptor.invokeNextInterceptor(CommandInterceptor.java:119)
	at org.infinispan.interceptors.TxInterceptor.enlistWriteAndInvokeNext(TxInterceptor.java:214)
	at org.infinispan.interceptors.TxInterceptor.visitPutKeyValueCommand(TxInterceptor.java:162)
	at org.infinispan.commands.write.PutKeyValueCommand.acceptVisitor(PutKeyValueCommand.java:77)
	at org.infinispan.interceptors.base.CommandInterceptor.invokeNextInterceptor(CommandInterceptor.java:119)
	at org.infinispan.interceptors.InvocationContextInterceptor.handleAll(InvocationContextInterceptor.java:104)
	at org.infinispan.interceptors.InvocationContextInterceptor.handleDefault(InvocationContextInterceptor.java:64)
	at org.infinispan.commands.AbstractVisitor.visitPutKeyValueCommand(AbstractVisitor.java:60)
	at org.infinispan.commands.write.PutKeyValueCommand.acceptVisitor(PutKeyValueCommand.java:77)
	at org.infinispan.interceptors.base.CommandInterceptor.invokeNextInterceptor(CommandInterceptor.java:119)
	at org.infinispan.interceptors.BatchingInterceptor.handleDefault(BatchingInterceptor.java:77)
	at org.infinispan.commands.AbstractVisitor.visitPutKeyValueCommand(AbstractVisitor.java:60)
	at org.infinispan.commands.write.PutKeyValueCommand.acceptVisitor(PutKeyValueCommand.java:77)
	at org.infinispan.interceptors.InterceptorChain.invoke(InterceptorChain.java:274)
	at org.infinispan.CacheImpl.putIfAbsent(CacheImpl.java:522)
	at org.infinispan.CacheSupport.putIfAbsent(CacheSupport.java:63)
	at org.infinispan.tree.CacheAdapter.putIfAbsent(CacheAdapter.java:322)
	at org.infinispan.atomic.AtomicHashMap.newInstance(AtomicHashMap.java:76)
	at org.infinispan.atomic.AtomicMapLookup.getAtomicMap(AtomicMapLookup.java:76)
	at org.infinispan.atomic.AtomicMapLookup.getAtomicMap(AtomicMapLookup.java:57)
	at org.infinispan.tree.TreeStructureSupport.getAtomicMap(TreeStructureSupport.java:127)
	at org.infinispan.tree.TreeStructureSupport.createNodeInCache(TreeStructureSupport.java:78)
	at org.infinispan.tree.TreeCacheImpl.createRoot(TreeCacheImpl.java:467)
	at org.infinispan.tree.TreeCacheImpl.<init>(TreeCacheImpl.java:48)
	at org.infinispan.tree.TreeCacheFactory.createTreeCache(TreeCacheFactory.java:59)
	at org.jboss.test.TreeCacheExample.main(TreeCacheExample.java:36)
Exception in thread ""main"" org.infinispan.CacheException: Unable to end batch
	at org.infinispan.batch.BatchContainer.endBatch(BatchContainer.java:111)
	at org.infinispan.batch.AutoBatchSupport.endAtomic(AutoBatchSupport.java:49)
	at org.infinispan.tree.TreeStructureSupport.createNodeInCache(TreeStructureSupport.java:84)
	at org.infinispan.tree.TreeCacheImpl.createRoot(TreeCacheImpl.java:467)
	at org.infinispan.tree.TreeCacheImpl.<init>(TreeCacheImpl.java:48)
	at org.infinispan.tree.TreeCacheFactory.createTreeCache(TreeCacheFactory.java:59)
	at org.jboss.test.TreeCacheExample.main(TreeCacheExample.java:36)
Caused by: javax.transaction.RollbackException: Transaction status is Status.STATUS_MARKED_ROLLBACK
	at org.infinispan.transaction.tm.DummyBaseTransactionManager.commit(DummyBaseTransactionManager.java:95)
	at org.infinispan.batch.BatchContainer.resolveTransaction(BatchContainer.java:131)
	at org.infinispan.batch.BatchContainer.endBatch(BatchContainer.java:108)
	... 6 more

{code}

test case attached as zipped maven project",,,
6935,ISPN-1274,DefaultExecutorService uses no thread pool when it decides to invokeLocally. It always uses the calling thread in this case. This leads to bad concurrency (1).,,,
6937,ISPN-1273,"I'm starting 4 ispn instances on interfaces test1-test4 with numVirtualNodes 512.

when my client pings one of the servers for topology info - this is the contents of it's servers2HashCode map:
10213 = test1
10225 = test3
10235 = test2
10236 = test4
i.e. it contains only one hashid per server.",,,
6963,ISPN-1267,"this is because by default GenericJBossMarshaller is used and
GenericJBossMarshaller.isMarshallable implementation marshalls objects to find whether they are marshallable. 

this proves to be a very significant performance bottleneck, see details in JBPAPP-6865
in remote access storeAsBinary shouldn't have any performance impact, because the values that are received on serverside are already byte arrays.",,,
6967,ISPN-1260,"The current mechanism which allows the user to override the default configuration or the default cache manager doesn't work. This is due to WELD-912.

One solution might be to use a qualifier provided by the extension. If this qualifier is used on a producer the produced configuration or cache manager will override the default configuration or the default cache manager.",,,
6978,ISPN-1257,"I updated to 5.0.CR8 and received the following warning, even though our infinispan config does not include enablement of clustering:

[2011-07-20 13:20:17.742, 21381]WARN [main](TimeoutConfigurationValidatingVisitor.java:67) - ISPN000148: Invalid <locking>:lockAcquisitionTimeout  value of 300000. It can not be higher than <sync>:replTimeout which is 15000",,,
6979,ISPN-1256,"These stacktraces can be found very often in the continuous integration logs:
{code}2011-07-20 05:54:39,659 WARN  [arjuna] (Transaction Reaper Worker 0) ARJUNA12091: Top-level abort of action 0:ffff0aca9676:8727:4e26a548:2ce received TwoPhaseOutcome.FINISH_ERROR from com.arjuna.ats.arjuna.coordinator.AbstractRecord
2011-07-20 05:54:39,659 WARN  [arjuna] (Transaction Reaper Worker 0) ARJUNA12121: TransactionReaper::doCancellations worker Thread[Transaction Reaper Worker 0,5,main] successfully canceled TX 0:ffff0aca9676:8727:4e26a548:2ce
2011-07-20 05:54:39,659 WARN  [jta] (Transaction Reaper Worker 0) ARJUNA16045: attempted rollback of < formatId=131076, gtrid_length=29, bqual_length=28, tx_uid=0:ffff0aca9676:8727:4e26a548:2d2, node_name=1, branch_uid=0:ffff0aca9676:8727:4e26a548:2d3, eis_name=unknown eis name > (TransactionXaAdapter{localTransaction=LocalXaTransaction{xid=< formatId=131076, gtrid_length=29, bqual_length=28, tx_uid=0:ffff0aca9676:8727:4e26a548:2d2, node_name=1, branch_uid=0:ffff0aca9676:8727:4e26a548:2d3, eis_name=unknown eis name >} LocalTransaction{remoteLockedNodes=[MainOwnerChangedTest-NodeA-55288], isMarkedForRollback=false, transaction=TransactionImple < ac, BasicAction: 0:ffff0aca9676:8727:4e26a548:2d2 status: ActionStatus.ABORTING >} org.infinispan.transaction.xa.LocalXaTransaction@8b0c6a04}) failed with exception code -
java.lang.NullPointerException
	at java.util.concurrent.ConcurrentHashMap.get(ConcurrentHashMap.java:768)
	at org.infinispan.transaction.TransactionTable.failureCompletingTransaction(TransactionTable.java:195)
	at org.infinispan.transaction.TransactionCoordinator.rollback(TransactionCoordinator.java:159)
	at org.infinispan.transaction.xa.TransactionXaAdapter.rollback(TransactionXaAdapter.java:135)
	at com.arjuna.ats.internal.jta.resources.arjunacore.XAResourceRecord.topLevelAbort(XAResourceRecord.java:337)
	at com.arjuna.ats.arjuna.coordinator.BasicAction.doAbort(BasicAction.java:2869)
	at com.arjuna.ats.arjuna.coordinator.BasicAction.doAbort(BasicAction.java:2848)
	at com.arjuna.ats.arjuna.coordinator.BasicAction.Abort(BasicAction.java:1613)
	at com.arjuna.ats.arjuna.coordinator.TwoPhaseCoordinator.cancel(TwoPhaseCoordinator.java:119)
	at com.arjuna.ats.arjuna.AtomicAction.cancel(AtomicAction.java:212)
	at com.arjuna.ats.arjuna.coordinator.TransactionReaper.doCancellations(TransactionReaper.java:367)
	at com.arjuna.ats.internal.arjuna.coordinator.ReaperWorkerThread.run(ReaperWorkerThread.java:79)
{code}

See https://infinispan.ci.cloudbees.com/job/Infinispan-master-JDK6-tcp/145/consoleFull
and search for ""ConcurrentHashMap.java:768""",,,
6980,ISPN-1255,"My application exposes its distributed operations via a REST-based infrastructure.  To minimize the delta between JBoss starting and the cache starting, I used the new Distributed Executor to ""sticky"" a task to the data owner of a set of keys (with the same hash code). 

NOTE:  Rehash still causes problems seen in ISPN-1106.  (Attached new logs)

I see a lot of the following error from the DistributedExecutorService when the new node's cache doesn't start in a timely manner: 

Reason: java.lang.IllegalStateException: Invalid response {Satriani-52149(PHL)=RequestIgnoredResponse}

In addition, I see:
org.infinispan.util.concurrent.TimeoutException: Timed out waiting for valid responses!

It takes the cache about 2+ minutes at low throughput rate (30 tx/s) to recover.  For high throughput rate, the cluster doesn't recover. ",,,
7066,ISPN-1251,Currently all Infinispan classes are exported by the CDI jar module. Only the CDI module classes have to be exported.,,,
7067,ISPN-1250,The TestNG dependency for the CDI Integration module should have the scope test.,,,
7069,ISPN-1249,"There are three managed connection tests in the JDBC cache store test suite, and on my machine at least one of them fails on startup because DummyContext/DummyContextFactory are not thread-safe.",,,
7071,ISPN-1246,"This badly affects TorqueBox and Lucene integrations, making them unusable.
I hope we can use a different namespace or binding method?

{code}12:46:35,651 INFO  [org.infinispan.factories.TransactionManagerFactory] (http-localhost-127.0.0.1-8080-1) failed looking up TransactionManager, will not use transactions: java.lang.UnsupportedOperationException: Naming context is read-only
	at org.jboss.as.naming.NamingContext.bind(NamingContext.java:217)
	at javax.naming.InitialContext.bind(InitialContext.java:400) [:1.6.0_26]
	at org.infinispan.transaction.tm.DummyTransactionManager.getInstance(DummyTransactionManager.java:62) [infinispan-core-5.0.0.CR7.jar:5.0.0.CR7]
	at org.infinispan.transaction.lookup.GenericTransactionManagerLookup.getTransactionManager(GenericTransactionManagerLookup.java:112) [infinispan-core-5.0.0.CR7.jar:5.0.0.CR7]
	at org.infinispan.factories.TransactionManagerFactory.construct(TransactionManagerFactory.java:59) [infinispan-core-5.0.0.CR7.jar:5.0.0.CR7]
	at org.infinispan.factories.AbstractComponentRegistry.getOrCreateComponent(AbstractComponentRegistry.java:332) [infinispan-core-5.0.0.CR7.jar:5.0.0.CR7]
	at org.infinispan.factories.AbstractComponentRegistry.invokeInjectionMethod(AbstractComponentRegistry.java:266) [infinispan-core-5.0.0.CR7.jar:5.0.0.CR7]
	at org.infinispan.factories.AbstractComponentRegistry$Component.injectDependencies(AbstractComponentRegistry.java:869) [infinispan-core-5.0.0.CR7.jar:5.0.0.CR7]
	at org.infinispan.factories.AbstractComponentRegistry.registerComponentInternal(AbstractComponentRegistry.java:240) [infinispan-core-5.0.0.CR7.jar:5.0.0.CR7]
	at org.infinispan.factories.ComponentRegistry.registerComponentInternal(ComponentRegistry.java:153) [infinispan-core-5.0.0.CR7.jar:5.0.0.CR7]
	at org.infinispan.factories.AbstractComponentRegistry.registerComponent(AbstractComponentRegistry.java:199) [infinispan-core-5.0.0.CR7.jar:5.0.0.CR7]
	at org.infinispan.factories.AbstractComponentRegistry.registerComponent(AbstractComponentRegistry.java:194) [infinispan-core-5.0.0.CR7.jar:5.0.0.CR7]
	at org.infinispan.query.impl.LifecycleManager.createQueryInterceptorIfNeeded(LifecycleManager.java:75) [infinispan-query-5.0.0.CR4_AS7.jar:5.0.0.CR4_AS7]
	at org.infinispan.query.impl.LifecycleManager.cacheStarting(LifecycleManager.java:67) [infinispan-query-5.0.0.CR4_AS7.jar:5.0.0.CR4_AS7]
	at sun.reflect.NativeMethodAccessorImpl.invoke0(Native Method) [:1.6.0_26]
	at sun.reflect.NativeMethodAccessorImpl.invoke(NativeMethodAccessorImpl.java:39) [:1.6.0_26]
	at sun.reflect.DelegatingMethodAccessorImpl.invoke(DelegatingMethodAccessorImpl.java:25) [:1.6.0_26]
	at java.lang.reflect.Method.invoke(Method.java:597) [:1.6.0_26]
	at org.infinispan.util.Proxies$CatchThrowableProxy.invoke(Proxies.java:88) [infinispan-core-5.0.0.CR7.jar:5.0.0.CR7]
	at $Proxy19.cacheStarting(Unknown Source)	at org.infinispan.factories.ComponentRegistry.notifyCacheStarting(ComponentRegistry.java:192) [infinispan-core-5.0.0.CR7.jar:5.0.0.CR7]
	at org.infinispan.factories.InternalCacheFactory.bootstrap(InternalCacheFactory.java:95) [infinispan-core-5.0.0.CR7.jar:5.0.0.CR7]
	at org.infinispan.factories.InternalCacheFactory.createAndWire(InternalCacheFactory.java:79) [infinispan-core-5.0.0.CR7.jar:5.0.0.CR7]
	at org.infinispan.factories.InternalCacheFactory.createCache(InternalCacheFactory.java:63) [infinispan-core-5.0.0.CR7.jar:5.0.0.CR7]
	at org.infinispan.manager.DefaultCacheManager.createCache(DefaultCacheManager.java:552) [infinispan-core-5.0.0.CR7.jar:5.0.0.CR7]
	at org.infinispan.manager.DefaultCacheManager.getCache(DefaultCacheManager.java:455) [infinispan-core-5.0.0.CR7.jar:5.0.0.CR7]
	at org.infinispan.manager.DefaultCacheManager.getCache(DefaultCacheManager.java:424) [infinispan-core-5.0.0.CR7.jar:5.0.0.CR7]
	at sun.reflect.NativeMethodAccessorImpl.invoke0(Native Method) [:1.6.0_26]
	at sun.reflect.NativeMethodAccessorImpl.invoke(NativeMethodAccessorImpl.java:39) [:1.6.0_26]
	at sun.reflect.DelegatingMethodAccessorImpl.invoke(DelegatingMethodAccessorImpl.java:25) [:1.6.0_26]
	at java.lang.reflect.Method.invoke(Method.java:597) [:1.6.0_26]
	at org.jruby.javasupport.JavaMethod.invokeDirectWithExceptionHandling(JavaMethod.java:508) [jruby.jar:]
	at org.jruby.javasupport.JavaMethod.invokeDirect(JavaMethod.java:368) [jruby.jar:]
	at org.jruby.java.invokers.InstanceMethodInvoker.call(InstanceMethodInvoker.java:49) [jruby.jar:]
	at org.jruby.internal.runtime.methods.AliasMethod.call(AliasMethod.java:56) [jruby.jar:]
	at org.jruby.runtime.callsite.CachingCallSite.cacheAndCall(CachingCallSite.java:292) [jruby.jar:]
	at org.jruby.runtime.callsite.CachingCallSite.call(CachingCallSite.java:135) [jruby.jar:]
	at org.jruby.ast.CallNoArgNode.interpret(CallNoArgNode.java:63) [jruby.jar:]
	at org.jruby.ast.NewlineNode.interpret(NewlineNode.java:104) [jruby.jar:]
	at org.jruby.ast.BlockNode.interpret(BlockNode.java:71) [jruby.jar:]
	at org.jruby.ast.RescueNode.executeBody(RescueNode.java:216) [jruby.jar:]
	at org.jruby.ast.RescueNode.interpretWithJavaExceptions(RescueNode.java:120) [jruby.jar:]
	at org.jruby.ast.RescueNode.interpret(RescueNode.java:110) [jruby.jar:]
	at org.jruby.evaluator.ASTInterpreter.INTERPRET_METHOD(ASTInterpreter.java:75) [jruby.jar:]
	at org.jruby.internal.runtime.methods.InterpretedMethod.call(InterpretedMethod.java:147) [jruby.jar:]
	at org.jruby.internal.runtime.methods.DefaultMethod.call(DefaultMethod.java:163) [jruby.jar:]
	at org.jruby.runtime.callsite.CachingCallSite.cacheAndCall(CachingCallSite.java:292) [jruby.jar:]
	at org.jruby.runtime.callsite.CachingCallSite.call(CachingCallSite.java:135) [jruby.jar:]
	at org.jruby.ast.VCallNode.interpret(VCallNode.java:86) [jruby.jar:]
	at org.jruby.ast.OrNode.interpret(OrNode.java:98) [jruby.jar:]
	at org.jruby.ast.OrNode.interpret(OrNode.java:95) [jruby.jar:]
	at org.jruby.ast.InstAsgnNode.interpret(InstAsgnNode.java:95) [jruby.jar:]
	at org.jruby.ast.OpAsgnOrNode.interpret(OpAsgnOrNode.java:100) [jruby.jar:]
	at org.jruby.ast.NewlineNode.interpret(NewlineNode.java:104) [jruby.jar:]
	at org.jruby.evaluator.ASTInterpreter.INTERPRET_METHOD(ASTInterpreter.java:75) [jruby.jar:]
	at org.jruby.internal.runtime.methods.InterpretedMethod.call(InterpretedMethod.java:147) [jruby.jar:]
	at org.jruby.internal.runtime.methods.DefaultMethod.call(DefaultMethod.java:163) [jruby.jar:]
	at org.jruby.runtime.callsite.CachingCallSite.cacheAndCall(CachingCallSite.java:292) [jruby.jar:]
	at org.jruby.runtime.callsite.CachingCallSite.call(CachingCallSite.java:135) [jruby.jar:]
	at org.jruby.ast.VCallNode.interpret(VCallNode.java:86) [jruby.jar:]
	at org.jruby.ast.NewlineNode.interpret(NewlineNode.java:104) [jruby.jar:]
	at org.jruby.ast.BlockNode.interpret(BlockNode.java:71) [jruby.jar:]
	at org.jruby.evaluator.ASTInterpreter.INTERPRET_METHOD(ASTInterpreter.java:75) [jruby.jar:]
	at org.jruby.internal.runtime.methods.InterpretedMethod.call(InterpretedMethod.java:212) [jruby.jar:]
	at org.jruby.internal.runtime.methods.DefaultMethod.call(DefaultMethod.java:187) [jruby.jar:]
	at org.jruby.runtime.callsite.CachingCallSite.cacheAndCall(CachingCallSite.java:322) [jruby.jar:]
	at org.jruby.runtime.callsite.CachingCallSite.callBlock(CachingCallSite.java:178) [jruby.jar:]
	at org.jruby.runtime.callsite.CachingCallSite.call(CachingCallSite.java:182) [jruby.jar:]
	at org.jruby.RubyClass.newInstance(RubyClass.java:799) [jruby.jar:]
	at org.jruby.RubyClass$i$newInstance.call(RubyClass$i$newInstance.gen:65535) [jruby.jar:]
	at org.jruby.internal.runtime.methods.JavaMethod$JavaMethodZeroOrOneOrNBlock.call(JavaMethod.java:266) [jruby.jar:]
	at org.jruby.runtime.callsite.CachingCallSite.cacheAndCall(CachingCallSite.java:312) [jruby.jar:]
	at org.jruby.runtime.callsite.CachingCallSite.call(CachingCallSite.java:169) [jruby.jar:]
	at org.jruby.ast.CallOneArgNode.interpret(CallOneArgNode.java:57) [jruby.jar:]
	at org.jruby.ast.InstAsgnNode.interpret(InstAsgnNode.java:95) [jruby.jar:]
	at org.jruby.ast.NewlineNode.interpret(NewlineNode.java:104) [jruby.jar:]
	at org.jruby.ast.BlockNode.interpret(BlockNode.java:71) [jruby.jar:]
	at org.jruby.evaluator.ASTInterpreter.INTERPRET_METHOD(ASTInterpreter.java:75) [jruby.jar:]
	at org.jruby.internal.runtime.methods.InterpretedMethod.call(InterpretedMethod.java:255) [jruby.jar:]
	at org.jruby.internal.runtime.methods.DefaultMethod.call(DefaultMethod.java:203) [jruby.jar:]
	at org.jruby.runtime.callsite.CachingCallSite.cacheAndCall(CachingCallSite.java:342) [jruby.jar:]
	at org.jruby.runtime.callsite.CachingCallSite.callBlock(CachingCallSite.java:212) [jruby.jar:]
	at org.jruby.runtime.callsite.CachingCallSite.call(CachingCallSite.java:216) [jruby.jar:]
	at org.jruby.RubyClass.newInstance(RubyClass.java:806) [jruby.jar:]
	at org.jruby.RubyClass$i$newInstance.call(RubyClass$i$newInstance.gen:65535) [jruby.jar:]
	at org.jruby.internal.runtime.methods.JavaMethod$JavaMethodZeroOrOneOrTwoOrNBlock.call(JavaMethod.java:283) [jruby.jar:]
	at org.jruby.runtime.callsite.CachingCallSite.cacheAndCall(CachingCallSite.java:332) [jruby.jar:]
	at org.jruby.runtime.callsite.CachingCallSite.call(CachingCallSite.java:203) [jruby.jar:]
	at org.jruby.ast.CallTwoArgNode.interpret(CallTwoArgNode.java:59) [jruby.jar:]
	at org.jruby.ast.NewlineNode.interpret(NewlineNode.java:104) [jruby.jar:]
	at org.jruby.ast.BlockNode.interpret(BlockNode.java:71) [jruby.jar:]
	at org.jruby.evaluator.ASTInterpreter.INTERPRET_METHOD(ASTInterpreter.java:75) [jruby.jar:]
	at org.jruby.internal.runtime.methods.InterpretedMethod.call(InterpretedMethod.java:233) [jruby.jar:]
	at org.jruby.internal.runtime.methods.DefaultMethod.call(DefaultMethod.java:195) [jruby.jar:]
	at org.jruby.runtime.callsite.CachingCallSite.cacheAndCall(CachingCallSite.java:332) [jruby.jar:]
	at org.jruby.runtime.callsite.CachingCallSite.call(CachingCallSite.java:203) [jruby.jar:]
	at org.jruby.ast.CallSpecialArgNode.interpret(CallSpecialArgNode.java:69) [jruby.jar:]
	at org.jruby.ast.LocalAsgnNode.interpret(LocalAsgnNode.java:123) [jruby.jar:]
	at org.jruby.ast.NewlineNode.interpret(NewlineNode.java:104) [jruby.jar:]
	at org.jruby.ast.IfNode.interpret(IfNode.java:119) [jruby.jar:]
	at org.jruby.ast.NewlineNode.interpret(NewlineNode.java:104) [jruby.jar:]
	at org.jruby.ast.BlockNode.interpret(BlockNode.java:71) [jruby.jar:]
	at org.jruby.evaluator.ASTInterpreter.INTERPRET_METHOD(ASTInterpreter.java:75) [jruby.jar:]
	at org.jruby.internal.runtime.methods.InterpretedMethod.call(InterpretedMethod.java:233) [jruby.jar:]
	at org.jruby.internal.runtime.methods.DefaultMethod.call(DefaultMethod.java:195) [jruby.jar:]
	at org.jruby.runtime.callsite.CachingCallSite.cacheAndCall(CachingCallSite.java:332) [jruby.jar:]
	at org.jruby.runtime.callsite.CachingCallSite.call(CachingCallSite.java:203) [jruby.jar:]
	at org.jruby.ast.CallTwoArgNode.interpret(CallTwoArgNode.java:59) [jruby.jar:]
	at org.jruby.ast.NewlineNode.interpret(NewlineNode.java:104) [jruby.jar:]
	at org.jruby.ast.BlockNode.interpret(BlockNode.java:71) [jruby.jar:]
	at org.jruby.ast.RootNode.interpret(RootNode.java:129) [jruby.jar:]
	at org.jruby.evaluator.ASTInterpreter.INTERPRET_ROOT(ASTInterpreter.java:120) [jruby.jar:]
	at org.jruby.Ruby.runInterpreter(Ruby.java:698) [jruby.jar:]
	at org.jruby.Ruby.loadFile(Ruby.java:2434) [jruby.jar:]
	at org.jruby.runtime.load.ExternalScript.load(ExternalScript.java:66) [jruby.jar:]
	at org.jruby.runtime.load.LoadService.tryLoadingLibraryOrScript(LoadService.java:755) [jruby.jar:]
	at org.jruby.runtime.load.LoadService.smartLoad(LoadService.java:334) [jruby.jar:]
	at org.jruby.runtime.load.LoadService.require(LoadService.java:381) [jruby.jar:]
	at org.jruby.runtime.load.LoadService.lockAndRequire(LoadService.java:306) [jruby.jar:]
	at org.jruby.RubyKernel.requireCommon(RubyKernel.java:1055) [jruby.jar:]
	at org.jruby.RubyKernel.require(RubyKernel.java:1038) [jruby.jar:]
	at org.jruby.RubyKernel$s$1$0$require.call(RubyKernel$s$1$0$require.gen:65535) [jruby.jar:]
	at org.jruby.internal.runtime.methods.JavaMethod$JavaMethodOneOrNBlock.call(JavaMethod.java:319) [jruby.jar:]
	at org.jruby.internal.runtime.methods.AliasMethod.call(AliasMethod.java:61) [jruby.jar:]
	at org.jruby.internal.runtime.methods.AliasMethod.call(AliasMethod.java:61) [jruby.jar:]
	at org.jruby.runtime.callsite.CachingCallSite.cacheAndCall(CachingCallSite.java:312) [jruby.jar:]
	at org.jruby.runtime.callsite.CachingCallSite.call(CachingCallSite.java:169) [jruby.jar:]
	at org.jruby.ast.FCallOneArgNode.interpret(FCallOneArgNode.java:36) [jruby.jar:]
	at org.jruby.ast.NewlineNode.interpret(NewlineNode.java:104) [jruby.jar:]
	at org.jruby.ast.BlockNode.interpret(BlockNode.java:71) [jruby.jar:]
	at org.jruby.ast.NewlineNode.interpret(NewlineNode.java:104) [jruby.jar:]
	at org.jruby.evaluator.ASTInterpreter.INTERPRET_BLOCK(ASTInterpreter.java:112) [jruby.jar:]
	at org.jruby.runtime.InterpretedBlock.evalBlockBody(InterpretedBlock.java:374) [jruby.jar:]
	at org.jruby.runtime.InterpretedBlock.yield(InterpretedBlock.java:328) [jruby.jar:]
	at org.jruby.runtime.InterpretedBlock.yield(InterpretedBlock.java:367) [jruby.jar:]
	at org.jruby.runtime.Block.yieldNonArray(Block.java:141) [jruby.jar:]
	at org.jruby.RubyBasicObject.yieldUnder(RubyBasicObject.java:1804) [jruby.jar:]
	at org.jruby.RubyBasicObject.specificEval(RubyBasicObject.java:1828) [jruby.jar:]
	at org.jruby.RubyBasicObject.instance_eval(RubyBasicObject.java:2649) [jruby.jar:]
	at org.jruby.RubyKernel.instance_eval(RubyKernel.java:2061) [jruby.jar:]
	at org.jruby.RubyKernel$s$instance_eval.call(RubyKernel$s$instance_eval.gen:65535) [jruby.jar:]
	at org.jruby.runtime.callsite.CachingCallSite.cacheAndCall(CachingCallSite.java:302) [jruby.jar:]
	at org.jruby.runtime.callsite.CachingCallSite.callBlock(CachingCallSite.java:144) [jruby.jar:]
	at org.jruby.runtime.callsite.CachingCallSite.call(CachingCallSite.java:148) [jruby.jar:]
	at org.jruby.ast.FCallNoArgBlockPassNode.interpret(FCallNoArgBlockPassNode.java:27) [jruby.jar:]
	at org.jruby.ast.IfNode.interpret(IfNode.java:117) [jruby.jar:]
	at org.jruby.ast.NewlineNode.interpret(NewlineNode.java:104) [jruby.jar:]
	at org.jruby.ast.BlockNode.interpret(BlockNode.java:71) [jruby.jar:]
	at org.jruby.evaluator.ASTInterpreter.INTERPRET_METHOD(ASTInterpreter.java:75) [jruby.jar:]
	at org.jruby.internal.runtime.methods.InterpretedMethod.call(InterpretedMethod.java:169) [jruby.jar:]
	at org.jruby.internal.runtime.methods.DefaultMethod.call(DefaultMethod.java:171) [jruby.jar:]
	at org.jruby.runtime.callsite.CachingCallSite.cacheAndCall(CachingCallSite.java:302) [jruby.jar:]
	at org.jruby.runtime.callsite.CachingCallSite.callBlock(CachingCallSite.java:144) [jruby.jar:]
	at org.jruby.runtime.callsite.CachingCallSite.call(CachingCallSite.java:148) [jruby.jar:]
	at org.jruby.RubyClass.newInstance(RubyClass.java:792) [jruby.jar:]
	at org.jruby.RubyClass$i$newInstance.call(RubyClass$i$newInstance.gen:65535) [jruby.jar:]
	at org.jruby.runtime.callsite.CachingCallSite.cacheAndCall(CachingCallSite.java:302) [jruby.jar:]
	at org.jruby.runtime.callsite.CachingCallSite.callBlock(CachingCallSite.java:144) [jruby.jar:]
	at org.jruby.runtime.callsite.CachingCallSite.callIter(CachingCallSite.java:153) [jruby.jar:]
	at org.jruby.ast.CallNoArgBlockNode.interpret(CallNoArgBlockNode.java:64) [jruby.jar:]
	at org.jruby.ast.CallNoArgNode.interpret(CallNoArgNode.java:63) [jruby.jar:]
	at org.jruby.ast.NewlineNode.interpret(NewlineNode.java:104) [jruby.jar:]
	at org.jruby.ast.BlockNode.interpret(BlockNode.java:71) [jruby.jar:]
	at org.jruby.ast.RootNode.interpret(RootNode.java:129) [jruby.jar:]
	at org.jruby.evaluator.ASTInterpreter.INTERPRET_ROOT(ASTInterpreter.java:120) [jruby.jar:]
	at org.jruby.Ruby.runInterpreter(Ruby.java:698) [jruby.jar:]
	at org.jruby.Ruby.runInterpreter(Ruby.java:706) [jruby.jar:]
	at org.jruby.Ruby.executeScript(Ruby.java:355) [jruby.jar:]
	at org.torquebox.core.component.ComponentEval.newInstance(ComponentEval.java:54) [torquebox-core-2.0.0-SNAPSHOT.jar:2.0.0-SNAPSHOT]
	at org.torquebox.core.component.ComponentResolver.createComponent(ComponentResolver.java:65) [torquebox-core-2.0.0-SNAPSHOT.jar:2.0.0-SNAPSHOT]
	at org.torquebox.core.component.ComponentResolver.resolve(ComponentResolver.java:52) [torquebox-core-2.0.0-SNAPSHOT.jar:2.0.0-SNAPSHOT]
	at org.torquebox.web.servlet.RackFilter.doRack(RackFilter.java:117) [torquebox-web-2.0.0-SNAPSHOT.jar:2.0.0-SNAPSHOT]
	at org.torquebox.web.servlet.RackFilter.doFilter(RackFilter.java:107) [torquebox-web-2.0.0-SNAPSHOT.jar:2.0.0-SNAPSHOT]
	at org.torquebox.web.servlet.RackFilter.doFilter(RackFilter.java:79) [torquebox-web-2.0.0-SNAPSHOT.jar:2.0.0-SNAPSHOT]
	at org.apache.catalina.core.ApplicationFilterChain.internalDoFilter(ApplicationFilterChain.java:280) [jbossweb-7.0.0.CR4.jar:7.0.0.Final]
	at org.apache.catalina.core.ApplicationFilterChain.doFilter(ApplicationFilterChain.java:248) [jbossweb-7.0.0.CR4.jar:7.0.0.Final]
	at org.apache.catalina.core.StandardWrapperValve.invoke(StandardWrapperValve.java:275) [jbossweb-7.0.0.CR4.jar:7.0.0.Final]
	at org.apache.catalina.core.StandardContextValve.invoke(StandardContextValve.java:161) [jbossweb-7.0.0.CR4.jar:7.0.0.Final]
	at org.jboss.as.web.NamingValve.invoke(NamingValve.java:57) [jboss-as-web-7.0.0.Final.jar:7.0.0.Final]
	at org.apache.catalina.core.StandardHostValve.invoke(StandardHostValve.java:154) [jbossweb-7.0.0.CR4.jar:7.0.0.Final]
	at org.apache.catalina.valves.ErrorReportValve.invoke(ErrorReportValve.java:102) [jbossweb-7.0.0.CR4.jar:7.0.0.Final]
	at org.apache.catalina.core.StandardEngineValve.invoke(StandardEngineValve.java:109) [jbossweb-7.0.0.CR4.jar:7.0.0.Final]
	at org.apache.catalina.connector.CoyoteAdapter.service(CoyoteAdapter.java:362) [jbossweb-7.0.0.CR4.jar:7.0.0.Final]
	at org.apache.coyote.http11.Http11Processor.process(Http11Processor.java:877) [jbossweb-7.0.0.CR4.jar:7.0.0.Final]
	at org.apache.coyote.http11.Http11Protocol$Http11ConnectionHandler.process(Http11Protocol.java:667) [jbossweb-7.0.0.CR4.jar:7.0.0.Final]
	at org.apache.tomcat.util.net.JIoEndpoint$Worker.run(JIoEndpoint.java:951) [jbossweb-7.0.0.CR4.jar:7.0.0.Final]
	at java.lang.Thread.run(Thread.java:680) [:1.6.0_26]{code}",,,
7072,ISPN-1245,"Topology cache updates when a server stops not only need Flag.FAIL_SILENTLY, Flag.ZERO_LOCK_ACQUISITION_TIMEOUT flags, but also need Force.FORCE_ASYNCHRONOUS to avoid waiting from replies from other nodes.

Remember that there's a crashed member view listener running in the coordinator of the cluster that checks whether the view was not updated and whether any old members are still lingering in the view, and updates it accordingly. 

It could happen that the coordinator has the right view, cos the node on stop updated its view, but not another node's view. This is not too bad cos the client could do a failover if a node is not available and it'd get eventually a new view.",,,
7073,ISPN-1244,"I have a test (below) which creates a CacheManager and Cache, sets a value, waits a bit, creates another CacheManager and Cache, then tries to get the value from the first cache.  Only it gets null instead -- from both caches!

Am new to Infinispan but discussed with Sanne who recommended to file as a bug.

Originally discussed in community forum [here|http://community.jboss.org/message/615497].

{code}
    public void bug() throws InterruptedException {
        EmbeddedCacheManager cm1 = newCM();
        Cache c1 = cm1.getCache(""x"");
        c1.put(""key"", ""value"");
        Thread.sleep(3000);
        EmbeddedCacheManager cm2 = newCM();
        System.out.println(c1.get(""key""));  //always says ""value""
        Cache c2 = cm2.getCache(""x"");
        System.out.println(c1.get(""key""));  //says null sometimes
        assert c1.get(""key"") != null : ""value at cache 1 was lost"";        
        cm1.stop();
        cm2.stop();
    }

    public EmbeddedCacheManager newCM() {
        GlobalConfiguration gc = GlobalConfiguration.getClusteredDefault();
        Configuration cfg = new Configuration().fluent()
            .mode(Configuration.CacheMode.DIST_SYNC)
            .hash().numOwners(1)
            .clustering().l1().disable()
            .build();
        return new DefaultCacheManager(gc, cfg);
    }        
{code}

(BTW changing to REPL_SYNC, or numOwners(2), it works fine.)
",,,
7075,ISPN-1243,"We use the same marshaller instance both in StateTransferManagerImpl and in JdbcStringBasedCacheStore, but RiverMarshaller is not reentrant, so when JdbcStringBasedCacheStore starts unmarshalling its entry it invalidates the marshaller for StateTransferManagerImpl:

Incoming-2,Infinispan-Cluster,NodeB-1353@2229, prio=5, in group 'Thread Pools', status: 'runnable'
  java.lang.Thread.State: RUNNABLE
	  at org.jboss.marshalling.AbstractUnmarshaller.start(AbstractUnmarshaller.java:91)
	  at org.jboss.marshalling.river.RiverUnmarshaller.start(RiverUnmarshaller.java:1181)
	  at org.infinispan.marshall.jboss.GenericJBossMarshaller.startObjectInput(GenericJBossMarshaller.java:189)
	  at org.infinispan.marshall.VersionAwareMarshaller.startObjectInput(VersionAwareMarshaller.java:162)
	  at org.infinispan.marshall.VersionAwareMarshaller.objectFromByteBuffer(VersionAwareMarshaller.java:119)
	  at org.infinispan.marshall.AbstractMarshaller.objectFromInputStream(AbstractMarshaller.java:112)
	  at org.infinispan.loaders.jdbc.JdbcUtil.unmarshall(JdbcUtil.java:88)
	  at org.infinispan.loaders.jdbc.stringbased.JdbcStringBasedCacheStore.readStoredEntry(JdbcStringBasedCacheStore.java:384)
	  at org.infinispan.loaders.jdbc.stringbased.JdbcStringBasedCacheStore.loadLockSafe(JdbcStringBasedCacheStore.java:316)
	  at org.infinispan.loaders.jdbc.stringbased.JdbcStringBasedCacheStore.loadLockSafe(JdbcStringBasedCacheStore.java:87)
	  at org.infinispan.loaders.LockSupportCacheStore.load(LockSupportCacheStore.java:130)
	  at org.infinispan.interceptors.CacheLoaderInterceptor.loadIfNeeded(CacheLoaderInterceptor.java:149)
	  at org.infinispan.interceptors.CacheLoaderInterceptor.visitPutKeyValueCommand(CacheLoaderInterceptor.java:80)
	  at org.infinispan.commands.write.PutKeyValueCommand.acceptVisitor(PutKeyValueCommand.java:77)
	  at org.infinispan.interceptors.base.CommandInterceptor.invokeNextInterceptor(CommandInterceptor.java:119)
	  at org.infinispan.interceptors.base.CommandInterceptor.handleDefault(CommandInterceptor.java:133)
	  at org.infinispan.commands.AbstractVisitor.visitPutKeyValueCommand(AbstractVisitor.java:60)
	  at org.infinispan.commands.write.PutKeyValueCommand.acceptVisitor(PutKeyValueCommand.java:77)
	  at org.infinispan.interceptors.base.CommandInterceptor.invokeNextInterceptor(CommandInterceptor.java:119)
	  at org.infinispan.interceptors.TxInterceptor.enlistWriteAndInvokeNext(TxInterceptor.java:214)
	  at org.infinispan.interceptors.TxInterceptor.visitPutKeyValueCommand(TxInterceptor.java:162)
	  at org.infinispan.commands.write.PutKeyValueCommand.acceptVisitor(PutKeyValueCommand.java:77)
	  at org.infinispan.interceptors.base.CommandInterceptor.invokeNextInterceptor(CommandInterceptor.java:119)
	  at org.infinispan.interceptors.InvocationContextInterceptor.handleAll(InvocationContextInterceptor.java:104)
	  at org.infinispan.interceptors.InvocationContextInterceptor.handleDefault(InvocationContextInterceptor.java:64)
	  at org.infinispan.commands.AbstractVisitor.visitPutKeyValueCommand(AbstractVisitor.java:60)
	  at org.infinispan.commands.write.PutKeyValueCommand.acceptVisitor(PutKeyValueCommand.java:77)
	  at org.infinispan.interceptors.InterceptorChain.invoke(InterceptorChain.java:274)
	  at org.infinispan.CacheImpl.put(CacheImpl.java:513)
	  at org.infinispan.statetransfer.StateTransferManagerImpl.applyInMemoryState(StateTransferManagerImpl.java:308)
	  at org.infinispan.statetransfer.StateTransferManagerImpl.applyState(StateTransferManagerImpl.java:280)
	  at org.infinispan.remoting.InboundInvocationHandlerImpl.applyState(InboundInvocationHandlerImpl.java:230)
	  at org.infinispan.remoting.transport.jgroups.JGroupsTransport.setState(JGroupsTransport.java:615)
	  at org.jgroups.blocks.MessageDispatcher$ProtocolAdapter.handleUpEvent(MessageDispatcher.java:711)
	  at org.jgroups.blocks.MessageDispatcher$ProtocolAdapter.up(MessageDispatcher.java:771)
	  at org.jgroups.JChannel.up(JChannel.java:1441)
          ...
",,,
7079,ISPN-1238,"AS7 uses a custom JGroupsTransportLookup so the jgroups channel is created from the jgroups subsystem.  If channel creation throws an exception (i.e. during JGroupsTransportLookup.getJGroupsChannel(...)), the details are lost due to the exception handling in JGroupsTransport.buildChannel().
The root cause should be logged.",,,
7081,ISPN-1236,"@Start and @Inject annotations are being ignored on the custom interceptors. 
If a custom interceptor has this annotation then the corresponding methods should be invoked.",,,
7084,ISPN-1233,"Memcached replication tests show a regression

https://hudson.qa.jboss.com/hudson/view/EDG6/job/edg-60-functional-dist-mode/24/testReport/org.jboss.test.cluster.datagrid.memcached/

ClusterIdGenerator throws java.lang.IllegalStateException: If clustered, Version prefix cannot be 0. Rank calculator probably not in use.

The issue exists in both CR6 and CR7.",,,
7088,ISPN-1231,"org.infinispan.config.TimeoutConfigurationValidatingVisitor checks timeout values and produces following output:
ISPN00148: Invalid <transport>: distributedSyncTimout value of 60000. It can not be higher than <stateRetrieval>:timeout which is 10000

TransportType:
protected Long distributedSyncTimeout = 240000L; // default
(in EDG this is overriden to 60000)

StateRetrievalType:
protected Long timeout = 240000L;

when HotRodServer creates its topology cache, it supplies default value of 10000 (see TOPO_REPL_TIMEOUT_DEFAULT in https://github.com/infinispan/infinispan/blob/master/server/core/src/main/scala/org/infinispan/server/core/Main.scala)

but this leads to above WARN message.

",,,
7091,ISPN-1227,NoData,,,
7092,ISPN-1226,"I am unable to create a custom interceptor for a specific NamedCache via xml configuration.
The only solution using external configuration is to add the <customInterceptors> element to the <default> cache - but this applies the interceptor to all caches.   

      <customInterceptors>
         <interceptor after=""org.infinispan.interceptors.CallInterceptor"" class=""com.test.MyCustomInterceptor"" />
      </customInterceptors>

Programmatic configuration works in Embedded mode but this can't be used with hotrod as calling getAdvancedCache() results in an UnsupportedOperationException.
",,,
7096,ISPN-1225,"Currently no check is done on the length of the VInt/VLong values that are transmitted in messages of Hot Rod protocol.
(the next byte is read until its MSB is 0)
We could limit the length of the VInt value to 5 bytes and VLong to 9 bytes and throw an exception like ""stream corrupted"" if the limit is exceeded, for the purposes of input data validation ...",,,
7101,ISPN-1221,"If JBoss Marshalling cannot find the River jar, the Infinispan code throws an NPE:

{code}Caused by: java.lang.NullPointerException
    at org.infinispan.marshall.jboss.GenericJBossMarshaller$1.initialValue(GenericJBossMarshaller.java:75)
    at org.infinispan.marshall.jboss.GenericJBossMarshaller$1.initialValue(GenericJBossMarshaller.java:71)
    at java.lang.ThreadLocal.setInitialValue(Unknown Source)
    at java.lang.ThreadLocal.get(Unknown Source)
    at org.infinispan.marshall.jboss.GenericJBossMarshaller.startObjectOutput(GenericJBossMarshaller.java:130)
    at org.infinispan.marshall.VersionAwareMarshaller.startObjectOutput(VersionAwareMarshaller.java:126)
    at org.infinispan.marshall.VersionAwareMarshaller.objectToBuffer(VersionAwareMarshaller.java:91)
    at org.infinispan.marshall.AbstractMarshaller.objectToBuffer(AbstractMarshaller.java:31)
    at org.infinispan.remoting.transport.jgroups.MarshallerAdapter.objectToBuffer(MarshallerAdapter.java:22){code}

This should not happen. Instead return a more meaningful exception.",,,
7102,ISPN-1217,"The Hotrod Client Server architecture does not support Virtual Nodes, configuring this option prevents start up.
Without virtual nodes data distribution across the cluster is unpredictable and results in uneven load.
",,,
7116,ISPN-1215,"OK, I found this issue while working on integration of OffHeap data storage into ISPN 5.0. There is no way to override dataContainer settings in ISPN 5.0 CR6 as since OverrideConfigurationVisitor which extends AbstractConfigurationBeanVisitor does not implement
 
{code}
public void visitDataContainerType(DataContainerType bean)
{code}
method. 

I fixed the particular issue and fix is described here: http://community.jboss.org/thread/167641?start=15&tstart=0
Btw, the whole  *OverrideConfigurationVisitor* class looks like a template which is yet to be implemented.",,,
7120,ISPN-1214,"To get around the issues in ISPN-1161, programmatic and XML configuration methods were separated. 

The solution used generated issues with the config generation as shown in https://github.com/infinispan/infinispan/pull/402#issuecomment-1483390

The latest solution has in turn resulted in a regression in https://infinispan.ci.cloudbees.com/job/Infinispan-master-JDK6-tcp/96/#showFailuresLink for XmlFileParsingTest/org_infinispan_config_parsing_XmlFileParsingTest_testConfigurationMergingJaxb

So, provide a solution that solves both tests and works w/ configuration doc generation.",,,
7122,ISPN-1210,"TreeCache getData() method returns null instead of mapped value from the node. Please see the unit test case written in junit.

public class TreeCacheTest extends Assert {
	
	
	@Test
	public void testTreeCache() {
		Configuration c = new Configuration();
	    c.setInvocationBatchingEnabled(true);
		TreeCache<Object, Object> cache = new TreeCacheFactory().createTreeCache(new DefaultCacheManager(c).getCache());
		
		cache.put(Fqn.fromRelativeFqn(getBase(), Fqn.fromString(""TRADE"")),""key1"",""TRADE1"");
		cache.put(Fqn.fromRelativeFqn(getBase(), Fqn.fromString(""TRADE"")),""key2"",""TRADE2"");
		cache.put(Fqn.fromRelativeFqn(getBase(), Fqn.fromString(""TRADE"")),""key3"",""TRADE3"");
		cache.put(Fqn.fromRelativeFqn(getBase(), Fqn.fromString(""TRADE"")),""key4"",""TRADE4"");
		cache.put(Fqn.fromRelativeFqn(getBase(), Fqn.fromString(""TRADE"")),""key5"",""TRADE5"");
		cache.put(Fqn.fromRelativeFqn(getBase(), Fqn.fromString(""TRADE"")),""key6"",""TRADE6"");
		cache.put(Fqn.fromRelativeFqn(getBase(), Fqn.fromString(""TRADE"")),""key7"",""TRADE7"");
		Object object = cache.get(Fqn.fromRelativeFqn(getBase(), Fqn.fromString(""TRADE"")),""key7"");
		assertNotNull(object);
		Map<Object, Object> data = cache.getData(Fqn.fromRelativeFqn(getBase(), Fqn.fromString(""TRADE"")));
		assertNotNull(data);
	}
	
	private Fqn getBase() {
		return Fqn.fromString(""SYSTEMSTATUS"");
	}

}",,,
7125,ISPN-1206,"if we work with the same key with REST and memcached client at once, a server side class cast exception occurs because both work with different value representation:
SERVER_ERROR java.lang.ClassCastException: [B cannot be cast to org.infinispan.server.memcached.MemcachedValue
SERVER_ERROR java.lang.ClassCastException: [B cannot be cast to org.infinispan.server.core.CacheValue

this happens when both server modules use shared cache manager",,,
7130,ISPN-1202,There are several race conditions possible in FileCacheStore's handling of open FileChannels which can result in unclosed handles as reported in http://community.jboss.org/message/612020#612020,,,
7142,ISPN-1200,"The call to org.infinispan.loaders.file.FileCacheStore$BufferedFileSync.purge is before org.infinispan.loaders.file.FileCacheStore$BufferedFileSync.write is ever called so there is no mapping from the the path to the FileChannel and it results in the Nullpointer when calling channel.truncate(0);

Hibernate Search: Directory writer-1 06/23 11:15:23 ERROR org.infinispan.interceptors.InvocationContextInterceptor - ISPN00136: Execution error
java.lang.NullPointerException
          at org.infinispan.loaders.file.FileCacheStore$BufferedFileSync.purge(FileCacheStore.java:494)
          at org.infinispan.loaders.file.FileCacheStore.purgeFile(FileCacheStore.java:382)
          at org.infinispan.loaders.file.FileCacheStore.updateBucket(FileCacheStore.java:300)
          at org.infinispan.loaders.bucket.BucketBasedCacheStore.storeLockSafe(BucketBasedCacheStore.java:89)
          at org.infinispan.loaders.bucket.BucketBasedCacheStore.storeLockSafe(BucketBasedCacheStore.java:49)
          at org.infinispan.loaders.LockSupportCacheStore.store(LockSupportCacheStore.java:195)
          at org.infinispan.interceptors.CacheStoreInterceptor.visitPutKeyValueCommand(CacheStoreInterceptor.java:211)
          at org.infinispan.commands.write.PutKeyValueCommand.acceptVisitor(PutKeyValueCommand.java:77)
          at org.infinispan.interceptors.base.CommandInterceptor.invokeNextInterceptor(CommandInterceptor.java:119)
          at org.infinispan.interceptors.CacheLoaderInterceptor.visitPutKeyValueCommand(CacheLoaderInterceptor.java:82)
          at org.infinispan.commands.write.PutKeyValueCommand.acceptVisitor(PutKeyValueCommand.java:77)
          at org.infinispan.interceptors.base.CommandInterceptor.invokeNextInterceptor(CommandInterceptor.java:119)
          at org.infinispan.interceptors.base.CommandInterceptor.handleDefault(CommandInterceptor.java:133)
          at org.infinispan.commands.AbstractVisitor.visitPutKeyValueCommand(AbstractVisitor.java:60)
          at org.infinispan.commands.write.PutKeyValueCommand.acceptVisitor(PutKeyValueCommand.java:77)
          at org.infinispan.interceptors.base.CommandInterceptor.invokeNextInterceptor(CommandInterceptor.java:119)
          at org.infinispan.interceptors.TxInterceptor.enlistWriteAndInvokeNext(TxInterceptor.java:215)
          at org.infinispan.interceptors.TxInterceptor.visitPutKeyValueCommand(TxInterceptor.java:163)
          at org.infinispan.commands.write.PutKeyValueCommand.acceptVisitor(PutKeyValueCommand.java:77)
          at org.infinispan.interceptors.base.CommandInterceptor.invokeNextInterceptor(CommandInterceptor.java:119)
          at org.infinispan.interceptors.InvocationContextInterceptor.handleAll(InvocationContextInterceptor.java:99)
          at org.infinispan.interceptors.InvocationContextInterceptor.handleDefault(InvocationContextInterceptor.java:64)
          at org.infinispan.commands.AbstractVisitor.visitPutKeyValueCommand(AbstractVisitor.java:60)
          at org.infinispan.commands.write.PutKeyValueCommand.acceptVisitor(PutKeyValueCommand.java:77)
          at org.infinispan.interceptors.base.CommandInterceptor.invokeNextInterceptor(CommandInterceptor.java:119)
          at org.infinispan.interceptors.BatchingInterceptor.handleDefault(BatchingInterceptor.java:77)
          at org.infinispan.commands.AbstractVisitor.visitPutKeyValueCommand(AbstractVisitor.java:60)
          at org.infinispan.commands.write.PutKeyValueCommand.acceptVisitor(PutKeyValueCommand.java:77)
          at org.infinispan.interceptors.InterceptorChain.invoke(InterceptorChain.java:274)
          at org.infinispan.CacheImpl.put(CacheImpl.java:513)
          at org.infinispan.CacheSupport.put(CacheSupport.java:51)
          at org.infinispan.lucene.FileListOperations.deleteFileName(FileListOperations.java:74)
          at org.infinispan.lucene.InfinispanDirectory.deleteFile(InfinispanDirectory.java:229)
          at org.apache.lucene.index.IndexFileDeleter.deleteFile(IndexFileDeleter.java:542)
          at org.apache.lucene.index.IndexFileDeleter.refresh(IndexFileDeleter.java:341)
          at org.apache.lucene.index.DocumentsWriter.flush(DocumentsWriter.java:592)
          at org.apache.lucene.index.IndexWriter.doFlush(IndexWriter.java:3331)
          at org.apache.lucene.index.IndexWriter.flush(IndexWriter.java:3296)
          at org.apache.lucene.index.IndexWriter.prepareCommit(IndexWriter.java:3159)
          at org.apache.lucene.index.IndexWriter.commitInternal(IndexWriter.java:3232)
          at org.apache.lucene.index.IndexWriter.commit(IndexWriter.java:3214)
          at org.apache.lucene.index.IndexWriter.commit(IndexWriter.java:3198)
          at org.hibernate.search.backend.Workspace.commitIndexWriter(Workspace.java:220)
          at org.hibernate.search.backend.impl.lucene.PerDPQueueProcessor.run(PerDPQueueProcessor.java:109)
          at java.util.concurrent.Executors$RunnableAdapter.call(Executors.java:441)
          at java.util.concurrent.FutureTask$Sync.innerRun(FutureTask.java:303)
          at java.util.concurrent.FutureTask.run(FutureTask.java:138)
          at java.util.concurrent.ThreadPoolExecutor$Worker.runTask(ThreadPoolExecutor.java:886)
          at java.util.concurrent.ThreadPoolExecutor$Worker.run(ThreadPoolExecutor.java:908)
          at java.lang.Thread.run(Thread.java:680)",,,
7154,ISPN-1199,"I get erros like these, when I run test with 100 threads using either shared or multiple remote cache managers:

{code}
java.lang.IllegalStateException: We should not reach here!
	at org.infinispan.client.hotrod.impl.operations.RetryOnFailureOperation.execute(RetryOnFailureOperation.java:73)
	at org.infinispan.client.hotrod.impl.RemoteCacheImpl.put(RemoteCacheImpl.java:201)
	at org.infinispan.CacheSupport.put(CacheSupport.java:51)
	at org.jboss.edg.test.MultiThreadedManualTest$Runner.run(MultiThreadedManualTest.java:77)
{code}

The cause in my environment came to connection-pool configuration property ""maxActive"" clients set to Integer.MAX_VALUE",,,
7155,ISPN-1190,"ModuleProperties can create class memory leaks, because it contains static collections with references to user defined classes:

{code}private static Map<Byte,Class<? extends ModuleCommandInitializer>> commandInitializers;
private static Collection<Class<? extends ReplicableCommand>> moduleCommands;{code}

Also, the following two collections could contain references to instances of user defined classes in static collections:

{code}private static Map<String,ModuleProperties> moduleProperties;
private static Map<Byte,ModuleCommandFactory> commandFactories;{code}

These collections should not be static, and their clearing should be guaranteed at stoppage time. Even if there's any issues at stoppage time, they should not leak and so any collections containing Class instances should be weakly referenced.",,,
7163,ISPN-1187,"Two issues in the logging templates being inconsistent with the number of parameters being passed:
Format specifier 's' Parameter count does not match for format 'Could not register object with name: %s (%s)'. Required: 2 Provided: 1
Format specifier 's' Parameter count does not match for format 'Found WebSphere TransactionManager factory class [%s], but couldn't invoke its static 'getTransactionManager' method'. Required: 1 Provided: 0

detected via LOGTOOL-20",,,
7165,ISPN-1183,"{code}15:12:25,527 ERROR [org.apache.catalina.core.ContainerBase.[jboss.web].[localhost].[/infinispan]] (MSC service thread 1-4) Servlet /infinispan threw load() exception: java.lang.NullPointerException
	at org.infinispan.config.GlobalConfiguration$GlobalJmxStatisticsType.getMBeanServerLookupInstance(GlobalConfiguration.java:1645) [infinispan-core-5.0.0-SNAPSHOT.jar:]
	at org.infinispan.config.GlobalConfiguration.getMBeanServerLookupInstance(GlobalConfiguration.java:245) [infinispan-core-5.0.0-SNAPSHOT.jar:]
	at org.infinispan.jmx.JmxUtil.lookupMBeanServer(JmxUtil.java:55) [infinispan-core-5.0.0-SNAPSHOT.jar:]
	at org.infinispan.jmx.AbstractJmxRegistration.registerMBeans(AbstractJmxRegistration.java:50) [infinispan-core-5.0.0-SNAPSHOT.jar:]
	at org.infinispan.jmx.CacheManagerJmxRegistration.start(CacheManagerJmxRegistration.java:62) [infinispan-core-5.0.0-SNAPSHOT.jar:]
	at org.infinispan.manager.DefaultCacheManager.start(DefaultCacheManager.java:572) [infinispan-core-5.0.0-SNAPSHOT.jar:]
	at org.infinispan.manager.DefaultCacheManager.<init>(DefaultCacheManager.java:269) [infinispan-core-5.0.0-SNAPSHOT.jar:]
	at org.infinispan.manager.DefaultCacheManager.<init>(DefaultCacheManager.java:238) [infinispan-core-5.0.0-SNAPSHOT.jar:]
	at org.infinispan.rest.StartupListener.init(StartupListener.scala:59) [classes:]
	at org.apache.catalina.core.StandardWrapper.loadServlet(StandardWrapper.java:1202) [jbossweb-7.0.0.CR2.jar:7.0.0.Beta4-SNAPSHOT]
	at org.apache.catalina.core.StandardWrapper.load(StandardWrapper.java:1102) [jbossweb-7.0.0.CR2.jar:7.0.0.Beta4-SNAPSHOT]
	at org.apache.catalina.core.StandardContext.loadOnStartup(StandardContext.java:3631) [jbossweb-7.0.0.CR2.jar:7.0.0.Beta4-SNAPSHOT]
	at org.apache.catalina.core.StandardContext.start(StandardContext.java:3840) [jbossweb-7.0.0.CR2.jar:7.0.0.Beta4-SNAPSHOT]
	at org.jboss.as.web.deployment.WebDeploymentService.start(WebDeploymentService.java:70) [jboss-as-web-7.0.0.Beta4-SNAPSHOT.jar:7.0.0.Beta4-SNAPSHOT]
	at org.jboss.msc.service.ServiceControllerImpl$StartTask.run(ServiceControllerImpl.java:1675)
	at java.util.concurrent.ThreadPoolExecutor$Worker.runTask(ThreadPoolExecutor.java:886) [:1.6.0_24]
	at java.util.concurrent.ThreadPoolExecutor$Worker.run(ThreadPoolExecutor.java:908) [:1.6.0_24]
	at java.lang.Thread.run(Thread.java:680) [:1.6.0_24]{code}

This is related to ISPN-1096",,,
7167,ISPN-1182,"Sometimes during restart of 3 or more HotRod nodes from 25-node cluster, I receive replication timeout exception, after which the node is unusable. 
The timeout comes from replacing the view in HotrodServer.addSelfToTopologyView. If 3 nodes try to replace the same element in cache at the same time, it's not a big surprise, that they fall into some kind of deadlock, which is properly recognized and broken after the timeout. But unfortunately the breaking exception is not handled and stops the HotRodServer start procedure. I suggest to catch it in addSelfToTopologyView like this:
	    var updated = false
            try {
                updated = topologyCache.replace(""view"", currentView, newView)
            } catch {
                case e: TimeoutException => logUnableToReplaceView
            }

This time the exception will not be thrown from the containing closure and updateTopologyView method will have the chance to replace the view again.
",,,
7177,ISPN-1181,"This is reproducible running the lucene-directory-demo, I'm sending a pull request for the demo to fix the test (which was not running): https://github.com/infinispan/infinispan/pull/388

After that pull is included, you'll see the test failing and highlighting a critical issue:

{code}2011-06-14 10:48:25,990 WARN  [TimeoutConfigurationValidatingVisitor] (main) ISPN00148: Invalid <transport>: distributedSyncTimout value of 240000. It can not be higher than <stateRetrieval>:timeout which is 10000
FAILED CONFIGURATION: @BeforeTest init
java.lang.NullPointerException
	at org.infinispan.config.GlobalConfiguration$GlobalJmxStatisticsType.getMBeanServerLookupInstance(GlobalConfiguration.java:1645)
	at org.infinispan.config.GlobalConfiguration.getMBeanServerLookupInstance(GlobalConfiguration.java:245)
	at org.infinispan.jmx.JmxUtil.lookupMBeanServer(JmxUtil.java:55)
	at org.infinispan.jmx.AbstractJmxRegistration.registerMBeans(AbstractJmxRegistration.java:50)
	at org.infinispan.jmx.CacheManagerJmxRegistration.start(CacheManagerJmxRegistration.java:62)
	at org.infinispan.manager.DefaultCacheManager.start(DefaultCacheManager.java:572)
	at org.infinispan.manager.DefaultCacheManager.<init>(DefaultCacheManager.java:269)
	at org.infinispan.manager.DefaultCacheManager.<init>(DefaultCacheManager.java:238)
	at org.infinispan.lucenedemo.CacheConfigurationTest.init(CacheConfigurationTest.java:55)
	at sun.reflect.NativeMethodAccessorImpl.invoke0(Native Method)
	at sun.reflect.NativeMethodAccessorImpl.invoke(NativeMethodAccessorImpl.java:39)
	at sun.reflect.DelegatingMethodAccessorImpl.invoke(DelegatingMethodAccessorImpl.java:25)
	at java.lang.reflect.Method.invoke(Method.java:597)
	at org.testng.internal.MethodInvocationHelper.invokeMethod(MethodInvocationHelper.java:76)
	at org.testng.internal.Invoker.invokeConfigurationMethod(Invoker.java:525)
	at org.testng.internal.Invoker.invokeConfigurations(Invoker.java:202)
	at org.testng.internal.Invoker.invokeConfigurations(Invoker.java:130)
	at org.testng.TestRunner.beforeRun(TestRunner.java:624)
	at org.testng.TestRunner.run(TestRunner.java:592)
	at org.testng.SuiteRunner.runTest(SuiteRunner.java:329)
	at org.testng.SuiteRunner.runSequentially(SuiteRunner.java:324)
	at org.testng.SuiteRunner.privateRun(SuiteRunner.java:286)
	at org.testng.SuiteRunner.run(SuiteRunner.java:235)
	at org.testng.SuiteRunnerWorker.runSuite(SuiteRunnerWorker.java:52)
	at org.testng.SuiteRunnerWorker.run(SuiteRunnerWorker.java:86)
	at org.testng.TestNG.runSuitesSequentially(TestNG.java:1049)
	at org.testng.TestNG.runSuitesLocally(TestNG.java:974)
	at org.testng.TestNG.run(TestNG.java:905)
	at org.testng.remote.RemoteTestNG.run(RemoteTestNG.java:111)
	at org.testng.remote.RemoteTestNG.initAndRun(RemoteTestNG.java:203)
	at org.testng.remote.RemoteTestNG.main(RemoteTestNG.java:174){code}",,,
7182,ISPN-1180,"The important detail, is that it's actually failing showcasing a critical bug.",,,
7187,ISPN-1179,"Duplicate (multiple) results from queries.
We are using Infinispan 5.0.0.CR3 and our cache has a JdbcStringBasedCacheStore loader with preload=""true"".
 
When reaching the QueryInterceptor (see StackTrace below) entry.isCreated() returns true.
 
ReadCommittedEntry(a44130){
          key=0eebcb5b-d581-49ec-8e49-565a8f134b4c,
          value={objectID=0eebcb5b-d581-49ec-8e49-565a8f134b4c, street=Street 66},
          oldValue=null,
          isCreated=true,
          isChanged=true,
          isRemoved=false,
          isValid=true
}
 
so the QueryInterceptor adds the entry to the index again instead of just updating the index.
 
      public Object visitPutKeyValueCommand(InvocationContext ctx, PutKeyValueCommand command) throws Throwable {
 
      // This method will get the put() calls on the cache and then send them into Lucene once it's successful.
      // do the actual put first.
      Object toReturn = invokeNextInterceptor(ctx, command);
 
      if (shouldModifyIndexes(ctx)) {
         // First making a check to see if the key is already in the cache or not. If it isn't we can add the key no problem,
         // otherwise we need to be updating the indexes as opposed to simply adding to the indexes.
         Object key = command.getKey();
         Object value = extractValue(command.getValue());
         updateKnownTypesIfNeeded( value );
         CacheEntry entry = ctx.lookupEntry(key);
 
         // New entry so we will add it to the indexes.
         if(entry.isCreated()) {
            log.debug(""Entry is created"");
>>>>        addToIndexes(value, extractValue(key));
         }
         else{
            // This means that the entry is just modified so we need to update the indexes and not add to them.
            log.debug(""Entry is changed"");
            updateIndexes(value, extractValue(key));
         }
        }
      return toReturn;
   }
 
 
Thread [main] (Suspended)
          LocalQueryInterceptor(QueryInterceptor).visitPutKeyValueCommand(InvocationContext, PutKeyValueCommand) line: 98
          PutKeyValueCommand.acceptVisitor(InvocationContext, Visitor) line: 77
          LockingInterceptor(CommandInterceptor).invokeNextInterceptor(InvocationContext, VisitableCommand) line: 119
          LockingInterceptor.visitPutKeyValueCommand(InvocationContext, PutKeyValueCommand) line: 294
          PutKeyValueCommand.acceptVisitor(InvocationContext, Visitor) line: 77
          CacheStoreInterceptor(CommandInterceptor).invokeNextInterceptor(InvocationContext, VisitableCommand) line: 119
          CacheStoreInterceptor.visitPutKeyValueCommand(InvocationContext, PutKeyValueCommand) line: 204
          PutKeyValueCommand.acceptVisitor(InvocationContext, Visitor) line: 77
          CacheLoaderInterceptor(CommandInterceptor).invokeNextInterceptor(InvocationContext, VisitableCommand) line: 119
          CacheLoaderInterceptor.visitPutKeyValueCommand(InvocationContext, PutKeyValueCommand) line: 82
          PutKeyValueCommand.acceptVisitor(InvocationContext, Visitor) line: 77
          NotificationInterceptor(CommandInterceptor).invokeNextInterceptor(InvocationContext, VisitableCommand) line: 119
          NotificationInterceptor(CommandInterceptor).handleDefault(InvocationContext, VisitableCommand) line: 133
          NotificationInterceptor(AbstractVisitor).visitPutKeyValueCommand(InvocationContext, PutKeyValueCommand) line: 60
          PutKeyValueCommand.acceptVisitor(InvocationContext, Visitor) line: 77
          TxInterceptor(CommandInterceptor).invokeNextInterceptor(InvocationContext, VisitableCommand) line: 119
          TxInterceptor.enlistWriteAndInvokeNext(InvocationContext, WriteCommand) line: 204
          TxInterceptor.visitPutKeyValueCommand(InvocationContext, PutKeyValueCommand) line: 152
          PutKeyValueCommand.acceptVisitor(InvocationContext, Visitor) line: 77
          InvocationContextInterceptor(CommandInterceptor).invokeNextInterceptor(InvocationContext, VisitableCommand) line: 119
          InvocationContextInterceptor.handleAll(InvocationContext, VisitableCommand) line: 96
          InvocationContextInterceptor.handleDefault(InvocationContext, VisitableCommand) line: 63
          InvocationContextInterceptor(AbstractVisitor).visitPutKeyValueCommand(InvocationContext, PutKeyValueCommand) line: 60
          PutKeyValueCommand.acceptVisitor(InvocationContext, Visitor) line: 77
          InterceptorChain.invoke(InvocationContext, VisitableCommand) line: 274
          CacheDelegate<K,V>.put(K, V, long, TimeUnit, long, TimeUnit) line: 505
          CacheLoaderManagerImpl.preload() line: 160
          NativeMethodAccessorImpl.invoke0(Method, Object, Object[]) line: not available [native method]
          NativeMethodAccessorImpl.invoke(Object, Object[]) line: not available
          DelegatingMethodAccessorImpl.invoke(Object, Object[]) line: not available
          Method.invoke(Object, Object...) line: not available
          ReflectionUtil.invokeAccessibly(Object, Method, Object[]) line: 172
          AbstractComponentRegistry$PrioritizedMethod.invoke() line: 908
          ComponentRegistry(AbstractComponentRegistry).internalStart() line: 706
          ComponentRegistry(AbstractComponentRegistry).start() line: 608
          ComponentRegistry.start() line: 179
          CacheDelegate<K,V>.start() line: 362
          DefaultCacheManager.createCache(String) line: 548
          DefaultCacheManager.getCache(String) line: 445
          Main.main(String[]) line: 45",,,
7201,ISPN-1178,NoData,,,
7203,ISPN-1174,"When loading from an AsyncStore we should check if the entry is not in process of being written to the underlying store (somewhere in the async queue), as at this point it was already removed from the container and if not yet written on the store it might not be found otherwise.

See also http://infinispan.markmail.org/search/#query:%20from%3A%22Manik%20Surtani%22+page:1+mid:stvqu4nyiu7hzp32+state:results",,,
7225,ISPN-1171,"State transfer should only write to non-shared cache stores.

Additionally, since we already have a purgeOnStartup configuration that clears the cache store on startup, state transfer should not clear any cache store. It should log a warning that some entries will be stale instead if purgeOnStartup is disabled and the cache store is not shared.",,,
7229,ISPN-1169,"Entries are first removed from the container, and then stored in the store. We should reorder these operations.

http://infinispan.markmail.org/message/jicl2bdubcbtibkh?q=+list:org.jboss.lists.infinispan-dev&page=1",,,
7236,ISPN-1166,EvictionManagerImpl doesn't check if it actually had acquired a lock before releasing it. It also might fail to release them if the eviction listeners throw an exception.,,,
7244,ISPN-1162,Infinispan does not take into account user-defined command Ids when checking for duplicate ids.,,,
7246,ISPN-1161,"org.infinispan.config.ConfigurationException: Attempted to modify a non-Dynamic configuration element [cacheLoaderConfigs] after the component has started!
	at org.infinispan.config.AbstractConfigurationBean.testImmutability(AbstractConfigurationBean.java:105)
	at org.infinispan.config.CacheLoaderManagerConfig.getCacheLoaderConfigs(CacheLoaderManagerConfig.java:192)
	at org.infinispan.config.Configuration.getCacheLoaders(Configuration.java:1153)

This exception is thrown from an accessor method.  It should only happen with mutator methods.",,,
7247,ISPN-1160,"I was testing with a replicated cache in infinispan.  And in an attempt to try it in 5.0CR4 I have found that I cannot use a replicated or invalidating cache (async or sync) that has fetchInMemoryState set to true unless I have FLUSH protocol provided with udp.  I was able to reproduce this using the distributed jgroups-udp.xml file, which has FLUSH removed.  When I tried with jgroups-tcp.xml it works without the FLUSH protocol as expected.

I have attached the test java file that is only using infinispan and is very basic that reproduces it every time I try.  I also will attach the log file from both the coordinator and the joining peer that shows this issue.",,,
7249,ISPN-1157,"Currently, the REST server looks up the existing EmbeddedCacheManager provided by JBossAS 6 in StartupListener.getMcInjectedCacheManager().

This unfortunately does not work in JBossAS 7 because it switched to a new controller.  To get the provided EmbeddedCacheManager, a .WAR must include a class that implements org.jboss.msc.service.ServiceActivator, and we need to get the cache manager there.  Here are some examples:

  http://j.mp/jNX2gr
  http://j.mp/kleOLi

The good news is that the ServiceActivator is invoked before the web application goes on-line.  The bad news is that it is reset to null by StartupListener.getMcInjectedCacheManager().

The fix to this problem is to modify StartupListener so that it does not update ManagerInstance.instance if set already.",,,
7250,ISPN-1155,"Comment from a user:

{quote}
The allocation point was an Object deserialization triggered by
Infinispan's unmarshalling code, and the OOME was swallowed by
org.infinispan.remoting.transport.jgroups.CommandAwareRpcDispatcher.handle()
by catching Throwable -- which only logs the Throwable if log.trace is
enabled (yuck).
{quote}",,,
7251,ISPN-1154,"When enabling eviction on the data cache for the Lucene Directory in Hibernate Search, you can get {quote}17:17:40,913 (Hibernate Search: Directory writer-1)  WARN EvictionManagerImpl:172 - ISPN00027: Could not acquire lock for eviction of _2.tii|0|emails
java.lang.IllegalStateException: Transaction DummyTransaction{xid=DummyXid{, globalTransactionId = ByteArray{size=64, array=[-40, -40, -101, 54, -23, -22, 68, -110, -34, -5, ..]}, branchQualifier = ByteArray{size=64, array=[-44, -86, 55, 114, -66, 70, 123, 104, -38, -14, ..]}}, status=8} appears to no longer be valid!
	at org.infinispan.util.concurrent.locks.LockManagerImpl.lockAndRecord(LockManagerImpl.java:95)
	at org.infinispan.eviction.EvictionManagerImpl.acquireLock(EvictionManagerImpl.java:210)
	at org.infinispan.eviction.EvictionManagerImpl.onEntryEviction(EvictionManagerImpl.java:170)
	at org.infinispan.eviction.EvictionManagerImpl.onEntryEviction(EvictionManagerImpl.java:162)
	at org.infinispan.container.DefaultDataContainer$DefaultEvictionListener.onEntryEviction(DefaultDataContainer.java:201)
	at org.infinispan.util.concurrent.BoundedConcurrentHashMap$Segment.notifyEvictionListener(BoundedConcurrentHashMap.java:1176)
	at org.infinispan.util.concurrent.BoundedConcurrentHashMap$Segment.put(BoundedConcurrentHashMap.java:1011)
	at org.infinispan.util.concurrent.BoundedConcurrentHashMap.put(BoundedConcurrentHashMap.java:1556)
	at org.infinispan.container.DefaultDataContainer.put(DefaultDataContainer.java:148)
	at org.infinispan.container.entries.ReadCommittedEntry.commit(ReadCommittedEntry.java:177)
	at org.infinispan.interceptors.LockingInterceptor.commitEntry(LockingInterceptor.java:389)
	at org.infinispan.interceptors.LockingInterceptor.cleanupLocks(LockingInterceptor.java:367)
	at org.infinispan.interceptors.LockingInterceptor.visitCommitCommand(LockingInterceptor.java:98)
	at org.infinispan.commands.tx.CommitCommand.acceptVisitor(CommitCommand.java:60)
	at org.infinispan.interceptors.base.CommandInterceptor.invokeNextInterceptor(CommandInterceptor.java:119)
	at org.infinispan.interceptors.CacheStoreInterceptor.visitCommitCommand(CacheStoreInterceptor.java:146)
	at org.infinispan.commands.tx.CommitCommand.acceptVisitor(CommitCommand.java:60)
	at org.infinispan.interceptors.base.CommandInterceptor.invokeNextInterceptor(CommandInterceptor.java:119)
	at org.infinispan.interceptors.base.CommandInterceptor.handleDefault(CommandInterceptor.java:133)
	at org.infinispan.commands.AbstractVisitor.visitCommitCommand(AbstractVisitor.java:116)
	at org.infinispan.commands.tx.CommitCommand.acceptVisitor(CommitCommand.java:60)
	at org.infinispan.interceptors.base.CommandInterceptor.invokeNextInterceptor(CommandInterceptor.java:119)
	at org.infinispan.interceptors.NotificationInterceptor.visitCommitCommand(NotificationInterceptor.java:56)
	at org.infinispan.commands.tx.CommitCommand.acceptVisitor(CommitCommand.java:60)
	at org.infinispan.interceptors.base.CommandInterceptor.invokeNextInterceptor(CommandInterceptor.java:119)
	at org.infinispan.interceptors.TxInterceptor.visitCommitCommand(TxInterceptor.java:142)
	at org.infinispan.commands.tx.CommitCommand.acceptVisitor(CommitCommand.java:60)
	at org.infinispan.interceptors.base.CommandInterceptor.invokeNextInterceptor(CommandInterceptor.java:119)
	at org.infinispan.interceptors.base.CommandInterceptor.handleDefault(CommandInterceptor.java:133)
	at org.infinispan.commands.AbstractVisitor.visitCommitCommand(AbstractVisitor.java:116)
	at org.infinispan.commands.tx.CommitCommand.acceptVisitor(CommitCommand.java:60)
	at org.infinispan.interceptors.base.CommandInterceptor.invokeNextInterceptor(CommandInterceptor.java:119)
	at org.infinispan.interceptors.InvocationContextInterceptor.handleAll(InvocationContextInterceptor.java:96)
	at org.infinispan.interceptors.InvocationContextInterceptor.handleDefault(InvocationContextInterceptor.java:63)
	at org.infinispan.commands.AbstractVisitor.visitCommitCommand(AbstractVisitor.java:116)
	at org.infinispan.commands.tx.CommitCommand.acceptVisitor(CommitCommand.java:60)
	at org.infinispan.interceptors.base.CommandInterceptor.invokeNextInterceptor(CommandInterceptor.java:119)
	at org.infinispan.interceptors.BatchingInterceptor.handleDefault(BatchingInterceptor.java:77)
	at org.infinispan.commands.AbstractVisitor.visitCommitCommand(AbstractVisitor.java:116)
	at org.infinispan.commands.tx.CommitCommand.acceptVisitor(CommitCommand.java:60)
	at org.infinispan.interceptors.InterceptorChain.invoke(InterceptorChain.java:274)
	at org.infinispan.transaction.TransactionCoordinator.commit(TransactionCoordinator.java:136)
	at org.infinispan.transaction.xa.TransactionXaAdapter.commit(TransactionXaAdapter.java:124)
	at org.infinispan.transaction.tm.DummyTransaction.runCommitTx(DummyTransaction.java:312)
	at org.infinispan.transaction.tm.DummyTransaction.commit(DummyTransaction.java:99)
	at org.infinispan.transaction.tm.DummyBaseTransactionManager.commit(DummyBaseTransactionManager.java:97)
	at org.infinispan.batch.BatchContainer.resolveTransaction(BatchContainer.java:131)
	at org.infinispan.batch.BatchContainer.endBatch(BatchContainer.java:108)
	at org.infinispan.batch.BatchContainer.endBatch(BatchContainer.java:93)
	at org.infinispan.CacheDelegate.endBatch(CacheDelegate.java:436)
	at org.infinispan.lucene.InfinispanIndexOutput.close(InfinispanIndexOutput.java:208)
	at org.apache.lucene.index.FieldInfos.write(FieldInfos.java:315)
	at org.apache.lucene.index.DocFieldProcessor.flush(DocFieldProcessor.java:66)
	at org.apache.lucene.index.DocumentsWriter.flush(DocumentsWriter.java:552)
	at org.apache.lucene.index.IndexWriter.doFlush(IndexWriter.java:3331)
	at org.apache.lucene.index.IndexWriter.flush(IndexWriter.java:3296)
	at org.apache.lucene.index.IndexWriter.prepareCommit(IndexWriter.java:3159)
	at org.apache.lucene.index.IndexWriter.commitInternal(IndexWriter.java:3232)
	at org.apache.lucene.index.IndexWriter.commit(IndexWriter.java:3214)
	at org.apache.lucene.index.IndexWriter.commit(IndexWriter.java:3198)
	at org.hibernate.search.backend.Workspace.commitIndexWriter(Workspace.java:208)
	at org.hibernate.search.backend.impl.lucene.PerDPQueueProcessor.run(PerDPQueueProcessor.java:106)
	at java.util.concurrent.Executors$RunnableAdapter.call(Executors.java:441)
	at java.util.concurrent.FutureTask$Sync.innerRun(FutureTask.java:303)
	at java.util.concurrent.FutureTask.run(FutureTask.java:138)
	at java.util.concurrent.ThreadPoolExecutor$Worker.runTask(ThreadPoolExecutor.java:886)
	at java.util.concurrent.ThreadPoolExecutor$Worker.run(ThreadPoolExecutor.java:908)
	at java.lang.Thread.run(Thread.java:662)
{quote}",,,
7259,ISPN-1152,There's a String.format being used with the wrong number of parameters,,,
7270,ISPN-1148,"RemoteCacheManager.getCache() fails due to typo in org.infinispan.client.hotrod.impl.transport.tcp.TcpTransport.

Line 82 of TcpTransport contains:
         String message = String.format(""Could not connect to server: %s"" + serverAddress);
but should be:
         String message = String.format(""Could not connect to server: %s"", serverAddress);
",,,
7271,ISPN-1145,"Noticed a bunch of NPEs during test suite execution:

2011-05-31 12:51:36,555 WARN  [jta] (Transaction Reaper Worker 0) ARJUNA16045: attempted rollback of < formatId=131076, gtrid_length=29, bqual_length=28, tx_uid=0:ffffc0a80203:c3a4:4de4c7d1:291, node_name=1, branch_uid=0:ffffc0a80203:c3a4:4de4c7d1:292, eis_name=unknown eis name > (TransactionXaAdapter{localTransaction=LocalXaTransaction{xid=< formatId=131076, gtrid_length=29, bqual_length=28, tx_uid=0:ffffc0a80203:c3a4:4de4c7d1:291, node_name=1, branch_uid=0:ffffc0a80203:c3a4:4de4c7d1:292, eis_name=unknown eis name >} LocalTransaction{remoteLockedNodes=[NodeA-39281], isMarkedForRollback=false, transaction=TransactionImple < ac, BasicAction: 0:ffffc0a80203:c3a4:4de4c7d1:291 status: ActionStatus.ABORTING >} org.infinispan.transaction.xa.LocalXaTransaction@f2c1c042}) failed with exception code -
java.lang.NullPointerException
	at java.util.concurrent.ConcurrentHashMap.get(ConcurrentHashMap.java:768)
	at org.infinispan.transaction.TransactionTable.failureCompletingTransaction(TransactionTable.java:176)
	at org.infinispan.transaction.TransactionCoordinator.rollback(TransactionCoordinator.java:158)
	at org.infinispan.transaction.xa.TransactionXaAdapter.rollback(TransactionXaAdapter.java:135)
	at com.arjuna.ats.internal.jta.resources.arjunacore.XAResourceRecord.topLevelAbort(XAResourceRecord.java:337)
	at com.arjuna.ats.arjuna.coordinator.BasicAction.doAbort(BasicAction.java:2869)
	at com.arjuna.ats.arjuna.coordinator.BasicAction.doAbort(BasicAction.java:2848)
	at com.arjuna.ats.arjuna.coordinator.BasicAction.Abort(BasicAction.java:1613)
	at com.arjuna.ats.arjuna.coordinator.TwoPhaseCoordinator.cancel(TwoPhaseCoordinator.java:119)
	at com.arjuna.ats.arjuna.AtomicAction.cancel(AtomicAction.java:212)
	at com.arjuna.ats.arjuna.coordinator.TransactionReaper.doCancellations(TransactionReaper.java:367)
	at com.arjuna.ats.internal.arjuna.coordinator.ReaperWorkerThread.run(ReaperWorkerThread.java:79)
2011-05-31 12:51:36,556 WARN  [arjuna] (Transaction Reaper Worker 0) ARJUNA12091: Top-level abort of action 0:ffffc0a80203:c3a4:4de4c7d1:291 received TwoPhaseOutcome.FINISH_ERROR from com.arjuna.ats.arjuna.coordinator.AbstractRecord
",,,
7273,ISPN-1142,"{quote}http://repository.jboss.org/maven2{quote} does not exist anymore, still the parent pom is referencing it",,,
7274,ISPN-1140,"The implementation of {{setValue()}} in {{TransientMortalCacheEntry}} is as follows
{code:java}
   public Object setValue(Object value) {
      return cacheValue.maxIdle;
   }
{code}

This leads to problems in the {{DefaultDataContainer}} as the following {{put()}} code has no effect:

{code:java}
public void put(Object k, Object v, long lifespan, long maxIdle) {
  InternalCacheEntry e = entries.get(k);
  if (e != null) {
     e.setValue(v);
     InternalCacheEntry original = e;
     e = entryFactory.update(e, lifespan, maxIdle);
     // we have the same instance. So we need to reincarnate.
     if(original == e) {
        e.reincarnate();
     }
  } else {
     // this is a brand-new entry
     e = entryFactory.createNewEntry(k, v, lifespan, maxIdle);
  }
  entries.put(k, e);
}
{code}

The effect of this for me is that when I am not in a JTA enviroment and I take the following steps via Hibernate the result is not cached correctly:

- Insert record into table via Hibernate
- Reload record by its ID
- Change non-ID field on the record
- Update the record via Hibernate
- Reload the record by its ID
- Check that the value reloaded matches the updated value

The 2nd level cache always returns the first inserted record rather than the updated one. Each Hibernate access is inside its own transaction.

I fixed this locally by overriding the class in the classpath, replacing the {{setValue()}} method with the following implementation:

{code:java}
public Object setValue(Object value) {
   Object original = cacheValue.value;
   cacheValue.value = value;
   return original;
}
{code}

Which also corresponds to the (misspelled :)) Javadoc:

{noformat}Sets the value of the entry, returing the previous value{noformat}",,,
7276,ISPN-1138,"The following test fails on the last assertion:

{code}@Test
public void invocationBatching() {
    System.out.println(org.infinispan.Version.printVersion());
    EmbeddedCacheManager manager = new DefaultCacheManager(new GlobalConfiguration(), new Configuration());
    Configuration override = new Configuration();
    override.fluent().invocationBatching();
    assert override.isInvocationBatchingEnabled();
    assert manager.defineConfiguration(""test1"", override).isInvocationBatchingEnabled();
    Configuration config = new Configuration();
    config.applyOverrides(override);
    assert config.isInvocationBatchingEnabled();
    assert manager.defineConfiguration(""test2"", config).isInvocationBatchingEnabled();
}{code}

In the above code, the last assertion fails.

If you modify the above code to test for isIndexingEnabled(), the same failure occurs.  The problem is likely generalizable to all boolean configuration properties.",,,
7278,ISPN-1135,"Summary of things to fix as a result of the Klockwork report:

- -DataContainerFactory-: (http://goo.gl/dqn5D)
- BdbjeCacheStoreConfig and CassandraCacheStoreConfig: InputStream should be closed in a finally statement (http://goo.gl/WzMvk and http://goo.gl/RaCzX)
- JClouds BlobStore.getBlob could return null and so the bucket could be null, protect against it (http://goo.gl/hcLNP , http://goo.gl/DI2yQ and http://goo.gl/hmQKY)
- ...

More to come...",,,
7319,ISPN-1127,"CacheStoreInterceptor leaks org.infinispan.transaction.xa.GlobalTransaction objects. Amount of live org.infinispan.transaction.xa.GlobalTransaction objects is climbing during cache work.

It is possible due to two reasons:
1. when cache is in async replication mode entries from both txStores and preparingTxs are never deleted (maybe like JBCACHE-1454 ?).

2. when cache is in sync mode (I tested on dist sync mode), entries from preparingTxs are not deleted in commit method (in case no exceptions raise).

So preparingTxs are never cleaned at all. Problem with txStores appears only with async mode.

",,,
7320,ISPN-1126,"RetryOnFailureOperation is not logging exceptions that lead to a retry correctlty and this is hiding a crucial exception to clarify JBPAPP-6113. So, here's the log:

{code}211988 TRACE [org.infinispan.client.hotrod.impl.operations.RetryOnFailureOperation] (Runner - 0:) Exception encountered. Retry 4 out of 40{code}

So, what exception was encountered? No idea. Why? Log code is:

{code}log.trace(message, i, transportFactory.getTransportCount(), te);{code}

Which translates to talking to ""void trace(Object message, Object... params);"" which won't print the stacktrace as cause.

Instead, the log code should be:

{code}log.trace(message, te, i, transportFactory.getTransportCount());{code}

So that it uses ""void trace(Object message, Throwable t, Object... params);""

Verify master as well.",,,
7321,ISPN-1124,"If GenericJBossMarshaller.isMarshallable throws any exception while trying to serialize something like it did in http://pastie.org/1917562, then the original exception is lost and not sent back, so it's hard to figure out the root cause of http://pastie.org/1917310

GenericJBossMarshaller.isMarshallable could log any exception but it's probably better if any exception is propagated back it can be sent back as root cause.",,,
7325,ISPN-1122,"I've seen this in master, when running ServerErrorTest from testsuite:

{code}[z@dnb-2:~/Go/code/infinispan.git]% (t_1119_m⚡) more client/hotrod-client/target/surefire-reports/TEST-org.infinispan.client.hotrod.ServerErrorTest-testErrorWhileDoingPut.xml
<?xml version=""1.0"" encoding=""UTF-8"" ?>
<testsuite time=""0"" name=""org.infinispan.client.hotrod.ServerErrorTest-testErrorWhileDoingPut"">
  <testcase time=""0.265"" classname=""org.infinispan.client.hotrod.ServerErrorTest"" 
name=""org.infinispan.client.hotrod.ServerErrorTest-testErrorWhileDoingPut"">
    <failure message=""Invalid magic number. Expected 0xa1 and received 0x50"" 
type=""org.infinispan.client.hotrod.exceptions.InvalidResponseException"">
org.infinispan.client.hotrod.exceptions.InvalidResponseException:: Invalid magic number. Expected 0xa1 and received 0x50
        at org.infinispan.client.hotrod.impl.operations.HotRodOperation.readHeaderAndValidate(HotRodOperation.java:107)
        at org.infinispan.client.hotrod.impl.operations.AbstractKeyValueOperation.sendPutOperation(AbstractKeyValueOperation.java:70)
        at org.infinispan.client.hotrod.impl.operations.PutOperation.executeOperation(PutOperation.java:49)
        at org.infinispan.client.hotrod.impl.operations.RetryOnFailureOperation.execute(RetryOnFailureOperation.java:62)
        at org.infinispan.client.hotrod.impl.RemoteCacheImpl.put(RemoteCacheImpl.java:201)
        at org.infinispan.CacheSupport.put(CacheSupport.java:51)
        at org.infinispan.client.hotrod.ServerErrorTest.testErrorWhileDoingPut(ServerErrorTest.java:97)
        at sun.reflect.NativeMethodAccessorImpl.invoke0(Native Method)
        at sun.reflect.NativeMethodAccessorImpl.invoke(NativeMethodAccessorImpl.java:39)
        at sun.reflect.DelegatingMethodAccessorImpl.invoke(DelegatingMethodAccessorImpl.java:25)
        at java.lang.reflect.Method.invoke(Method.java:597)
        at org.testng.internal.MethodHelper.invokeMethod(MethodHelper.java:644)
        at org.testng.internal.Invoker.invokeMethod(Invoker.java:546)
        at org.testng.internal.Invoker.invokeTestMethod(Invoker.java:700)
        at org.testng.internal.Invoker.invokeTestMethods(Invoker.java:1002)
        at org.testng.internal.TestMethodWorker.invokeTestMethods(TestMethodWorker.java:137)
        at org.testng.internal.TestMethodWorker.run(TestMethodWorker.java:121)
        at org.testng.TestRunner.runWorkers(TestRunner.java:909)
        at org.testng.TestRunner.privateRun(TestRunner.java:618)
        at org.testng.TestRunner.run(TestRunner.java:499)
        at org.testng.SuiteRunner.runTest(SuiteRunner.java:332)
        at org.testng.SuiteRunner.access$000(SuiteRunner.java:33)
        at org.testng.SuiteRunner$SuiteWorker.run(SuiteRunner.java:358)
        at org.testng.internal.thread.ThreadUtil$CountDownLatchedRunnable.run(ThreadUtil.java:142)
        at java.util.concurrent.ThreadPoolExecutor$Worker.runTask(ThreadPoolExecutor.java:886)
        at java.util.concurrent.ThreadPoolExecutor$Worker.run(ThreadPoolExecutor.java:908)
        at java.lang.Thread.run(Thread.java:680)
</failure>{code}

This needs investigate cos it could be related to other Invalid* issues QE have been encountering with EDG.",,,
7327,ISPN-1121,"Currently, we see:

{code}
tx.begin();
Map<?,?> map = AtomicMapLookup.getAtomicMap(cache, key);
assert map.size() == 3;
AtomicMapLookup.removeAtomicMap(cache, key);
assert map.size() == 0;
tx.commit();
{code}

Access to the map after its removal is invalid, since even storing data here would be lost.

An {{IllegalStateException}} should be thrown if one attempts to access or manipulate an {{AtomicMap}} after the {{AtomicMap}} has been removed from the cache, since this represents a stale handle.",,,
7332,ISPN-1114,"There should be an alternative TestingUtil.sleepThread() that throws backe the interrupted exception back up to show that something went wrong, otherwise if a test times out (configured via @Test(timeOut=X)), the interruption might be lost and as you can see in the attached thread dump of the testsuite that's been going on for over 50 minutes, 

{code}""TestNGInvoker-testPutRemove()"" Id=10572 Group=main TIMED_WAITING
	at java.lang.Thread.sleep(Native Method)
	at org.infinispan.test.TestingUtil.sleepThread(TestingUtil.java:401)
	at org.infinispan.loaders.decorators.AsyncTest.doTestRemove(AsyncTest.java:432)
	at org.infinispan.loaders.decorators.AsyncTest.testPutRemove(AsyncTest.java:94)
	at sun.reflect.NativeMethodAccessorImpl.invoke0(Native Method)
	at sun.reflect.NativeMethodAccessorImpl.invoke(NativeMethodAccessorImpl.java:39)
	at sun.reflect.DelegatingMethodAccessorImpl.invoke(DelegatingMethodAccessorImpl.java:25)
	at java.lang.reflect.Method.invoke(Method.java:597)
	at org.testng.internal.MethodHelper.invokeMethod(MethodHelper.java:644)
	at org.testng.internal.InvokeMethodRunnable.runOne(InvokeMethodRunnable.java:49)
	at org.testng.internal.InvokeMethodRunnable.run(InvokeMethodRunnable.java:40)
	at java.util.concurrent.Executors$RunnableAdapter.call(Executors.java:441)
	at java.util.concurrent.FutureTask$Sync.innerRun(FutureTask.java:303)
	at java.util.concurrent.FutureTask.run(FutureTask.java:138)
	at java.util.concurrent.ThreadPoolExecutor$Worker.runTask(ThreadPoolExecutor.java:886)
	at java.util.concurrent.ThreadPoolExecutor$Worker.run(ThreadPoolExecutor.java:908)
	at java.lang.Thread.run(Thread.java:662){code}",,,
7335,ISPN-1113,"What the heck? We have async store configured with 7200 *seconds* of timeout! That's 120 minutes, 2 hours!

{code}executor.awaitTermination(asyncStoreConfig.getShutdownTimeout(), TimeUnit.SECONDS);{code}

That should be milliseconds clearly to wait at the most 2 minutes.

I've spotted this when I saw core/ testsuite sometimes hanging and thread dumps show wait here.

",,,
7338,ISPN-1110,"If a listener implementation throws an exception (at least when isPre()) when a new entry is created, acquired locks are unreleased.

So, concurrent invocations on same key will fail with a timeout exception",,,
7340,ISPN-1108,"""mvn test"" doesn't run the test TransactionsSpanningReplicatedCaches.
It does run though other tests from that package, ex: TransactionsSpanningDistributedCachesTest.

TransactionsSpanningReplicatedCaches is marked as sequential = true (which is redundant). I've tried removing the sequential attribute, but the same thing happened: the test was not run.
The test runs successfully when specified through: mvn test -Dtest=TransactionsSpanningReplicatedCaches

While here, also consider removing the mandatory ""testName"" attribute from @Tests. TestNG now has an @Test (singleThreaded) attribute that: ""If set to true, all the methods on this test class are guaranteed to run sequentially, even if the tests are currently being run with parallel=""true"". This attribute can only be used at the class level and will be ignored if used at the method level.""
 ",,,
7342,ISPN-1106,"On our initial test of 5.0.0.CR2, we wanted to test the cluster's rehashing behavior/performance and if all locks were cleaned up.

The test was to start two nodes, then add a third node, all the while issuing commands to it.

Upon adding a third node, the cluster becomes inoperable.  The stack traces is in the following location:

http://dl.dropbox.com/u/10929737/5.0.0.CR2/server_node1.log, 
http://dl.dropbox.com/u/10929737/5.0.0.CR2/server_node2.log, 
http://dl.dropbox.com/u/10929737/5.0.0.CR2/server_node3.log",,,
7428,ISPN-1105,"{{infinispan-tools}} depends on {{com.sun.tools}} to compile Javadoc doclets.  The dependency is only activated for Sun JDK currently.  Since JDK 7, Oracle changed the vendor string from {{Sun Microsystems, Inc.}} to {{Oracle Corporation}}.  Because of this change, the {{tools.jar}} is dropped from the build class path when Maven was invoked by JDK 7, resulting in the build failure.",,,
7429,ISPN-1099,"If the server fails with a server error (i.e. a suspicion), the decoder is not cleared correctly and so next requests end up with previous message ids:

2011/04/29 00:32:02:733 EDT [WARN ][Runner - 0] HOST perf01.mw.lab.eng.bos.redhat.com:rootProcess:E - Error sampling data:  &lt;org.infinispan.client.hotrod.exceptions.InvalidResponseException:: Invalid message id. Expected 2476 and received 2421>",,,
7431,ISPN-1098,"If {{If-Match}} or similar header such as {{If-None-Match}} exists in an HTTP request, the REST server must not perform any update unless the condition meets.  The current REST server doesn't understand those headers, leading to unexpected updates.  If such header exists in the request, the REST server has to respond with '501 Not Implemented'.",,,
7434,ISPN-1095,Util.loadClassStrict should deal with NoClassDefFoundError so that it can skip the cache loader and try the next one in the classloader array.,,,
7435,ISPN-1093,"I had been implementing infinispan clustered cache with transactions.  When a rollback for a transaction occurs it will not push the changes to the local cache.

However I found that if a one phase commit optimization is done where infispan is the one resource and a node in the clustered is found in a Suspect state while preparing that it will throw a RollbackException, which is great.  However the local node still pushes the changes to the cache which then puts that local cache in an inconsistent state with the rest of the nodes in the cluster, since they were not pushed the updates.

Here is a snippet of the trace when this occurs
1   ider T 10:18:52,698 (Transactio) [0] Committing transaction GlobalTransaction:<wburns-53118>:6:local
1   ider T 10:18:52,698 (Transactio) [0] Doing an 1PC prepare call on the interceptor chain
1   ider T 10:18:52,698 (Invocation) [0] Invoked with command PrepareCommand {gtx=GlobalTransaction:<wburns-53118>:6:local, modifications=[RemoveCommand{key=key, value=null, flags=null}], onePhaseCommit=true, gtx=GlobalTransaction:<wburns-53118>:6:local, cacheName='test'} and InvocationContext [LocalTxInvocationContext{flags=null}]
1   ider T 10:18:52,698 (CallInterc) [0] Suppressing invocation of method handlePrepareCommand.
1   ider T 10:18:52,698 (Distributi) [0] Not performing invalidation! isL1CacheEnabled? true numCallRecipients=2
1   ider T 10:18:52,699 (RpcManager) [0] wburns-53118 broadcasting call PrepareCommand {gtx=GlobalTransaction:<wburns-53118>:6:local, modifications=[RemoveCommand{key=key, value=null, flags=null}], onePhaseCommit=true, gtx=GlobalTransaction:<wburns-53118>:6:local, cacheName='test'} to recipient list [wburns-38125, wburns-53118]
1   ider T 10:18:52,699 (JGroupsTra) [0] dests=[wburns-38125, wburns-53118], command=PrepareCommand {gtx=GlobalTransaction:<wburns-53118>:6:local, modifications=[RemoveCommand{key=key, value=null, flags=null}], onePhaseCommit=true, gtx=GlobalTransaction:<wburns-53118>:6:local, cacheName='test'}, mode=SYNCHRONOUS, timeout=15000
1   ider T 10:18:52,701 (CommandAwa) [0] Replication task sending PrepareCommand {gtx=GlobalTransaction:<wburns-53118>:6:local, modifications=[RemoveCommand{key=key, value=null, flags=null}], onePhaseCommit=true, gtx=GlobalTransaction:<wburns-53118>:6:local, cacheName='test'} to addresses [wburns-38125, wburns-53118]
1   ider T 10:18:52,703 (JBossMarsh) [0] Start marshaller after retrieving marshaller from thread local
1   ider T 10:18:52,703 (VersionAwa) [0] Wrote version 420
1   ider T 10:18:52,704 (JBossMarsh) [0] Stop marshaller
1   ider T 10:18:52,704 (CommandAwa) [0] real_dests=[wburns-38125]
37  ider T 10:18:52,720 (JGroupsDis) Closing joinInProgress gate
37  ider I 10:18:53,028 (JGroupsTra) Received new cluster view: [wburns-53118|2] [wburns-53118]
1   ider T 10:18:53,032 (CommandAwa) [0] Responses: [sender=wburns-38125, retval=null, received=false, suspected=true]

37  ider T 10:18:53,028 (Transactio) Saw 1 leavers - kicking off a lock breaking task
1   ider T 10:18:53,034 (RpcManager) [0] replication exception: 
org.infinispan.remoting.transport.jgroups.SuspectException: Suspected member: wburns-38125
.... full stack trace removed for clarity ....
1   ider T 10:18:53,037 (DistLockin) [0] Number of entries in context: 1
41  ider T 10:18:53,036 (Transactio) No global transactions pertain to originator(s) [wburns-38125] who have left the cluster.
37  ider I 10:18:53,036 (Distributi) Detected a view change.  Member list changed from [wburns-53118, wburns-38125] to [wburns-53118]
41  ider T 10:18:53,038 (Transactio) Completed cleaning stale locks.
37  ider I 10:18:53,038 (Distributi) This is a LEAVE event!  Node wburns-38125 has just left
1   ider T 10:18:53,038 (ReadCommit) [0] Updating entry (key=key removed=true valid=false changed=true created=false value=com.redprairie.moca.cache.Maybe@5bd6c768]
1   ider T 10:18:53,039 (DistLockin) [0] Releasing lock on [key] for owner GlobalTransaction:<wburns-53118>:6:local
37  ider T 10:18:53,039 (Distributi) Added new leaver wburns-38125, leavers list is [wburns-38125]
1   ider T 10:18:53,039 (LockManage) [0] Attempting to unlock key
1   ider E 10:18:53,039 (Invocation) [0] Execution error: 
org.infinispan.remoting.transport.jgroups.SuspectException: Suspected member: wburns-38125
.... full stack trace removed for clarity ....
1   ider T 10:18:53,041 (Invocation) [0] Transaction marked for rollback as exception was received.
1   ider T 10:18:53,041 (jta       ) [0] TransactionImple.getStatus
1   ider E 10:18:53,041 (Transactio) [0] Error while processing 1PC PrepareCommand
org.infinispan.remoting.transport.jgroups.SuspectException: Suspected member: wburns-38125
.... full stack trace removed for clarity ....
1   ider T 10:18:53,043 (jta       ) [0] TransactionImple.equals
37  ider T 10:18:53,040 (Distributi) wburns-53118 is looking for a new backup to replace leaver wburns-38125
37  ider T 10:18:53,044 (Distributi) Leaver wburns-38125 main backup wburns-53118 is looking for another backup as well.
37  ider T 10:18:53,044 (Distributi) Nodes that need new backups are: [wburns-53118, wburns-53118]
37  ider T 10:18:53,044 (Distributi) This node won't receive state
37  ider I 10:18:53,044 (Distributi) I wburns-53118 am participating in rehash, state providers [wburns-53118, wburns-53118], state receivers [wburns-53118, wburns-53118]
1   ider W 10:18:53,045 (jta       ) [0] ARJUNA-16039 onePhaseCommit on < formatId=131076, gtrid_length=29, bqual_length=28, tx_uid=0:ffff0a0302c6:ba1e:4dc805d1:16, node_name=1, branch_uid=0:ffff0a0302c6:ba1e:4dc805d1:17, eis_name=unknown eis name > (TransactionXaAdapter{localTransaction=LocalTransaction{remoteLockedNodes=null, isMarkedForRollback=false, transaction=TransactionImple < ac, BasicAction: 0:ffff0a0302c6:ba1e:4dc805d1:16 status: ActionStatus.COMMITTING >, xid=< formatId=131076, gtrid_length=29, bqual_length=28, tx_uid=0:ffff0a0302c6:ba1e:4dc805d1:16, node_name=1, branch_uid=0:ffff0a0302c6:ba1e:4dc805d1:17, eis_name=unknown eis name >} org.infinispan.transaction.xa.LocalTransaction@9c35300f}) failed with exception XAException.XAER_RMERR
javax.transaction.xa.XAException
.... full stack trace removed for clarity ....
1   ider T 10:18:53,046 (arjuna    ) [0] BasicAction::removeChildThread () action 0:ffff0a0302c6:ba1e:4dc805d1:16 removing TSThread:1
1   ider T 10:18:53,046 (arjuna    ) [0] BasicAction::removeChildThread () action 0:ffff0a0302c6:ba1e:4dc805d1:16 removing TSThread:1 result = true
1   ider T 10:18:53,047 (arjuna    ) [0] TransactionReaper::remove ( BasicAction: 0:ffff0a0302c6:ba1e:4dc805d1:16 status: ActionStatus.ABORTED )
RollbackException encountered - ARJUNA-16053 Could not commit transaction.
1   ider T 10:18:53,047 (jta       ) [0] BaseTransaction.begin

The significant line is

1   ider T 10:18:53,038 (ReadCommit) [0] Updating entry (key=key removed=true valid=false changed=true created=false value=com.redprairie.moca.cache.Maybe@5bd6c768]

where in the ReadCommited isolation level still pushed the remove call that should have been rolled back.",,,
7438,ISPN-1092,"See org.infinispan.distribution.vnodes.VNodesCHPerfTest.testSpeed(), it fails when numNodes == 1 and numOwners == 2.",,,
7473,ISPN-1091,"As Michal rightly indicated in JBPAPP-6473, Hot Rod clients need to be able to deal with SuspectException errors and failover rather than bubbling up. In the future the server will make sure the right error code is returned, but in the absence of that, the error message can be inspected.",,,
7479,ISPN-1089,"{code}
org.infinispan.CacheException: Unable to start batch
	at org.infinispan.batch.BatchContainer.startBatch(BatchContainer.java:84)
	at org.infinispan.batch.AutoBatchSupport.startAtomic(AutoBatchSupport.java:44)
	at org.infinispan.atomic.AtomicHashMapProxy.put(AtomicHashMapProxy.java:160)
	at org.hibernate.ogm.type.descriptor.PassThroughGridTypeDescriptor$1.doBind(PassThroughGridTypeDescriptor.java:41)
	at org.hibernate.ogm.type.descriptor.BasicGridBinder.bind(BasicGridBinder.java:73)
	at org.hibernate.ogm.type.AbstractGenericBasicType.nullSafeSet(AbstractGenericBasicType.java:275)
	at org.hibernate.ogm.type.AbstractGenericBasicType.nullSafeSet(AbstractGenericBasicType.java:270)
	at org.hibernate.ogm.persister.OgmEntityPersister.createNewResultSetIfNull(OgmEntityPersister.java:875)
	at org.hibernate.ogm.persister.OgmEntityPersister.insert(OgmEntityPersister.java:859)
	at org.hibernate.action.EntityInsertAction.execute(EntityInsertAction.java:79)
	at org.hibernate.engine.ActionQueue.execute(ActionQueue.java:273)
	at org.hibernate.engine.ActionQueue.executeActions(ActionQueue.java:265)
	at org.hibernate.engine.ActionQueue.executeActions(ActionQueue.java:184)
	at org.hibernate.event.def.AbstractFlushingEventListener.performExecutions(AbstractFlushingEventListener.java:321)
	at org.hibernate.event.def.DefaultFlushEventListener.onFlush(DefaultFlushEventListener.java:51)
	at org.hibernate.impl.SessionImpl.flush(SessionImpl.java:1216)
	at org.hibernate.impl.SessionImpl.managedFlush(SessionImpl.java:383)
	at org.hibernate.transaction.JDBCTransaction.commit(JDBCTransaction.java:133)
	at org.hibernate.ogm.test.embeddable.EmbeddableTest.testEmbeddable(EmbeddableTest.java:48)
	at sun.reflect.NativeMethodAccessorImpl.invoke0(Native Method)
	at sun.reflect.NativeMethodAccessorImpl.invoke(NativeMethodAccessorImpl.java:39)
	at sun.reflect.DelegatingMethodAccessorImpl.invoke(DelegatingMethodAccessorImpl.java:25)
	at org.hibernate.testing.junit.functional.annotations.HibernateTestCase.runTest(HibernateTestCase.java:97)
	at org.hibernate.testing.junit.functional.annotations.HibernateTestCase.runBare(HibernateTestCase.java:85)
	at com.intellij.junit3.JUnit3IdeaTestRunner.doRun(JUnit3IdeaTestRunner.java:109)
	at com.intellij.rt.execution.junit.JUnitStarter.main(JUnitStarter.java:60)
Caused by: java.lang.NullPointerException
	at org.infinispan.batch.BatchContainer.startBatch(BatchContainer.java:65)
	... 37 more
{code}

A more descriptive exception would be nice. I did not have any NPE until I started to use AtomicMaps in Hibernate OGM. I now set a TransactionManagerLookup and it works.",,,
7481,ISPN-1083,"No reply not appearing to work fine. Example:

echo -e ""delete a noreply\r"" | nc localhost 11211
produces
SERVER_ERROR java.lang.NullPointerException

Other examples:
$ echo -e ""set a 0 0 1\r\na\r\ndelete a\r\ndelete a\r\ndelete a\r\ndelete a\r\n"" | nc localhost 11211
STORED
DELETED
NOT_FOUND
NOT_FOUND
NOT_FOUND
$ echo -e ""set a 0 0 1 noreply\r\na\r\ndelete a\r\ndelete a\r\ndelete a\r\ndelete a\r\n"" | nc localhost 11211
$",,,
7483,ISPN-1082,"Looks to be related to ISPN-1035:

steps to reproduce:
unzip
chmod +x bin/run.sh
bin/run.sh -c datagrid -b localhost
wait for start
echo -e ""quit\r"" | nc localhost 11211

error:
junit.framework.ComparisonFailure: expected:<[]> but was:<[SERVER_ERROR scala.MatchError: QuitRequest]>
	at org.jboss.test.cluster.datagrid.test.MemcachedClientTestCase.testQuit(MemcachedClientTestCase.java:733)",,,
7484,ISPN-1072,NoData,,,
7485,ISPN-1070,"{quote}
INFO] ------------------------------------------------------------------------
[INFO] Total time: 4.121s
[INFO] Finished at: Sun Apr 24 12:07:38 CEST 2011
[INFO] Final Memory: 18M/162M
[INFO] ------------------------------------------------------------------------
[ERROR] Failed to execute goal org.apache.maven.plugins:maven-javadoc-plugin:2.7:javadoc (default) on project infinispan-rhq-plugin: An error has occurred in JavaDocs report generation:
[ERROR] Exit code: 1 - javadoc: error - Cannot find doclet class org.infinispan.tools.rhq.RhqPluginXmlGenerator
[ERROR] 
[ERROR] Command line was: /opt/jdk1.6.0_25/jre/../bin/javadoc @options @packages
[ERROR] 
[ERROR] Refer to the generated Javadoc files in '/home/sanne/workspaces/infinispan/infinispan/rhq-plugin/target/site/apidocs' dir.
[ERROR] -> [Help 1]
[ERROR] 
[ERROR] To see the full stack trace of the errors, re-run Maven with the -e switch.
[ERROR] Re-run Maven using the -X switch to enable full debug logging.
[ERROR] 
[ERROR] For more information about the errors and possible solutions, please read the following articles:
[ERROR] [Help 1] http://cwiki.apache.org/confluence/display/MAVEN/MojoExecutionException

{quote}",,,
7486,ISPN-1069,"Remote GETs are performed as expected for the mentioned operations, however since L1 is disabled in this case, the results of the remote GET are lost and nothing is returned to the caller.",,,
7488,ISPN-1056,"Killing the server the following exception is raised: 

Exception in thread ""Thread-4"" org.infinispan.CacheException: Unable to invoke method private void org.infinispan.transaction.xa.TransactionTable.stop() on object 
	at org.infinispan.util.ReflectionUtil.invokeAccessibly(ReflectionUtil.java:174)
	at org.infinispan.factories.AbstractComponentRegistry$PrioritizedMethod.invoke(AbstractComponentRegistry.java:889)
	at org.infinispan.factories.AbstractComponentRegistry.internalStop(AbstractComponentRegistry.java:716)
	at org.infinispan.factories.AbstractComponentRegistry.stop(AbstractComponentRegistry.java:610)
	at org.infinispan.factories.ComponentRegistry.stop(ComponentRegistry.java:172)
	at org.infinispan.CacheDelegate.stop(CacheDelegate.java:331)
	at org.infinispan.manager.DefaultCacheManager.stop(DefaultCacheManager.java:544)
	at cache.InfinispanCacheImpl.stop(InfinispanCacheImpl.java:171)
	at play.cache.Cache.stop(Cache.java:247)
	at play.Play.stop(Play.java:499)
	at play.Play$1.run(Play.java:406)
Caused by: java.lang.reflect.InvocationTargetException
	at sun.reflect.NativeMethodAccessorImpl.invoke0(Native Method)
	at sun.reflect.NativeMethodAccessorImpl.invoke(NativeMethodAccessorImpl.java:39)
	at sun.reflect.DelegatingMethodAccessorImpl.invoke(DelegatingMethodAccessorImpl.java:25)
	at java.lang.reflect.Method.invoke(Method.java:597)
	at org.infinispan.util.ReflectionUtil.invokeAccessibly(ReflectionUtil.java:171)
	... 10 more
Caused by: java.lang.NullPointerException
	at org.infinispan.manager.DefaultCacheManager.removeListener(DefaultCacheManager.java:567)
	at org.infinispan.transaction.xa.TransactionTable.stop(TransactionTable.java:110)
	... 15 more",,,
7489,ISPN-1051,"My code initialize the CacheManager but retrieve the cache only ""on demand"". Several threads do access cacheManager.getCache(namedCache); concurrently.

I am experiencing the following exceptions

{code}Caused by: org.infinispan.config.ConfigurationException: Component factory class org.infinispan.factories.EmptyConstructorFactory incorrectly registered! Debug stack: null
     [java] 	at org.infinispan.factories.AbstractComponentRegistry.getFactory(AbstractComponentRegistry.java:365)
     [java] 	at org.infinispan.factories.AbstractComponentRegistry.getOrCreateComponent(AbstractComponentRegistry.java:317)
     [java] 	at org.infinispan.factories.AbstractComponentRegistry.invokeInjectionMethod(AbstractComponentRegistry.java:254)
     [java] 	at org.infinispan.factories.AbstractComponentRegistry$Component.injectDependencies(AbstractComponentRegistry.java:843)
     [java] 	at org.infinispan.factories.AbstractComponentRegistry.registerComponent(AbstractComponentRegistry.java:228)
     [java] 	at org.infinispan.factories.ComponentRegistry.registerComponent(ComponentRegistry.java:131)
     [java] 	at org.infinispan.factories.AbstractComponentRegistry.registerComponent(AbstractComponentRegistry.java:185)
     [java] 	at org.infinispan.factories.AbstractComponentRegistry.getOrCreateComponent(AbstractComponentRegistry.java:326)
     [java] 	at org.infinispan.factories.AbstractComponentRegistry.invokeInjectionMethod(AbstractComponentRegistry.java:254)
     [java] 	at org.infinispan.factories.AbstractComponentRegistry$Component.injectDependencies(AbstractComponentRegistry.java:843)
     [java] 	at org.infinispan.factories.AbstractComponentRegistry.registerComponent(AbstractComponentRegistry.java:228)
     [java] 	at org.infinispan.factories.ComponentRegistry.registerComponent(ComponentRegistry.java:133)
     [java] 	at org.infinispan.factories.AbstractComponentRegistry.registerComponent(AbstractComponentRegistry.java:185)
     [java] 	at org.infinispan.factories.AbstractComponentRegistry.getOrCreateComponent(AbstractComponentRegistry.java:326)
     [java] 	at org.infinispan.factories.AbstractComponentRegistry.invokeInjectionMethod(AbstractComponentRegistry.java:254)
     [java] 	at org.infinispan.factories.AbstractComponentRegistry$Component.injectDependencies(AbstractComponentRegistry.java:843)
     [java] 	at org.infinispan.factories.AbstractComponentRegistry.registerComponent(AbstractComponentRegistry.java:228)
     [java] 	at org.infinispan.factories.ComponentRegistry.registerComponent(ComponentRegistry.java:133)
     [java] 	at org.infinispan.factories.AbstractComponentRegistry.registerComponent(AbstractComponentRegistry.java:185)
     [java] 	at org.infinispan.factories.AbstractComponentRegistry.getOrCreateComponent(AbstractComponentRegistry.java:326)
     [java] 	at org.infinispan.factories.AbstractComponentRegistry.invokeInjectionMethod(AbstractComponentRegistry.java:254)
     [java] 	at org.infinispan.factories.AbstractComponentRegistry$Component.injectDependencies(AbstractComponentRegistry.java:843)
     [java] 	at org.infinispan.factories.AbstractComponentRegistry.registerComponent(AbstractComponentRegistry.java:228)
     [java] 	at org.infinispan.factories.ComponentRegistry.registerComponent(ComponentRegistry.java:133)
     [java] 	at org.infinispan.factories.AbstractComponentRegistry.registerComponent(AbstractComponentRegistry.java:185)
     [java] 	at org.infinispan.factories.InternalCacheFactory.bootstrap(InternalCacheFactory.java:102)
     [java] 	at org.infinispan.factories.InternalCacheFactory.createAndWire(InternalCacheFactory.java:77)
     [java] 	at org.infinispan.factories.InternalCacheFactory.createCache(InternalCacheFactory.java:61)
     [java] 	at org.infinispan.manager.DefaultCacheManager.createCache(DefaultCacheManager.java:538)
     [java] 	at org.infinispan.manager.DefaultCacheManager.getCache(DefaultCacheManager.java:443)
     [java] 	at org.hibernate.ogm.metadata.GridMetadataManagerHelper.getEntityCache(GridMetadataManagerHelper.java:68)
     [java] 	at org.hibernate.ogm.metadata.GridMetadataManagerHelper.getEntityCache(GridMetadataManagerHelper.java:63)
{code}

As well as rarely

{code}     [java] Caused by: java.util.ConcurrentModificationException
     [java] 	at java.util.AbstractList$Itr.checkForComodification(AbstractList.java:372)
     [java] 	at java.util.AbstractList$Itr.next(AbstractList.java:343)
     [java] 	at org.infinispan.factories.AbstractComponentRegistry$Component.injectDependencies(AbstractComponentRegistry.java:843)
     [java] 	at org.infinispan.factories.AbstractComponentRegistry.registerComponent(AbstractComponentRegistry.java:228)
     [java] 	at org.infinispan.factories.AbstractComponentRegistry.registerComponent(AbstractComponentRegistry.java:185)
     [java] 	at org.infinispan.factories.AbstractComponentRegistry.getOrCreateComponent(AbstractComponentRegistry.java:326)
     [java] 	at org.infinispan.factories.AbstractComponentRegistry.invokeInjectionMethod(AbstractComponentRegistry.java:254)
     [java] 	at org.infinispan.factories.AbstractComponentRegistry$Component.injectDependencies(AbstractComponentRegistry.java:843)
     [java] 	at org.infinispan.factories.AbstractComponentRegistry.registerComponent(AbstractComponentRegistry.java:228)
     [java] 	at org.infinispan.factories.AbstractComponentRegistry.registerComponent(AbstractComponentRegistry.java:185)
     [java] 	at org.infinispan.factories.AbstractComponentRegistry.getOrCreateComponent(AbstractComponentRegistry.java:326)
     [java] 	at org.infinispan.factories.AbstractComponentRegistry.invokeInjectionMethod(AbstractComponentRegistry.java:254)
     [java] 	at org.infinispan.factories.AbstractComponentRegistry$Component.injectDependencies(AbstractComponentRegistry.java:843)
     [java] 	at org.infinispan.factories.AbstractComponentRegistry.registerComponent(AbstractComponentRegistry.java:228)
     [java] 	at org.infinispan.factories.ComponentRegistry.registerComponent(ComponentRegistry.java:131)
     [java] 	at org.infinispan.factories.AbstractComponentRegistry.registerComponent(AbstractComponentRegistry.java:185)
     [java] 	at org.infinispan.factories.AbstractComponentRegistry.getOrCreateComponent(AbstractComponentRegistry.java:326)
     [java] 	at org.infinispan.factories.AbstractComponentRegistry.invokeInjectionMethod(AbstractComponentRegistry.java:254)
     [java] 	at org.infinispan.factories.AbstractComponentRegistry$Component.injectDependencies(AbstractComponentRegistry.java:843)
     [java] 	at org.infinispan.factories.AbstractComponentRegistry.registerComponent(AbstractComponentRegistry.java:228)
     [java] 	at org.infinispan.factories.ComponentRegistry.registerComponent(ComponentRegistry.java:133)
     [java] 	at org.infinispan.factories.AbstractComponentRegistry.registerComponent(AbstractComponentRegistry.java:185)
     [java] 	at org.infinispan.factories.AbstractComponentRegistry.getOrCreateComponent(AbstractComponentRegistry.java:326)
     [java] 	at org.infinispan.factories.AbstractComponentRegistry.invokeInjectionMethod(AbstractComponentRegistry.java:254)
     [java] 	at org.infinispan.factories.AbstractComponentRegistry$Component.injectDependencies(AbstractComponentRegistry.java:843)
     [java] 	at org.infinispan.factories.AbstractComponentRegistry.registerComponent(AbstractComponentRegistry.java:228)
     [java] 	at org.infinispan.factories.ComponentRegistry.registerComponent(ComponentRegistry.java:133)
     [java] 	at org.infinispan.factories.AbstractComponentRegistry.registerComponent(AbstractComponentRegistry.java:185)
     [java] 	at org.infinispan.factories.AbstractComponentRegistry.getOrCreateComponent(AbstractComponentRegistry.java:326)
     [java] 	at org.infinispan.factories.AbstractComponentRegistry.invokeInjectionMethod(AbstractComponentRegistry.java:254)
     [java] 	at org.infinispan.factories.AbstractComponentRegistry$Component.injectDependencies(AbstractComponentRegistry.java:843)
     [java] 	at org.infinispan.factories.AbstractComponentRegistry.registerComponent(AbstractComponentRegistry.java:228)
     [java] 	at org.infinispan.factories.ComponentRegistry.registerComponent(ComponentRegistry.java:133)
     [java] 	at org.infinispan.factories.AbstractComponentRegistry.registerComponent(AbstractComponentRegistry.java:185)
     [java] 	at org.infinispan.factories.InternalCacheFactory.bootstrap(InternalCacheFactory.java:102)
     [java] 	at org.infinispan.factories.InternalCacheFactory.createAndWire(InternalCacheFactory.java:77)
     [java] 	at org.infinispan.factories.InternalCacheFactory.createCache(InternalCacheFactory.java:61)
     [java] 	at org.infinispan.manager.DefaultCacheManager.createCache(DefaultCacheManager.java:538)
     [java] 	at org.infinispan.manager.DefaultCacheManager.getCache(DefaultCacheManager.java:443)
     [java] 	at org.hibernate.ogm.metadata.GridMetadataManagerHelper.getIdentifierCache(GridMetadataManagerHelper.java:74)
{code}",,,
7493,ISPN-1049,"cluster {A, B, C, D}, dist, numOwners=3.
transaction started on A touches B and C. A prepares then C crashes.
When TM commits the user gets a TimeoutException as commit rpc to C failed.
The state of the cluster after commit is: tx state successfully applied on A and B, but not on D!
The tx should successfully be applied on D as well, as numOwners=3. Or, at least, it should rollback on A and B as well; the point being the cluster should remain in a consistent state.   ",,,
7498,ISPN-1046,"Infinispan REST war fails to deploy in AS6:

{code}Caused by: java.lang.Error: Error visiting ""/Users/z/Go/code/as.svn/trunk/build/target/jboss-6.0.1-SNAPSHOT/server/ispnrestwar/deploy/infinispan.war/WEB-INF/lib/scala-library-2.8.1.jar/scala/Function$$anonfun$untupled$2.class""
	at org.jboss.classloading.plugins.vfs.VFSResourceVisitor.visit(VFSResourceVisitor.java:268) [jboss-classloading-vfs.jar:2.2.0.GA]
	at org.jboss.vfs.VirtualFile.visit(VirtualFile.java:408) [jboss-vfs.jar:3.0.0.GA]
	at org.jboss.vfs.VirtualFile.visit(VirtualFile.java:410) [jboss-vfs.jar:3.0.0.GA]
	at org.jboss.vfs.VirtualFile.visit(VirtualFile.java:396) [jboss-vfs.jar:3.0.0.GA]
	at org.jboss.classloading.plugins.vfs.VFSResourceVisitor.visit(VFSResourceVisitor.java:102) [jboss-classloading-vfs.jar:2.2.0.GA]
	at org.jboss.deployers.vfs.plugins.classloader.VFSDeploymentClassLoaderPolicyModule.visit(VFSDeploymentClassLoaderPolicyModule.java:181) [:2.2.0.GA]
	at org.jboss.scanning.plugins.DeploymentUnitScanner.scan(DeploymentUnitScanner.java:111) [:1.0.0.GA]
	at org.jboss.scanning.spi.helpers.UrlScanner.scan(UrlScanner.java:96) [:1.0.0.GA]
	at org.jboss.scanning.deployers.ScanningDeployer.deploy(ScanningDeployer.java:95) [:1.0.0.GA]
	at org.jboss.deployers.plugins.deployers.DeployerWrapper.deploy(DeployerWrapper.java:179) [:2.2.0.GA]
	... 43 more
Caused by: java.lang.RuntimeException: Error visiting resource: VFSResourceContext @ scala/Function$$anonfun$untupled$2.class / BaseClassLoader@6e56103e{vfs:///Users/z/Go/code/as.svn/trunk/build/target/jboss-6.0.1-SNAPSHOT/server/ispnrestwar/deploy/infinispan.war}, visitor: org.jboss.scanning.annotations.plugins.GenericAnnotationVisitor@764d1b64
	at org.jboss.scanning.plugins.visitor.IgnoreSetErrorHandler.handleError(IgnoreSetErrorHandler.java:56) [:1.0.0.GA]
	at org.jboss.scanning.plugins.visitor.ReflectResourceVisitor.visit(ReflectResourceVisitor.java:91) [:1.0.0.GA]
	at org.jboss.scanning.annotations.plugins.AnnotationsScanningPlugin.visit(AnnotationsScanningPlugin.java:89) [:1.0.0.GA]
	at org.jboss.scanning.spi.helpers.ScanningPluginWrapper.visit(ScanningPluginWrapper.java:112) [:1.0.0.GA]
	at org.jboss.classloading.plugins.visitor.FederatedResourceVisitor.visit(FederatedResourceVisitor.java:101) [jboss-classloading.jar:2.2.0.GA]
	at org.jboss.classloading.plugins.vfs.VFSResourceVisitor.visit(VFSResourceVisitor.java:264) [jboss-classloading-vfs.jar:2.2.0.GA]
	... 52 more
Caused by: java.lang.IllegalArgumentException: Null type
	at org.jboss.reflect.plugins.introspection.IntrospectionTypeInfoFactoryImpl.getTypeInfo(IntrospectionTypeInfoFactoryImpl.java:354) [jboss-reflect.jar:2.2.0.GA]
	at org.jboss.reflect.plugins.introspection.IntrospectionTypeInfoFactoryImpl$2.run(IntrospectionTypeInfoFactoryImpl.java:230) [jboss-reflect.jar:2.2.0.GA]
	at org.jboss.reflect.plugins.introspection.IntrospectionTypeInfoFactoryImpl$2.run(IntrospectionTypeInfoFactoryImpl.java:218) [jboss-reflect.jar:2.2.0.GA]
	at java.security.AccessController.doPrivileged(Native Method) [:1.6.0_22]
	at org.jboss.reflect.plugins.introspection.IntrospectionTypeInfoFactoryImpl.getMethods(IntrospectionTypeInfoFactoryImpl.java:217) [jboss-reflect.jar:2.2.0.GA]
	at org.jboss.reflect.plugins.ClassInfoImpl.getDeclaredMethods(ClassInfoImpl.java:416) [jboss-reflect.jar:2.2.0.GA]
	at org.jboss.scanning.plugins.visitor.ClassHierarchyResourceVisitor.handleClass(ClassHierarchyResourceVisitor.java:80) [:1.0.0.GA]
	at org.jboss.scanning.plugins.visitor.ReflectResourceVisitor.doVisit(ReflectResourceVisitor.java:108) [:1.0.0.GA]
	at org.jboss.scanning.plugins.visitor.ReflectResourceVisitor.visit(ReflectResourceVisitor.java:86) [:1.0.0.GA]
	... 56 more {code}
",,,
7499,ISPN-1043,"We have to ensure that only properly booted and clustered Infinispan cache nodes are used for distributed execution and mapreduce

http://community.jboss.org/thread/165231?tstart=0",,,
7503,ISPN-1041,"If Callable submitted for distributed execution contains mutable instance fields they might get mutated locally before being sent for a remote execution thus potentially resulting in wrong results being returned to a task invoker. Just before Callable is dispersed across cluster it gets invoked locally where instance fields of a submitted Callable can be possibly mutated; Callable is in turn sent to remote nodes with mutated values instead of ""original"" field values as submitted by user. 

We need to ensure that each execution node gets a pristine version of Callable object submitted by the user.",,,
7508,ISPN-1036,"I'm not sure how it happened or how to reproduce it, but I think it might make sense to inspect the code and consider that ""TransactionTable.getLocalTransaction"" might return null.
I think it timed out because I was having a breackpoit during debug, I found this stacktrace later in the logs:

{noformat} 
12:43:09,548  INFO SessionFactoryImpl:927 - closing
12:43:30,047  WARN arjuna:471 - ARJUNA-12117 TransactionReaper::check timeout for TX 0:ffff7f000001:e41d:4d9da322:6 in state  RUN
12:43:30,047  WARN arjuna:387 - ARJUNA-12095 Abort of action id 0:ffff7f000001:e41d:4d9da322:6 invoked while multiple threads active within it.
12:43:30,048  WARN arjuna:435 - ARJUNA-12108 CheckedAction::check - atomic action 0:ffff7f000001:e41d:4d9da322:6 aborting with 1 threads active!
12:43:30,049 ERROR TransactionCoordinator:125 - Exception while rollback
java.lang.NullPointerException
	at java.util.concurrent.ConcurrentHashMap.get(ConcurrentHashMap.java:768)
	at org.infinispan.transaction.TransactionTable.getLocalTransaction(TransactionTable.java:329)
	at org.infinispan.interceptors.InvocationContextInterceptor.stoppingAndNotAllowed(InvocationContextInterceptor.java:130)
	at org.infinispan.interceptors.InvocationContextInterceptor.handleAll(InvocationContextInterceptor.java:80)
	at org.infinispan.interceptors.InvocationContextInterceptor.handleDefault(InvocationContextInterceptor.java:62)
	at org.infinispan.commands.AbstractVisitor.visitRollbackCommand(AbstractVisitor.java:111)
	at org.infinispan.commands.tx.RollbackCommand.acceptVisitor(RollbackCommand.java:47)
	at org.infinispan.interceptors.base.CommandInterceptor.invokeNextInterceptor(CommandInterceptor.java:118)
	at org.infinispan.interceptors.BatchingInterceptor.handleDefault(BatchingInterceptor.java:76)
	at org.infinispan.commands.AbstractVisitor.visitRollbackCommand(AbstractVisitor.java:111)
	at org.infinispan.commands.tx.RollbackCommand.acceptVisitor(RollbackCommand.java:47)
	at org.infinispan.interceptors.InterceptorChain.invoke(InterceptorChain.java:273)
	at org.infinispan.transaction.TransactionCoordinator.rollback(TransactionCoordinator.java:123)
	at org.infinispan.transaction.xa.TransactionXaAdapter.rollback(TransactionXaAdapter.java:90)
	at com.arjuna.ats.internal.jta.resources.arjunacore.XAResourceRecord.topLevelAbort(XAResourceRecord.java:336)
	at com.arjuna.ats.arjuna.coordinator.BasicAction.doAbort(BasicAction.java:2902)
	at com.arjuna.ats.arjuna.coordinator.BasicAction.doAbort(BasicAction.java:2881)
	at com.arjuna.ats.arjuna.coordinator.BasicAction.Abort(BasicAction.java:1602)
	at com.arjuna.ats.arjuna.coordinator.TwoPhaseCoordinator.cancel(TwoPhaseCoordinator.java:119)
	at com.arjuna.ats.arjuna.AtomicAction.cancel(AtomicAction.java:212)
	at com.arjuna.ats.arjuna.coordinator.TransactionReaper.doCancellations(TransactionReaper.java:367)
	at com.arjuna.ats.internal.arjuna.coordinator.ReaperWorkerThread.run(ReaperWorkerThread.java:79)
12:43:30,053  WARN jta:193 - ARJUNA-16045 attempted rollback of < formatId=131076, gtrid_length=29, bqual_length=28, tx_uid=0:ffff7f000001:e41d:4d9da322:6, node_name=1, branch_uid=0:ffff7f000001:e41d:4d9da322:8, eis_name=unknown eis name > (TransactionXaAdapter{localTransaction=LocalXaTransaction{xid=< formatId=131076, gtrid_length=29, bqual_length=28, tx_uid=0:ffff7f000001:e41d:4d9da322:6, node_name=1, branch_uid=0:ffff7f000001:e41d:4d9da322:8, eis_name=unknown eis name >} LocalTransaction{remoteLockedNodes=null, isMarkedForRollback=false, transaction=TransactionImple < ac, BasicAction: 0:ffff7f000001:e41d:4d9da322:6 status: ActionStatus.ABORTING >} org.infinispan.transaction.xa.LocalXaTransaction@329d4738}) failed with exception code XAException.XA_HEURHAZ
javax.transaction.xa.XAException
	at org.infinispan.transaction.TransactionCoordinator.rollback(TransactionCoordinator.java:126)
	at org.infinispan.transaction.xa.TransactionXaAdapter.rollback(TransactionXaAdapter.java:90)
	at com.arjuna.ats.internal.jta.resources.arjunacore.XAResourceRecord.topLevelAbort(XAResourceRecord.java:336)
	at com.arjuna.ats.arjuna.coordinator.BasicAction.doAbort(BasicAction.java:2902)
	at com.arjuna.ats.arjuna.coordinator.BasicAction.doAbort(BasicAction.java:2881)
	at com.arjuna.ats.arjuna.coordinator.BasicAction.Abort(BasicAction.java:1602)
	at com.arjuna.ats.arjuna.coordinator.TwoPhaseCoordinator.cancel(TwoPhaseCoordinator.java:119)
	at com.arjuna.ats.arjuna.AtomicAction.cancel(AtomicAction.java:212)
	at com.arjuna.ats.arjuna.coordinator.TransactionReaper.doCancellations(TransactionReaper.java:367)
	at com.arjuna.ats.internal.arjuna.coordinator.ReaperWorkerThread.run(ReaperWorkerThread.java:79)
{noformat} ",,,
7509,ISPN-1035,"When Infinispan servers need to decode keys and values only once per request, otherwise it can generate a lot of garbage byte[]s instances. This is particularly important when bigger key/values are used. The way to do that is tell Netty about intermediate stages of reading a request so that the entire request is not re-read if the entire request has not been read in one go.",,,
7566,ISPN-1034,"If Jgroups cluster startup throws an Exception the CacheManager becomes ""corrupted"", and a retry to get the cache from the CacheManager fails even with the underlying issue removed.

For example, with the following code:

=============================================================
private Cache initCache(String name)
{
    Cache cache;
    for(int i = 0; i < 2; i++)
    {
	try
	{
	    System.out.println(i + "" cacheManager.getCache"");
	    cache = cacheManager.getCache(name);

	    System.out.println(i + "" cache.start()"");
	    cache.start();

	    System.out.println(i + "" done"");
	    return cache;
	}
	catch (Exception e)
	{
	    System.out.println(i + "" exception:"");
	    e.printStackTrace(System.out);
	    try
	    {
		Thread.sleep(5000);
	    }
	    catch (InterruptedException e1)
	    {
		// ignore
	    }
	}
    }

    return null;
}
=============================================================

I can get the following output when JGroups does not start (due to an unrelated issue -- http://bugs.sun.com/bugdatabase/view_bug.do?bug_id=7032558):

0 cacheManager.getCache
0 exception:
org.infinispan.CacheException: Unable to invoke method public abstract void org.infinispan.remoting.transport.Transport.start() on object 
	at org.infinispan.util.ReflectionUtil.invokeAccessibly(ReflectionUtil.java:174)
	at org.infinispan.factories.AbstractComponentRegistry$PrioritizedMethod.invoke(AbstractComponentRegistry.java:889)
	at org.infinispan.factories.AbstractComponentRegistry.internalStart(AbstractComponentRegistry.java:687)
	at org.infinispan.factories.AbstractComponentRegistry.start(AbstractComponentRegistry.java:589)
	at org.infinispan.factories.GlobalComponentRegistry.start(GlobalComponentRegistry.java:137)
	at org.infinispan.factories.ComponentRegistry.start(ComponentRegistry.java:137)
	at org.infinispan.CacheDelegate.start(CacheDelegate.java:323)
	at org.infinispan.manager.DefaultCacheManager.createCache(DefaultCacheManager.java:516)
	at org.infinispan.manager.DefaultCacheManager.getCache(DefaultCacheManager.java:439)
	at com.algo.msg.mobjectcache.InfinispanCacheStore.initCache(InfinispanCacheStore.java:105)
	at com.algo.msg.mobjectcache.InfinispanCacheStore.init(InfinispanCacheStore.java:88)
	at com.algo.msg.mobjectcache.InfinispanCacheStore.main(InfinispanCacheStore.java:396)
	at sun.reflect.NativeMethodAccessorImpl.invoke0(Native Method)
	at sun.reflect.NativeMethodAccessorImpl.invoke(NativeMethodAccessorImpl.java:39)
	at sun.reflect.DelegatingMethodAccessorImpl.invoke(DelegatingMethodAccessorImpl.java:25)
	at java.lang.reflect.Method.invoke(Method.java:597)
	at com.intellij.rt.execution.application.AppMain.main(AppMain.java:115)
Caused by: java.lang.reflect.InvocationTargetException
	at sun.reflect.NativeMethodAccessorImpl.invoke0(Native Method)
	at sun.reflect.NativeMethodAccessorImpl.invoke(NativeMethodAccessorImpl.java:39)
	at sun.reflect.DelegatingMethodAccessorImpl.invoke(DelegatingMethodAccessorImpl.java:25)
	at java.lang.reflect.Method.invoke(Method.java:597)
	at org.infinispan.util.ReflectionUtil.invokeAccessibly(ReflectionUtil.java:171)
	... 16 more
Caused by: org.infinispan.CacheException: org.jgroups.ChannelException: unable to setup the protocol stack
	at org.infinispan.remoting.transport.jgroups.JGroupsTransport.buildChannel(JGroupsTransport.java:261)
	at org.infinispan.remoting.transport.jgroups.JGroupsTransport.initChannel(JGroupsTransport.java:211)
	at org.infinispan.remoting.transport.jgroups.JGroupsTransport.initChannelAndRPCDispatcher(JGroupsTransport.java:227)
	at org.infinispan.remoting.transport.jgroups.JGroupsTransport.start(JGroupsTransport.java:154)
	... 21 more
Caused by: org.jgroups.ChannelException: unable to setup the protocol stack
	at org.jgroups.JChannel.init(JChannel.java:1728)
	at org.jgroups.JChannel.<init>(JChannel.java:249)
	at org.jgroups.JChannel.<init>(JChannel.java:215)
	at org.infinispan.remoting.transport.jgroups.JGroupsTransport.buildChannel(JGroupsTransport.java:258)
	... 24 more
Caused by: java.net.SocketException: No such device
	at java.net.NetworkInterface.isUp0(Native Method)
	at java.net.NetworkInterface.isUp(NetworkInterface.java:327)
	at org.jgroups.util.Util.getAddress(Util.java:3406)
	at org.jgroups.util.Util.getNonLoopbackAddress(Util.java:3392)
	at org.jgroups.stack.Configurator.setDefaultValues(Configurator.java:726)
	at org.jgroups.stack.Configurator.setupProtocolStack(Configurator.java:114)
	at org.jgroups.stack.Configurator.setupProtocolStack(Configurator.java:53)
	at org.jgroups.stack.ProtocolStack.setup(ProtocolStack.java:534)
	at org.jgroups.JChannel.init(JChannel.java:1725)
	... 27 more
1 cacheManager.getCache
1 cache.start()
1 exception:
org.infinispan.CacheException: Unable to invoke method private void org.infinispan.transaction.xa.TransactionTable.start() on object 
	at org.infinispan.util.ReflectionUtil.invokeAccessibly(ReflectionUtil.java:174)
	at org.infinispan.factories.AbstractComponentRegistry$PrioritizedMethod.invoke(AbstractComponentRegistry.java:889)
	at org.infinispan.factories.AbstractComponentRegistry.internalStart(AbstractComponentRegistry.java:687)
	at org.infinispan.factories.AbstractComponentRegistry.start(AbstractComponentRegistry.java:589)
	at org.infinispan.factories.ComponentRegistry.start(ComponentRegistry.java:147)
	at org.infinispan.CacheDelegate.start(CacheDelegate.java:323)
	at com.algo.msg.mobjectcache.InfinispanCacheStore.initCache(InfinispanCacheStore.java:108)
	at com.algo.msg.mobjectcache.InfinispanCacheStore.init(InfinispanCacheStore.java:88)
	at com.algo.msg.mobjectcache.InfinispanCacheStore.main(InfinispanCacheStore.java:396)
	at sun.reflect.NativeMethodAccessorImpl.invoke0(Native Method)
	at sun.reflect.NativeMethodAccessorImpl.invoke(NativeMethodAccessorImpl.java:39)
	at sun.reflect.DelegatingMethodAccessorImpl.invoke(DelegatingMethodAccessorImpl.java:25)
	at java.lang.reflect.Method.invoke(Method.java:597)
	at com.intellij.rt.execution.application.AppMain.main(AppMain.java:115)
Caused by: java.lang.reflect.InvocationTargetException
	at sun.reflect.NativeMethodAccessorImpl.invoke0(Native Method)
	at sun.reflect.NativeMethodAccessorImpl.invoke(NativeMethodAccessorImpl.java:39)
	at sun.reflect.DelegatingMethodAccessorImpl.invoke(DelegatingMethodAccessorImpl.java:25)
	at java.lang.reflect.Method.invoke(Method.java:597)
	at org.infinispan.util.ReflectionUtil.invokeAccessibly(ReflectionUtil.java:171)
	... 13 more
Caused by: java.lang.NullPointerException
	at org.infinispan.manager.DefaultCacheManager.addListener(DefaultCacheManager.java:562)
	at org.infinispan.transaction.xa.TransactionTable.start(TransactionTable.java:105)
	... 18 more


On the second attempt, the Exception is no longer the same, but rather a NPE in the DefaultCacheManager.

The NPE occurs EVEN WHEN the underlying cause of the first Exception(in my case a network interface that was causing JGroups channel init to fail) has been removed during the sleep time between the attempts, and therefore the program is stuck until a new DefaultCacheManager is created. With a dependency injection approach, creating a new manager for retries is not always feasible or desirable.
",,,
7571,ISPN-1033,"Sometimes UnnnecessaryLoadingTest is failing:

http://hudson.infinispan.org/hudson/job/Infinispan-master-JDK6-tcp/org.infinispan$infinispan-core/236/testReport/org.infinispan.loaders/UnnnecessaryLoadingTest/org_infinispan_loaders_UnnnecessaryLoadingTest_testSkipCacheLoadFlagUsage/

It would appear as if the store is being cleared while the test is running which would make the previous value not exist. In its current form, the test methods should be executed sequentially to make sure they work as expected.",,,
7572,ISPN-1031,"When recovery is enabled, recovery information(i.e. the PrepareCommand) should only be removed from the system by the async rpc send by the transaction originator. ATM this is not the case: recovery info is removed (too early) during the commit/rollback rpc.   ",,,
7579,ISPN-1026,"JMX stats are enabled, but all nodes are using the same domain name. during a real execution it works fine as they are in different JVMs, though the unit tests fail.",,,
7580,ISPN-1025,"I only reproduced this once while running the core test suite.

FutureCollator.getResponseList() waits in a loop, but only checks for timeout before starting the loop.
So if it doesn't get any response it will wait indefinitely.",,,
7581,ISPN-1020,"Sometimes the HotRod client test suite hangs at the end.
Almost all of the live threads are client worker threads or server threads, the only test method running after a while is ClientConnectionPoolingTest.tearDown:

   java.lang.Thread.State: TIMED_WAITING (parking)
        at sun.misc.Unsafe.park(Native Method)
        - parking to wait for  <0x765e2148> (a java.util.concurrent.locks.AbstractQueuedSynchronizer$ConditionObject)
        at java.util.concurrent.locks.LockSupport.parkNanos(LockSupport.java:226)
        at java.util.concurrent.locks.AbstractQueuedSynchronizer$ConditionObject.awaitNanos(AbstractQueuedSynchronizer.java:2081)
        at java.util.concurrent.ThreadPoolExecutor.awaitTermination(ThreadPoolExecutor.java:1425)
        at org.jboss.netty.util.internal.ExecutorUtil.terminate(ExecutorUtil.java:87)
        at org.jboss.netty.channel.socket.nio.NioServerSocketChannelFactory.releaseExternalResources(NioServerSocketChannelFactory.java:146)
        at org.infinispan.server.core.transport.netty.NettyTransport.stop(NettyTransport.scala:117)
        at org.infinispan.server.core.AbstractProtocolServer.stop(AbstractProtocolServer.scala:96)
        at org.infinispan.server.hotrod.HotRodServer.stop(HotRodServer.scala:169)
        at org.infinispan.client.hotrod.ClientConnectionPoolingTest.tearDown(ClientConnectionPoolingTest.java:103)
",,,
7588,ISPN-1017,"The HotRod client test suite sometimes sometimes hangs on my machine and the thread dump shows a lot of stack traces like this:

""pool-2-thread-20"" prio=10 tid=0x6a63ec00 nid=0x2d71 runnable [0x6943e000]
   java.lang.Thread.State: RUNNABLE
        at java.util.HashMap.get(HashMap.java:320)
        at org.infinispan.factories.ComponentRegistry.isGlobal(ComponentRegistry.java:138)
        at org.infinispan.factories.ComponentRegistry.registerComponent(ComponentRegistry.java:130)
        at org.infinispan.factories.AbstractComponentRegistry.registerComponent(AbstractComponentRegistry.java:185)
        at org.infinispan.factories.AbstractComponentRegistry.getOrCreateComponent(AbstractComponentRegistry.java:326)
        at org.infinispan.factories.AbstractComponentRegistry.invokeInjectionMethod(AbstractComponentRegistry.java:254)
        at org.infinispan.factories.AbstractComponentRegistry$Component.injectDependencies(AbstractComponentRegistry.java:843)
        at org.infinispan.factories.AbstractComponentRegistry.registerComponent(AbstractComponentRegistry.java:228)
        at org.infinispan.factories.ComponentRegistry.registerComponent(ComponentRegistry.java:133)
        at org.infinispan.factories.AbstractComponentRegistry.registerComponent(AbstractComponentRegistry.java:185)
        at org.infinispan.factories.InternalCacheFactory.bootstrap(InternalCacheFactory.java:102)
        at org.infinispan.factories.InternalCacheFactory.createAndWire(InternalCacheFactory.java:77)
        at org.infinispan.factories.InternalCacheFactory.createCache(InternalCacheFactory.java:61)
        at org.infinispan.manager.DefaultCacheManager.createCache(DefaultCacheManager.java:538)
        at org.infinispan.manager.DefaultCacheManager.getCache(DefaultCacheManager.java:443)
        at org.infinispan.manager.DefaultCacheManager.getCache(DefaultCacheManager.java:412)
        at org.infinispan.server.core.AbstractProtocolServer.startDefaultCache(AbstractProtocolServer.scala:108)
        at org.infinispan.server.core.AbstractProtocolServer.start(AbstractProtocolServer.scala:69)
        at org.infinispan.server.hotrod.HotRodServer.start(HotRodServer.scala:48)
        at org.infinispan.server.hotrod.test.HotRodTestingUtil$.startHotRodServer(HotRodTestingUtil.scala:77)
        at org.infinispan.server.hotrod.test.HotRodTestingUtil$.startHotRodServer(HotRodTestingUtil.scala:57)
        at org.infinispan.server.hotrod.test.HotRodTestingUtil$.startHotRodServer(HotRodTestingUtil.scala:46)
        at org.infinispan.server.hotrod.test.HotRodTestingUtil$.startHotRodServer(HotRodTestingUtil.scala:43)
        at org.infinispan.server.hotrod.test.HotRodTestingUtil$.startHotRodServer(HotRodTestingUtil.scala:37)
        at org.infinispan.server.hotrod.test.HotRodTestingUtil.startHotRodServer(HotRodTestingUtil.scala)
        at org.infinispan.client.hotrod.TestHelper.startHotRodServer(TestHelper.java:34)
        at org.infinispan.client.hotrod.CacheManagerStoppedTest.createCacheManager(CacheManagerStoppedTest.java:31)

This seems to be caused by the fact that the componentScopesLookup map is not synchronized and multiple threads write to it at the same time, leaving it in an invalid state.
",,,
7589,ISPN-1016,"When encoding a Hot Rod response, if the encoder discovers that the client has an old view, it decides that a new topology needs to be sent to the client. Now, when building this view in distributed caches, the encoder checks whether in the new view, any of the nodes hash ids has changed, and if so, it sends a cluster wide replace with the view containing the new hash ids.

This seems to cause some deadlocks as shown in JBPAPP-6113 where one node is timing to send the replace to other node, and another node is timing out doing the same. This needs further thinking but have some ideas in mind...

On top of that, it appears that a failure here is causing problems the requests after that, so some thinking needs to be done to see if that replace() call can be moved out of there...",,,
7591,ISPN-1013,"This is confusing:

{code}org.infinispan.client.hotrod.exceptions.InvalidResponseException:: Invalid message id. Expected cfec and received 84b6{code}

Message Ids are more readable as numbers rather than hex. The protocol uses hex numbers for things like error codes and those make sense being shown as hex so that they can be easily mapped to the protocol documentation. But for msg ids it should be left as is.",,,
7592,ISPN-1012,"I have a test case that have 30,000 entries in cache in dist mode with number of owner set to 2 and L1 is disabled. A new node join the cluster, then the total number of entries in all cache is larger than 60,000. Even worse, after I execute cache.clear() on all caches in the cluster, there are still lots of entries left. 

The attached unit test can reproduce this issue.",,,
7615,ISPN-1010,"Infinispan's clustered cache loader does not seem to be capable of dealing with two or more identical responses:

{code}[JBoss] org.infinispan.loaders.CacheLoaderException: Response length is always 0 or 1, received: [SuccessfulResponse{responseValue=ImmortalCacheValue{value=TopologyView(2,List(TopologyAddress(172.17.65.254,11222,Map(),perf02-7642), TopologyAddress(172.17.67.254,11222,Map(),perf04-36806)))}} , SuccessfulResponse{responseValue=ImmortalCacheValue{value=TopologyView(2,List(TopologyAddress(172.17.65.254,11222,Map(),perf02-7642), TopologyAddress(172.17.67.254,11222,Map(),perf04-36806)))}} ]
[JBoss] 	at org.infinispan.loaders.cluster.ClusterCacheLoader.load(ClusterCacheLoader.java:57){code}",,,
7616,ISPN-1007,"When eagerLockSingleNode=""true"", if the main data owner of a key changes during a transaction then the k might end up in inconsistent state.
A solution to avoid this is:
- on topology change, if a eagerLockSingleNode is enabled, iterate over all transactions's keys
- if the main owner for a key has changed then just mark the tx for rollback

This way, on next operation for that transaction an exception should be thrown, e.g. TxRollbackOnlyException",,,
7621,ISPN-1004,"In the search module the org.infinispan.query.impl.LifecycleManager is registered via the infinispan-module.properties, but the method
{code}org.infinispan.query.impl.LifecycleManager.cacheStarting(ComponentRegistry, Configuration, String){code}
Is invoked twice for each cache initialization.

The implementation needs to register an interceptor, and some objects in the componentregistry. The tricky part is that some of these components are overwritten, some are not, leading to an inconsistent initialization (Query was made useless).

I'm working around this in Query to register my needed components only if they're not already, but this is inconsistent as well as I might need to reconfigure it.",,,
7623,ISPN-997,"Hi,
 
I Have a 2 infinispan node cluster setup. I am facing problem when i try to access the cache entries inserted in Node1 from Node2. I am using JDBC shared cacheloader. Exception looks like below..
 
Reading the keys inserted in Node1
Mar 16, 2011 1:57:44 AM org.infinispan.loaders.jdbc.JdbcUtil unmarshall
SEVERE: I/O error while unmarshalling from stream
java.io.IOException: Unsupported protocol version 48
          at org.jboss.marshalling.river.RiverUnmarshaller.doStart(RiverUnmarshaller.java:1167)
          at org.jboss.marshalling.AbstractUnmarshaller.start(AbstractUnmarshaller.java:389)
          at org.infinispan.marshall.jboss.GenericJBossMarshaller.startObjectInput(GenericJBossMarshaller.java:169)
          at org.infinispan.marshall.VersionAwareMarshaller.startObjectInput(VersionAwareMarshaller.java:155)
          at org.infinispan.marshall.VersionAwareMarshaller.objectFromByteBuffer(VersionAwareMarshaller.java:112)
          at org.infinispan.marshall.AbstractStreamingMarshaller.objectFromInputStream(AbstractStreamingMarshaller.java:23)
          at org.infinispan.loaders.jdbc.JdbcUtil.unmarshall(JdbcUtil.java:88)
          at org.infinispan.loaders.jdbc.stringbased.JdbcStringBasedCacheStore.readStoredEntry(JdbcStringBasedCacheStore.java:371)
          at org.infinispan.loaders.jdbc.stringbased.JdbcStringBasedCacheStore.loadLockSafe(JdbcStringBasedCacheStore.java:296)
          at org.infinispan.loaders.LockSupportCacheStore.load(LockSupportCacheStore.java:100)
          at org.infinispan.interceptors.CacheLoaderInterceptor.loadIfNeeded(CacheLoaderInterceptor.java:149)
          at org.infinispan.interceptors.CacheLoaderInterceptor.loadIfNeededAndUpdateStats(CacheLoaderInterceptor.java:218)
          at org.infinispan.interceptors.CacheLoaderInterceptor.visitGetKeyValueCommand(CacheLoaderInterceptor.java:89)
          at org.infinispan.commands.read.GetKeyValueCommand.acceptVisitor(GetKeyValueCommand.java:59)
          at org.infinispan.interceptors.base.CommandInterceptor.invokeNextInterceptor(CommandInterceptor.java:118)
          at org.infinispan.interceptors.base.CommandInterceptor.handleDefault(CommandInterceptor.java:132)
          at org.infinispan.commands.AbstractVisitor.visitGetKeyValueCommand(AbstractVisitor.java:88)
          at org.infinispan.commands.read.GetKeyValueCommand.acceptVisitor(GetKeyValueCommand.java:59)
          at org.infinispan.interceptors.base.CommandInterceptor.invokeNextInterceptor(CommandInterceptor.java:118)
          at org.infinispan.interceptors.TxInterceptor.enlistReadAndInvokeNext(TxInterceptor.java:169)
          at org.infinispan.interceptors.TxInterceptor.visitGetKeyValueCommand(TxInterceptor.java:160)
          at org.infinispan.commands.read.GetKeyValueCommand.acceptVisitor(GetKeyValueCommand.java:59)
          at org.infinispan.interceptors.base.CommandInterceptor.invokeNextInterceptor(CommandInterceptor.java:118)
          at org.infinispan.interceptors.InvocationContextInterceptor.handleAll(InvocationContextInterceptor.java:87)
          at org.infinispan.interceptors.InvocationContextInterceptor.handleDefault(InvocationContextInterceptor.java:58)
          at org.infinispan.commands.AbstractVisitor.visitGetKeyValueCommand(AbstractVisitor.java:88)
          at org.infinispan.commands.read.GetKeyValueCommand.acceptVisitor(GetKeyValueCommand.java:59)
          at org.infinispan.interceptors.InterceptorChain.invoke(InterceptorChain.java:273)
          at org.infinispan.CacheDelegate.get(CacheDelegate.java:207)
          at com.hp.uup.cache.examples.EmbeddedCacheClusterNode2.main(EmbeddedCacheClusterNode2.java:58)
Mar 16, 2011 1:57:44 AM org.infinispan.interceptors.InvocationContextInterceptor handleAll
SEVERE: Execution error:
org.infinispan.loaders.CacheLoaderException: I/O error while unmarshalling from stream
          at org.infinispan.loaders.jdbc.JdbcUtil.unmarshall(JdbcUtil.java:92)
          at org.infinispan.loaders.jdbc.stringbased.JdbcStringBasedCacheStore.readStoredEntry(JdbcStringBasedCacheStore.java:371)
          at org.infinispan.loaders.jdbc.stringbased.JdbcStringBasedCacheStore.loadLockSafe(JdbcStringBasedCacheStore.java:296)
          at org.infinispan.loaders.LockSupportCacheStore.load(LockSupportCacheStore.java:100)
          at org.infinispan.interceptors.CacheLoaderInterceptor.loadIfNeeded(CacheLoaderInterceptor.java:149)
          at org.infinispan.interceptors.CacheLoaderInterceptor.loadIfNeededAndUpdateStats(CacheLoaderInterceptor.java:218)
          at org.infinispan.interceptors.CacheLoaderInterceptor.visitGetKeyValueCommand(CacheLoaderInterceptor.java:89)
          at org.infinispan.commands.read.GetKeyValueCommand.acceptVisitor(GetKeyValueCommand.java:59)
          at org.infinispan.interceptors.base.CommandInterceptor.invokeNextInterceptor(CommandInterceptor.java:118)
          at org.infinispan.interceptors.base.CommandInterceptor.handleDefault(CommandInterceptor.java:132)
          at org.infinispan.commands.AbstractVisitor.visitGetKeyValueCommand(AbstractVisitor.java:88)
          at org.infinispan.commands.read.GetKeyValueCommand.acceptVisitor(GetKeyValueCommand.java:59)
          at org.infinispan.interceptors.base.CommandInterceptor.invokeNextInterceptor(CommandInterceptor.java:118)
          at org.infinispan.interceptors.TxInterceptor.enlistReadAndInvokeNext(TxInterceptor.java:169)
          at org.infinispan.interceptors.TxInterceptor.visitGetKeyValueCommand(TxInterceptor.java:160)
          at org.infinispan.commands.read.GetKeyValueCommand.acceptVisitor(GetKeyValueCommand.java:59)
          at org.infinispan.interceptors.base.CommandInterceptor.invokeNextInterceptor(CommandInterceptor.java:118)
          at org.infinispan.interceptors.InvocationContextInterceptor.handleAll(InvocationContextInterceptor.java:87)
          at org.infinispan.interceptors.InvocationContextInterceptor.handleDefault(InvocationContextInterceptor.java:58)
          at org.infinispan.commands.AbstractVisitor.visitGetKeyValueCommand(AbstractVisitor.java:88)
          at org.infinispan.commands.read.GetKeyValueCommand.acceptVisitor(GetKeyValueCommand.java:59)
          at org.infinispan.interceptors.InterceptorChain.invoke(InterceptorChain.java:273)
          at org.infinispan.CacheDelegate.get(CacheDelegate.java:207)
          at com.hp.uup.cache.examples.EmbeddedCacheClusterNode2.main(EmbeddedCacheClusterNode2.java:58)
Caused by: java.io.IOException: Unsupported protocol version 48


Note: I am able to see the data inserted by both the nodes in DB.",,,
7626,ISPN-991,"When Netty has some issues, it uses a logger which by default directs to the JDK logger. As shown in JBPAPP-6112, this causes issues, so I'd suggest forcing Netty to use the same logger Infinispan does. So, if Infinispan is configured with Log4J, so Netty and that can be forced by calling:

{code}InternalLoggerFactory.setDefaultFactory(new Log4JLoggerFactory());{code}
",,,
7627,ISPN-988,"This is important, since it now generates meaningless logs.

https://github.com/infinispan/infinispan/blob/master/server/hotrod/src/main/scala/org/infinispan/server/hotrod/HotRodServer.scala#L64

See JBPAPP-6132 for an example",,,
7639,ISPN-982,"It seems that during test execution of the core module (master branch) the number of used threads ramps up quite noticeably.
On Linux this is likely to hit the barrier of permitted threads per process, which will prevent the GC thread to start and in turn send the testsuite to critical failure via a very misleading OOM exception.

you can observe the behaviour running the testsuite and attaching jconsole to it, on the ""threads"" tab you'll see the number raising. In my case it goes up to around ~800 threads before being killed (long before the tests are finished).",,,
7653,ISPN-978,"In the distribution archives infinispan-version-all.zip and infinispan-version-bin.zip, infinispan-core.jar should be in the directory ""infinispan-version"". Instead it's in  ""infinispan-version/."".

This causes a problem with some archivers, most notably Windows Explorer, which ignore the contents of the ""."" directory and only extract the rest of the archive.",,,
7655,ISPN-977,"When the KAS is registered for single not cluster, when the cluster increases size, the old keys from KAS are not purged, resulting in an inconsistent key set. 

Usable UT on the forums: http://community.jboss.org/message/592275#592275",,,
7659,ISPN-969,"Configuring HotRot caches to use BdbjeCacheStore as a cache store does not work:

- try to put a value (string) for a key (string)

- CacheLoaderInterceptor.loadIfNeeded() is invoked

- BdbjeCacheStore.load(Object key) throws as the key is an ByteArrayKey and not serializable",,,
7665,ISPN-965,"Loading data from CacheStore using method  public final Set<InternalCacheEntry> loadSome(int maxEntries) throws CacheLoaderException failed due to query 
""SELECT %s, %s FROM %s LIMIT ?"" is not correct for HSQLDB 1.8.0.7 since it required ""ORDER BY"" before ""LIMIT""",,,
7666,ISPN-850,"replaceWithVersion javadoc is incorrect:

   /**
    * Removes the given value only if its version matches the supplied version. See {@link #removeWithVersion(Object,
    * long)} for a sample usage.
    *
    * @return true if the method has been replaced
    * @see #getVersioned(Object)
    * @see VersionedValue
    */
",,,
7667,ISPN-761,"Passivated cache entries are not represented in values returned by the keySet(), entrySet(), values(), and size() Cache methods.  This results in inconsistent behavior, since it is possible that a given cache key may not be contained in keySet() even though Cache.get(...) would return a non-null value if the entry was previously passivated.

I think CacheLoaderInterceptor needs to implement the following methods:

   Object visitSizeCommand(InvocationContext ctx, SizeCommand command) throws Throwable
   Object visitValuesCommand(InvocationContext ctx, ValuesCommand command) throws Throwable
   Object visitEntrySetCommand(InvocationContext ctx, EntrySetCommand command) throws Throwable
   Object visitKeySetCommand(InvocationContext ctx, KeySetCommand command) throws Throwable
",,,
7693,ISPN-686,"The JdbcStringBasedCacheStore implementation loads the previous data on an insert to find out if it should generate an UPDATE or INSERT statement, while it would perform much better to just verify if the primary key exists.

On top of this, some databases provide ways to avoid the need to check at all, like MySQL's "" INSERT ... ON DUPLICATE KEY UPDATE""
[http://dev.mysql.com/doc/refman/5.0/en/insert-on-duplicate.html]",,,
7695,ISPN-4588,"Exception reported while running in Karaf JpaConfigurationTest.testConfigBuilder

{noformat}
java.lang.IllegalArgumentException: port out of range:65536
    at java.net.InetSocketAddress.checkPort(InetSocketAddress.java:143)
    at java.net.InetSocketAddress.<init>(InetSocketAddress.java:185)
    at java.net.DatagramSocket.<init>(DatagramSocket.java:284)
    at org.jgroups.util.DefaultSocketFactory.createDatagramSocket(DefaultSocketFactory.java:62)
    at org.jgroups.protocols.UDP.createEphemeralDatagramSocket(UDP.java:429)
    at org.jgroups.protocols.UDP.createSockets(UDP.java:311)
    at org.jgroups.protocols.UDP.start(UDP.java:216)
    at org.jgroups.stack.ProtocolStack.startStack(ProtocolStack.java:966)
    at org.jgroups.JChannel.startStack(JChannel.java:889)
    at org.jgroups.JChannel._preConnect(JChannel.java:547)
    at org.jgroups.JChannel.connect(JChannel.java:282)
    at org.jgroups.JChannel.connect(JChannel.java:273)
    at org.infinispan.remoting.transport.jgroups.JGroupsTransport.startJGroupsChannelIfNeeded(JGroupsTransport.java:200)
    at org.infinispan.remoting.transport.jgroups.JGroupsTransport.start(JGroupsTransport.java:191)
    at sun.reflect.GeneratedMethodAccessor113.invoke(Unknown Source)
    at sun.reflect.DelegatingMethodAccessorImpl.invoke(DelegatingMethodAccessorImpl.java:43)
    at java.lang.reflect.Method.invoke(Method.java:606)
    at org.infinispan.commons.util.ReflectionUtil.invokeAccessibly(ReflectionUtil.java:168)
    at org.infinispan.factories.AbstractComponentRegistry$PrioritizedMethod.invoke(AbstractComponentRegistry.java:869)
    at org.infinispan.factories.AbstractComponentRegistry.invokeStartMethods(AbstractComponentRegistry.java:638)
    at org.infinispan.factories.AbstractComponentRegistry.internalStart(AbstractComponentRegistry.java:627)
    at org.infinispan.factories.AbstractComponentRegistry.start(AbstractComponentRegistry.java:530)
    at org.infinispan.factories.GlobalComponentRegistry.start(GlobalComponentRegistry.java:221)
    at org.infinispan.manager.DefaultCacheManager.wireAndStartCache(DefaultCacheManager.java:563)
    at org.infinispan.manager.DefaultCacheManager.createCache(DefaultCacheManager.java:529)
    at org.infinispan.manager.DefaultCacheManager.getCache(DefaultCacheManager.java:409)
    at org.infinispan.persistence.jpa.JpaConfigurationTest.testConfigBuilder(JpaConfigurationTest.java:52)
    at org.infinispan.it.osgi.persistence.jpa.JpaConfigurationTest.testConfigBuilder(JpaConfigurationTest.java:27)
    at sun.reflect.NativeMethodAccessorImpl.invoke0(Native Method)
    at sun.reflect.NativeMethodAccessorImpl.invoke(NativeMethodAccessorImpl.java:57)
    at sun.reflect.DelegatingMethodAccessorImpl.invoke(DelegatingMethodAccessorImpl.java:43)
    at java.lang.reflect.Method.invoke(Method.java:606)
    at org.junit.runners.model.FrameworkMethod$1.runReflectiveCall(FrameworkMethod.java:47)
    at org.junit.internal.runners.model.ReflectiveCallable.run(ReflectiveCallable.java:12)
    at org.junit.runners.model.FrameworkMethod.invokeExplosively(FrameworkMethod.java:44)
    at org.junit.internal.runners.statements.InvokeMethod.evaluate(InvokeMethod.java:17)
    at org.junit.runners.ParentRunner.runLeaf(ParentRunner.java:271)
    at org.junit.runners.BlockJUnit4ClassRunner.runChild(BlockJUnit4ClassRunner.java:70)
    at org.ops4j.pax.exam.invoker.junit.internal.ContainerTestRunner.runChild(ContainerTestRunner.java:67)
    at org.ops4j.pax.exam.invoker.junit.internal.ContainerTestRunner.runChild(ContainerTestRunner.java:37)
    at org.junit.runners.ParentRunner$3.run(ParentRunner.java:238)
    at org.junit.runners.ParentRunner$1.schedule(ParentRunner.java:63)
    at org.junit.runners.ParentRunner.runChildren(ParentRunner.java:236)
    at org.junit.runners.ParentRunner.access$000(ParentRunner.java:53)
    at org.junit.runners.ParentRunner$2.evaluate(ParentRunner.java:229)
    at org.junit.runners.ParentRunner.run(ParentRunner.java:309)
    at org.junit.runner.JUnitCore.run(JUnitCore.java:160)
    at org.junit.runner.JUnitCore.run(JUnitCore.java:138)
    at org.ops4j.pax.exam.invoker.junit.internal.JUnitProbeInvoker.invokeViaJUnit(JUnitProbeInvoker.java:124)
    at org.ops4j.pax.exam.invoker.junit.internal.JUnitProbeInvoker.findAndInvoke(JUnitProbeInvoker.java:97)
    at org.ops4j.pax.exam.invoker.junit.internal.JUnitProbeInvoker.call(JUnitProbeInvoker.java:73)
    at sun.reflect.GeneratedMethodAccessor21.invoke(Unknown Source)
    at sun.reflect.DelegatingMethodAccessorImpl.invoke(DelegatingMethodAccessorImpl.java:43)
    at java.lang.reflect.Method.invoke(Method.java:606)
    at org.ops4j.pax.exam.rbc.internal.RemoteBundleContextImpl.remoteCall(RemoteBundleContextImpl.java:80)
    at sun.reflect.GeneratedMethodAccessor20.invoke(Unknown Source)
    at sun.reflect.DelegatingMethodAccessorImpl.invoke(DelegatingMethodAccessorImpl.java:43)
    at java.lang.reflect.Method.invoke(Method.java:606)
    at sun.rmi.server.UnicastServerRef.dispatch(UnicastServerRef.java:322)
    at sun.rmi.transport.Transport$1.run(Transport.java:177)
    at sun.rmi.transport.Transport$1.run(Transport.java:174)
    at java.security.AccessController.doPrivileged(Native Method)
    at sun.rmi.transport.Transport.serviceCall(Transport.java:173)
    at sun.rmi.transport.tcp.TCPTransport.handleMessages(TCPTransport.java:556)
    at sun.rmi.transport.tcp.TCPTransport$ConnectionHandler.run0(TCPTransport.java:811)
    at sun.rmi.transport.tcp.TCPTransport$ConnectionHandler.run(TCPTransport.java:670)
    at java.util.concurrent.ThreadPoolExecutor.runWorker(ThreadPoolExecutor.java:1145)
    at java.util.concurrent.ThreadPoolExecutor$Worker.run(ThreadPoolExecutor.java:615)
    at java.lang.Thread.run(Thread.java:745)
{noformat}

Related issue in jgroups: https://issues.jboss.org/browse/JGRP-1864

The Karaf container is not using  -Djava.net.preferIPv4Stack=true",,,
7696,ISPN-4583,"This code will iterate over all of the entries in a cache to get the total size:

{code:java}
      public int getTotalSize() {
         log.info(getClass().getName() + "".getTotalSize() for cache "" + cache.getName());
         int totalSize = 0;
         EntryIterable entryIterator = null;
         try {
            entryIterator = cache.filterEntries(new AllEntriesFilter());
            CloseableIterable ci = entryIterator.converter(new AllEntriesConverter());
            Iterator iter = ci.iterator();
            while (iter.hasNext()) {
               iter.next();
               totalSize++;
            }
            return totalSize;
         } finally {
            if (entryIterator != null) {
               try {
                  entryIterator.close();
               } catch (Exception e) {
                  log.error(""Failed to close EntryIterable"", e);
               }
            }
         }
      }
{code}

I wanted to verify that this code would also work when I was using passivation and a cachestore. The repl-udp-no-tx-leveldb-jni.xml file defines the configuration that I am using. I run a test that puts random data into the cache then checks the size of the cache, but I am getting a bunch of ClassCastException exceptions during the iteration:

{noformat}
java.lang.ClassCastException: java.lang.String cannot be cast to org.infinispan.container.entries.InternalCacheEntry
        at org.infinispan.iteration.impl.LocalEntryRetriever$MapAction.apply(LocalEntryRetriever.java:251)
        at org.infinispan.iteration.impl.LocalEntryRetriever$KeyValueActionForCacheLoaderTask.processEntry(LocalEntryRetriever.java:154)
        at org.infinispan.persistence.leveldb.LevelDBStore$1.call(LevelDBStore.java:297)
        at org.infinispan.persistence.leveldb.LevelDBStore$1.call(LevelDBStore.java:285)
        at java.util.concurrent.FutureTask.run(FutureTask.java:262)
        at java.util.concurrent.Executors$RunnableAdapter.call(Executors.java:471)
        at java.util.concurrent.FutureTask.run(FutureTask.java:262)
        at org.infinispan.util.concurrent.WithinThreadExecutor.execute(WithinThreadExecutor.java:22)
        at java.util.concurrent.ExecutorCompletionService.submit(ExecutorCompletionService.java:181)
        at org.infinispan.executors.ExecutorAllCompletionService.submit(ExecutorAllCompletionService.java:31)
        at org.infinispan.persistence.leveldb.LevelDBStore.submitProcessTask(LevelDBStore.java:285)
        at org.infinispan.persistence.leveldb.LevelDBStore.process(LevelDBStore.java:260)
        at org.infinispan.persistence.manager.PersistenceManagerImpl.processOnAllStores(PersistenceManagerImpl.java:438)
        at org.infinispan.persistence.manager.PersistenceManagerImpl.processOnAllStores(PersistenceManagerImpl.java:420)
        at org.infinispan.iteration.impl.LocalEntryRetriever$1.run(LocalEntryRetriever.java:217)
        at java.util.concurrent.Executors$RunnableAdapter.call(Executors.java:471)
        at java.util.concurrent.FutureTask.run(FutureTask.java:262)
        at java.util.concurrent.ThreadPoolExecutor.runWorker(ThreadPoolExecutor.java:1145)
        at java.util.concurrent.ThreadPoolExecutor$Worker.run(ThreadPoolExecutor.java:615)
        at java.lang.Thread.run(Thread.java:745)
{noformat}",,,
7723,ISPN-4582,"There appear to be some problems loading the metadata:

{noformat}
01:04:57,013 ERROR (testng-JpaStoreTest:) [UnitTestTestNGListener] Test testLoadAndStoreWithLifespan(org.infinispan.persistence.jpa.JpaStoreTest) failed.
java.lang.NullPointerException
	at org.infinispan.persistence.BaseStoreTest.assertCorrectExpiry(BaseStoreTest.java:179)
	at org.infinispan.persistence.BaseStoreTest.testLoadAndStoreWithLifespan(BaseStoreTest.java:161)
{noformat}

{noformat}
01:04:58,330 ERROR (testng-JpaStoreTest:) [UnitTestTestNGListener] Test testLoadAndStoreWithLifespanAndIdle(org.infinispan.persistence.jpa.JpaStoreTest) failed.
java.lang.NullPointerException
	at org.infinispan.persistence.BaseStoreTest.assertCorrectExpiry(BaseStoreTest.java:179)
	at org.infinispan.persistence.BaseStoreTest.testLoadAndStoreWithLifespanAndIdle(BaseStoreTest.java:289)
{noformat}

This could be related to ISPN-4520, as {{testPurgeExpired}} failed with a {{TimeoutException}} as well. TRACE logs here:
http://ci.infinispan.org/viewLog.html?buildId=10059&buildTypeId=Infinispan_MasterHotspotJdk7trac&tab=artifacts",,,
7724,ISPN-4581,"When H2 is used in-memory (the default maven profile) it keeps the data until the JVM is shutdown. This may leak the test data from the between the JDBC tests and the JPA tests.

Change the tests to clear the data before closing the cache manager involved.",,,
7770,ISPN-4579,"After a failure in {{SingleNodeJdbcStoreIT.testForcedShutdown}}, it seems not all the test stores are properly initialized, and cleanup fails with a NullPointerException:

{noformat}
[00:57:07] :				 [testForcedShutdown] java.lang.AssertionError: null
	at org.junit.Assert.fail(Assert.java:86)
	at org.junit.Assert.assertTrue(Assert.java:41)
	at org.junit.Assert.assertNotNull(Assert.java:621)
	at org.junit.Assert.assertNotNull(Assert.java:631)
	at org.infinispan.server.test.cs.jdbc.SingleNodeJdbcStoreIT.testRestartStringStoreBefore(SingleNodeJdbcStoreIT.java:223)
	at org.infinispan.server.test.cs.jdbc.SingleNodeJdbcStoreIT.testForcedShutdown(SingleNodeJdbcStoreIT.java:163)
...
[00:57:07]W:		 [org.infinispan.server:test-suite] java.lang.NullPointerException
	at org.infinispan.server.test.cs.jdbc.SingleNodeJdbcStoreIT.cleanup(SingleNodeJdbcStoreIT.java:82)
{noformat}

This bug is only about the NPE, the test failure is agent-specific (probably caused by the low open files/user processes limits). ",,,
7771,ISPN-4576,The infinispan.xml in the gridfs-webdav demo hasn't been updated to the 7.0 schema,,,
7772,ISPN-4575,"In a non-tx cache, if a command is started with topology id {{T}}, and when it is replicated on another node the distribution interceptor sees topology {{T+1}}, it throws an {{OutdatedTopologyException}}. The originator of the command will then retry the command, setting topology {{T+1}}.

When this happens with a {{PutKeyValueCommand(k, MapReduceManagerImpl.DeltaAwareList)}}, it can lead to duplicate intermediate values.

Say _A_ is the primary owner of {{k}} in {{T}}, _B_ is a backup owner both in {{T}} and {{T+1}}, and _C_ is the backup owner in {{T}} and the primary owner in {{T+1}} (i.e. _C_ just joined and a rebalance is in progress during {{T}} - see {{NonTxBackupOwnerBecomingPrimaryOwnerTest}}).

_A_ starts the {{PutKeyValueCommand}} and replicates it to _B_ and _C_. _C_ applies the command, but _B_ already has topology {{T+1}} and throws an {{OutdatedTopologyException}}. _A_ installs topology {{T+1}}, sends the command to _C_ (as the new primary owner), which replicates it to _B_ and then applies it locally a second time.

This scenario can happen during a M/R task even without nodes joining or leaving. That's because {{CreateCacheCommand}} only calls {{getCache()}} on each member, it doesn't wait for the cache to have a certain number of members or for state transfer to be complete for all the members. The last member to join the intermediate cache is guaranteed to have topology {{T+1}}, but the others may have topology {{T}} by the time the combine phase starts inserting values in the intermediate cache.

I have seen the {{OutdatedTopologyException}} happen pretty often during the test suite, especially after I removed the duplicate {{invokeRemotely}} call in {{MapReduceTask.executeTaskInit()}}. Most of them were harmless, but there was one failure in CI: http://ci.infinispan.org/viewLog.html?buildId=9811&tab=buildResultsDiv&buildTypeId=bt8

A short-term fix would be to wait for all the members to finish joining in {{CreateCacheCommand}}. Long-term, M/R tasks should be resilient to topology changes, so we should investigate making {{PutKeyValue(k, DeltaAwareList)}} handle {{OutdatedTopologyException}} s. ",,,
7777,ISPN-4574,"If the following two conditions are simultaneously met during a split brain:
a) less than numOwners nodes leave
b) two clusters are formed having that size

Then both partitions would be considered as available. E.g. a cluster of 6 nodes with numOwners=4, with a split brain resulting in 3 and 3 nodes partitions. 

We should add some logic to prevent this situation, e.g. by requiring the remaining partition to have at least numOwners members.

",,,
7779,ISPN-4569,"If I setup XA transactions in {{ClusteredQueryDslConditionsTest}} using
{code}
cacheCfg.transaction().transactionMode(TransactionMode.TRANSACTIONAL).useSynchronization(false);
{code}

the test fails. The reason is in deadlock while updating {{ScopedKey}} in  __cluster_registry_cache__ : It seems that on originator we create transaction with modified inserted key and the {{ScopedKey}} for inserted class, and send it in two prepare commands to the other node. In the {{ScopedKey}}-prepare, the lock is acquired, but the regular prepare on the other node does not see it (it is not committed yet) and also tries to update this {{ScopedKey}} in  __cluster_registry_cache__ . This fails with lock timeout, as the commit is waiting on the regular prepare to finish.",,,
7782,ISPN-4567,"{{ManagedDeployableContainer}} detects a running container, even though the previous module killed its server:

{noformat}
[10:25:05] :		 [org.infinispan:infinispan-as-module-client-integrationtests] kill_server:
[10:25:06] :		 [org.infinispan:infinispan-as-module-client-integrationtests]      [echo] Killing Infinispan server with PID - 3658 29739 
[10:25:06] :		 [org.infinispan:infinispan-as-module-client-integrationtests]    [delete] Deleting: /mnt/ebs/TeamCity/buildAgent/work/master/integrationtests/as-integration-client/jps.pid

[10:25:20] :		 [org.infinispan:infinispan-as-lucene-integration] org.infinispan.test.integration.as.InfinispanLuceneDirectoryIT  Time elapsed: 3.285 sec  <<< ERROR!
[10:25:20] :		 [org.infinispan:infinispan-as-lucene-integration] org.jboss.arquillian.container.spi.client.container.LifecycleException: The server is already running! Managed containers do not support connecting to running server instances due to the possible harmful effect of connecting to the wrong server. Please stop server before running or change to another type of container.
[10:25:20] :		 [org.infinispan:infinispan-as-lucene-integration] To disable this check and allow Arquillian to connect to a running server, set allowConnectingToRunningServer to true in the container configuration
[10:25:20] :		 [org.infinispan:infinispan-as-lucene-integration] 	at org.jboss.as.arquillian.container.managed.ManagedDeployableContainer.failDueToRunning(ManagedDeployableContainer.java:358)
[10:25:20] :		 [org.infinispan:infinispan-as-lucene-integration] 	at org.jboss.as.arquillian.container.managed.ManagedDeployableContainer.startInternal(ManagedDeployableContainer.java:88)
[10:25:20] :		 [org.infinispan:infinispan-as-lucene-integration] 	at org.jboss.as.arquillian.container.CommonDeployableContainer.start(CommonDeployableContainer.java:112)
[10:25:20] :		 [org.infinispan:infinispan-as-lucene-integration] 	at org.jboss.arquillian.container.impl.ContainerImpl.start(ContainerImpl.java:199)
[10:25:20] :		 [org.infinispan:infinispan-as-lucene-integration] 	at org.jboss.arquillian.container.impl.client.container.ContainerLifecycleController$8.perform(ContainerLifecycleController.java:163)
[10:25:20] :		 [org.infinispan:infinispan-as-lucene-integration] 	at org.jboss.arquillian.container.impl.client.container.ContainerLifecycleController$8.perform(ContainerLifecycleController.java:157)
[10:25:20] :		 [org.infinispan:infinispan-as-lucene-integration] 	at org.jboss.arquillian.container.impl.client.container.ContainerLifecycleController.forContainer(ContainerLifecycleController.java:255)
[10:25:20] :		 [org.infinispan:infinispan-as-lucene-integration] 	at org.jboss.arquillian.container.impl.client.container.ContainerLifecycleController.startContainer(ContainerLifecycleController.java:156)
{noformat}",,,
7783,ISPN-4565,"A NullPointerException appears while processing the 2nd tx:

{noformat}
04:27:12,078 DEBUG (remote-thread-ReplTotalOrderVersionedStateTransferTest-NodeB-p12450-t4:) [TotalOrderInterceptor] Exception while rollback transaction ReplTotalOrderVersionedStateTransferTest-NodeC-12055:56786
java.lang.NullPointerException
	at org.infinispan.transaction.impl.WriteSkewHelper.performTotalOrderWriteSkewCheckAndReturnNewVersions(WriteSkewHelper.java:76)
	at org.infinispan.interceptors.locking.ClusteringDependentLogic$AbstractClusteringDependentLogic.totalOrderCreateNewVersionsAndCheckForWriteSkews(ClusteringDependentLogic.java:133)
	at org.infinispan.interceptors.locking.ClusteringDependentLogic$AbstractClusteringDependentLogic.createNewVersionsAndCheckForWriteSkews(ClusteringDependentLogic.java:93)
	at org.infinispan.interceptors.totalorder.TotalOrderVersionedEntryWrappingInterceptor.visitPrepareCommand(TotalOrderVersionedEntryWrappingInterceptor.java:62)
	at org.infinispan.commands.tx.PrepareCommand.acceptVisitor(PrepareCommand.java:124)
	at org.infinispan.interceptors.base.CommandInterceptor.invokeNextInterceptor(CommandInterceptor.java:98)
	at org.infinispan.interceptors.NotificationInterceptor.visitPrepareCommand(NotificationInterceptor.java:36)
	at org.infinispan.commands.tx.PrepareCommand.acceptVisitor(PrepareCommand.java:124)
	at org.infinispan.interceptors.base.CommandInterceptor.invokeNextInterceptor(CommandInterceptor.java:98)
	at org.infinispan.interceptors.TxInterceptor.invokeNextInterceptorAndVerifyTransaction(TxInterceptor.java:124)
	at org.infinispan.interceptors.TxInterceptor.visitPrepareCommand(TxInterceptor.java:111)
	at org.infinispan.interceptors.TxInterceptor.visitCommitCommand(TxInterceptor.java:184)
	at org.infinispan.commands.tx.CommitCommand.acceptVisitor(CommitCommand.java:32)
	at org.infinispan.interceptors.base.CommandInterceptor.invokeNextInterceptor(CommandInterceptor.java:98)
	at org.infinispan.interceptors.totalorder.TotalOrderInterceptor.visitSecondPhaseCommand(TotalOrderInterceptor.java:148)
	at org.infinispan.interceptors.totalorder.TotalOrderInterceptor.visitCommitCommand(TotalOrderInterceptor.java:125)
{noformat}

(The error message is misleading, this is a commit and not a rollback.)

The 1st tx still fails with a WriteSkewException, but then the test fails because the 2nd tx didn't update the value:

{noformat}
04:27:12,286 ERROR (testng-ReplTotalOrderVersionedStateTransferTest:) [UnitTestTestNGListener] Test testStateTransfer(org.infinispan.tx.totalorder.statetransfer.ReplTotalOrderVersionedStateTransferTest) failed.
java.lang.AssertionError: expected:<new world> but was:<world>
	at org.testng.AssertJUnit.fail(AssertJUnit.java:59)
	at org.testng.AssertJUnit.failNotEquals(AssertJUnit.java:364)
	at org.testng.AssertJUnit.assertEquals(AssertJUnit.java:80)
	at org.testng.AssertJUnit.assertEquals(AssertJUnit.java:88)
	at org.infinispan.container.versioning.VersionedReplStateTransferTest.testStateTransfer(VersionedReplStateTransferTest.java:89)
{noformat}

Full log here: http://ci.infinispan.org/viewLog.html?buildId=9816&buildTypeId=Infinispan_MasterHotspotJdk7trac&tab=artifacts",,,
7790,ISPN-4563,"Intercepted methods, annotated like @CacheResult, if called from multiple threads, can attempt to create multiple caches.

Work-around is to create the cache in a @PostContruct block.",,,
7806,ISPN-4561,"When I try to stop cache manager with cache that is configured like this:

{code}
<distributed-cache name=""dist_lucene"" owners=""2"" segments=""512"">
          <locking acquire-timeout=""3000"" concurrency-level=""1000"" />
          <transaction mode=""NON_DURABLE_XA"" locking=""OPTIMISTIC""/>

          <indexing index=""LOCAL"">
             <property name=""default.directory_provider"">infinispan</property>
             <property name=""default.indexmanager"">org.infinispan.query.indexmanager.InfinispanIndexManager</property>
             <property name=""default.exclusive_index_use"">true</property>
             <property name=""default.reader.strategy"">shared</property>
             <property name=""hibernate.search.lucene_version"">LUCENE_48</property>
          </indexing>
</distributed-cache>
{code}

during stop, another cache (containing the locks) is accessed, but this can be already stopped. Then, the cacheManager.stop() fails:

{code}
Caused by: java.lang.IllegalStateException: Cache 'LuceneIndexesLocking' is in 'TERMINATED' state and so it does not accept new invocations. Either restart it or recreate the cache container.
        at org.infinispan.interceptors.InvocationContextInterceptor.handleAll(InvocationContextInterceptor.java:92)
        at org.infinispan.interceptors.InvocationContextInterceptor.handleDefault(InvocationContextInterceptor.java:74)
        at org.infinispan.commands.AbstractVisitor.visitGetKeyValueCommand(AbstractVisitor.java:75)
        at org.infinispan.commands.read.GetKeyValueCommand.acceptVisitor(GetKeyValueCommand.java:44)
        at org.infinispan.interceptors.InterceptorChain.invoke(InterceptorChain.java:333)
        at org.infinispan.cache.impl.CacheImpl.get(CacheImpl.java:392)
        at org.infinispan.cache.impl.DecoratedCache.get(DecoratedCache.java:398)
        at org.infinispan.lucene.readlocks.DistributedSegmentReadLocker.deleteOrReleaseReadLock(DistributedSegmentReadLocker.java:74)
        at org.infinispan.lucene.impl.InfinispanIndexInput.close(InfinispanIndexInput.java:89)
        at org.apache.lucene.util.IOUtils.close(IOUtils.java:77)
        at org.apache.lucene.codecs.BlockTreeTermsReader.close(BlockTreeTermsReader.java:242)
        at org.apache.lucene.util.IOUtils.close(IOUtils.java:100)
        at org.apache.lucene.codecs.perfield.PerFieldPostingsFormat$FieldsReader.close(PerFieldPostingsFormat.java:227)
        at org.apache.lucene.util.IOUtils.close(IOUtils.java:77)
        at org.apache.lucene.index.SegmentCoreReaders.decRef(SegmentCoreReaders.java:178)
        at org.apache.lucene.index.SegmentReader.doClose(SegmentReader.java:260)
        at org.apache.lucene.index.IndexReader.decRef(IndexReader.java:243)
        at org.apache.lucene.index.StandardDirectoryReader.doClose(StandardDirectoryReader.java:362)
        at org.apache.lucene.index.IndexReader.decRef(IndexReader.java:243)
        at org.apache.lucene.index.IndexReader.close(IndexReader.java:479)
        at org.hibernate.search.indexes.impl.SharingBufferReaderProvider$ReaderUsagePair.close(SharingBufferReaderProvider.java:163)
        at org.hibernate.search.indexes.impl.SharingBufferReaderProvider.stop(SharingBufferReaderProvider.java:120)
        at org.hibernate.search.indexes.impl.DirectoryBasedIndexManager.destroy(DirectoryBasedIndexManager.java:74)
        at org.hibernate.search.indexes.impl.IndexManagerHolder.stop(IndexManagerHolder.java:197)
        at org.hibernate.search.impl.ImmutableSearchFactory.close(ImmutableSearchFactory.java:169)
        at org.hibernate.search.impl.MutableSearchFactory.close(MutableSearchFactory.java:127)
        at org.infinispan.query.impl.LifecycleManager.cacheStopped(LifecycleManager.java:278)
        at org.infinispan.factories.ComponentRegistry.stop(ComponentRegistry.java:244)
        at org.infinispan.cache.impl.CacheImpl.stop(CacheImpl.java:774)
        at org.infinispan.cache.impl.CacheImpl.stop(CacheImpl.java:769)
        at org.infinispan.manager.DefaultCacheManager.stop(DefaultCacheManager.java:630)
... 4 more
        Suppressed: java.lang.IllegalStateException: Cache 'LuceneIndexesLocking' is in 'TERMINATED' state and so it does not accept new invocations. Either restart it or recreate the cache container.
                at org.infinispan.interceptors.InvocationContextInterceptor.handleAll(InvocationContextInterceptor.java:92)
                at org.infinispan.interceptors.InvocationContextInterceptor.handleDefault(InvocationContextInterceptor.java:74)
                at org.infinispan.commands.AbstractVisitor.visitGetKeyValueCommand(AbstractVisitor.java:75)
                at org.infinispan.commands.read.GetKeyValueCommand.acceptVisitor(GetKeyValueCommand.java:44)
                at org.infinispan.interceptors.InterceptorChain.invoke(InterceptorChain.java:333)
                at org.infinispan.cache.impl.CacheImpl.get(CacheImpl.java:392)
                at org.infinispan.cache.impl.DecoratedCache.get(DecoratedCache.java:398)
                at org.infinispan.lucene.readlocks.DistributedSegmentReadLocker.deleteOrReleaseReadLock(DistributedSegmentReadLocker.java:74)
                at org.infinispan.lucene.impl.InfinispanIndexInput.close(InfinispanIndexInput.java:89)
                at org.apache.lucene.util.IOUtils.close(IOUtils.java:77)
                at org.apache.lucene.codecs.lucene41.Lucene41PostingsReader.close(Lucene41PostingsReader.java:145)
                ... 29 more
                Suppressed: java.lang.IllegalStateException: Cache 'LuceneIndexesLocking' is in 'TERMINATED' state and so it does not accept new invocations. Either restart it or recreate the cache container.
                        ... 40 more
        Suppressed: java.lang.IllegalStateException: Cache 'LuceneIndexesLocking' is in 'TERMINATED' state and so it does not accept new invocations. Either restart it or recreate the cache container.
                at org.infinispan.interceptors.InvocationContextInterceptor.handleAll(InvocationContextInterceptor.java:92)
                at org.infinispan.interceptors.InvocationContextInterceptor.handleDefault(InvocationContextInterceptor.java:74)
                at org.infinispan.commands.AbstractVisitor.visitGetKeyValueCommand(AbstractVisitor.java:75)
                at org.infinispan.commands.read.GetKeyValueCommand.acceptVisitor(GetKeyValueCommand.java:44)
                at org.infinispan.interceptors.InterceptorChain.invoke(InterceptorChain.java:333)
                at org.infinispan.cache.impl.CacheImpl.get(CacheImpl.java:392)
                at org.infinispan.cache.impl.DecoratedCache.get(DecoratedCache.java:398)
                at org.infinispan.lucene.readlocks.DistributedSegmentReadLocker.deleteOrReleaseReadLock(DistributedSegmentReadLocker.java:74)
                at org.infinispan.lucene.impl.InfinispanIndexInput.close(InfinispanIndexInput.java:89)
                at org.apache.lucene.util.IOUtils.close(IOUtils.java:77)
                at org.apache.lucene.codecs.compressing.CompressingStoredFieldsReader.close(CompressingStoredFieldsReader.java:181)
                ... 25 more
        Suppressed: java.lang.IllegalStateException: Cache 'LuceneIndexesLocking' is in 'TERMINATED' state and so it does not accept new invocations. Either restart it or recreate the cache container.
                at org.infinispan.interceptors.InvocationContextInterceptor.handleAll(InvocationContextInterceptor.java:92)
                at org.infinispan.interceptors.InvocationContextInterceptor.handleDefault(InvocationContextInterceptor.java:74)
                at org.infinispan.commands.AbstractVisitor.visitGetKeyValueCommand(AbstractVisitor.java:75)
                at org.infinispan.commands.read.GetKeyValueCommand.acceptVisitor(GetKeyValueCommand.java:44)
                at org.infinispan.interceptors.InterceptorChain.invoke(InterceptorChain.java:333)
                at org.infinispan.cache.impl.CacheImpl.get(CacheImpl.java:392)
                at org.infinispan.cache.impl.DecoratedCache.get(DecoratedCache.java:398)
                at org.infinispan.lucene.readlocks.DistributedSegmentReadLocker.deleteOrReleaseReadLock(DistributedSegmentReadLocker.java:74)
                at org.infinispan.lucene.impl.InfinispanIndexInput.close(InfinispanIndexInput.java:89)
                at org.apache.lucene.codecs.lucene42.Lucene42DocValuesProducer.close(Lucene42DocValuesProducer.java:489)
                ... 25 more
{code}

",,,
7817,ISPN-4559,"cache.replace(key, oldValue, newValue) compares the current value in the cache to oldValue, and if they differ it turns into a no-op.

However, CacheLoaderInterceptor does not load entries for a ReplaceCommand. 
If the entry only exists in the loader and not in memory, this causes the replace to fail.

CacheLoaderInterceptor must always load the value for a ReplaceCommand.",,,
7832,ISPN-4557,"The module definition of Infinispan Core (the JDG main module) depends on the Query module but fails to import the Services.

Not loading the services allows the Indexing feature to be enabled, although several operations will fail at runtime.
",,,
7845,ISPN-4555,NoData,,,
7849,ISPN-4551,"On systems where UTF-8 is not the default charset parallel iteration over non-string keys fails.

Non-string keys are mapped to strings prefixed by \uFEFF when the entry is stored. The key is URL-encoded and the prefix is stored properly. The GET /cacheName (all keys) response however uses the system-default charset and if that's not UTF-8 the prefix cannot be mapped and ends up being ""?"".

To reproduce set the charset to ISO-8859-1 and run RestStoreParallelIterationTest and you should see failures similar to this one:

{noformat}
[testng-RestStoreParallelIterationTest] Test testSequentialIteration(org.infinispan.persistence.rest.RestStoreParallelIterationTest) failed.
10:11:27,629 ERROR [org.infinispan.test.fwk.UnitTestTestNGListener] (testng-RestStoreParallelIterationTest) Test testSequentialIteration(org.infinispan.persistence.rest.RestStoreParallelIterationTest) failed.
org.infinispan.persistence.spi.PersistenceException: ISPN022005: Error loading entries from remote server
        at org.infinispan.persistence.rest.RestStore.process(RestStore.java:295)
        at org.infinispan.persistence.ParallelIterationTest.runIterationTest(ParallelIterationTest.java:103)
        at org.infinispan.persistence.ParallelIterationTest.testSequentialIteration(ParallelIterationTest.java:64)
        at sun.reflect.NativeMethodAccessorImpl.invoke0(Native Method)
        at sun.reflect.NativeMethodAccessorImpl.invoke(NativeMethodAccessorImpl.java:57)
        at sun.reflect.DelegatingMethodAccessorImpl.invoke(DelegatingMethodAccessorImpl.java:43)
        at java.lang.reflect.Method.invoke(Method.java:606)
        at org.testng.internal.MethodInvocationHelper.invokeMethod(MethodInvocationHelper.java:84)
        at org.testng.internal.Invoker.invokeMethod(Invoker.java:714)
        at org.testng.internal.Invoker.invokeTestMethod(Invoker.java:901)
        at org.testng.internal.Invoker.invokeTestMethods(Invoker.java:1231)
        at org.testng.internal.TestMethodWorker.invokeTestMethods(TestMethodWorker.java:127)
        at org.testng.internal.TestMethodWorker.run(TestMethodWorker.java:111)
        at org.testng.TestRunner.privateRun(TestRunner.java:767)
        at org.testng.TestRunner.run(TestRunner.java:617)
        at org.testng.SuiteRunner.runTest(SuiteRunner.java:348)
        at org.testng.SuiteRunner.access$000(SuiteRunner.java:38)
        at org.testng.SuiteRunner$SuiteWorker.run(SuiteRunner.java:382)
        at org.testng.internal.thread.ThreadUtil$2.call(ThreadUtil.java:64)
        at java.util.concurrent.FutureTask.run(FutureTask.java:262)
        at java.util.concurrent.ThreadPoolExecutor.runWorker(ThreadPoolExecutor.java:1145)
        at java.util.concurrent.ThreadPoolExecutor$Worker.run(ThreadPoolExecutor.java:615)
        at java.lang.Thread.run(Thread.java:744)
Caused by: org.infinispan.persistence.spi.PersistenceException: Execution exception!
        at org.infinispan.persistence.rest.RestStore.process(RestStore.java:292)
        ... 22 more
Caused by: java.util.concurrent.ExecutionException: java.lang.NullPointerException
        at java.util.concurrent.FutureTask.report(FutureTask.java:122)
        at java.util.concurrent.FutureTask.get(FutureTask.java:188)
        at org.infinispan.executors.ExecutorAllCompletionService.pollUntilEmpty(ExecutorAllCompletionService.java:48)
        at org.infinispan.executors.ExecutorAllCompletionService.submit(ExecutorAllCompletionService.java:32)
        at org.infinispan.persistence.rest.RestStore.submitProcessTask(RestStore.java:304)
        at org.infinispan.persistence.rest.RestStore.process(RestStore.java:284)
        ... 22 more
Caused by: java.lang.NullPointerException
        at org.infinispan.persistence.ParallelIterationTest$2.processEntry(ParallelIterationTest.java:106)
        at org.infinispan.persistence.rest.RestStore$1.call(RestStore.java:314)
        at org.infinispan.persistence.rest.RestStore$1.call(RestStore.java:304)
        at java.util.concurrent.FutureTask.run(FutureTask.java:262)
        at java.util.concurrent.Executors$RunnableAdapter.call(Executors.java:471)
        at java.util.concurrent.FutureTask.run(FutureTask.java:262)
        at org.infinispan.util.concurrent.WithinThreadExecutor.execute(WithinThreadExecutor.java:22)
        at java.util.concurrent.ExecutorCompletionService.submit(ExecutorCompletionService.java:181)
        at org.infinispan.executors.ExecutorAllCompletionService.submit(ExecutorAllCompletionService.java:31)
        ... 24 more
{noformat}",,,
7851,ISPN-4550,"Test history: http://ci.infinispan.org/project.html?projectId=Infinispan&testNameId=-2900853710908128505&tab=testDetails

I think the test might be working with an in-memory H2 database, which would explain the failure. We could try to run the stress tests with another DB (perhaps with the mysql profile).",,,
7852,ISPN-4546,"Topology T: coordinator = A, owners(k) = [C, D], pending_owners(k) = null
B sends prepareCommand(tx1, put(k, v)) to C, D
D adds backup locks and replies
C acquires lock, ready to send reply to B
A starts installing topology T+1: owners(k) = [C, D], pending_owners(k) = [C, E]
A, C and E install topology T+1, B and D do not
E requests and receives tx data from C, including tx1
C leaves
B sees a SuspectException, sends rollbackCommand(tx1) to C, D
D removes tx1
C has left, but is ignored
B reports to the user that the tx has been rolled back
B and D install topology T+1 (optional)
A starts installing topology T+2: owners(k) = [D], pending_owners(k) = [E]
A, B, D, E all install topology T+2
E requests and receives state from D, but it does not remove tx1
A starts installing topology T+3: owners(k) = [E], pending_owners(k) = null
E now has a stale backup lock on k

It seems very hard to reproduce in production: C would have to leave soon enough so that B and D haven't received the T+1 topology yet, but late enough for it to send its transaction data to E.

A possible solution would be to catch any SuspectException during prepare/commit/rollback (without ignoring leavers), wait for a new topology, and replicate the command again on the new owners. Obviously, this wouldn't work with asynchronous prepare/commit/rollback.",,,
7875,ISPN-4544,"When looking into serialization issues I found that many map reduce failures occur due to not serializable exceptions.  Looking closer it appears this was caused by the testCombinerForDistributedReductionWithException method because the anonymous inner class cannot be serialized and throws a CacheException causing the test to pass.  However if I pass in a serializable class the test fails because the Divide By Zero exception is swallowed incorrectly.

{code}
   @Test(expectedExceptions = CacheException.class)
   public void testCombinerForDistributedReductionWithException() throws Exception {
      MapReduceTask<String, String, String, Integer> task = invokeMapReduce(null);
      task.combinedWith(new DivideByZeroReducer());

      task.execute();
   }

   private static class DivideByZeroReducer implements Reducer<String, Integer>, Serializable {
      @Override
      public Integer reduce(String reducedKey, Iterator<Integer> iter) {
         //simulating exception
         int a = 4 / 0;

         return null;
      }
   }
{code}",,,
7877,ISPN-4543,"Side effect of https://issues.jboss.org/browse/ISPN-4499

{code}
springEmbeddedCacheManagerFactoryBeanShouldCreateACustomizedCacheManagerIfGivenADefaultConfigurationLocation(org.infinispan.spring.provider.SpringEmbeddedCacheManagerFactoryBeanTest)  Time elapsed: 0.051 sec  <<< FAILURE!
org.infinispan.manager.EmbeddedCacheManagerStartupException: org.infinispan.commons.CacheConfigurationException: configurationFile property specifies value jgroups-tcp.xml that could not be read!
	at org.infinispan.factories.GlobalComponentRegistry.start(GlobalComponentRegistry.java:243)
	at org.infinispan.manager.DefaultCacheManager.wireAndStartCache(DefaultCacheManager.java:563)
	at org.infinispan.manager.DefaultCacheManager.createCache(DefaultCacheManager.java:529)
	at org.infinispan.manager.DefaultCacheManager.getCache(DefaultCacheManager.java:409)
	at org.infinispan.spring.provider.SpringEmbeddedCacheManager.getCache(SpringEmbeddedCacheManager.java:41)
	at org.infinispan.spring.provider.SpringEmbeddedCacheManagerFactoryBeanTest.springEmbeddedCacheManagerFactoryBeanShouldCreateACustomizedCacheManagerIfGivenADefaultConfigurationLocation(SpringEmbeddedCacheManagerFactoryBeanTest.java:78)

{code}

",,,
7879,ISPN-4527,"We don't really want to pull in the OSGi dependencies:
- they are not needed outside of OSGi
- they are provided by the container when running in OSGi",,,
7882,ISPN-4521,"Either the test didn't manage to fill the replication queue in 3 seconds, or there are some extra entries from the previous test...

{noformat}
java.lang.AssertionError
    at org.infinispan.replication.ReplicationQueueTest.testReplicationQueueMultipleThreads(ReplicationQueueTest.java:194)
{noformat}

The test should be changed to use proper assertions and prevent interference between test methods.

Perhaps we should also revisit the changes I made for ISPN-1123, they make the last lines of {[testReplicationQueueMultipleThreads}} look superfluous.",,,
7892,ISPN-4520,"I think the 1s timeout is a bit small for the CI machine:

{noformat}
java.lang.IllegalStateException: Purge has timed out
    at org.infinispan.persistence.BaseStoreTest.purgeExpired(BaseStoreTest.java:268)
{noformat}

The other methods using {{BaseStoreTest.purgeExpired}} and the other tests extending BaseStoreTest probably have the same problem.",,,
7938,ISPN-4519,"TxDistributionInterceptor.visitPrepareCommand explicitly checks if the {{recipients}} collection is {{null}} and replaces it with the list of cache members. This was done for total order, but TOA now supports sending messages to {{null}}, so there is no reason to handle this in our code.",,,
7942,ISPN-4517,"When one of the targets of a PrepareCommand leaves, the originator receives a SuspectException and tries to roll back the transaction. However, the RollbackCommand can also fail with with a SuspectException if:

* syncRollbackPhase = true (the default, since ISPN-4137)
* The cache topology hasn't been updated to exclude the leaver yet (maybe because it was the old coordinator that left)

In that case, we could throw a SuspectException in JGroupsTransport.invokeRemotely without sending the RollbackCommand to the other owner:

{noformat}
23:34:01,219 ERROR [org.infinispan.interceptors.InvocationContextInterceptor] (PrivateLogChecker-4) ISPN000136: Execution error
org.infinispan.remoting.transport.jgroups.SuspectException: One or more nodes have left the cluster while replicating command RollbackCommand {gtx=GlobalTransaction:<edg-perf08-52473>:1077:local, cacheName='testCache', topologyId=8}
	at org.infinispan.remoting.transport.jgroups.JGroupsTransport.invokeRemotely(JGroupsTransport.java:486)
	at org.infinispan.remoting.rpc.RpcManagerImpl.invokeRemotely(RpcManagerImpl.java:281)
	at org.infinispan.interceptors.distribution.TxDistributionInterceptor.visitRollbackCommand(TxDistributionInterceptor.java:223)
	at org.infinispan.commands.tx.RollbackCommand.acceptVisitor(RollbackCommand.java:40)
	at org.infinispan.interceptors.base.CommandInterceptor.invokeNextInterceptor(CommandInterceptor.java:98)
	at org.infinispan.interceptors.base.CommandInterceptor.handleDefault(CommandInterceptor.java:112)
	at org.infinispan.commands.AbstractVisitor.visitRollbackCommand(AbstractVisitor.java:101)
	at org.infinispan.commands.tx.RollbackCommand.acceptVisitor(RollbackCommand.java:40)
	at org.infinispan.interceptors.base.CommandInterceptor.invokeNextInterceptor(CommandInterceptor.java:98)
	at org.infinispan.interceptors.locking.AbstractTxLockingInterceptor.visitRollbackCommand(AbstractTxLockingInterceptor.java:51)
	at org.infinispan.commands.tx.RollbackCommand.acceptVisitor(RollbackCommand.java:40)
	at org.infinispan.interceptors.base.CommandInterceptor.invokeNextInterceptor(CommandInterceptor.java:98)
	at org.infinispan.interceptors.NotificationInterceptor.visitRollbackCommand(NotificationInterceptor.java:50)
	at org.infinispan.commands.tx.RollbackCommand.acceptVisitor(RollbackCommand.java:40)
	at org.infinispan.interceptors.base.CommandInterceptor.invokeNextInterceptor(CommandInterceptor.java:98)
	at org.infinispan.interceptors.TxInterceptor.visitRollbackCommand(TxInterceptor.java:207)
	at org.infinispan.commands.tx.RollbackCommand.acceptVisitor(RollbackCommand.java:40)
	at org.infinispan.interceptors.base.CommandInterceptor.invokeNextInterceptor(CommandInterceptor.java:98)
	at org.infinispan.interceptors.base.CommandInterceptor.handleDefault(CommandInterceptor.java:112)
	at org.infinispan.commands.AbstractVisitor.visitRollbackCommand(AbstractVisitor.java:101)
	at org.infinispan.statetransfer.TransactionSynchronizerInterceptor.visitRollbackCommand(TransactionSynchronizerInterceptor.java:66)
	at org.infinispan.commands.tx.RollbackCommand.acceptVisitor(RollbackCommand.java:40)
	at org.infinispan.interceptors.base.CommandInterceptor.invokeNextInterceptor(CommandInterceptor.java:98)
	at org.infinispan.statetransfer.StateTransferInterceptor.handleTopologyAffectedCommand(StateTransferInterceptor.java:222)
	at org.infinispan.statetransfer.StateTransferInterceptor.handleTxCommand(StateTransferInterceptor.java:153)
	at org.infinispan.statetransfer.StateTransferInterceptor.visitRollbackCommand(StateTransferInterceptor.java:91)
	at org.infinispan.commands.tx.RollbackCommand.acceptVisitor(RollbackCommand.java:40)
	at org.infinispan.interceptors.base.CommandInterceptor.invokeNextInterceptor(CommandInterceptor.java:98)
	at org.infinispan.interceptors.base.CommandInterceptor.handleDefault(CommandInterceptor.java:112)
	at org.infinispan.commands.AbstractVisitor.visitRollbackCommand(AbstractVisitor.java:101)
	at org.infinispan.commands.tx.RollbackCommand.acceptVisitor(RollbackCommand.java:40)
	at org.infinispan.interceptors.base.CommandInterceptor.invokeNextInterceptor(CommandInterceptor.java:98)
	at org.infinispan.interceptors.InvocationContextInterceptor.handleAll(InvocationContextInterceptor.java:110)
	at org.infinispan.interceptors.InvocationContextInterceptor.handleDefault(InvocationContextInterceptor.java:73)
	at org.infinispan.commands.AbstractVisitor.visitRollbackCommand(AbstractVisitor.java:101)
	at org.infinispan.commands.tx.RollbackCommand.acceptVisitor(RollbackCommand.java:40)
	at org.infinispan.interceptors.InterceptorChain.invoke(InterceptorChain.java:333)
	at org.infinispan.transaction.TransactionCoordinator.rollbackInternal(TransactionCoordinator.java:237)
	at org.infinispan.transaction.TransactionCoordinator.rollback(TransactionCoordinator.java:172)
	at org.infinispan.transaction.TransactionCoordinator.prepare(TransactionCoordinator.java:140)
	at org.infinispan.transaction.TransactionCoordinator.prepare(TransactionCoordinator.java:104)
	at org.infinispan.transaction.synchronization.SynchronizationAdapter.beforeCompletion(SynchronizationAdapter.java:44)
	at com.arjuna.ats.internal.jta.resources.arjunacore.SynchronizationImple.beforeCompletion(SynchronizationImple.java:76)
	at com.arjuna.ats.arjuna.coordinator.TwoPhaseCoordinator.beforeCompletion(TwoPhaseCoordinator.java:273)
	at com.arjuna.ats.arjuna.coordinator.TwoPhaseCoordinator.end(TwoPhaseCoordinator.java:93)
	at com.arjuna.ats.arjuna.AtomicAction.commit(AtomicAction.java:164)
	at com.arjuna.ats.internal.jta.transaction.arjunacore.TransactionImple.commitAndDisassociate(TransactionImple.java:1165)
	at com.arjuna.ats.internal.jta.transaction.arjunacore.BaseTransaction.commit(BaseTransaction.java:117)
	at org.infinispan.CacheImpl.executeCommandAndCommitIfNeeded(CacheImpl.java:1436)
	at org.infinispan.CacheImpl.putInternal(CacheImpl.java:904)
	at org.infinispan.CacheImpl.put(CacheImpl.java:896)
	at org.infinispan.CacheImpl.put(CacheImpl.java:1471)
	at org.infinispan.CacheImpl.put(CacheImpl.java:231)
	at org.radargun.cachewrappers.InfinispanBasicOperations.put(InfinispanBasicOperations.java:25)
	at org.radargun.cachewrappers.Infinispan51BasicOperations.put(Infinispan51BasicOperations.java:31)
	at org.radargun.cachewrappers.Infinispan52BasicOperations.put(Infinispan52BasicOperations.java:16)
	at org.radargun.cachewrappers.InfinispanWrapper.put(InfinispanWrapper.java:185)
	at org.radargun.stressors.LogChecker.run(LogChecker.java:106)
{noformat}

The RollbackCommand should have the SYNCHRONOUS_IGNORE_LEAVERS ResponseMode, so that the owner still alive receives the the command. Otherwise, that stale transaction will never be completed.",,,
7944,ISPN-4513,"CDI listeners are implemented via an adapter class that extends {{AbstractAdapter<T extends Event>}}. For {{CacheStartedEvent}}, the base class defines a {{void fire(T payload)}} method, and the adapter overrides it as {{void fire(CacheStartedEvent payload)}}.

It appears that in JDK8 both these methods are returned by {{Class.getMethods()}}, and the CDI listener ends up being called twice:

{noformat}
16:42:44,810 ERROR (testng-ProgrammaticCacheContainerTest:) [UnitTestTestNGListener] Test testSmallCache(org.infinispan.cdi.test.cachemanager.embedded.programmatic.ProgrammaticCacheContainerTest) failed.
java.lang.AssertionError: expected [1] but found [2]
	at org.testng.Assert.fail(Assert.java:94)
	at org.testng.Assert.failNotEquals(Assert.java:494)
	at org.testng.Assert.assertEquals(Assert.java:123)
	at org.testng.Assert.assertEquals(Assert.java:370)
	at org.testng.Assert.assertEquals(Assert.java:380)
	at org.infinispan.cdi.test.cachemanager.embedded.programmatic.ProgrammaticCacheContainerTest.testSmallCache(ProgrammaticCacheContainerTest.java:39)
{noformat}
",,,
7945,ISPN-4511,"When joining, a node is supposed to receive a cache topology without a pending CH, so that the rebalance is processed on a different thread. 

NonTxBackupOwnerBecomingPrimaryOwnerTest relies on this behaviour, however ClusterTopologyManagerImpl doesn't enforce it strictly enough.",,,
7946,ISPN-4510,"In old 6.x XML parser, you could configure Transport instance classes via XML. This was not ported over to 7.x parser, but the option should be available.",,,
7950,ISPN-4509,"{noformat}
java.lang.AssertionError: expected [0] but found [1]
	at org.testng.Assert.fail(Assert.java:94)
	at org.testng.Assert.failNotEquals(Assert.java:494)
	at org.testng.Assert.assertEquals(Assert.java:123)
	at org.testng.Assert.assertEquals(Assert.java:165)
	at org.infinispan.jmx.RpcManagerMBeanTest.testEnableJmxStats(RpcManagerMBeanTest.java:111)
	at sun.reflect.NativeMethodAccessorImpl.invoke0(Native Method)
	at sun.reflect.NativeMethodAccessorImpl.invoke(NativeMethodAccessorImpl.java:94)
	at sun.reflect.DelegatingMethodAccessorImpl.invoke(DelegatingMethodAccessorImpl.java:55)
	at java.lang.reflect.Method.invoke(Method.java:619)
	at org.testng.internal.MethodInvocationHelper.invokeMethod(MethodInvocationHelper.java:80)
	at org.testng.internal.Invoker.invokeMethod(Invoker.java:714)
	at org.testng.internal.Invoker.invokeTestMethod(Invoker.java:901)
	at org.testng.internal.Invoker.invokeTestMethods(Invoker.java:1231)
	at org.testng.internal.TestMethodWorker.invokeTestMethods(TestMethodWorker.java:127)
	at org.testng.internal.TestMethodWorker.run(TestMethodWorker.java:111)
	at org.testng.TestRunner.privateRun(TestRunner.java:767)
	at org.testng.TestRunner.run(TestRunner.java:617)
	at org.testng.SuiteRunner.runTest(SuiteRunner.java:334)
	at org.testng.SuiteRunner.access$000(SuiteRunner.java:37)
	at org.testng.SuiteRunner$SuiteWorker.run(SuiteRunner.java:368)
	at org.testng.internal.thread.ThreadUtil$2.call(ThreadUtil.java:64)
	at java.util.concurrent.FutureTask.run(FutureTask.java:273)
	at java.util.concurrent.ThreadPoolExecutor.runWorker(ThreadPoolExecutor.java:1176)
	at java.util.concurrent.ThreadPoolExecutor$Worker.run(ThreadPoolExecutor.java:641)
	at java.lang.Thread.run(Thread.java:853)
{noformat}",,,
7952,ISPN-4508,"When a cluster listener is notified due to a tx completion we currently wait forever for the listener notification to complete, we should time out instead as we do for non tx.

RemoteClusterListener.java:125
{code}
distExecService.submit(origin,
                                   distExecService.createDistributedTaskBuilder(
                                         new ClusterEventCallable(id, eventsToSend)).timeout(Long.MAX_VALUE, TimeUnit.DAYS)
                                         .build()).get();
{code}",,,
7953,ISPN-4504,"Because the topology id is not properly set on ClusteredGetCommands, they don't wait for the sender's topology to be installed on the target.

I have tried to fix this while implementing a fix for ISPN-4503. My solution caused 2 failures in RemoteGetDuringStateTransferTest, scenarios 5 and 7::

|   sc | currentTopologyId         | currentTopologyId + 1 (rebalance)     | currentTopologyId + 2 (finish) |
|   5  | 0:remoteGet               | 2:sendReply                           | 0:receiveReply, 1:sendReply |
|   7  |                           | 0:remoteGet, 2: sendReply             | 0:receiveReply, 1:sendReply |
",,,
7962,ISPN-4503,"InboundInvocationHandlerImpl is supposed to ignore commands sent with a topology id smaller than the first topology id in which the local node was a member. But there is a loophole when the command was sent with topology id 0.

This is visible in StateTransferFunctionalTest, where the writing thread keeps the cpu busy and can delay the 2nd node joining for a long time (especially when run on a single core with {{taskset -c 0}}). For some reason, the PrepareCommands are sent only to the local node, while the TxCompletionNotificationCommands are sent to the entire cluster ({{null}}). When the 2nd node manages to join, it receives a lot of TxCompletionNotificationCommands and processing them delays the processing of the rebalance commands. Since the writes eventually block waiting for the new topology to be installed on the joiner, the delayed rebalance commands cause the write to time out.
",,,
7971,ISPN-4502,"Following exception is thrown
{noformat}
java.lang.Exception: Unexpected exception, expected<java.security.PrivilegedActionException> but was<javax.security.auth.login.LoginException>
	at com.sun.jndi.ldap.LdapRequest.getReplyBer(LdapRequest.java:105)
	at com.sun.jndi.ldap.Connection.readReply(Connection.java:449)
	at com.sun.jndi.ldap.LdapClient.ldapBind(LdapClient.java:364)
	at com.sun.jndi.ldap.sasl.LdapSasl.saslBind(LdapSasl.java:126)
	at com.sun.jndi.ldap.LdapClient.authenticate(LdapClient.java:235)
	at com.sun.jndi.ldap.LdapCtx.connect(LdapCtx.java:2740)
	at com.sun.jndi.ldap.LdapCtx.<init>(LdapCtx.java:316)
	at com.sun.jndi.ldap.LdapCtxFactory.getUsingURL(LdapCtxFactory.java:193)
	at com.sun.jndi.ldap.LdapCtxFactory.getUsingURLs(LdapCtxFactory.java:211)
	at com.sun.jndi.ldap.LdapCtxFactory.getLdapCtxInstance(LdapCtxFactory.java:154)
	at com.sun.jndi.ldap.LdapCtxFactory.getInitialContext(LdapCtxFactory.java:84)
	at org.jboss.as.naming.InitialContext.getDefaultInitCtx(InitialContext.java:122)
	at org.jboss.as.naming.InitialContext.init(InitialContext.java:107)
	at javax.naming.ldap.InitialLdapContext.<init>(InitialLdapContext.java:153)
	at org.jboss.as.naming.InitialContext.<init>(InitialContext.java:98)
	at org.jboss.as.naming.InitialContextFactory.getInitialContext(InitialContextFactory.java:44)
	at javax.naming.spi.NamingManager.getInitialContext(NamingManager.java:684)
	at javax.naming.InitialContext.getDefaultInitCtx(InitialContext.java:307)
	at javax.naming.InitialContext.init(InitialContext.java:242)
	at javax.naming.ldap.InitialLdapContext.<init>(InitialLdapContext.java:153)
	at org.jboss.security.negotiation.AdvancedLdapLoginModule.constructLdapContext(AdvancedLdapLoginModule.java:470)
	at org.jboss.security.negotiation.AdvancedLdapLoginModule.innerLogin(AdvancedLdapLoginModule.java:361)
	at org.jboss.security.negotiation.AdvancedLdapLoginModule$AuthorizeAction.run(AdvancedLdapLoginModule.java:943)
	at java.security.AccessController.doPrivileged(Native Method)
	at javax.security.auth.Subject.doAs(Subject.java:356)
	at org.jboss.security.negotiation.AdvancedLdapLoginModule.login(AdvancedLdapLoginModule.java:305)
	at sun.reflect.NativeMethodAccessorImpl.invoke0(Native Method)
	at sun.reflect.NativeMethodAccessorImpl.invoke(NativeMethodAccessorImpl.java:57)
	at sun.reflect.DelegatingMethodAccessorImpl.invoke(DelegatingMethodAccessorImpl.java:43)
	at java.lang.reflect.Method.invoke(Method.java:606)
	at javax.security.auth.login.LoginContext.invoke(LoginContext.java:762)
	at javax.security.auth.login.LoginContext.access$000(LoginContext.java:203)
	at javax.security.auth.login.LoginContext$4.run(LoginContext.java:690)
	at javax.security.auth.login.LoginContext$4.run(LoginContext.java:688)
	at java.security.AccessController.doPrivileged(Native Method)
	at javax.security.auth.login.LoginContext.invokePriv(LoginContext.java:687)
	at javax.security.auth.login.LoginContext.login(LoginContext.java:595)
	at org.infinispan.test.integration.security.embedded.AbstractAuthentication.authenticateWithKrb(AbstractAuthentication.java:69)
	at org.infinispan.test.integration.security.embedded.KrbLdapAuthenticationIT.getAdminSubject(KrbLdapAuthenticationIT.java:70)
{noformat}

Solaris output
{noformat}
&amp#27;[0m14:01:24,746 INFO  [org.jboss.modules] (main) JBoss Modules version 1.3.3.Final-redhat-1
&amp#27;[0m&amp#27;[0m14:01:25,118 INFO  [org.jboss.msc] (main) JBoss MSC version 1.0.4.GA-redhat-1
&amp#27;[0m&amp#27;[0m14:01:25,253 INFO  [org.jboss.as] (MSC service thread 1-6) JBAS015899: JBoss EAP 6.2.4.GA (AS 7.3.4.Final-redhat-1) starting
&amp#27;[0m&amp#27;[0m14:01:26,916 INFO  [org.xnio] (MSC service thread 1-55) XNIO Version 3.0.10.GA-redhat-1
&amp#27;[0m&amp#27;[0m14:01:26,917 INFO  [org.jboss.as.server] (Controller Boot Thread) JBAS015888: Creating http management service using socket-binding (management-http)
&amp#27;[0m&amp#27;[0m14:01:26,927 INFO  [org.xnio.nio] (MSC service thread 1-55) XNIO NIO Implementation Version 3.0.10.GA-redhat-1
&amp#27;[0m&amp#27;[0m14:01:26,955 INFO  [org.jboss.remoting] (MSC service thread 1-55) JBoss Remoting version 3.2.19.GA-redhat-1
&amp#27;[0m&amp#27;[0m14:01:26,993 INFO  [org.jboss.as.clustering.infinispan] (ServerService Thread Pool -- 29) JBAS010280: Activating Infinispan subsystem.
&amp#27;[0m&amp#27;[0m14:01:26,996 INFO  [org.jboss.as.security] (ServerService Thread Pool -- 42) JBAS013171: Activating Security Subsystem
&amp#27;[0m&amp#27;[0m14:01:26,998 INFO  [org.jboss.as.naming] (ServerService Thread Pool -- 37) JBAS011800: Activating Naming Subsystem
&amp#27;[0m&amp#27;[0m14:01:27,000 INFO  [org.jboss.as.webservices] (ServerService Thread Pool -- 46) JBAS015537: Activating WebServices Extension
&amp#27;[0m&amp#27;[0m14:01:27,002 INFO  [org.jboss.as.jsf] (ServerService Thread Pool -- 35) JBAS012605: Activated the following JSF Implementations: [main, 1.2]
&amp#27;[0m&amp#27;[0m14:01:27,007 INFO  [org.jboss.as.security] (MSC service thread 1-37) JBAS013170: Current PicketBox version=4.0.19.SP8-redhat-1
&amp#27;[0m&amp#27;[0m14:01:27,021 INFO  [org.jboss.as.connector.logging] (MSC service thread 1-112) JBAS010408: Starting JCA Subsystem (IronJacamar 1.0.23.1.Final-redhat-1)
&amp#27;[0m&amp#27;[0m14:01:27,057 INFO  [org.jboss.as.naming] (MSC service thread 1-112) JBAS011802: Starting Naming Service
&amp#27;[0m&amp#27;[0m14:01:27,058 INFO  [org.jboss.as.mail.extension] (MSC service thread 1-96) JBAS015400: Bound mail session [java:jboss/mail/Default]
&amp#27;[0m&amp#27;[0m14:01:27,153 INFO  [org.jboss.as.connector.subsystems.datasources] (ServerService Thread Pool -- 25) JBAS010403: Deploying JDBC-compliant driver class org.h2.Driver (version 1.3)
&amp#27;[0m&amp#27;[0m14:01:27,265 INFO  [org.apache.coyote.http11] (MSC service thread 1-10) JBWEB003001: Coyote HTTP/1.1 initializing on : http-/127.0.0.1:8080
&amp#27;[0m&amp#27;[0m14:01:27,273 INFO  [org.apache.coyote.http11] (MSC service thread 1-10) JBWEB003000: Coyote HTTP/1.1 starting on: http-/127.0.0.1:8080
&amp#27;[0m&amp#27;[0m14:01:27,429 INFO  [org.jboss.ws.common.management] (MSC service thread 1-95) JBWS022052: Starting JBoss Web Services - Stack CXF Server 4.2.4.Final-redhat-1
&amp#27;[0m&amp#27;[0m14:01:27,495 INFO  [org.jboss.as.connector.subsystems.datasources] (MSC service thread 1-91) JBAS010400: Bound data source [java:jboss/datasources/ExampleDS]
&amp#27;[0m&amp#27;[0m14:01:27,659 INFO  [org.jboss.as.server.deployment.scanner] (MSC service thread 1-52) JBAS015012: Started FileSystemDeploymentService for directory /mnt/hudson_workspace/workspace/edg-60-ispn-testsuite-solaris/425a0ff4/infinispan/integrationtests/security-it/target/jboss-eap-6.2/standalone/deployments
&amp#27;[0m&amp#27;[0m14:01:27,667 INFO  [org.jboss.as.remoting] (MSC service thread 1-110) JBAS017100: Listening on 127.0.0.1:4447
&amp#27;[0m&amp#27;[0m14:01:27,667 INFO  [org.jboss.as.remoting] (MSC service thread 1-28) JBAS017100: Listening on 127.0.0.1:9999
&amp#27;[0m&amp#27;[0m14:01:27,903 INFO  [org.jboss.as] (Controller Boot Thread) JBAS015961: Http management interface listening on http://127.0.0.1:9990/management
&amp#27;[0m&amp#27;[0m14:01:27,904 INFO  [org.jboss.as] (Controller Boot Thread) JBAS015951: Admin console listening on http://127.0.0.1:9990
&amp#27;[0m&amp#27;[0m14:01:27,905 INFO  [org.jboss.as] (Controller Boot Thread) JBAS015874: JBoss EAP 6.2.4.GA (AS 7.3.4.Final-redhat-1) started in 3795ms - Started 142 of 199 services (56 services are passive or on-demand)
&amp#27;[0m&amp#27;[0m14:01:30,299 INFO  [org.jboss.as.repository] (management-handler-thread - 2) JBAS014900: Content added at location /mnt/hudson_workspace/workspace/edg-60-ispn-testsuite-solaris/425a0ff4/infinispan/integrationtests/security-it/target/jboss-eap-6.2/standalone/data/content/a1/608ba0fcf068c3e432515d73a23c16b518699d/content
&amp#27;[0m&amp#27;[0m14:01:30,330 INFO  [org.jboss.as.server.deployment] (MSC service thread 1-121) JBAS015876: Starting deployment of ""arquillian-service"" (runtime-name: ""arquillian-service"")
&amp#27;[0m&amp#27;[33m14:01:30,833 WARN  [org.jboss.as.dependency.private] (MSC service thread 1-2) JBAS018567: Deployment ""deployment.arquillian-service"" is using a private module (""org.jboss.as.jmx:main"") which may be changed or removed in future versions without notice.
&amp#27;[0m&amp#27;[33m14:01:30,834 WARN  [org.jboss.as.dependency.private] (MSC service thread 1-2) JBAS018567: Deployment ""deployment.arquillian-service"" is using a private module (""org.jboss.as.server:main"") which may be changed or removed in future versions without notice.
&amp#27;[0m&amp#27;[33m14:01:30,843 WARN  [org.jboss.as.dependency.private] (MSC service thread 1-2) JBAS018567: Deployment ""deployment.arquillian-service"" is using a private module (""org.jboss.as.osgi:main"") which may be changed or removed in future versions without notice.
&amp#27;[0m&amp#27;[33m14:01:30,843 WARN  [org.jboss.as.dependency.private] (MSC service thread 1-2) JBAS018567: Deployment ""deployment.arquillian-service"" is using a private module (""org.jboss.jandex:main"") which may be changed or removed in future versions without notice.
&amp#27;[0m&amp#27;[33m14:01:30,844 WARN  [org.jboss.as.dependency.private] (MSC service thread 1-2) JBAS018567: Deployment ""deployment.arquillian-service"" is using a private module (""org.jboss.osgi.framework:main"") which may be changed or removed in future versions without notice.
&amp#27;[0m&amp#27;[33m14:01:30,892 WARN  [org.jboss.weld.deployer] (MSC service thread 1-3) JBAS016012: Deployment deployment ""arquillian-service"" contains CDI annotations but beans.xml was not found.
&amp#27;[0m&amp#27;[0m14:01:31,191 INFO  [org.jboss.as.server] (management-handler-thread - 2) JBAS018559: Deployed ""arquillian-service"" (runtime-name : ""arquillian-service"")
&amp#27;[0m&amp#27;[0m14:01:34,201 INFO  [org.jboss.as.repository] (management-handler-thread - 3) JBAS014900: Content added at location /mnt/hudson_workspace/workspace/edg-60-ispn-testsuite-solaris/425a0ff4/infinispan/integrationtests/security-it/target/jboss-eap-6.2/standalone/data/content/13/704e306c78cc3756745a6fdb065723aa2705ad/content
&amp#27;[0m&amp#27;[0m14:01:34,209 INFO  [org.jboss.as.server.deployment] (MSC service thread 1-71) JBAS015876: Starting deployment of ""9d90e489-66da-492f-a06a-38c83deea6fe.war"" (runtime-name: ""9d90e489-66da-492f-a06a-38c83deea6fe.war"")
&amp#27;[0m&amp#27;[33m14:01:34,972 WARN  [org.jboss.as.dependency.private] (MSC service thread 1-29) JBAS018567: Deployment ""deployment.9d90e489-66da-492f-a06a-38c83deea6fe.war"" is using a private module (""org.apache.commons.lang:main"") which may be changed or removed in future versions without notice.
&amp#27;[0m&amp#27;[33m14:01:34,973 WARN  [org.jboss.as.dependency.private] (MSC service thread 1-29) JBAS018567: Deployment ""deployment.9d90e489-66da-492f-a06a-38c83deea6fe.war"" is using a private module (""org.apache.commons.lang:main"") which may be changed or removed in future versions without notice.
&amp#27;[0m&amp#27;[0m14:01:35,106 INFO  [org.jboss.as.arquillian] (MSC service thread 1-21) Arquillian deployment detected: ArquillianConfig[service=jboss.arquillian.config.""9d90e489-66da-492f-a06a-38c83deea6fe.war"",unit=9d90e489-66da-492f-a06a-38c83deea6fe.war,tests=[org.infinispan.test.integration.security.embedded.KrbLdapAuthenticationIT, org.infinispan.test.integration.security.embedded.LdapAuthenticationIT]]
&amp#27;[0m&amp#27;[0m14:01:35,126 INFO  [org.jboss.web] (ServerService Thread Pool -- 7) JBAS018210: Register web context: /9d90e489-66da-492f-a06a-38c83deea6fe
&amp#27;[0m&amp#27;[0m14:01:35,305 INFO  [org.jboss.as.server] (management-handler-thread - 3) JBAS018559: Deployed ""9d90e489-66da-492f-a06a-38c83deea6fe.war"" (runtime-name : ""9d90e489-66da-492f-a06a-38c83deea6fe.war"")
&amp#27;[0m2014-07-10 14:01:37,678 WARN  [DefaultDirectoryService] (main) ApacheDS shutdown hook has NOT been registered with the runtime.  This default setting for standalone operation has been overriden.
2014-07-10 14:01:41,056 WARN  [DefaultDirectoryService] (main) You didn't change the admin password of directory service instance 'InfinispanDS'.  Please update the admin password as soon as possible to prevent a possible security breach.
&amp#27;[0m14:01:44,382 INFO  [org.jboss.arquillian.testenricher.cdi.container.BeanManagerProducer] (pool-1-thread-1) BeanManager not found.
&amp#27;[0m2014-07-10 14:01:45,923 ERROR [KERBEROS_LOG] (NioDatagramAcceptor-1) No timestamp found
2014-07-10 14:01:45,930 WARN  [KerberosProtocolHandler] (NioDatagramAcceptor-1) Additional pre-authentication required (25)
2014-07-10 14:01:45,930 WARN  [KERBEROS_LOG] (NioDatagramAcceptor-1) Additional pre-authentication required (25)
2014-07-10 14:01:47,133 ERROR [KERBEROS_LOG] (NioDatagramAcceptor-1) No timestamp found
2014-07-10 14:01:47,133 WARN  [KerberosProtocolHandler] (NioDatagramAcceptor-1) Additional pre-authentication required (25)
2014-07-10 14:01:47,133 WARN  [KERBEROS_LOG] (NioDatagramAcceptor-1) Additional pre-authentication required (25)
2014-07-10 14:01:47,480 WARN  [LdapProtocolHandler] (pool-8-thread-1) Unexpected exception forcing session to close: sending disconnect notice to client.
java.security.PrivilegedActionException: javax.security.sasl.SaslException: Failure to initialize security context [Caused by GSSException: Invalid name provided (Mechanism level: Cannot locate default realm)]
	at java.security.AccessController.doPrivileged(Native Method)
	at javax.security.auth.Subject.doAs(Subject.java:415)
	at org.apache.directory.server.ldap.handlers.sasl.gssapi.GssapiMechanismHandler.handleMechanism(GssapiMechanismHandler.java:74)
	at org.apache.directory.server.ldap.handlers.request.BindRequestHandler.handleSaslAuth(BindRequestHandler.java:577)
	at org.apache.directory.server.ldap.handlers.request.BindRequestHandler.handle(BindRequestHandler.java:630)
	at org.apache.directory.server.ldap.handlers.request.BindRequestHandler.handle(BindRequestHandler.java:66)
	at org.apache.directory.server.ldap.handlers.LdapRequestHandler.handleMessage(LdapRequestHandler.java:193)
	at org.apache.directory.server.ldap.handlers.LdapRequestHandler.handleMessage(LdapRequestHandler.java:56)
	at org.apache.mina.handler.demux.DemuxingIoHandler.messageReceived(DemuxingIoHandler.java:221)
	at org.apache.directory.server.ldap.LdapProtocolHandler.messageReceived(LdapProtocolHandler.java:217)
	at org.apache.mina.core.filterchain.DefaultIoFilterChain$TailFilter.messageReceived(DefaultIoFilterChain.java:690)
	at org.apache.mina.core.filterchain.DefaultIoFilterChain.callNextMessageReceived(DefaultIoFilterChain.java:417)
	at org.apache.mina.core.filterchain.DefaultIoFilterChain.access$1200(DefaultIoFilterChain.java:47)
	at org.apache.mina.core.filterchain.DefaultIoFilterChain$EntryImpl$1.messageReceived(DefaultIoFilterChain.java:765)
	at org.apache.mina.core.filterchain.IoFilterEvent.fire(IoFilterEvent.java:74)
	at org.apache.mina.core.session.IoEvent.run(IoEvent.java:63)
	at org.apache.mina.filter.executor.UnorderedThreadPoolExecutor$Worker.runTask(UnorderedThreadPoolExecutor.java:474)
	at org.apache.mina.filter.executor.UnorderedThreadPoolExecutor$Worker.run(UnorderedThreadPoolExecutor.java:428)
	at java.lang.Thread.run(Thread.java:744)
Caused by: javax.security.sasl.SaslException: Failure to initialize security context [Caused by GSSException: Invalid name provided (Mechanism level: Cannot locate default realm)]
	at com.sun.security.sasl.gsskerb.GssKrb5Server.<init>(GssKrb5Server.java:113)
	at com.sun.security.sasl.gsskerb.FactoryImpl.createSaslServer(FactoryImpl.java:85)
	at javax.security.sasl.Sasl.createSaslServer(Sasl.java:509)
	at org.apache.directory.server.ldap.handlers.sasl.gssapi.GssapiMechanismHandler$1.run(GssapiMechanismHandler.java:78)
	at org.apache.directory.server.ldap.handlers.sasl.gssapi.GssapiMechanismHandler$1.run(GssapiMechanismHandler.java:75)
	... 19 more
Caused by: GSSException: Invalid name provided (Mechanism level: Cannot locate default realm)
	at sun.security.jgss.krb5.Krb5NameElement.getInstance(Krb5NameElement.java:127)
	at sun.security.jgss.krb5.Krb5MechFactory.getNameElement(Krb5MechFactory.java:95)
	at sun.security.jgss.GSSManagerImpl.getNameElement(GSSManagerImpl.java:202)
	at sun.security.jgss.GSSNameImpl.getElement(GSSNameImpl.java:472)
	at sun.security.jgss.GSSNameImpl.init(GSSNameImpl.java:201)
	at sun.security.jgss.GSSNameImpl.<init>(GSSNameImpl.java:170)
	at sun.security.jgss.GSSManagerImpl.createName(GSSManagerImpl.java:137)
	at com.sun.security.sasl.gsskerb.GssKrb5Server.<init>(GssKrb5Server.java:93)
	... 23 more
2014-07-10 14:01:47,496 WARN  [LdapProtocolHandler] (NioProcessor-3) Null LdapSession given to cleanUpSession.
&amp#27;[31m14:01:47,510 SEVERE [org.jboss.arquillian.protocol.jmx.JMXTestRunner] (pool-1-thread-1) Failed: org.infinispan.test.integration.security.embedded.KrbLdapAuthenticationIT.testUnprivilegedWrite: javax.security.auth.login.LoginException: Unable to create new InitialLdapContext
	at org.jboss.security.negotiation.AdvancedLdapLoginModule.constructLdapContext(AdvancedLdapLoginModule.java:474) [jboss-negotiation-extras-2.2.10.Final-redhat-1.jar:2.2.10.Final-redhat-1]
	at org.jboss.security.negotiation.AdvancedLdapLoginModule.innerLogin(AdvancedLdapLoginModule.java:361) [jboss-negotiation-extras-2.2.10.Final-redhat-1.jar:2.2.10.Final-redhat-1]
	at org.jboss.security.negotiation.AdvancedLdapLoginModule$AuthorizeAction.run(AdvancedLdapLoginModule.java:943) [jboss-negotiation-extras-2.2.10.Final-redhat-1.jar:2.2.10.Final-redhat-1]
	at java.security.AccessController.doPrivileged(Native Method) [rt.jar:1.7.0_51]
	at javax.security.auth.Subject.doAs(Subject.java:356) [rt.jar:1.7.0_51]
	at org.jboss.security.negotiation.AdvancedLdapLoginModule.login(AdvancedLdapLoginModule.java:305) [jboss-negotiation-extras-2.2.10.Final-redhat-1.jar:2.2.10.Final-redhat-1]
	at sun.reflect.NativeMethodAccessorImpl.invoke0(Native Method) [rt.jar:1.7.0_51]
	at sun.reflect.NativeMethodAccessorImpl.invoke(NativeMethodAccessorImpl.java:57) [rt.jar:1.7.0_51]
	at sun.reflect.DelegatingMethodAccessorImpl.invoke(DelegatingMethodAccessorImpl.java:43) [rt.jar:1.7.0_51]
	at java.lang.reflect.Method.invoke(Method.java:606) [rt.jar:1.7.0_51]
	at javax.security.auth.login.LoginContext.invoke(LoginContext.java:762) [rt.jar:1.7.0_51]
	at javax.security.auth.login.LoginContext.access$000(LoginContext.java:203) [rt.jar:1.7.0_51]
	at javax.security.auth.login.LoginContext$4.run(LoginContext.java:690) [rt.jar:1.7.0_51]
	at javax.security.auth.login.LoginContext$4.run(LoginContext.java:688) [rt.jar:1.7.0_51]
	at java.security.AccessController.doPrivileged(Native Method) [rt.jar:1.7.0_51]
	at javax.security.auth.login.LoginContext.invokePriv(LoginContext.java:687) [rt.jar:1.7.0_51]
	at javax.security.auth.login.LoginContext.login(LoginContext.java:595) [rt.jar:1.7.0_51]
	at org.infinispan.test.integration.security.embedded.AbstractAuthentication.authenticateWithKrb(AbstractAuthentication.java:69) [classes:]
	at org.infinispan.test.integration.security.embedded.KrbLdapAuthenticationIT.getAdminSubject(KrbLdapAuthenticationIT.java:70) [classes:]
	at org.infinispan.test.integration.security.embedded.AbstractAuthentication.setupCache(AbstractAuthentication.java:100) [classes:]
	at sun.reflect.NativeMethodAccessorImpl.invoke0(Native Method) [rt.jar:1.7.0_51]
	at sun.reflect.NativeMethodAccessorImpl.invoke(NativeMethodAccessorImpl.java:57) [rt.jar:1.7.0_51]
	at sun.reflect.DelegatingMethodAccessorImpl.invoke(DelegatingMethodAccessorImpl.java:43) [rt.jar:1.7.0_51]
	at java.lang.reflect.Method.invoke(Method.java:606) [rt.jar:1.7.0_51]
	at org.junit.runners.model.FrameworkMethod$1.runReflectiveCall(FrameworkMethod.java:47) [arquillian-service:]
	at org.junit.internal.runners.model.ReflectiveCallable.run(ReflectiveCallable.java:12) [arquillian-service:]
	at org.junit.runners.model.FrameworkMethod.invokeExplosively(FrameworkMethod.java:44) [arquillian-service:]
	at org.junit.internal.runners.statements.RunBefores.evaluate(RunBefores.java:24) [arquillian-service:]
	at org.jboss.arquillian.junit.Arquillian$StatementLifecycleExecutor.invoke(Arquillian.java:351) [arquillian-service:]
	at org.jboss.arquillian.container.test.impl.execution.BeforeLifecycleEventExecuter.on(BeforeLifecycleEventExecuter.java:35) [arquillian-service:]
	at sun.reflect.NativeMethodAccessorImpl.invoke0(Native Method) [rt.jar:1.7.0_51]
	at sun.reflect.NativeMethodAccessorImpl.invoke(NativeMethodAccessorImpl.java:57) [rt.jar:1.7.0_51]
	at sun.reflect.DelegatingMethodAccessorImpl.invoke(DelegatingMethodAccessorImpl.java:43) [rt.jar:1.7.0_51]
	at java.lang.reflect.Method.invoke(Method.java:606) [rt.jar:1.7.0_51]
	at org.jboss.arquillian.core.impl.ObserverImpl.invoke(ObserverImpl.java:94) [arquillian-service:]
	at org.jboss.arquillian.core.impl.EventContextImpl.invokeObservers(EventContextImpl.java:99) [arquillian-service:]
	at org.jboss.arquillian.core.impl.EventContextImpl.proceed(EventContextImpl.java:81) [arquillian-service:]
	at org.jboss.arquillian.test.impl.TestContextHandler.createTestContext(TestContextHandler.java:89) [arquillian-service:]
	at sun.reflect.NativeMethodAccessorImpl.invoke0(Native Method) [rt.jar:1.7.0_51]
	at sun.reflect.NativeMethodAccessorImpl.invoke(NativeMethodAccessorImpl.java:57) [rt.jar:1.7.0_51]
	at sun.reflect.DelegatingMethodAccessorImpl.invoke(DelegatingMethodAccessorImpl.java:43) [rt.jar:1.7.0_51]
	at java.lang.reflect.Method.invoke(Method.java:606) [rt.jar:1.7.0_51]
	at org.jboss.arquillian.core.impl.ObserverImpl.invoke(ObserverImpl.java:94) [arquillian-service:]
	at org.jboss.arquillian.core.impl.EventContextImpl.proceed(EventContextImpl.java:88) [arquillian-service:]
	at org.jboss.arquillian.test.impl.TestContextHandler.createClassContext(TestContextHandler.java:75) [arquillian-service:]
	at sun.reflect.NativeMethodAccessorImpl.invoke0(Native Method) [rt.jar:1.7.0_51]
	at sun.reflect.NativeMethodAccessorImpl.invoke(NativeMethodAccessorImpl.java:57) [rt.jar:1.7.0_51]
	at sun.reflect.DelegatingMethodAccessorImpl.invoke(DelegatingMethodAccessorImpl.java:43) [rt.jar:1.7.0_51]
	at java.lang.reflect.Method.invoke(Method.java:606) [rt.jar:1.7.0_51]
	at org.jboss.arquillian.core.impl.ObserverImpl.invoke(ObserverImpl.java:94) [arquillian-service:]
	at org.jboss.arquillian.core.impl.EventContextImpl.proceed(EventContextImpl.java:88) [arquillian-service:]
	at org.jboss.arquillian.test.impl.TestContextHandler.createSuiteContext(TestContextHandler.java:60) [arquillian-service:]
	at sun.reflect.NativeMethodAccessorImpl.invoke0(Native Method) [rt.jar:1.7.0_51]
	at sun.reflect.NativeMethodAccessorImpl.invoke(NativeMethodAccessorImpl.java:57) [rt.jar:1.7.0_51]
	at sun.reflect.DelegatingMethodAccessorImpl.invoke(DelegatingMethodAccessorImpl.java:43) [rt.jar:1.7.0_51]
	at java.lang.reflect.Method.invoke(Method.java:606) [rt.jar:1.7.0_51]
	at org.jboss.arquillian.core.impl.ObserverImpl.invoke(ObserverImpl.java:94) [arquillian-service:]
	at org.jboss.arquillian.core.impl.EventContextImpl.proceed(EventContextImpl.java:88) [arquillian-service:]
	at org.jboss.arquillian.core.impl.ManagerImpl.fire(ManagerImpl.java:135) [arquillian-service:]
	at org.jboss.arquillian.core.impl.ManagerImpl.fire(ManagerImpl.java:115) [arquillian-service:]
	at org.jboss.arquillian.test.impl.EventTestRunnerAdaptor.before(EventTestRunnerAdaptor.java:95) [arquillian-service:]
	at org.jboss.arquillian.junit.Arquillian$4.evaluate(Arquillian.java:222) [arquillian-service:]
	at org.jboss.arquillian.junit.Arquillian.multiExecute(Arquillian.java:314) [arquillian-service:]
	at org.jboss.arquillian.junit.Arquillian.access$100(Arquillian.java:46) [arquillian-service:]
	at org.jboss.arquillian.junit.Arquillian$5.evaluate(Arquillian.java:240) [arquillian-service:]
	at org.junit.runners.ParentRunner.runLeaf(ParentRunner.java:271) [arquillian-service:]
	at org.junit.runners.BlockJUnit4ClassRunner.runChild(BlockJUnit4ClassRunner.java:70) [arquillian-service:]
	at org.junit.runners.BlockJUnit4ClassRunner.runChild(BlockJUnit4ClassRunner.java:50) [arquillian-service:]
	at org.junit.runners.ParentRunner$3.run(ParentRunner.java:238) [arquillian-service:]
	at org.junit.runners.ParentRunner$1.schedule(ParentRunner.java:63) [arquillian-service:]
	at org.junit.runners.ParentRunner.runChildren(ParentRunner.java:236) [arquillian-service:]
	at org.junit.runners.ParentRunner.access$000(ParentRunner.java:53) [arquillian-service:]
	at org.junit.runners.ParentRunner$2.evaluate(ParentRunner.java:229) [arquillian-service:]
	at org.jboss.arquillian.junit.Arquillian$2.evaluate(Arquillian.java:185) [arquillian-service:]
	at org.jboss.arquillian.junit.Arquillian.multiExecute(Arquillian.java:314) [arquillian-service:]
	at org.jboss.arquillian.junit.Arquillian.access$100(Arquillian.java:46) [arquillian-service:]
	at org.jboss.arquillian.junit.Arquillian$3.evaluate(Arquillian.java:199) [arquillian-service:]
	at org.junit.runners.ParentRunner.run(ParentRunner.java:309) [arquillian-service:]
	at org.jboss.arquillian.junit.Arquillian.run(Arquillian.java:147) [arquillian-service:]
	at org.junit.runner.JUnitCore.run(JUnitCore.java:160) [arquillian-service:]
	at org.junit.runner.JUnitCore.run(JUnitCore.java:138) [arquillian-service:]
	at org.jboss.arquillian.junit.container.JUnitTestRunner.execute(JUnitTestRunner.java:65) [arquillian-service:]
	at org.jboss.arquillian.protocol.jmx.JMXTestRunner.runTestMethodInternal(JMXTestRunner.java:129) [arquillian-service:]
	at org.jboss.arquillian.protocol.jmx.JMXTestRunner.runTestMethod(JMXTestRunner.java:108) [arquillian-service:]
	at org.jboss.as.arquillian.service.ArquillianService$ExtendedJMXTestRunner.runTestMethod(ArquillianService.java:214) [arquillian-service:]
	at sun.reflect.NativeMethodAccessorImpl.invoke0(Native Method) [rt.jar:1.7.0_51]
	at sun.reflect.NativeMethodAccessorImpl.invoke(NativeMethodAccessorImpl.java:57) [rt.jar:1.7.0_51]
	at sun.reflect.DelegatingMethodAccessorImpl.invoke(DelegatingMethodAccessorImpl.java:43) [rt.jar:1.7.0_51]
	at java.lang.reflect.Method.invoke(Method.java:606) [rt.jar:1.7.0_51]
	at sun.reflect.misc.Trampoline.invoke(MethodUtil.java:75) [rt.jar:1.7.0_51]
	at sun.reflect.NativeMethodAccessorImpl.invoke0(Native Method) [rt.jar:1.7.0_51]
	at sun.reflect.NativeMethodAccessorImpl.invoke(NativeMethodAccessorImpl.java:57) [rt.jar:1.7.0_51]
	at sun.reflect.DelegatingMethodAccessorImpl.invoke(DelegatingMethodAccessorImpl.java:43) [rt.jar:1.7.0_51]
	at java.lang.reflect.Method.invoke(Method.java:606) [rt.jar:1.7.0_51]
	at sun.reflect.misc.MethodUtil.invoke(MethodUtil.java:279) [rt.jar:1.7.0_51]
	at com.sun.jmx.mbeanserver.StandardMBeanIntrospector.invokeM2(StandardMBeanIntrospector.java:112) [rt.jar:1.7.0_51]
	at com.sun.jmx.mbeanserver.StandardMBeanIntrospector.invokeM2(StandardMBeanIntrospector.java:46) [rt.jar:1.7.0_51]
	at com.sun.jmx.mbeanserver.MBeanIntrospector.invokeM(MBeanIntrospector.java:237) [rt.jar:1.7.0_51]
	at com.sun.jmx.mbeanserver.PerInterface.invoke(PerInterface.java:138) [rt.jar:1.7.0_51]
	at com.sun.jmx.mbeanserver.MBeanSupport.invoke(MBeanSupport.java:252) [rt.jar:1.7.0_51]
	at com.sun.jmx.interceptor.DefaultMBeanServerInterceptor.invoke(DefaultMBeanServerInterceptor.java:819) [rt.jar:1.7.0_51]
	at com.sun.jmx.mbeanserver.JmxMBeanServer.invoke(JmxMBeanServer.java:801) [rt.jar:1.7.0_51]
	at org.jboss.as.jmx.PluggableMBeanServerImpl$TcclMBeanServer.invoke(PluggableMBeanServerImpl.java:1453)
	at org.jboss.as.jmx.PluggableMBeanServerImpl.invoke(PluggableMBeanServerImpl.java:731)
	at org.jboss.remotingjmx.protocol.v2.ServerProxy$InvokeHandler.handle(ServerProxy.java:952)
	at org.jboss.remotingjmx.protocol.v2.ServerCommon$MessageReciever$1$1.run(ServerCommon.java:153)
	at org.jboss.as.jmx.ServerInterceptorFactory$Interceptor$1.run(ServerInterceptorFactory.java:75)
	at org.jboss.as.jmx.ServerInterceptorFactory$Interceptor$1.run(ServerInterceptorFactory.java:70)
	at java.security.AccessController.doPrivileged(Native Method) [rt.jar:1.7.0_51]
	at javax.security.auth.Subject.doAs(Subject.java:415) [rt.jar:1.7.0_51]
	at org.jboss.as.controller.AccessAuditContext.doAs(AccessAuditContext.java:94)
	at org.jboss.as.jmx.ServerInterceptorFactory$Interceptor.handleEvent(ServerInterceptorFactory.java:70)
	at org.jboss.remotingjmx.protocol.v2.ServerCommon$MessageReciever$1.run(ServerCommon.java:149)
	at java.util.concurrent.ThreadPoolExecutor.runWorker(ThreadPoolExecutor.java:1145) [rt.jar:1.7.0_51]
	at java.util.concurrent.ThreadPoolExecutor$Worker.run(ThreadPoolExecutor.java:615) [rt.jar:1.7.0_51]
	at java.lang.Thread.run(Thread.java:744) [rt.jar:1.7.0_51]
Caused by: javax.naming.NamingException: JBAS011843: Failed instantiate InitialContextFactory com.sun.jndi.ldap.LdapCtxFactory from classloader ModuleClassLoader for Module ""deployment.9d90e489-66da-492f-a06a-38c83deea6fe.war:main"" from Service Module Loader [Root exception is javax.naming.CommunicationException: Request: 1 cancelled]
	at org.jboss.as.naming.InitialContext.getDefaultInitCtx(InitialContext.java:124)
	at org.jboss.as.naming.InitialContext.init(InitialContext.java:107)
	at javax.naming.ldap.InitialLdapContext.<init>(InitialLdapContext.java:153) [rt.jar:1.7.0_51]
	at org.jboss.as.naming.InitialContext.<init>(InitialContext.java:98)
	at org.jboss.as.naming.InitialContextFactory.getInitialContext(InitialContextFactory.java:44)
	at javax.naming.spi.NamingManager.getInitialContext(NamingManager.java:684) [rt.jar:1.7.0_51]
	at javax.naming.InitialContext.getDefaultInitCtx(InitialContext.java:307) [rt.jar:1.7.0_51]
	at javax.naming.InitialContext.init(InitialContext.java:242) [rt.jar:1.7.0_51]
	at javax.naming.ldap.InitialLdapContext.<init>(InitialLdapContext.java:153) [rt.jar:1.7.0_51]
	at org.jboss.security.negotiation.AdvancedLdapLoginModule.constructLdapContext(AdvancedLdapLoginModule.java:470) [jboss-negotiation-extras-2.2.10.Final-redhat-1.jar:2.2.10.Final-redhat-1]
	... 115 more
Caused by: javax.naming.CommunicationException: Request: 1 cancelled
	at com.sun.jndi.ldap.LdapRequest.getReplyBer(LdapRequest.java:105) [rt.jar:1.7.0_51]
	at com.sun.jndi.ldap.Connection.readReply(Connection.java:449) [rt.jar:1.7.0_51]
	at com.sun.jndi.ldap.LdapClient.ldapBind(LdapClient.java:364) [rt.jar:1.7.0_51]
	at com.sun.jndi.ldap.sasl.LdapSasl.saslBind(LdapSasl.java:126) [rt.jar:1.7.0_51]
	at com.sun.jndi.ldap.LdapClient.authenticate(LdapClient.java:235) [rt.jar:1.7.0_51]
	at com.sun.jndi.ldap.LdapCtx.connect(LdapCtx.java:2740) [rt.jar:1.7.0_51]
	at com.sun.jndi.ldap.LdapCtx.<init>(LdapCtx.java:316) [rt.jar:1.7.0_51]
	at com.sun.jndi.ldap.LdapCtxFactory.getUsingURL(LdapCtxFactory.java:193) [rt.jar:1.7.0_51]
	at com.sun.jndi.ldap.LdapCtxFactory.getUsingURLs(LdapCtxFactory.java:211) [rt.jar:1.7.0_51]
	at com.sun.jndi.ldap.LdapCtxFactory.getLdapCtxInstance(LdapCtxFactory.java:154) [rt.jar:1.7.0_51]
	at com.sun.jndi.ldap.LdapCtxFactory.getInitialContext(LdapCtxFactory.java:84) [rt.jar:1.7.0_51]
	at org.jboss.as.naming.InitialContext.getDefaultInitCtx(InitialContext.java:122)
	... 124 more

&amp#27;[0m
{noformat}

Windows output
{noformat}
19:10:48,302 INFO  [org.jboss.modules] (main) JBoss Modules version 1.3.3.Final-redhat-1
19:10:49,810 INFO  [org.jboss.msc] (main) JBoss MSC version 1.0.4.GA-redhat-1
19:10:50,423 INFO  [org.jboss.as] (MSC service thread 1-2) JBAS015899: JBoss EAP 6.2.4.GA (AS 7.3.4.Final-redhat-1) starting
19:10:57,418 INFO  [org.xnio] (MSC service thread 1-1) XNIO Version 3.0.10.GA-redhat-1
19:10:57,434 INFO  [org.jboss.as.server] (Controller Boot Thread) JBAS015888: Creating http management service using socket-binding (management-http)
19:10:57,464 INFO  [org.xnio.nio] (MSC service thread 1-1) XNIO NIO Implementation Version 3.0.10.GA-redhat-1
19:10:57,622 INFO  [org.jboss.as.naming] (ServerService Thread Pool -- 37) JBAS011800: Activating Naming Subsystem
19:10:57,652 INFO  [org.jboss.as.security] (ServerService Thread Pool -- 42) JBAS013171: Activating Security Subsystem
19:10:57,682 INFO  [org.jboss.as.clustering.infinispan] (ServerService Thread Pool -- 29) JBAS010280: Activating Infinispan subsystem.
19:10:57,739 INFO  [org.jboss.as.webservices] (ServerService Thread Pool -- 46) JBAS015537: Activating WebServices Extension
19:10:57,753 INFO  [org.jboss.remoting] (MSC service thread 1-1) JBoss Remoting version 3.2.19.GA-redhat-1
19:10:58,006 INFO  [org.jboss.as.jsf] (ServerService Thread Pool -- 35) JBAS012605: Activated the following JSF Implementations: [main, 1.2]
19:10:58,283 INFO  [org.jboss.as.naming] (MSC service thread 1-1) JBAS011802: Starting Naming Service
19:10:58,413 INFO  [org.jboss.as.mail.extension] (MSC service thread 1-1) JBAS015400: Bound mail session [java:jboss/mail/Default]
19:10:58,444 INFO  [org.jboss.as.security] (MSC service thread 1-1) JBAS013170: Current PicketBox version=4.0.19.SP8-redhat-1
19:10:58,717 INFO  [org.jboss.as.connector.subsystems.datasources] (ServerService Thread Pool -- 25) JBAS010403: Deploying JDBC-compliant driver class org.h2.Driver (version 1.3)
19:10:59,211 INFO  [org.jboss.as.connector.logging] (MSC service thread 1-1) JBAS010408: Starting JCA Subsystem (IronJacamar 1.0.23.1.Final-redhat-1)
19:11:01,802 INFO  [org.jboss.as.server.deployment.scanner] (MSC service thread 1-1) JBAS015012: Started FileSystemDeploymentService for directory W:\workspace\edg-60-ispn-testsuite-windows\dec96de9\infinispan\integrationtests\security-it\target\jboss-eap-6.2\standalone\deployments
19:11:01,903 INFO  [org.jboss.as.remoting] (MSC service thread 1-2) JBAS017100: Listening on 127.0.0.1:4447
19:11:02,145 INFO  [org.jboss.ws.common.management] (MSC service thread 1-4) JBWS022052: Starting JBoss Web Services - Stack CXF Server 4.2.4.Final-redhat-1
19:11:02,164 INFO  [org.apache.coyote.http11] (MSC service thread 1-2) JBWEB003001: Coyote HTTP/1.1 initializing on : http-/127.0.0.1:8080
19:11:02,196 INFO  [org.apache.coyote.http11] (MSC service thread 1-2) JBWEB003000: Coyote HTTP/1.1 starting on: http-/127.0.0.1:8080
19:11:02,328 INFO  [org.jboss.as.remoting] (MSC service thread 1-3) JBAS017100: Listening on 127.0.0.1:9999
19:11:03,009 INFO  [org.jboss.as.connector.subsystems.datasources] (MSC service thread 1-4) JBAS010400: Bound data source [java:jboss/datasources/ExampleDS]
19:11:03,464 INFO  [org.jboss.as] (Controller Boot Thread) JBAS015961: Http management interface listening on http://127.0.0.1:9990/management
19:11:03,468 INFO  [org.jboss.as] (Controller Boot Thread) JBAS015951: Admin console listening on http://127.0.0.1:9990
19:11:03,471 INFO  [org.jboss.as] (Controller Boot Thread) JBAS015874: JBoss EAP 6.2.4.GA (AS 7.3.4.Final-redhat-1) started in 17670ms - Started 142 of 199 services (56 services are passive or on-demand)
19:11:09,101 INFO  [org.jboss.as.repository] (management-handler-thread - 2) JBAS014900: Content added at location W:\workspace\edg-60-ispn-testsuite-windows\dec96de9\infinispan\integrationtests\security-it\target\jboss-eap-6.2\standalone\data\content\86\4229fa8028234886af76b97986bbe0a8ec9520\content
19:11:09,230 INFO  [org.jboss.as.server.deployment] (MSC service thread 1-2) JBAS015876: Starting deployment of ""arquillian-service"" (runtime-name: ""arquillian-service"")
19:11:10,375 WARN  [org.jboss.as.dependency.private] (MSC service thread 1-1) JBAS018567: Deployment ""deployment.arquillian-service"" is using a private module (""org.jboss.as.jmx:main"") which may be changed or removed in future versions without notice.
19:11:10,384 WARN  [org.jboss.as.dependency.private] (MSC service thread 1-1) JBAS018567: Deployment ""deployment.arquillian-service"" is using a private module (""org.jboss.as.server:main"") which may be changed or removed in future versions without notice.
19:11:10,417 WARN  [org.jboss.as.dependency.private] (MSC service thread 1-1) JBAS018567: Deployment ""deployment.arquillian-service"" is using a private module (""org.jboss.as.osgi:main"") which may be changed or removed in future versions without notice.
19:11:10,419 WARN  [org.jboss.as.dependency.private] (MSC service thread 1-1) JBAS018567: Deployment ""deployment.arquillian-service"" is using a private module (""org.jboss.jandex:main"") which may be changed or removed in future versions without notice.
19:11:10,421 WARN  [org.jboss.as.dependency.private] (MSC service thread 1-1) JBAS018567: Deployment ""deployment.arquillian-service"" is using a private module (""org.jboss.osgi.framework:main"") which may be changed or removed in future versions without notice.
19:11:10,613 WARN  [org.jboss.weld.deployer] (MSC service thread 1-2) JBAS016012: Deployment deployment ""arquillian-service"" contains CDI annotations but beans.xml was not found.
19:11:11,861 INFO  [org.jboss.as.server] (management-handler-thread - 2) JBAS018559: Deployed ""arquillian-service"" (runtime-name : ""arquillian-service"")
19:11:20,920 INFO  [org.jboss.as.repository] (management-handler-thread - 3) JBAS014900: Content added at location W:\workspace\edg-60-ispn-testsuite-windows\dec96de9\infinispan\integrationtests\security-it\target\jboss-eap-6.2\standalone\data\content\3d\1ba9b5c871390b08bb8fff8f70c0cfb2e9bd92\content
19:11:20,942 INFO  [org.jboss.as.server.deployment] (MSC service thread 1-3) JBAS015876: Starting deployment of ""cdfec128-cadf-4cfb-9ffe-f5445e7f3980.war"" (runtime-name: ""cdfec128-cadf-4cfb-9ffe-f5445e7f3980.war"")
19:11:23,615 WARN  [org.jboss.as.dependency.private] (MSC service thread 1-3) JBAS018567: Deployment ""deployment.cdfec128-cadf-4cfb-9ffe-f5445e7f3980.war"" is using a private module (""org.apache.commons.lang:main"") which may be changed or removed in future versions without notice.
19:11:23,618 WARN  [org.jboss.as.dependency.private] (MSC service thread 1-3) JBAS018567: Deployment ""deployment.cdfec128-cadf-4cfb-9ffe-f5445e7f3980.war"" is using a private module (""org.apache.commons.lang:main"") which may be changed or removed in future versions without notice.
19:11:23,914 INFO  [org.jboss.as.arquillian] (MSC service thread 1-4) Arquillian deployment detected: ArquillianConfig[service=jboss.arquillian.config.""cdfec128-cadf-4cfb-9ffe-f5445e7f3980.war"",unit=cdfec128-cadf-4cfb-9ffe-f5445e7f3980.war,tests=[org.infinispan.test.integration.security.embedded.KrbLdapAuthenticationIT, org.infinispan.test.integration.security.embedded.LdapAuthenticationIT]]
19:11:24,001 INFO  [org.jboss.web] (ServerService Thread Pool -- 53) JBAS018210: Register web context: /cdfec128-cadf-4cfb-9ffe-f5445e7f3980
19:11:24,313 INFO  [org.jboss.as.server] (management-handler-thread - 3) JBAS018559: Deployed ""cdfec128-cadf-4cfb-9ffe-f5445e7f3980.war"" (runtime-name : ""cdfec128-cadf-4cfb-9ffe-f5445e7f3980.war"")
19:11:57,265 INFO  [org.jboss.arquillian.testenricher.cdi.container.BeanManagerProducer] (pool-2-thread-1) BeanManager not found.
19:12:01,993 SEVERE [org.jboss.arquillian.protocol.jmx.JMXTestRunner] (pool-2-thread-1) Failed: org.infinispan.test.integration.security.embedded.KrbLdapAuthenticationIT.testUnprivilegedWrite: javax.security.auth.login.LoginException: Unable to create new InitialLdapContext
	at org.jboss.security.negotiation.AdvancedLdapLoginModule.constructLdapContext(AdvancedLdapLoginModule.java:474) [jboss-negotiation-extras-2.2.10.Final-redhat-1.jar:2.2.10.Final-redhat-1]
	at org.jboss.security.negotiation.AdvancedLdapLoginModule.innerLogin(AdvancedLdapLoginModule.java:361) [jboss-negotiation-extras-2.2.10.Final-redhat-1.jar:2.2.10.Final-redhat-1]
	at org.jboss.security.negotiation.AdvancedLdapLoginModule$AuthorizeAction.run(AdvancedLdapLoginModule.java:943) [jboss-negotiation-extras-2.2.10.Final-redhat-1.jar:2.2.10.Final-redhat-1]
	at java.security.AccessController.doPrivileged(Native Method) [rt.jar:1.7.0_51]
	at javax.security.auth.Subject.doAs(Subject.java:356) [rt.jar:1.7.0_51]
	at org.jboss.security.negotiation.AdvancedLdapLoginModule.login(AdvancedLdapLoginModule.java:305) [jboss-negotiation-extras-2.2.10.Final-redhat-1.jar:2.2.10.Final-redhat-1]
	at sun.reflect.NativeMethodAccessorImpl.invoke0(Native Method) [rt.jar:1.7.0_51]
	at sun.reflect.NativeMethodAccessorImpl.invoke(NativeMethodAccessorImpl.java:57) [rt.jar:1.7.0_51]
	at sun.reflect.DelegatingMethodAccessorImpl.invoke(DelegatingMethodAccessorImpl.java:43) [rt.jar:1.7.0_51]
	at java.lang.reflect.Method.invoke(Method.java:606) [rt.jar:1.7.0_51]
	at javax.security.auth.login.LoginContext.invoke(LoginContext.java:762) [rt.jar:1.7.0_51]
	at javax.security.auth.login.LoginContext.access$000(LoginContext.java:203) [rt.jar:1.7.0_51]
	at javax.security.auth.login.LoginContext$4.run(LoginContext.java:690) [rt.jar:1.7.0_51]
	at javax.security.auth.login.LoginContext$4.run(LoginContext.java:688) [rt.jar:1.7.0_51]
	at java.security.AccessController.doPrivileged(Native Method) [rt.jar:1.7.0_51]
	at javax.security.auth.login.LoginContext.invokePriv(LoginContext.java:687) [rt.jar:1.7.0_51]
	at javax.security.auth.login.LoginContext.login(LoginContext.java:595) [rt.jar:1.7.0_51]
	at org.infinispan.test.integration.security.embedded.AbstractAuthentication.authenticateWithKrb(AbstractAuthentication.java:69) [classes:]
	at org.infinispan.test.integration.security.embedded.KrbLdapAuthenticationIT.getAdminSubject(KrbLdapAuthenticationIT.java:70) [classes:]
	at org.infinispan.test.integration.security.embedded.AbstractAuthentication.setupCache(AbstractAuthentication.java:100) [classes:]
	at sun.reflect.NativeMethodAccessorImpl.invoke0(Native Method) [rt.jar:1.7.0_51]
	at sun.reflect.NativeMethodAccessorImpl.invoke(NativeMethodAccessorImpl.java:57) [rt.jar:1.7.0_51]
	at sun.reflect.DelegatingMethodAccessorImpl.invoke(DelegatingMethodAccessorImpl.java:43) [rt.jar:1.7.0_51]
	at java.lang.reflect.Method.invoke(Method.java:606) [rt.jar:1.7.0_51]
	at org.junit.runners.model.FrameworkMethod$1.runReflectiveCall(FrameworkMethod.java:47) [arquillian-service:]
	at org.junit.internal.runners.model.ReflectiveCallable.run(ReflectiveCallable.java:12) [arquillian-service:]
	at org.junit.runners.model.FrameworkMethod.invokeExplosively(FrameworkMethod.java:44) [arquillian-service:]
	at org.junit.internal.runners.statements.RunBefores.evaluate(RunBefores.java:24) [arquillian-service:]
	at org.jboss.arquillian.junit.Arquillian$StatementLifecycleExecutor.invoke(Arquillian.java:351) [arquillian-service:]
	at org.jboss.arquillian.container.test.impl.execution.BeforeLifecycleEventExecuter.on(BeforeLifecycleEventExecuter.java:35) [arquillian-service:]
	at sun.reflect.NativeMethodAccessorImpl.invoke0(Native Method) [rt.jar:1.7.0_51]
	at sun.reflect.NativeMethodAccessorImpl.invoke(NativeMethodAccessorImpl.java:57) [rt.jar:1.7.0_51]
	at sun.reflect.DelegatingMethodAccessorImpl.invoke(DelegatingMethodAccessorImpl.java:43) [rt.jar:1.7.0_51]
	at java.lang.reflect.Method.invoke(Method.java:606) [rt.jar:1.7.0_51]
	at org.jboss.arquillian.core.impl.ObserverImpl.invoke(ObserverImpl.java:94) [arquillian-service:]
	at org.jboss.arquillian.core.impl.EventContextImpl.invokeObservers(EventContextImpl.java:99) [arquillian-service:]
	at org.jboss.arquillian.core.impl.EventContextImpl.proceed(EventContextImpl.java:81) [arquillian-service:]
	at org.jboss.arquillian.test.impl.TestContextHandler.createTestContext(TestContextHandler.java:89) [arquillian-service:]
	at sun.reflect.NativeMethodAccessorImpl.invoke0(Native Method) [rt.jar:1.7.0_51]
	at sun.reflect.NativeMethodAccessorImpl.invoke(NativeMethodAccessorImpl.java:57) [rt.jar:1.7.0_51]
	at sun.reflect.DelegatingMethodAccessorImpl.invoke(DelegatingMethodAccessorImpl.java:43) [rt.jar:1.7.0_51]
	at java.lang.reflect.Method.invoke(Method.java:606) [rt.jar:1.7.0_51]
	at org.jboss.arquillian.core.impl.ObserverImpl.invoke(ObserverImpl.java:94) [arquillian-service:]
	at org.jboss.arquillian.core.impl.EventContextImpl.proceed(EventContextImpl.java:88) [arquillian-service:]
	at org.jboss.arquillian.test.impl.TestContextHandler.createSuiteContext(TestContextHandler.java:60) [arquillian-service:]
	at sun.reflect.NativeMethodAccessorImpl.invoke0(Native Method) [rt.jar:1.7.0_51]
	at sun.reflect.NativeMethodAccessorImpl.invoke(NativeMethodAccessorImpl.java:57) [rt.jar:1.7.0_51]
	at sun.reflect.DelegatingMethodAccessorImpl.invoke(DelegatingMethodAccessorImpl.java:43) [rt.jar:1.7.0_51]
	at java.lang.reflect.Method.invoke(Method.java:606) [rt.jar:1.7.0_51]
	at org.jboss.arquillian.core.impl.ObserverImpl.invoke(ObserverImpl.java:94) [arquillian-service:]
	at org.jboss.arquillian.core.impl.EventContextImpl.proceed(EventContextImpl.java:88) [arquillian-service:]
	at org.jboss.arquillian.test.impl.TestContextHandler.createClassContext(TestContextHandler.java:75) [arquillian-service:]
	at sun.reflect.NativeMethodAccessorImpl.invoke0(Native Method) [rt.jar:1.7.0_51]
	at sun.reflect.NativeMethodAccessorImpl.invoke(NativeMethodAccessorImpl.java:57) [rt.jar:1.7.0_51]
	at sun.reflect.DelegatingMethodAccessorImpl.invoke(DelegatingMethodAccessorImpl.java:43) [rt.jar:1.7.0_51]
	at java.lang.reflect.Method.invoke(Method.java:606) [rt.jar:1.7.0_51]
	at org.jboss.arquillian.core.impl.ObserverImpl.invoke(ObserverImpl.java:94) [arquillian-service:]
	at org.jboss.arquillian.core.impl.EventContextImpl.proceed(EventContextImpl.java:88) [arquillian-service:]
	at org.jboss.arquillian.core.impl.ManagerImpl.fire(ManagerImpl.java:135) [arquillian-service:]
	at org.jboss.arquillian.core.impl.ManagerImpl.fire(ManagerImpl.java:115) [arquillian-service:]
	at org.jboss.arquillian.test.impl.EventTestRunnerAdaptor.before(EventTestRunnerAdaptor.java:95) [arquillian-service:]
	at org.jboss.arquillian.junit.Arquillian$4.evaluate(Arquillian.java:222) [arquillian-service:]
	at org.jboss.arquillian.junit.Arquillian.multiExecute(Arquillian.java:314) [arquillian-service:]
	at org.jboss.arquillian.junit.Arquillian.access$100(Arquillian.java:46) [arquillian-service:]
	at org.jboss.arquillian.junit.Arquillian$5.evaluate(Arquillian.java:240) [arquillian-service:]
	at org.junit.runners.ParentRunner.runLeaf(ParentRunner.java:271) [arquillian-service:]
	at org.junit.runners.BlockJUnit4ClassRunner.runChild(BlockJUnit4ClassRunner.java:70) [arquillian-service:]
	at org.junit.runners.BlockJUnit4ClassRunner.runChild(BlockJUnit4ClassRunner.java:50) [arquillian-service:]
	at org.junit.runners.ParentRunner$3.run(ParentRunner.java:238) [arquillian-service:]
	at org.junit.runners.ParentRunner$1.schedule(ParentRunner.java:63) [arquillian-service:]
	at org.junit.runners.ParentRunner.runChildren(ParentRunner.java:236) [arquillian-service:]
	at org.junit.runners.ParentRunner.access$000(ParentRunner.java:53) [arquillian-service:]
	at org.junit.runners.ParentRunner$2.evaluate(ParentRunner.java:229) [arquillian-service:]
	at org.jboss.arquillian.junit.Arquillian$2.evaluate(Arquillian.java:185) [arquillian-service:]
	at org.jboss.arquillian.junit.Arquillian.multiExecute(Arquillian.java:314) [arquillian-service:]
	at org.jboss.arquillian.junit.Arquillian.access$100(Arquillian.java:46) [arquillian-service:]
	at org.jboss.arquillian.junit.Arquillian$3.evaluate(Arquillian.java:199) [arquillian-service:]
	at org.junit.runners.ParentRunner.run(ParentRunner.java:309) [arquillian-service:]
	at org.jboss.arquillian.junit.Arquillian.run(Arquillian.java:147) [arquillian-service:]
	at org.junit.runner.JUnitCore.run(JUnitCore.java:160) [arquillian-service:]
	at org.junit.runner.JUnitCore.run(JUnitCore.java:138) [arquillian-service:]
	at org.jboss.arquillian.junit.container.JUnitTestRunner.execute(JUnitTestRunner.java:65) [arquillian-service:]
	at org.jboss.arquillian.protocol.jmx.JMXTestRunner.runTestMethodInternal(JMXTestRunner.java:129) [arquillian-service:]
	at org.jboss.arquillian.protocol.jmx.JMXTestRunner.runTestMethod(JMXTestRunner.java:108) [arquillian-service:]
	at org.jboss.as.arquillian.service.ArquillianService$ExtendedJMXTestRunner.runTestMethod(ArquillianService.java:214) [arquillian-service:]
	at sun.reflect.NativeMethodAccessorImpl.invoke0(Native Method) [rt.jar:1.7.0_51]
	at sun.reflect.NativeMethodAccessorImpl.invoke(NativeMethodAccessorImpl.java:57) [rt.jar:1.7.0_51]
	at sun.reflect.DelegatingMethodAccessorImpl.invoke(DelegatingMethodAccessorImpl.java:43) [rt.jar:1.7.0_51]
	at java.lang.reflect.Method.invoke(Method.java:606) [rt.jar:1.7.0_51]
	at sun.reflect.misc.Trampoline.invoke(MethodUtil.java:75) [rt.jar:1.7.0_51]
	at sun.reflect.NativeMethodAccessorImpl.invoke0(Native Method) [rt.jar:1.7.0_51]
	at sun.reflect.NativeMethodAccessorImpl.invoke(NativeMethodAccessorImpl.java:57) [rt.jar:1.7.0_51]
	at sun.reflect.DelegatingMethodAccessorImpl.invoke(DelegatingMethodAccessorImpl.java:43) [rt.jar:1.7.0_51]
	at java.lang.reflect.Method.invoke(Method.java:606) [rt.jar:1.7.0_51]
	at sun.reflect.misc.MethodUtil.invoke(MethodUtil.java:279) [rt.jar:1.7.0_51]
	at com.sun.jmx.mbeanserver.StandardMBeanIntrospector.invokeM2(StandardMBeanIntrospector.java:112) [rt.jar:1.7.0_51]
	at com.sun.jmx.mbeanserver.StandardMBeanIntrospector.invokeM2(StandardMBeanIntrospector.java:46) [rt.jar:1.7.0_51]
	at com.sun.jmx.mbeanserver.MBeanIntrospector.invokeM(MBeanIntrospector.java:237) [rt.jar:1.7.0_51]
	at com.sun.jmx.mbeanserver.PerInterface.invoke(PerInterface.java:138) [rt.jar:1.7.0_51]
	at com.sun.jmx.mbeanserver.MBeanSupport.invoke(MBeanSupport.java:252) [rt.jar:1.7.0_51]
	at com.sun.jmx.interceptor.DefaultMBeanServerInterceptor.invoke(DefaultMBeanServerInterceptor.java:819) [rt.jar:1.7.0_51]
	at com.sun.jmx.mbeanserver.JmxMBeanServer.invoke(JmxMBeanServer.java:801) [rt.jar:1.7.0_51]
	at org.jboss.as.jmx.PluggableMBeanServerImpl$TcclMBeanServer.invoke(PluggableMBeanServerImpl.java:1453)
	at org.jboss.as.jmx.PluggableMBeanServerImpl.invoke(PluggableMBeanServerImpl.java:731)
	at org.jboss.remotingjmx.protocol.v2.ServerProxy$InvokeHandler.handle(ServerProxy.java:952)
	at org.jboss.remotingjmx.protocol.v2.ServerCommon$MessageReciever$1$1.run(ServerCommon.java:153)
	at org.jboss.as.jmx.ServerInterceptorFactory$Interceptor$1.run(ServerInterceptorFactory.java:75)
	at org.jboss.as.jmx.ServerInterceptorFactory$Interceptor$1.run(ServerInterceptorFactory.java:70)
	at java.security.AccessController.doPrivileged(Native Method) [rt.jar:1.7.0_51]
	at javax.security.auth.Subject.doAs(Subject.java:415) [rt.jar:1.7.0_51]
	at org.jboss.as.controller.AccessAuditContext.doAs(AccessAuditContext.java:94)
	at org.jboss.as.jmx.ServerInterceptorFactory$Interceptor.handleEvent(ServerInterceptorFactory.java:70)
	at org.jboss.remotingjmx.protocol.v2.ServerCommon$MessageReciever$1.run(ServerCommon.java:149)
	at java.util.concurrent.ThreadPoolExecutor.runWorker(ThreadPoolExecutor.java:1145) [rt.jar:1.7.0_51]
	at java.util.concurrent.ThreadPoolExecutor$Worker.run(ThreadPoolExecutor.java:615) [rt.jar:1.7.0_51]
	at java.lang.Thread.run(Thread.java:744) [rt.jar:1.7.0_51]
Caused by: javax.naming.NamingException: JBAS011843: Failed instantiate InitialContextFactory com.sun.jndi.ldap.LdapCtxFactory from classloader ModuleClassLoader for Module ""deployment.cdfec128-cadf-4cfb-9ffe-f5445e7f3980.war:main"" from Service Module Loader [Root exception is javax.naming.CommunicationException: Request: 1 cancelled]
	at org.jboss.as.naming.InitialContext.getDefaultInitCtx(InitialContext.java:124)
	at org.jboss.as.naming.InitialContext.init(InitialContext.java:107)
	at javax.naming.ldap.InitialLdapContext.<init>(InitialLdapContext.java:153) [rt.jar:1.7.0_51]
	at org.jboss.as.naming.InitialContext.<init>(InitialContext.java:98)
	at org.jboss.as.naming.InitialContextFactory.getInitialContext(InitialContextFactory.java:44)
	at javax.naming.spi.NamingManager.getInitialContext(NamingManager.java:684) [rt.jar:1.7.0_51]
	at javax.naming.InitialContext.getDefaultInitCtx(InitialContext.java:307) [rt.jar:1.7.0_51]
	at javax.naming.InitialContext.init(InitialContext.java:242) [rt.jar:1.7.0_51]
	at javax.naming.ldap.InitialLdapContext.<init>(InitialLdapContext.java:153) [rt.jar:1.7.0_51]
	at org.jboss.security.negotiation.AdvancedLdapLoginModule.constructLdapContext(AdvancedLdapLoginModule.java:470) [jboss-negotiation-extras-2.2.10.Final-redhat-1.jar:2.2.10.Final-redhat-1]
	... 115 more
Caused by: javax.naming.CommunicationException: Request: 1 cancelled
	at com.sun.jndi.ldap.LdapRequest.getReplyBer(LdapRequest.java:105) [rt.jar:1.7.0_51]
	at com.sun.jndi.ldap.Connection.readReply(Connection.java:449) [rt.jar:1.7.0_51]
	at com.sun.jndi.ldap.LdapClient.ldapBind(LdapClient.java:364) [rt.jar:1.7.0_51]
	at com.sun.jndi.ldap.sasl.LdapSasl.saslBind(LdapSasl.java:126) [rt.jar:1.7.0_51]
	at com.sun.jndi.ldap.LdapClient.authenticate(LdapClient.java:235) [rt.jar:1.7.0_51]
	at com.sun.jndi.ldap.LdapCtx.connect(LdapCtx.java:2740) [rt.jar:1.7.0_51]
	at com.sun.jndi.ldap.LdapCtx.<init>(LdapCtx.java:316) [rt.jar:1.7.0_51]
	at com.sun.jndi.ldap.LdapCtxFactory.getUsingURL(LdapCtxFactory.java:193) [rt.jar:1.7.0_51]
	at com.sun.jndi.ldap.LdapCtxFactory.getUsingURLs(LdapCtxFactory.java:211) [rt.jar:1.7.0_51]
	at com.sun.jndi.ldap.LdapCtxFactory.getLdapCtxInstance(LdapCtxFactory.java:154) [rt.jar:1.7.0_51]
	at com.sun.jndi.ldap.LdapCtxFactory.getInitialContext(LdapCtxFactory.java:84) [rt.jar:1.7.0_51]
	at org.jboss.as.naming.InitialContext.getDefaultInitCtx(InitialContext.java:122)
	... 124 more
{noformat}

RHEL output 
{noformat}
&amp#27;[0m21:26:37,168 INFO  [org.jboss.web] (ServerService Thread Pool -- 48) JBAS018224: Unregister web context: /64e34336-6dd0-4c6b-9fd6-913daa9d642f
&amp#27;[0m&amp#27;[0m21:26:37,214 INFO  [org.jboss.as.server.deployment] (MSC service thread 1-3) JBAS015877: Stopped deployment 64e34336-6dd0-4c6b-9fd6-913daa9d642f.war (runtime-name: 64e34336-6dd0-4c6b-9fd6-913daa9d642f.war) in 53ms
&amp#27;[0m&amp#27;[0m21:26:37,423 INFO  [org.jboss.as.repository] (management-handler-thread - 1) JBAS014901: Content removed from location /mnt/hudson_workspace/workspace/edg-60-ispn-testsuite-rhel/7e5d4f04/infinispan/integrationtests/security-it/target/jboss-eap-6.2/standalone/data/content/87/98da4175288acfb013ead50aeafacbcffd6665/content
&amp#27;[0m&amp#27;[0m21:26:37,425 INFO  [org.jboss.as.server] (management-handler-thread - 1) JBAS018558: Undeployed ""64e34336-6dd0-4c6b-9fd6-913daa9d642f.war"" (runtime-name: ""64e34336-6dd0-4c6b-9fd6-913daa9d642f.war"")
&amp#27;[0m&amp#27;[0m21:26:38,619 INFO  [org.jboss.as.repository] (management-handler-thread - 2) JBAS014900: Content added at location /mnt/hudson_workspace/workspace/edg-60-ispn-testsuite-rhel/7e5d4f04/infinispan/integrationtests/security-it/target/jboss-eap-6.2/standalone/data/content/9b/d49faaf8de933f75b057612f4c6977283012be/content
&amp#27;[0m&amp#27;[0m21:26:38,625 INFO  [org.jboss.as.server.deployment] (MSC service thread 1-7) JBAS015876: Starting deployment of ""62aeffb3-3fe5-4936-b589-3ce731f3f77e.war"" (runtime-name: ""62aeffb3-3fe5-4936-b589-3ce731f3f77e.war"")
&amp#27;[0m&amp#27;[33m21:26:39,054 WARN  [org.jboss.as.dependency.private] (MSC service thread 1-3) JBAS018567: Deployment ""deployment.62aeffb3-3fe5-4936-b589-3ce731f3f77e.war"" is using a private module (""org.apache.commons.lang:main"") which may be changed or removed in future versions without notice.
&amp#27;[0m&amp#27;[33m21:26:39,056 WARN  [org.jboss.as.dependency.private] (MSC service thread 1-3) JBAS018567: Deployment ""deployment.62aeffb3-3fe5-4936-b589-3ce731f3f77e.war"" is using a private module (""org.apache.commons.lang:main"") which may be changed or removed in future versions without notice.
&amp#27;[0m&amp#27;[0m21:26:39,086 INFO  [org.jboss.as.arquillian] (MSC service thread 1-5) Arquillian deployment detected: ArquillianConfig[service=jboss.arquillian.config.""62aeffb3-3fe5-4936-b589-3ce731f3f77e.war"",unit=62aeffb3-3fe5-4936-b589-3ce731f3f77e.war,tests=[org.infinispan.test.integration.security.embedded.KrbLdapAuthenticationIT, org.infinispan.test.integration.security.embedded.LdapAuthenticationIT]]
&amp#27;[0m&amp#27;[0m21:26:39,092 INFO  [org.jboss.web] (ServerService Thread Pool -- 53) JBAS018210: Register web context: /62aeffb3-3fe5-4936-b589-3ce731f3f77e
&amp#27;[0m&amp#27;[0m21:26:39,332 INFO  [org.jboss.as.server] (management-handler-thread - 2) JBAS018559: Deployed ""62aeffb3-3fe5-4936-b589-3ce731f3f77e.war"" (runtime-name : ""62aeffb3-3fe5-4936-b589-3ce731f3f77e.war"")
&amp#27;[0m2014-07-10 21:26:40,594 WARN  [DefaultDirectoryService] (main) ApacheDS shutdown hook has NOT been registered with the runtime.  This default setting for standalone operation has been overriden.
2014-07-10 21:26:50,069 WARN  [DefaultDirectoryService] (main) You didn't change the admin password of directory service instance 'InfinispanDS'.  Please update the admin password as soon as possible to prevent a possible security breach.
&amp#27;[0m21:26:59,483 INFO  [org.jboss.arquillian.testenricher.cdi.container.BeanManagerProducer] (pool-1-thread-2) BeanManager not found.
&amp#27;[0m&amp#27;[31m21:26:59,566 SEVERE [org.jboss.arquillian.protocol.jmx.JMXTestRunner] (pool-1-thread-2) Failed: org.infinispan.test.integration.security.embedded.KrbLdapAuthenticationIT.testUnprivilegedWrite: javax.security.auth.login.LoginException: unable to find LoginModule class: com.sun.security.auth.module.Krb5LoginModule
	at javax.security.auth.login.LoginContext.invoke(LoginContext.java:820) [rt.jar:1.7.0]
	at javax.security.auth.login.LoginContext.access$000(LoginContext.java:215) [rt.jar:1.7.0]
	at javax.security.auth.login.LoginContext$4.run(LoginContext.java:706) [rt.jar:1.7.0]
	at javax.security.auth.login.LoginContext$4.run(LoginContext.java:704) [rt.jar:1.7.0]
	at java.security.AccessController.doPrivileged(AccessController.java:366) [vm.jar:1.7.0]
	at javax.security.auth.login.LoginContext.invokePriv(LoginContext.java:703) [rt.jar:1.7.0]
	at javax.security.auth.login.LoginContext.login(LoginContext.java:609) [rt.jar:1.7.0]
	at org.jboss.security.negotiation.spnego.SPNEGOLoginModule.usernamePasswordLogin(SPNEGOLoginModule.java:218) [jboss-negotiation-spnego-2.2.10.Final-redhat-1.jar:2.2.10.Final-redhat-1]
	at org.jboss.security.negotiation.spnego.SPNEGOLoginModule.innerLogin(SPNEGOLoginModule.java:204) [jboss-negotiation-spnego-2.2.10.Final-redhat-1.jar:2.2.10.Final-redhat-1]
	at org.jboss.security.negotiation.spnego.SPNEGOLoginModule.login(SPNEGOLoginModule.java:145) [jboss-negotiation-spnego-2.2.10.Final-redhat-1.jar:2.2.10.Final-redhat-1]
	at sun.reflect.NativeMethodAccessorImpl.invoke0(Native Method) [rt.jar:1.7.0]
	at sun.reflect.NativeMethodAccessorImpl.invoke(NativeMethodAccessorImpl.java:94) [rt.jar:1.7.0]
	at sun.reflect.DelegatingMethodAccessorImpl.invoke(DelegatingMethodAccessorImpl.java:55) [rt.jar:1.7.0]
	at java.lang.reflect.Method.invoke(Method.java:619) [rt.jar:2.6 (04-10-2014)]
	at javax.security.auth.login.LoginContext.invoke(LoginContext.java:781) [rt.jar:1.7.0]
	at javax.security.auth.login.LoginContext.access$000(LoginContext.java:215) [rt.jar:1.7.0]
	at javax.security.auth.login.LoginContext$4.run(LoginContext.java:706) [rt.jar:1.7.0]
	at javax.security.auth.login.LoginContext$4.run(LoginContext.java:704) [rt.jar:1.7.0]
	at java.security.AccessController.doPrivileged(AccessController.java:366) [vm.jar:1.7.0]
	at javax.security.auth.login.LoginContext.invokePriv(LoginContext.java:703) [rt.jar:1.7.0]
	at javax.security.auth.login.LoginContext.login(LoginContext.java:609) [rt.jar:1.7.0]
	at org.infinispan.test.integration.security.embedded.AbstractAuthentication.authenticateWithKrb(AbstractAuthentication.java:69) [classes:]
	at org.infinispan.test.integration.security.embedded.KrbLdapAuthenticationIT.getAdminSubject(KrbLdapAuthenticationIT.java:70) [classes:]
	at org.infinispan.test.integration.security.embedded.AbstractAuthentication.setupCache(AbstractAuthentication.java:100) [classes:]
	at sun.reflect.NativeMethodAccessorImpl.invoke0(Native Method) [rt.jar:1.7.0]
	at sun.reflect.NativeMethodAccessorImpl.invoke(NativeMethodAccessorImpl.java:94) [rt.jar:1.7.0]
	at sun.reflect.DelegatingMethodAccessorImpl.invoke(DelegatingMethodAccessorImpl.java:55) [rt.jar:1.7.0]
	at java.lang.reflect.Method.invoke(Method.java:619) [rt.jar:2.6 (04-10-2014)]
	at org.junit.runners.model.FrameworkMethod$1.runReflectiveCall(FrameworkMethod.java:47) [arquillian-service:]
	at org.junit.internal.runners.model.ReflectiveCallable.run(ReflectiveCallable.java:12) [arquillian-service:]
	at org.junit.runners.model.FrameworkMethod.invokeExplosively(FrameworkMethod.java:44) [arquillian-service:]
	at org.junit.internal.runners.statements.RunBefores.evaluate(RunBefores.java:24) [arquillian-service:]
	at org.jboss.arquillian.junit.Arquillian$StatementLifecycleExecutor.invoke(Arquillian.java:351) [arquillian-service:]
	at org.jboss.arquillian.container.test.impl.execution.BeforeLifecycleEventExecuter.on(BeforeLifecycleEventExecuter.java:35) [arquillian-service:]
	at sun.reflect.NativeMethodAccessorImpl.invoke0(Native Method) [rt.jar:1.7.0]
	at sun.reflect.NativeMethodAccessorImpl.invoke(NativeMethodAccessorImpl.java:94) [rt.jar:1.7.0]
	at sun.reflect.DelegatingMethodAccessorImpl.invoke(DelegatingMethodAccessorImpl.java:55) [rt.jar:1.7.0]
	at java.lang.reflect.Method.invoke(Method.java:619) [rt.jar:2.6 (04-10-2014)]
	at org.jboss.arquillian.core.impl.ObserverImpl.invoke(ObserverImpl.java:94) [arquillian-service:]
	at org.jboss.arquillian.core.impl.EventContextImpl.invokeObservers(EventContextImpl.java:99) [arquillian-service:]
	at org.jboss.arquillian.core.impl.EventContextImpl.proceed(EventContextImpl.java:81) [arquillian-service:]
	at org.jboss.arquillian.test.impl.TestContextHandler.createTestContext(TestContextHandler.java:89) [arquillian-service:]
	at sun.reflect.GeneratedMethodAccessor13.invoke(Unknown Source) [:1.7.0]
	at sun.reflect.DelegatingMethodAccessorImpl.invoke(DelegatingMethodAccessorImpl.java:55) [rt.jar:1.7.0]
	at java.lang.reflect.Method.invoke(Method.java:619) [rt.jar:2.6 (04-10-2014)]
	at org.jboss.arquillian.core.impl.ObserverImpl.invoke(ObserverImpl.java:94) [arquillian-service:]
	at org.jboss.arquillian.core.impl.EventContextImpl.proceed(EventContextImpl.java:88) [arquillian-service:]
	at org.jboss.arquillian.test.impl.TestContextHandler.createClassContext(TestContextHandler.java:75) [arquillian-service:]
	at sun.reflect.GeneratedMethodAccessor9.invoke(Unknown Source) [:1.7.0]
	at sun.reflect.DelegatingMethodAccessorImpl.invoke(DelegatingMethodAccessorImpl.java:55) [rt.jar:1.7.0]
	at java.lang.reflect.Method.invoke(Method.java:619) [rt.jar:2.6 (04-10-2014)]
	at org.jboss.arquillian.core.impl.ObserverImpl.invoke(ObserverImpl.java:94) [arquillian-service:]
	at org.jboss.arquillian.core.impl.EventContextImpl.proceed(EventContextImpl.java:88) [arquillian-service:]
	at org.jboss.arquillian.test.impl.TestContextHandler.createSuiteContext(TestContextHandler.java:60) [arquillian-service:]
	at sun.reflect.GeneratedMethodAccessor8.invoke(Unknown Source) [:1.7.0]
	at sun.reflect.DelegatingMethodAccessorImpl.invoke(DelegatingMethodAccessorImpl.java:55) [rt.jar:1.7.0]
	at java.lang.reflect.Method.invoke(Method.java:619) [rt.jar:2.6 (04-10-2014)]
	at org.jboss.arquillian.core.impl.ObserverImpl.invoke(ObserverImpl.java:94) [arquillian-service:]
	at org.jboss.arquillian.core.impl.EventContextImpl.proceed(EventContextImpl.java:88) [arquillian-service:]
	at org.jboss.arquillian.core.impl.ManagerImpl.fire(ManagerImpl.java:135) [arquillian-service:]
	at org.jboss.arquillian.core.impl.ManagerImpl.fire(ManagerImpl.java:115) [arquillian-service:]
	at org.jboss.arquillian.test.impl.EventTestRunnerAdaptor.before(EventTestRunnerAdaptor.java:95) [arquillian-service:]
	at org.jboss.arquillian.junit.Arquillian$4.evaluate(Arquillian.java:222) [arquillian-service:]
	at org.jboss.arquillian.junit.Arquillian.multiExecute(Arquillian.java:314) [arquillian-service:]
	at org.jboss.arquillian.junit.Arquillian.access$100(Arquillian.java:46) [arquillian-service:]
	at org.jboss.arquillian.junit.Arquillian$5.evaluate(Arquillian.java:240) [arquillian-service:]
	at org.junit.runners.ParentRunner.runLeaf(ParentRunner.java:271) [arquillian-service:]
	at org.junit.runners.BlockJUnit4ClassRunner.runChild(BlockJUnit4ClassRunner.java:70) [arquillian-service:]
	at org.junit.runners.BlockJUnit4ClassRunner.runChild(BlockJUnit4ClassRunner.java:50) [arquillian-service:]
	at org.junit.runners.ParentRunner$3.run(ParentRunner.java:238) [arquillian-service:]
	at org.junit.runners.ParentRunner$1.schedule(ParentRunner.java:63) [arquillian-service:]
	at org.junit.runners.ParentRunner.runChildren(ParentRunner.java:236) [arquillian-service:]
	at org.junit.runners.ParentRunner.access$000(ParentRunner.java:53) [arquillian-service:]
	at org.junit.runners.ParentRunner$2.evaluate(ParentRunner.java:229) [arquillian-service:]
	at org.jboss.arquillian.junit.Arquillian$2.evaluate(Arquillian.java:185) [arquillian-service:]
	at org.jboss.arquillian.junit.Arquillian.multiExecute(Arquillian.java:314) [arquillian-service:]
	at org.jboss.arquillian.junit.Arquillian.access$100(Arquillian.java:46) [arquillian-service:]
	at org.jboss.arquillian.junit.Arquillian$3.evaluate(Arquillian.java:199) [arquillian-service:]
	at org.junit.runners.ParentRunner.run(ParentRunner.java:309) [arquillian-service:]
	at org.jboss.arquillian.junit.Arquillian.run(Arquillian.java:147) [arquillian-service:]
	at org.junit.runner.JUnitCore.run(JUnitCore.java:160) [arquillian-service:]
	at org.junit.runner.JUnitCore.run(JUnitCore.java:138) [arquillian-service:]
	at org.jboss.arquillian.junit.container.JUnitTestRunner.execute(JUnitTestRunner.java:65) [arquillian-service:]
	at org.jboss.arquillian.protocol.jmx.JMXTestRunner.runTestMethodInternal(JMXTestRunner.java:129) [arquillian-service:]
	at org.jboss.arquillian.protocol.jmx.JMXTestRunner.runTestMethod(JMXTestRunner.java:108) [arquillian-service:]
	at org.jboss.as.arquillian.service.ArquillianService$ExtendedJMXTestRunner.runTestMethod(ArquillianService.java:214) [arquillian-service:]
	at sun.reflect.NativeMethodAccessorImpl.invoke0(Native Method) [rt.jar:1.7.0]
	at sun.reflect.NativeMethodAccessorImpl.invoke(NativeMethodAccessorImpl.java:94) [rt.jar:1.7.0]
	at sun.reflect.DelegatingMethodAccessorImpl.invoke(DelegatingMethodAccessorImpl.java:55) [rt.jar:1.7.0]
	at java.lang.reflect.Method.invoke(Method.java:619) [rt.jar:2.6 (04-10-2014)]
	at sun.reflect.misc.Trampoline.invoke(MethodUtil.java:87) [rt.jar:1.7.0]
	at sun.reflect.GeneratedMethodAccessor89.invoke(Unknown Source) [:1.7.0]
	at sun.reflect.DelegatingMethodAccessorImpl.invoke(DelegatingMethodAccessorImpl.java:55) [rt.jar:1.7.0]
	at java.lang.reflect.Method.invoke(Method.java:619) [rt.jar:2.6 (04-10-2014)]
	at sun.reflect.misc.MethodUtil.invoke(MethodUtil.java:291) [rt.jar:1.7.0]
	at com.sun.jmx.mbeanserver.StandardMBeanIntrospector.invokeM2(StandardMBeanIntrospector.java:124) [rt.jar:1.7.0]
	at com.sun.jmx.mbeanserver.StandardMBeanIntrospector.invokeM2(StandardMBeanIntrospector.java:58) [rt.jar:1.7.0]
	at com.sun.jmx.mbeanserver.MBeanIntrospector.invokeM(MBeanIntrospector.java:249) [rt.jar:1.7.0]
	at com.sun.jmx.mbeanserver.PerInterface.invoke(PerInterface.java:150) [rt.jar:1.7.0]
	at com.sun.jmx.mbeanserver.MBeanSupport.invoke(MBeanSupport.java:264) [rt.jar:1.7.0]
	at com.sun.jmx.interceptor.DefaultMBeanServerInterceptor.invoke(DefaultMBeanServerInterceptor.java:831) [rt.jar:1.7.0]
	at com.sun.jmx.mbeanserver.JmxMBeanServer.invoke(JmxMBeanServer.java:813) [rt.jar:1.7.0]
	at org.jboss.as.jmx.PluggableMBeanServerImpl$TcclMBeanServer.invoke(PluggableMBeanServerImpl.java:1453)
	at org.jboss.as.jmx.PluggableMBeanServerImpl.invoke(PluggableMBeanServerImpl.java:731)
	at org.jboss.remotingjmx.protocol.v2.ServerProxy$InvokeHandler.handle(ServerProxy.java:952)
	at org.jboss.remotingjmx.protocol.v2.ServerCommon$MessageReciever$1$1.run(ServerCommon.java:153)
	at org.jboss.as.jmx.ServerInterceptorFactory$Interceptor$1.run(ServerInterceptorFactory.java:75)
	at org.jboss.as.jmx.ServerInterceptorFactory$Interceptor$1.run(ServerInterceptorFactory.java:70)
	at java.security.AccessController.doPrivileged(AccessController.java:366) [vm.jar:1.7.0]
	at javax.security.auth.Subject.doAs(Subject.java:572) [rt.jar:1.7.0]
	at org.jboss.as.controller.AccessAuditContext.doAs(AccessAuditContext.java:94)
	at org.jboss.as.jmx.ServerInterceptorFactory$Interceptor.handleEvent(ServerInterceptorFactory.java:70)
	at org.jboss.remotingjmx.protocol.v2.ServerCommon$MessageReciever$1.run(ServerCommon.java:149)
	at java.util.concurrent.ThreadPoolExecutor.runWorker(ThreadPoolExecutor.java:1176) [rt.jar:1.7.0]
	at java.util.concurrent.ThreadPoolExecutor$Worker.run(ThreadPoolExecutor.java:641) [rt.jar:1.7.0]
	at java.lang.Thread.run(Thread.java:853) [vm.jar:1.7.0]

&amp#27;[0m
{noformat}
",,,
8017,ISPN-4498,"The CI will fail very often when tracing is enabled with some sort of OOM error.

http://ci.infinispan.org/viewType.html?buildTypeId=Infinispan_MasterHotspotJdk7trac

Looking closer this appears to be an issue with an accumulation of Threads.  These threads aren't running either but rather are held in memory unneedingly.  It appears that they are being retained in the log4j1.2 NDC class in it's hashtable.  Upon further investigation we never call to NDC.remove which would clear up the current any dead threads.

I have created JBLOGGING-106 to fix this as well.  In the mean time we shouldn't use NDC.",,,
8021,ISPN-4497,"There is a race condition in LocalLockMergingSegmentReadLocker which can lead to more calls delete on the underlying DistributedSegmentReadLocker which results in the file being removed from the caches. 

This happens with three or more threads acquiring and releasing locks on the same file simultaneously:
# Thread 1 (T1) acquires a lock and creates a {{LocalReadLock}}, call it L1 - the underlying lock is acquired
# T2 starts to acquire and holds a reference to L1
# T3 starts to acquire and holds a reference to L1
# T1 releases - L1 at this stage only has value of 1 - so the underlying lock is released, and L1 is removed from the map
# T2 continues - finds L1 with value 0 and acquires the underlying lock
# T3 continues - increments L1 value to 2
# T2 releases - creates a new {{LocalReadLock}}, L2 - this has zero value so the underlying lock is released, and L2 is removed from the map
# T3 releases - creates a new {{LocalReadLock}}, L3 - this has zero value so the underlying lock is released, and L3 is removed from the map
# The final step triggers a real file delete as underlying lock is released one too many times


",,,
8023,ISPN-4496,"EncryptProtocolIT shouldn't check passwords via JMX, this is actually a bug, that the passwords were available via JMX, see [JGRP-1854|https://issues.jboss.org/browse/JGRP-1854].",,,
8025,ISPN-4492,"In server, the queue-size attribute is not correctly parsed from configuration file.",,,
8026,ISPN-4490,"The new coordinator sends first a CH_UPDATE command to cancel the existing rebalance, and then a REBALANCE_START command to start a new rebalance. But the CH_UPDATE command is sent asynchronously, so it's possible for some members to receive it after the REBALANCE_START command.

If that happens, that node will assume that it will receive the segments it requested for the previous rebalance. But with the ISPN-4484 fix, the provider node cancels the outbound transfer tasks when receiving a CH_UPDATE without a pendingCH, so the state requestor will never receive its segments.

Even without the ISPN-4484 fix this is a problem, although less obvious. Between the provider node receiving the CH_UPDATE and the REBALANCE_START commands, it won't have the requestor in its write CH, so the requestor can miss transactions.",,,
8027,ISPN-4486,We have found a random test failure Dan traced to a particular use of DefaultCollector in MapReduceManagerImpl. We did not need synchronization in all other cases but in this one we did. See github PR for a proposed solution,,,
8028,ISPN-4485,"NonIndexedEmbeddedCompatTest.testRemoteQuery fails:

{quote}
2014-07-07 12:33:40,333 ERROR [HotRodDecoder] (HotRodServerWorker-12-1) ISPN005003: Exception reported
java.lang.IllegalStateException: Unknown entity name sample_bank_account.Account
	at org.infinispan.objectfilter.impl.hql.FilterQueryResolverDelegate.registerPersisterSpace(FilterQueryResolverDelegate.java:47)
	at org.hibernate.hql.ast.origin.hql.resolve.GeneratedHQLResolver.entityName(GeneratedHQLResolver.java:12729)
	at org.hibernate.hql.ast.origin.hql.resolve.GeneratedHQLResolver.persisterSpaceRoot(GeneratedHQLResolver.java:3064)
	at org.hibernate.hql.ast.origin.hql.resolve.GeneratedHQLResolver.persisterSpace(GeneratedHQLResolver.java:2956)
	at org.hibernate.hql.ast.origin.hql.resolve.GeneratedHQLResolver.persisterSpaces(GeneratedHQLResolver.java:2893)
	at org.hibernate.hql.ast.origin.hql.resolve.GeneratedHQLResolver.fromClause(GeneratedHQLResolver.java:2803)
	at org.hibernate.hql.ast.origin.hql.resolve.GeneratedHQLResolver.selectFrom(GeneratedHQLResolver.java:2704)
	at org.hibernate.hql.ast.origin.hql.resolve.GeneratedHQLResolver.querySpec(GeneratedHQLResolver.java:2182)
	at org.hibernate.hql.ast.origin.hql.resolve.GeneratedHQLResolver.queryExpression(GeneratedHQLResolver.java:2106)
	at org.hibernate.hql.ast.origin.hql.resolve.GeneratedHQLResolver.queryStatement(GeneratedHQLResolver.java:1745)
	at org.hibernate.hql.ast.origin.hql.resolve.GeneratedHQLResolver.queryStatementSet(GeneratedHQLResolver.java:1658)
	at org.hibernate.hql.ast.origin.hql.resolve.GeneratedHQLResolver.statement(GeneratedHQLResolver.java:654)
	at org.hibernate.hql.ast.spi.QueryResolverProcessor.process(QueryResolverProcessor.java:52)
	at org.hibernate.hql.QueryParser.parseQuery(QueryParser.java:82)
	at org.infinispan.objectfilter.impl.BaseMatcher.parse(BaseMatcher.java:200)
	at org.infinispan.objectfilter.impl.BaseMatcher.getObjectFilter(BaseMatcher.java:91)
	at org.infinispan.objectfilter.impl.ReflectionMatcher.getObjectFilter(ReflectionMatcher.java:19)
	at org.infinispan.query.dsl.embedded.impl.FilterAndConverter.getObjectFilter(FilterAndConverter.java:68)
	at org.infinispan.query.dsl.embedded.impl.EmbeddedQuery.<init>(EmbeddedQuery.java:51)
	at org.infinispan.query.remote.QueryFacadeImpl.executeNonIndexedQuery(QueryFacadeImpl.java:83)
	at org.infinispan.query.remote.QueryFacadeImpl.query(QueryFacadeImpl.java:70)
	at org.infinispan.server.hotrod.Decoder2x$.customReadKey(Decoder2x.scala:297)
	at org.infinispan.server.hotrod.HotRodDecoder.customDecodeKey(HotRodDecoder.scala:155)
	at org.infinispan.server.core.AbstractProtocolDecoder.org$infinispan$server$core$AbstractProtocolDecoder$$decodeKey(AbstractProtocolDecoder.scala:170)
	at org.infinispan.server.core.AbstractProtocolDecoder.decodeDispatch(AbstractProtocolDecoder.scala:71)
	at org.infinispan.server.core.AbstractProtocolDecoder.decode(AbstractProtocolDecoder.scala:61)
	at io.netty.handler.codec.ReplayingDecoder.callDecode(ReplayingDecoder.java:362)
	at io.netty.handler.codec.ByteToMessageDecoder.channelRead(ByteToMessageDecoder.java:149)
	at org.infinispan.server.core.AbstractProtocolDecoder.channelRead(AbstractProtocolDecoder.scala:471)
	at io.netty.channel.AbstractChannelHandlerContext.invokeChannelRead(AbstractChannelHandlerContext.java:332)
	at io.netty.channel.AbstractChannelHandlerContext.fireChannelRead(AbstractChannelHandlerContext.java:318)
	at io.netty.channel.DefaultChannelPipeline.fireChannelRead(DefaultChannelPipeline.java:787)
	at io.netty.channel.nio.AbstractNioByteChannel$NioByteUnsafe.read(AbstractNioByteChannel.java:125)
	at io.netty.channel.nio.NioEventLoop.processSelectedKey(NioEventLoop.java:507)
	at io.netty.channel.nio.NioEventLoop.processSelectedKeysOptimized(NioEventLoop.java:464)
	at io.netty.channel.nio.NioEventLoop.processSelectedKeys(NioEventLoop.java:378)
	at io.netty.channel.nio.NioEventLoop.run(NioEventLoop.java:350)
	at io.netty.util.concurrent.SingleThreadEventExecutor$2.run(SingleThreadEventExecutor.java:116)
	at java.lang.Thread.run(Thread.java:745)
2014-07-07 12:33:40,335 ERROR [HotRodDecoder] (HotRodServerWorker-12-1) ISPN005009: Unexpected error before any request parameters read
io.netty.handler.codec.DecoderException: org.infinispan.server.hotrod.HotRodException: java.lang.IllegalStateException: Unknown entity name sample_bank_account.Account
	at io.netty.handler.codec.ReplayingDecoder.callDecode(ReplayingDecoder.java:417)
	at io.netty.handler.codec.ByteToMessageDecoder.channelRead(ByteToMessageDecoder.java:149)
	at org.infinispan.server.core.AbstractProtocolDecoder.channelRead(AbstractProtocolDecoder.scala:471)
	at io.netty.channel.AbstractChannelHandlerContext.invokeChannelRead(AbstractChannelHandlerContext.java:332)
	at io.netty.channel.AbstractChannelHandlerContext.fireChannelRead(AbstractChannelHandlerContext.java:318)
	at io.netty.channel.DefaultChannelPipeline.fireChannelRead(DefaultChannelPipeline.java:787)
	at io.netty.channel.nio.AbstractNioByteChannel$NioByteUnsafe.read(AbstractNioByteChannel.java:125)
	at io.netty.channel.nio.NioEventLoop.processSelectedKey(NioEventLoop.java:507)
	at io.netty.channel.nio.NioEventLoop.processSelectedKeysOptimized(NioEventLoop.java:464)
	at io.netty.channel.nio.NioEventLoop.processSelectedKeys(NioEventLoop.java:378)
	at io.netty.channel.nio.NioEventLoop.run(NioEventLoop.java:350)
	at io.netty.util.concurrent.SingleThreadEventExecutor$2.run(SingleThreadEventExecutor.java:116)
	at java.lang.Thread.run(Thread.java:745)
Caused by: org.infinispan.server.hotrod.HotRodException: java.lang.IllegalStateException: Unknown entity name sample_bank_account.Account
	at org.infinispan.server.hotrod.HotRodDecoder.createServerException(HotRodDecoder.scala:204)
	at org.infinispan.server.core.AbstractProtocolDecoder.decodeDispatch(AbstractProtocolDecoder.scala:77)
	at org.infinispan.server.core.AbstractProtocolDecoder.decode(AbstractProtocolDecoder.scala:61)
	at io.netty.handler.codec.ReplayingDecoder.callDecode(ReplayingDecoder.java:362)
	... 12 more
Caused by: java.lang.IllegalStateException: Unknown entity name sample_bank_account.Account
	at org.infinispan.objectfilter.impl.hql.FilterQueryResolverDelegate.registerPersisterSpace(FilterQueryResolverDelegate.java:47)
	at org.hibernate.hql.ast.origin.hql.resolve.GeneratedHQLResolver.entityName(GeneratedHQLResolver.java:12729)
	at org.hibernate.hql.ast.origin.hql.resolve.GeneratedHQLResolver.persisterSpaceRoot(GeneratedHQLResolver.java:3064)
	at org.hibernate.hql.ast.origin.hql.resolve.GeneratedHQLResolver.persisterSpace(GeneratedHQLResolver.java:2956)
	at org.hibernate.hql.ast.origin.hql.resolve.GeneratedHQLResolver.persisterSpaces(GeneratedHQLResolver.java:2893)
	at org.hibernate.hql.ast.origin.hql.resolve.GeneratedHQLResolver.fromClause(GeneratedHQLResolver.java:2803)
	at org.hibernate.hql.ast.origin.hql.resolve.GeneratedHQLResolver.selectFrom(GeneratedHQLResolver.java:2704)
	at org.hibernate.hql.ast.origin.hql.resolve.GeneratedHQLResolver.querySpec(GeneratedHQLResolver.java:2182)
	at org.hibernate.hql.ast.origin.hql.resolve.GeneratedHQLResolver.queryExpression(GeneratedHQLResolver.java:2106)
	at org.hibernate.hql.ast.origin.hql.resolve.GeneratedHQLResolver.queryStatement(GeneratedHQLResolver.java:1745)
	at org.hibernate.hql.ast.origin.hql.resolve.GeneratedHQLResolver.queryStatementSet(GeneratedHQLResolver.java:1658)
	at org.hibernate.hql.ast.origin.hql.resolve.GeneratedHQLResolver.statement(GeneratedHQLResolver.java:654)
	at org.hibernate.hql.ast.spi.QueryResolverProcessor.process(QueryResolverProcessor.java:52)
	at org.hibernate.hql.QueryParser.parseQuery(QueryParser.java:82)
	at org.infinispan.objectfilter.impl.BaseMatcher.parse(BaseMatcher.java:200)
	at org.infinispan.objectfilter.impl.BaseMatcher.getObjectFilter(BaseMatcher.java:91)
	at org.infinispan.objectfilter.impl.ReflectionMatcher.getObjectFilter(ReflectionMatcher.java:19)
	at org.infinispan.query.dsl.embedded.impl.FilterAndConverter.getObjectFilter(FilterAndConverter.java:68)
	at org.infinispan.query.dsl.embedded.impl.EmbeddedQuery.<init>(EmbeddedQuery.java:51)
	at org.infinispan.query.remote.QueryFacadeImpl.executeNonIndexedQuery(QueryFacadeImpl.java:83)
	at org.infinispan.query.remote.QueryFacadeImpl.query(QueryFacadeImpl.java:70)
	at org.infinispan.server.hotrod.Decoder2x$.customReadKey(Decoder2x.scala:297)
	at org.infinispan.server.hotrod.HotRodDecoder.customDecodeKey(HotRodDecoder.scala:155)
	at org.infinispan.server.core.AbstractProtocolDecoder.org$infinispan$server$core$AbstractProtocolDecoder$$decodeKey(AbstractProtocolDecoder.scala:170)
	at org.infinispan.server.core.AbstractProtocolDecoder.decodeDispatch(AbstractProtocolDecoder.scala:71)
	... 14 more
2014-07-07 12:33:40,338 WARN  [Codec20] (main) ISPN004005: Error received from the server: io.netty.handler.codec.DecoderException: org.infinispan.server.hotrod.HotRodException: java.lang.IllegalStateException: Unknown entity name sample_bank_account.Account
org.infinispan.client.hotrod.exceptions.HotRodClientException:Request for message id[18] returned server error (status=0x85): io.netty.handler.codec.DecoderException: org.infinispan.server.hotrod.HotRodException: java.lang.IllegalStateException: Unknown entity name sample_bank_account.Account
	at org.infinispan.client.hotrod.impl.protocol.Codec20.checkForErrorsInResponseStatus(Codec20.java:285)
	at org.infinispan.client.hotrod.impl.protocol.Codec20.readPartialHeader(Codec20.java:85)
	at org.infinispan.client.hotrod.impl.protocol.Codec20.readHeader(Codec20.java:71)
	at org.infinispan.client.hotrod.impl.operations.HotRodOperation.readHeaderAndValidate(HotRodOperation.java:56)
	at org.infinispan.client.hotrod.impl.operations.QueryOperation.executeOperation(QueryOperation.java:57)
	at org.infinispan.client.hotrod.impl.operations.QueryOperation.executeOperation(QueryOperation.java:24)
	at org.infinispan.client.hotrod.impl.operations.RetryOnFailureOperation.execute(RetryOnFailureOperation.java:49)
	at org.infinispan.client.hotrod.impl.query.RemoteQuery.executeQuery(RemoteQuery.java:72)
	at org.infinispan.client.hotrod.impl.query.RemoteQuery.list(RemoteQuery.java:62)
	at org.infinispan.client.hotrod.marshall.EmbeddedCompatTest.testRemoteQuery(EmbeddedCompatTest.java:137)
	at org.infinispan.client.hotrod.marshall.NonIndexedEmbeddedCompatTest.testRemoteQuery(NonIndexedEmbeddedCompatTest.java:34)
{quote}",,,
8046,ISPN-4484,"This appeared during the 32-nodes elasticity test in the Hyperion environment.

Just as apex947 left, it started a rebalance, which apex948 dutifully cancelled as it became the new coordinator. apex949 had already requested segments from apex959, so it sent a StateRequestCommand(CANCEL_STATE_TRANSFER) asynchronously to apex959. Then apex948 started a new rebalance, and apex949 asked apex959 for the same segments. When apex959 finally received the cancel request, it didn't check the topology id and it incorrectly cancelled the outbound transfer to apex949.

The solution would be to verify the topology id in the CANCEL_STATE_TRANSFER command before cancelling the transfer. I also think we can avoid sending the cancel command completely in this case, and only send it as we are about to stop.
",,,
8061,ISPN-4479,Currently NamedExecutorsFactory uses the replication queue executor's configuration to build the remote executor's thread pool.,,,
8076,ISPN-4478,"{code}
java.lang.RuntimeException: Timed out before caches had complete views.  Expected 3 members in each view.  Views are as follows: [[ServerFailureRetrySingleOwnerTest-NodeD-62958, ServerFailureRetrySingleOwnerTest-NodeE-52896], [ServerFailureRetrySingleOwnerTest-NodeE-52896, ServerFailureRetrySingleOwnerTest-NodeF-14197], [ServerFailureRetrySingleOwnerTest-NodeE-52896, ServerFailureRetrySingleOwnerTest-NodeF-14197]]
    at org.infinispan.test.TestingUtil.viewsTimedOut(TestingUtil.java:268)
    at org.infinispan.test.TestingUtil.viewsTimedOut(TestingUtil.java:258)
    at org.infinispan.test.TestingUtil.blockUntilViewsReceived(TestingUtil.java:250)
    at org.infinispan.test.TestingUtil.blockUntilViewsReceived(TestingUtil.java:291)
    at org.infinispan.test.TestingUtil.blockUntilViewsReceived(TestingUtil.java:922)
    at org.infinispan.test.MultipleCacheManagersTest.waitForClusterToForm(MultipleCacheManagersTest.java:226)
    at org.infinispan.test.MultipleCacheManagersTest.waitForClusterToForm(MultipleCacheManagersTest.java:233)
    at org.infinispan.client.hotrod.retry.AbstractRetryTest.createCacheManagers(AbstractRetryTest.java:63)
    at org.infinispan.test.MultipleCacheManagersTest.callCreateCacheManagers(MultipleCacheManagersTest.java:70)
    at org.infinispan.test.MultipleCacheManagersTest.createBeforeMethod(MultipleCacheManagersTest.java:80)
    at org.infinispan.client.hotrod.HitsAwareCacheManagersTest.createBeforeMethod(HitsAwareCacheManagersTest.java:35)
{code}

In the logs, you see messages like this:

{code}
[22:43:33] :		 [org.infinispan:infinispan-client-hotrod] 22:43:33,977 ERROR [StateConsumerImpl] (transport-thread-ServerFailureRetrySingleOwnerTest-NodeE-p848-t1:) ISPN000208: No live owners found for segment 0 of cache __cluster_registry_cache__. Current owners are:  [ServerFailureRetrySingleOwnerTest-NodeD-62958]. Faulty owners: [ServerFailureRetrySingleOwnerTest-NodeD-62958]
[22:43:33] :		 [org.infinispan:infinispan-client-hotrod] 22:43:33,977 ERROR [StateConsumerImpl] (transport-thread-ServerFailureRetrySingleOwnerTest-NodeE-p848-t1:) ISPN000208: No live owners found for segment 1 of cache __cluster_registry_cache__. Current owners are:  [ServerFailureRetrySingleOwnerTest-NodeD-62958]. Faulty owners: [ServerFailureRetrySingleOwnerTest-NodeD-62958]
[22:43:33] :		 [org.infinispan:infinispan-client-hotrod] 22:43:33,977 ERROR [StateConsumerImpl] (transport-thread-ServerFailureRetrySingleOwnerTest-NodeE-p848-t1:) ISPN000208: No live owners found for segment 2 of cache __cluster_registry_cache__. Current owners are:  [ServerFailureRetrySingleOwnerTest-NodeD-62958]. Faulty owners: [ServerFailureRetrySingleOwnerTest-NodeD-62958]
[22:43:33] :		 [org.infinispan:infinispan-client-hotrod] 22:43:33,977 ERROR [StateConsumerImpl] (transport-thread-ServerFailureRetrySingleOwnerTest-NodeE-p848-t1:) ISPN000208: No live owners found for segment 3 of cache __cluster_registry_cache__. Current owners are:  [ServerFailureRetrySingleOwnerTest-NodeD-62958]. Faulty owners: [ServerFailureRetrySingleOwnerTest-NodeD-62958]
[22:43:33] :		 [org.infinispan:infinispan-client-hotrod] 22:43:33,977 ERROR [StateConsumerImpl] (transport-thread-ServerFailureRetrySingleOwnerTest-NodeE-p848-t1:) ISPN000208: No live owners found for segment 4 of cache __cluster_registry_cache__. Current owners are:  [ServerFailureRetrySingleOwnerTest-NodeD-62958]. Faulty owners: [ServerFailureRetrySingleOwnerTest-NodeD-62958]
{code}

The fact that after each method a cache manager is created might be causing issues here.

According to test ServerFailureRetrySingleOwnerTest.testRetryPutIfAbsent runs fine and the next time createBeforeMethod is called, the issue appears.

By doing creating the cache managers a single time, on test class startup, we should be able to speed up execution too.",,,
8078,ISPN-4476,"In infinispan-server.sh it checks executable bit on /etc/rc.d/init.d/functions:

{code}
if [ -x /etc/rc.d/init.d/functions ]; then
{code}

but the /etc/rc.d/init.d/functions is not executable, it always false.

It should be ""-r"".",,,
8079,ISPN-4474,"Adding a @ClientListener over HotRod to a Cache which has compatibility-mode enabled results in a ClassCastException on a put (Caused by: java.lang.ClassCastException: java.lang.String cannot be cast to [B).

Stacktrace on the HotRod client:
{code}
2014-07-03 01:15:07,000 [INFO] [main] [org.jboss.ddoyle.osc2013.infinispan.demo.client.RemoteCacheClient] INFO  Storing key:value pair 'test1:value1' in the cache.
2014-07-03 01:15:07,129 [WARN] [main] [org.infinispan.client.hotrod.impl.protocol.Codec20] WARN  ISPN004005: Error received from the server: io.netty.handler.codec.DecoderException: org.infinispan.server.hotrod.HotRodException: org.infinispan.remoting.RemoteException: ISPN000217: Received exception from Duncans-MacBook-Pro-39969, see cause for remote stack trace
Exception in thread ""main"" org.infinispan.client.hotrod.exceptions.HotRodClientException:Request for message id[4] returned server error (status=0x85): io.netty.handler.codec.DecoderException: org.infinispan.server.hotrod.HotRodException: org.infinispan.remoting.RemoteException: ISPN000217: Received exception from Duncans-MacBook-Pro-39969, see cause for remote stack trace
	at org.infinispan.client.hotrod.impl.protocol.Codec20.checkForErrorsInResponseStatus(Codec20.java:285)
	at org.infinispan.client.hotrod.impl.protocol.Codec20.readPartialHeader(Codec20.java:85)
	at org.infinispan.client.hotrod.impl.protocol.Codec20.readHeader(Codec20.java:71)
	at org.infinispan.client.hotrod.impl.operations.HotRodOperation.readHeaderAndValidate(HotRodOperation.java:56)
	at org.infinispan.client.hotrod.impl.operations.AbstractKeyValueOperation.sendPutOperation(AbstractKeyValueOperation.java:50)
	at org.infinispan.client.hotrod.impl.operations.PutOperation.executeOperation(PutOperation.java:30)
	at org.infinispan.client.hotrod.impl.operations.PutOperation.executeOperation(PutOperation.java:19)
	at org.infinispan.client.hotrod.impl.operations.RetryOnFailureOperation.execute(RetryOnFailureOperation.java:49)
	at org.infinispan.client.hotrod.impl.RemoteCacheImpl.put(RemoteCacheImpl.java:237)
	at org.infinispan.client.hotrod.impl.RemoteCacheSupport.put(RemoteCacheSupport.java:79)
	at org.jboss.ddoyle.osc2013.infinispan.demo.client.RemoteCacheClient.put(RemoteCacheClient.java:79)
	at org.jboss.ddoyle.osc2013.infinispan.demo.client.RemoteCacheClient.main(RemoteCacheClient.java:55)
{code}

Stacktrace on the ISPN server:
{code}
01:15:07,090 ERROR [org.infinispan.interceptors.InvocationContextInterceptor] (HotRodServerWorker-3-2) ISPN000136: Execution error: org.infinispan.remoting.RemoteException: ISPN000217: Received exception from Duncans-MacBook-Pro-39969, see cause for remote stack trace
	at org.infinispan.remoting.transport.AbstractTransport.checkResponse(AbstractTransport.java:41) [infinispan-core-7.0.0-SNAPSHOT.jar:7.0.0-SNAPSHOT]
	at org.infinispan.remoting.transport.jgroups.CommandAwareRpcDispatcher.processSingleCall(CommandAwareRpcDispatcher.java:362) [infinispan-core-7.0.0-SNAPSHOT.jar:7.0.0-SNAPSHOT]
	at org.infinispan.remoting.transport.jgroups.CommandAwareRpcDispatcher.invokeRemoteCommand(CommandAwareRpcDispatcher.java:165) [infinispan-core-7.0.0-SNAPSHOT.jar:7.0.0-SNAPSHOT]
	at org.infinispan.remoting.transport.jgroups.JGroupsTransport.invokeRemotely(JGroupsTransport.java:526) [infinispan-core-7.0.0-SNAPSHOT.jar:7.0.0-SNAPSHOT]
	at org.infinispan.remoting.rpc.RpcManagerImpl.invokeRemotely(RpcManagerImpl.java:280) [infinispan-core-7.0.0-SNAPSHOT.jar:7.0.0-SNAPSHOT]
	at org.infinispan.interceptors.distribution.BaseDistributionInterceptor.handleNonTxWriteCommand(BaseDistributionInterceptor.java:243) [infinispan-core-7.0.0-SNAPSHOT.jar:7.0.0-SNAPSHOT]
	at org.infinispan.interceptors.distribution.NonTxDistributionInterceptor.visitPutKeyValueCommand(NonTxDistributionInterceptor.java:72) [infinispan-core-7.0.0-SNAPSHOT.jar:7.0.0-SNAPSHOT]
	at org.infinispan.commands.write.PutKeyValueCommand.acceptVisitor(PutKeyValueCommand.java:71) [infinispan-core-7.0.0-SNAPSHOT.jar:7.0.0-SNAPSHOT]
	at org.infinispan.interceptors.base.CommandInterceptor.invokeNextInterceptor(CommandInterceptor.java:98) [infinispan-core-7.0.0-SNAPSHOT.jar:7.0.0-SNAPSHOT]
	at org.infinispan.interceptors.EntryWrappingInterceptor.invokeNextAndApplyChanges(EntryWrappingInterceptor.java:346) [infinispan-core-7.0.0-SNAPSHOT.jar:7.0.0-SNAPSHOT]
	at org.infinispan.interceptors.EntryWrappingInterceptor.setSkipRemoteGetsAndInvokeNextForDataCommand(EntryWrappingInterceptor.java:434) [infinispan-core-7.0.0-SNAPSHOT.jar:7.0.0-SNAPSHOT]
	at org.infinispan.interceptors.EntryWrappingInterceptor.visitPutKeyValueCommand(EntryWrappingInterceptor.java:168) [infinispan-core-7.0.0-SNAPSHOT.jar:7.0.0-SNAPSHOT]
	at org.infinispan.commands.write.PutKeyValueCommand.acceptVisitor(PutKeyValueCommand.java:71) [infinispan-core-7.0.0-SNAPSHOT.jar:7.0.0-SNAPSHOT]
	at org.infinispan.interceptors.base.CommandInterceptor.invokeNextInterceptor(CommandInterceptor.java:98) [infinispan-core-7.0.0-SNAPSHOT.jar:7.0.0-SNAPSHOT]
	at org.infinispan.interceptors.locking.AbstractLockingInterceptor.visitPutKeyValueCommand(AbstractLockingInterceptor.java:46) [infinispan-core-7.0.0-SNAPSHOT.jar:7.0.0-SNAPSHOT]
	at org.infinispan.commands.write.PutKeyValueCommand.acceptVisitor(PutKeyValueCommand.java:71) [infinispan-core-7.0.0-SNAPSHOT.jar:7.0.0-SNAPSHOT]
	at org.infinispan.interceptors.base.CommandInterceptor.invokeNextInterceptor(CommandInterceptor.java:98) [infinispan-core-7.0.0-SNAPSHOT.jar:7.0.0-SNAPSHOT]
	at org.infinispan.interceptors.base.CommandInterceptor.handleDefault(CommandInterceptor.java:112) [infinispan-core-7.0.0-SNAPSHOT.jar:7.0.0-SNAPSHOT]
	at org.infinispan.commands.AbstractVisitor.visitPutKeyValueCommand(AbstractVisitor.java:32) [infinispan-core-7.0.0-SNAPSHOT.jar:7.0.0-SNAPSHOT]
	at org.infinispan.commands.write.PutKeyValueCommand.acceptVisitor(PutKeyValueCommand.java:71) [infinispan-core-7.0.0-SNAPSHOT.jar:7.0.0-SNAPSHOT]
	at org.infinispan.interceptors.base.CommandInterceptor.invokeNextInterceptor(CommandInterceptor.java:98) [infinispan-core-7.0.0-SNAPSHOT.jar:7.0.0-SNAPSHOT]
	at org.infinispan.interceptors.base.CommandInterceptor.handleDefault(CommandInterceptor.java:112) [infinispan-core-7.0.0-SNAPSHOT.jar:7.0.0-SNAPSHOT]
	at org.infinispan.commands.AbstractVisitor.visitPutKeyValueCommand(AbstractVisitor.java:32) [infinispan-core-7.0.0-SNAPSHOT.jar:7.0.0-SNAPSHOT]
	at org.infinispan.commands.write.PutKeyValueCommand.acceptVisitor(PutKeyValueCommand.java:71) [infinispan-core-7.0.0-SNAPSHOT.jar:7.0.0-SNAPSHOT]
	at org.infinispan.interceptors.base.CommandInterceptor.invokeNextInterceptor(CommandInterceptor.java:98) [infinispan-core-7.0.0-SNAPSHOT.jar:7.0.0-SNAPSHOT]
	at org.infinispan.statetransfer.StateTransferInterceptor.handleNonTxWriteCommand(StateTransferInterceptor.java:218) [infinispan-core-7.0.0-SNAPSHOT.jar:7.0.0-SNAPSHOT]
	at org.infinispan.statetransfer.StateTransferInterceptor.visitPutKeyValueCommand(StateTransferInterceptor.java:141) [infinispan-core-7.0.0-SNAPSHOT.jar:7.0.0-SNAPSHOT]
	at org.infinispan.commands.write.PutKeyValueCommand.acceptVisitor(PutKeyValueCommand.java:71) [infinispan-core-7.0.0-SNAPSHOT.jar:7.0.0-SNAPSHOT]
	at org.infinispan.interceptors.base.CommandInterceptor.invokeNextInterceptor(CommandInterceptor.java:98) [infinispan-core-7.0.0-SNAPSHOT.jar:7.0.0-SNAPSHOT]
	at org.infinispan.interceptors.CacheMgmtInterceptor.updateStoreStatistics(CacheMgmtInterceptor.java:148) [infinispan-core-7.0.0-SNAPSHOT.jar:7.0.0-SNAPSHOT]
	at org.infinispan.interceptors.CacheMgmtInterceptor.visitPutKeyValueCommand(CacheMgmtInterceptor.java:134) [infinispan-core-7.0.0-SNAPSHOT.jar:7.0.0-SNAPSHOT]
	at org.infinispan.commands.write.PutKeyValueCommand.acceptVisitor(PutKeyValueCommand.java:71) [infinispan-core-7.0.0-SNAPSHOT.jar:7.0.0-SNAPSHOT]
	at org.infinispan.interceptors.base.CommandInterceptor.invokeNextInterceptor(CommandInterceptor.java:98) [infinispan-core-7.0.0-SNAPSHOT.jar:7.0.0-SNAPSHOT]
	at org.infinispan.interceptors.compat.BaseTypeConverterInterceptor.visitPutKeyValueCommand(BaseTypeConverterInterceptor.java:63) [infinispan-core-7.0.0-SNAPSHOT.jar:7.0.0-SNAPSHOT]
	at org.infinispan.commands.write.PutKeyValueCommand.acceptVisitor(PutKeyValueCommand.java:71) [infinispan-core-7.0.0-SNAPSHOT.jar:7.0.0-SNAPSHOT]
	at org.infinispan.interceptors.base.CommandInterceptor.invokeNextInterceptor(CommandInterceptor.java:98) [infinispan-core-7.0.0-SNAPSHOT.jar:7.0.0-SNAPSHOT]
	at org.infinispan.interceptors.InvocationContextInterceptor.handleAll(InvocationContextInterceptor.java:111) [infinispan-core-7.0.0-SNAPSHOT.jar:7.0.0-SNAPSHOT]
	at org.infinispan.interceptors.InvocationContextInterceptor.handleDefault(InvocationContextInterceptor.java:74) [infinispan-core-7.0.0-SNAPSHOT.jar:7.0.0-SNAPSHOT]
	at org.infinispan.commands.AbstractVisitor.visitPutKeyValueCommand(AbstractVisitor.java:32) [infinispan-core-7.0.0-SNAPSHOT.jar:7.0.0-SNAPSHOT]
	at org.infinispan.commands.write.PutKeyValueCommand.acceptVisitor(PutKeyValueCommand.java:71) [infinispan-core-7.0.0-SNAPSHOT.jar:7.0.0-SNAPSHOT]
	at org.infinispan.interceptors.InterceptorChain.invoke(InterceptorChain.java:333) [infinispan-core-7.0.0-SNAPSHOT.jar:7.0.0-SNAPSHOT]
	at org.infinispan.cache.impl.CacheImpl.executeCommandAndCommitIfNeeded(CacheImpl.java:1429) [infinispan-core-7.0.0-SNAPSHOT.jar:7.0.0-SNAPSHOT]
	at org.infinispan.cache.impl.CacheImpl.putInternal(CacheImpl.java:907) [infinispan-core-7.0.0-SNAPSHOT.jar:7.0.0-SNAPSHOT]
	at org.infinispan.cache.impl.CacheImpl.put(CacheImpl.java:899) [infinispan-core-7.0.0-SNAPSHOT.jar:7.0.0-SNAPSHOT]
	at org.infinispan.cache.impl.DecoratedCache.put(DecoratedCache.java:473) [infinispan-core-7.0.0-SNAPSHOT.jar:7.0.0-SNAPSHOT]
	at org.infinispan.server.core.AbstractProtocolDecoder.put(AbstractProtocolDecoder.scala:252) [infinispan-server-core-7.0.0-SNAPSHOT.jar:7.0.0-SNAPSHOT]
	at org.infinispan.server.core.AbstractProtocolDecoder.org$infinispan$server$core$AbstractProtocolDecoder$$decodeValue(AbstractProtocolDecoder.scala:207) [infinispan-server-core-7.0.0-SNAPSHOT.jar:7.0.0-SNAPSHOT]
	at org.infinispan.server.core.AbstractProtocolDecoder.decodeDispatch(AbstractProtocolDecoder.scala:73) [infinispan-server-core-7.0.0-SNAPSHOT.jar:7.0.0-SNAPSHOT]
	at org.infinispan.server.core.AbstractProtocolDecoder.decode(AbstractProtocolDecoder.scala:61) [infinispan-server-core-7.0.0-SNAPSHOT.jar:7.0.0-SNAPSHOT]
	at io.netty.handler.codec.ReplayingDecoder.callDecode(ReplayingDecoder.java:362) [netty-all-4.0.20.Final.jar:4.0.20.Final]
	at io.netty.handler.codec.ByteToMessageDecoder.channelRead(ByteToMessageDecoder.java:149) [netty-all-4.0.20.Final.jar:4.0.20.Final]
	at org.infinispan.server.core.AbstractProtocolDecoder.channelRead(AbstractProtocolDecoder.scala:471) [infinispan-server-core-7.0.0-SNAPSHOT.jar:7.0.0-SNAPSHOT]
	at io.netty.channel.AbstractChannelHandlerContext.invokeChannelRead(AbstractChannelHandlerContext.java:332) [netty-all-4.0.20.Final.jar:4.0.20.Final]
	at io.netty.channel.AbstractChannelHandlerContext.fireChannelRead(AbstractChannelHandlerContext.java:318) [netty-all-4.0.20.Final.jar:4.0.20.Final]
	at io.netty.channel.DefaultChannelPipeline.fireChannelRead(DefaultChannelPipeline.java:787) [netty-all-4.0.20.Final.jar:4.0.20.Final]
	at io.netty.channel.nio.AbstractNioByteChannel$NioByteUnsafe.read(AbstractNioByteChannel.java:125) [netty-all-4.0.20.Final.jar:4.0.20.Final]
	at io.netty.channel.nio.NioEventLoop.processSelectedKey(NioEventLoop.java:507) [netty-all-4.0.20.Final.jar:4.0.20.Final]
	at io.netty.channel.nio.NioEventLoop.processSelectedKeysOptimized(NioEventLoop.java:464) [netty-all-4.0.20.Final.jar:4.0.20.Final]
	at io.netty.channel.nio.NioEventLoop.processSelectedKeys(NioEventLoop.java:378) [netty-all-4.0.20.Final.jar:4.0.20.Final]
	at io.netty.channel.nio.NioEventLoop.run(NioEventLoop.java:350) [netty-all-4.0.20.Final.jar:4.0.20.Final]
	at io.netty.util.concurrent.SingleThreadEventExecutor$2.run(SingleThreadEventExecutor.java:116) [netty-all-4.0.20.Final.jar:4.0.20.Final]
	at java.lang.Thread.run(Thread.java:745) [rt.jar:1.7.0_55]
Caused by: java.lang.ClassCastException: java.lang.String cannot be cast to [B
	at org.infinispan.server.hotrod.ClientListenerRegistry$BinaryConverter.convert(ClientListenerRegistry.scala:183) [infinispan-server-hotrod-7.0.0-SNAPSHOT.jar:7.0.0-SNAPSHOT]
	at org.infinispan.notifications.cachelistener.CacheNotifierImpl$BaseCacheEntryListenerInvocation.convertValue(CacheNotifierImpl.java:1013) [infinispan-core-7.0.0-SNAPSHOT.jar:7.0.0-SNAPSHOT]
	at org.infinispan.notifications.cachelistener.CacheNotifierImpl$BaseCacheEntryListenerInvocation.invokeNoChecks(CacheNotifierImpl.java:958) [infinispan-core-7.0.0-SNAPSHOT.jar:7.0.0-SNAPSHOT]
	at org.infinispan.notifications.cachelistener.CacheNotifierImpl$BaseCacheEntryListenerInvocation.invoke(CacheNotifierImpl.java:944) [infinispan-core-7.0.0-SNAPSHOT.jar:7.0.0-SNAPSHOT]
	at org.infinispan.notifications.cachelistener.CacheNotifierImpl.notifyCacheEntryCreated(CacheNotifierImpl.java:247) [infinispan-core-7.0.0-SNAPSHOT.jar:7.0.0-SNAPSHOT]
	at org.infinispan.container.EntryFactoryImpl.newMvccEntryForPut(EntryFactoryImpl.java:272) [infinispan-core-7.0.0-SNAPSHOT.jar:7.0.0-SNAPSHOT]
	at org.infinispan.container.EntryFactoryImpl.wrapEntryForPut(EntryFactoryImpl.java:202) [infinispan-core-7.0.0-SNAPSHOT.jar:7.0.0-SNAPSHOT]
	at org.infinispan.interceptors.EntryWrappingInterceptor.wrapEntryForPutIfNeeded(EntryWrappingInterceptor.java:173) [infinispan-core-7.0.0-SNAPSHOT.jar:7.0.0-SNAPSHOT]
	at org.infinispan.interceptors.EntryWrappingInterceptor.visitPutKeyValueCommand(EntryWrappingInterceptor.java:167) [infinispan-core-7.0.0-SNAPSHOT.jar:7.0.0-SNAPSHOT]
	at org.infinispan.commands.write.PutKeyValueCommand.acceptVisitor(PutKeyValueCommand.java:71) [infinispan-core-7.0.0-SNAPSHOT.jar:7.0.0-SNAPSHOT]
	at org.infinispan.interceptors.base.CommandInterceptor.invokeNextInterceptor(CommandInterceptor.java:98) [infinispan-core-7.0.0-SNAPSHOT.jar:7.0.0-SNAPSHOT]
	at org.infinispan.interceptors.locking.AbstractLockingInterceptor.visitPutKeyValueCommand(AbstractLockingInterceptor.java:48) [infinispan-core-7.0.0-SNAPSHOT.jar:7.0.0-SNAPSHOT]
	at org.infinispan.commands.write.PutKeyValueCommand.acceptVisitor(PutKeyValueCommand.java:71) [infinispan-core-7.0.0-SNAPSHOT.jar:7.0.0-SNAPSHOT]
	at org.infinispan.interceptors.base.CommandInterceptor.invokeNextInterceptor(CommandInterceptor.java:98) [infinispan-core-7.0.0-SNAPSHOT.jar:7.0.0-SNAPSHOT]
	at org.infinispan.interceptors.base.CommandInterceptor.handleDefault(CommandInterceptor.java:112) [infinispan-core-7.0.0-SNAPSHOT.jar:7.0.0-SNAPSHOT]
	at org.infinispan.commands.AbstractVisitor.visitPutKeyValueCommand(AbstractVisitor.java:32) [infinispan-core-7.0.0-SNAPSHOT.jar:7.0.0-SNAPSHOT]
	at org.infinispan.commands.write.PutKeyValueCommand.acceptVisitor(PutKeyValueCommand.java:71) [infinispan-core-7.0.0-SNAPSHOT.jar:7.0.0-SNAPSHOT]
	at org.infinispan.interceptors.base.CommandInterceptor.invokeNextInterceptor(CommandInterceptor.java:98) [infinispan-core-7.0.0-SNAPSHOT.jar:7.0.0-SNAPSHOT]
	at org.infinispan.interceptors.base.CommandInterceptor.handleDefault(CommandInterceptor.java:112) [infinispan-core-7.0.0-SNAPSHOT.jar:7.0.0-SNAPSHOT]
	at org.infinispan.commands.AbstractVisitor.visitPutKeyValueCommand(AbstractVisitor.java:32) [infinispan-core-7.0.0-SNAPSHOT.jar:7.0.0-SNAPSHOT]
	at org.infinispan.commands.write.PutKeyValueCommand.acceptVisitor(PutKeyValueCommand.java:71) [infinispan-core-7.0.0-SNAPSHOT.jar:7.0.0-SNAPSHOT]
	at org.infinispan.interceptors.base.CommandInterceptor.invokeNextInterceptor(CommandInterceptor.java:98) [infinispan-core-7.0.0-SNAPSHOT.jar:7.0.0-SNAPSHOT]
	at org.infinispan.statetransfer.StateTransferInterceptor.handleNonTxWriteCommand(StateTransferInterceptor.java:212) [infinispan-core-7.0.0-SNAPSHOT.jar:7.0.0-SNAPSHOT]
	at org.infinispan.statetransfer.StateTransferInterceptor.visitPutKeyValueCommand(StateTransferInterceptor.java:141) [infinispan-core-7.0.0-SNAPSHOT.jar:7.0.0-SNAPSHOT]
	at org.infinispan.commands.write.PutKeyValueCommand.acceptVisitor(PutKeyValueCommand.java:71) [infinispan-core-7.0.0-SNAPSHOT.jar:7.0.0-SNAPSHOT]
	at org.infinispan.interceptors.base.CommandInterceptor.invokeNextInterceptor(CommandInterceptor.java:98) [infinispan-core-7.0.0-SNAPSHOT.jar:7.0.0-SNAPSHOT]
	at org.infinispan.interceptors.CacheMgmtInterceptor.updateStoreStatistics(CacheMgmtInterceptor.java:148) [infinispan-core-7.0.0-SNAPSHOT.jar:7.0.0-SNAPSHOT]
	at org.infinispan.interceptors.CacheMgmtInterceptor.visitPutKeyValueCommand(CacheMgmtInterceptor.java:134) [infinispan-core-7.0.0-SNAPSHOT.jar:7.0.0-SNAPSHOT]
	at org.infinispan.commands.write.PutKeyValueCommand.acceptVisitor(PutKeyValueCommand.java:71) [infinispan-core-7.0.0-SNAPSHOT.jar:7.0.0-SNAPSHOT]
	at org.infinispan.interceptors.base.CommandInterceptor.invokeNextInterceptor(CommandInterceptor.java:98) [infinispan-core-7.0.0-SNAPSHOT.jar:7.0.0-SNAPSHOT]
	at org.infinispan.interceptors.compat.BaseTypeConverterInterceptor.visitPutKeyValueCommand(BaseTypeConverterInterceptor.java:63) [infinispan-core-7.0.0-SNAPSHOT.jar:7.0.0-SNAPSHOT]
	at org.infinispan.commands.write.PutKeyValueCommand.acceptVisitor(PutKeyValueCommand.java:71) [infinispan-core-7.0.0-SNAPSHOT.jar:7.0.0-SNAPSHOT]
	at org.infinispan.interceptors.base.CommandInterceptor.invokeNextInterceptor(CommandInterceptor.java:98) [infinispan-core-7.0.0-SNAPSHOT.jar:7.0.0-SNAPSHOT]
	at org.infinispan.interceptors.InvocationContextInterceptor.handleAll(InvocationContextInterceptor.java:111) [infinispan-core-7.0.0-SNAPSHOT.jar:7.0.0-SNAPSHOT]
	at org.infinispan.interceptors.InvocationContextInterceptor.handleDefault(InvocationContextInterceptor.java:74) [infinispan-core-7.0.0-SNAPSHOT.jar:7.0.0-SNAPSHOT]
	at org.infinispan.commands.AbstractVisitor.visitPutKeyValueCommand(AbstractVisitor.java:32) [infinispan-core-7.0.0-SNAPSHOT.jar:7.0.0-SNAPSHOT]
	at org.infinispan.commands.write.PutKeyValueCommand.acceptVisitor(PutKeyValueCommand.java:71) [infinispan-core-7.0.0-SNAPSHOT.jar:7.0.0-SNAPSHOT]
	at org.infinispan.interceptors.InterceptorChain.invoke(InterceptorChain.java:333) [infinispan-core-7.0.0-SNAPSHOT.jar:7.0.0-SNAPSHOT]
	at org.infinispan.commands.remote.BaseRpcInvokingCommand.processVisitableCommand(BaseRpcInvokingCommand.java:39) [infinispan-core-7.0.0-SNAPSHOT.jar:7.0.0-SNAPSHOT]
	at org.infinispan.commands.remote.SingleRpcCommand.perform(SingleRpcCommand.java:48) [infinispan-core-7.0.0-SNAPSHOT.jar:7.0.0-SNAPSHOT]
	at org.infinispan.remoting.InboundInvocationHandlerImpl.handleInternal(InboundInvocationHandlerImpl.java:95) [infinispan-core-7.0.0-SNAPSHOT.jar:7.0.0-SNAPSHOT]
	at org.infinispan.remoting.InboundInvocationHandlerImpl.access$000(InboundInvocationHandlerImpl.java:50) [infinispan-core-7.0.0-SNAPSHOT.jar:7.0.0-SNAPSHOT]
	at org.infinispan.remoting.InboundInvocationHandlerImpl$2.run(InboundInvocationHandlerImpl.java:179) [infinispan-core-7.0.0-SNAPSHOT.jar:7.0.0-SNAPSHOT]
	at java.util.concurrent.ThreadPoolExecutor.runWorker(ThreadPoolExecutor.java:1145) [rt.jar:1.7.0_55]
	at java.util.concurrent.ThreadPoolExecutor$Worker.run(ThreadPoolExecutor.java:615) [rt.jar:1.7.0_55]
	... 1 more

01:15:07,119 ERROR [org.infinispan.server.hotrod.HotRodDecoder] (HotRodServerWorker-3-2) ISPN005009: Unexpected error before any request parameters read: io.netty.handler.codec.DecoderException: org.infinispan.server.hotrod.HotRodException: org.infinispan.remoting.RemoteException: ISPN000217: Received exception from Duncans-MacBook-Pro-39969, see cause for remote stack trace
	at io.netty.handler.codec.ReplayingDecoder.callDecode(ReplayingDecoder.java:417) [netty-all-4.0.20.Final.jar:4.0.20.Final]
	at io.netty.handler.codec.ByteToMessageDecoder.channelRead(ByteToMessageDecoder.java:149) [netty-all-4.0.20.Final.jar:4.0.20.Final]
	at org.infinispan.server.core.AbstractProtocolDecoder.channelRead(AbstractProtocolDecoder.scala:471) [infinispan-server-core-7.0.0-SNAPSHOT.jar:7.0.0-SNAPSHOT]
	at io.netty.channel.AbstractChannelHandlerContext.invokeChannelRead(AbstractChannelHandlerContext.java:332) [netty-all-4.0.20.Final.jar:4.0.20.Final]
	at io.netty.channel.AbstractChannelHandlerContext.fireChannelRead(AbstractChannelHandlerContext.java:318) [netty-all-4.0.20.Final.jar:4.0.20.Final]
	at io.netty.channel.DefaultChannelPipeline.fireChannelRead(DefaultChannelPipeline.java:787) [netty-all-4.0.20.Final.jar:4.0.20.Final]
	at io.netty.channel.nio.AbstractNioByteChannel$NioByteUnsafe.read(AbstractNioByteChannel.java:125) [netty-all-4.0.20.Final.jar:4.0.20.Final]
	at io.netty.channel.nio.NioEventLoop.processSelectedKey(NioEventLoop.java:507) [netty-all-4.0.20.Final.jar:4.0.20.Final]
	at io.netty.channel.nio.NioEventLoop.processSelectedKeysOptimized(NioEventLoop.java:464) [netty-all-4.0.20.Final.jar:4.0.20.Final]
	at io.netty.channel.nio.NioEventLoop.processSelectedKeys(NioEventLoop.java:378) [netty-all-4.0.20.Final.jar:4.0.20.Final]
	at io.netty.channel.nio.NioEventLoop.run(NioEventLoop.java:350) [netty-all-4.0.20.Final.jar:4.0.20.Final]
	at io.netty.util.concurrent.SingleThreadEventExecutor$2.run(SingleThreadEventExecutor.java:116) [netty-all-4.0.20.Final.jar:4.0.20.Final]
	at java.lang.Thread.run(Thread.java:745) [rt.jar:1.7.0_55]
Caused by: org.infinispan.server.hotrod.HotRodException: org.infinispan.remoting.RemoteException: ISPN000217: Received exception from Duncans-MacBook-Pro-39969, see cause for remote stack trace
	at org.infinispan.server.hotrod.HotRodDecoder.createServerException(HotRodDecoder.scala:206) [infinispan-server-hotrod-7.0.0-SNAPSHOT.jar:7.0.0-SNAPSHOT]
	at org.infinispan.server.core.AbstractProtocolDecoder.decodeDispatch(AbstractProtocolDecoder.scala:77) [infinispan-server-core-7.0.0-SNAPSHOT.jar:7.0.0-SNAPSHOT]
	at org.infinispan.server.core.AbstractProtocolDecoder.decode(AbstractProtocolDecoder.scala:61) [infinispan-server-core-7.0.0-SNAPSHOT.jar:7.0.0-SNAPSHOT]
	at io.netty.handler.codec.ReplayingDecoder.callDecode(ReplayingDecoder.java:362) [netty-all-4.0.20.Final.jar:4.0.20.Final]
	... 12 more
Caused by: org.infinispan.remoting.RemoteException: ISPN000217: Received exception from Duncans-MacBook-Pro-39969, see cause for remote stack trace
	at org.infinispan.remoting.transport.AbstractTransport.checkResponse(AbstractTransport.java:41) [infinispan-core-7.0.0-SNAPSHOT.jar:7.0.0-SNAPSHOT]
	at org.infinispan.remoting.transport.jgroups.CommandAwareRpcDispatcher.processSingleCall(CommandAwareRpcDispatcher.java:362) [infinispan-core-7.0.0-SNAPSHOT.jar:7.0.0-SNAPSHOT]
	at org.infinispan.remoting.transport.jgroups.CommandAwareRpcDispatcher.invokeRemoteCommand(CommandAwareRpcDispatcher.java:165) [infinispan-core-7.0.0-SNAPSHOT.jar:7.0.0-SNAPSHOT]
	at org.infinispan.remoting.transport.jgroups.JGroupsTransport.invokeRemotely(JGroupsTransport.java:526) [infinispan-core-7.0.0-SNAPSHOT.jar:7.0.0-SNAPSHOT]
	at org.infinispan.remoting.rpc.RpcManagerImpl.invokeRemotely(RpcManagerImpl.java:280) [infinispan-core-7.0.0-SNAPSHOT.jar:7.0.0-SNAPSHOT]
	at org.infinispan.interceptors.distribution.BaseDistributionInterceptor.handleNonTxWriteCommand(BaseDistributionInterceptor.java:243) [infinispan-core-7.0.0-SNAPSHOT.jar:7.0.0-SNAPSHOT]
	at org.infinispan.interceptors.distribution.NonTxDistributionInterceptor.visitPutKeyValueCommand(NonTxDistributionInterceptor.java:72) [infinispan-core-7.0.0-SNAPSHOT.jar:7.0.0-SNAPSHOT]
	at org.infinispan.commands.write.PutKeyValueCommand.acceptVisitor(PutKeyValueCommand.java:71) [infinispan-core-7.0.0-SNAPSHOT.jar:7.0.0-SNAPSHOT]
	at org.infinispan.interceptors.base.CommandInterceptor.invokeNextInterceptor(CommandInterceptor.java:98) [infinispan-core-7.0.0-SNAPSHOT.jar:7.0.0-SNAPSHOT]
	at org.infinispan.interceptors.EntryWrappingInterceptor.invokeNextAndApplyChanges(EntryWrappingInterceptor.java:346) [infinispan-core-7.0.0-SNAPSHOT.jar:7.0.0-SNAPSHOT]
	at org.infinispan.interceptors.EntryWrappingInterceptor.setSkipRemoteGetsAndInvokeNextForDataCommand(EntryWrappingInterceptor.java:434) [infinispan-core-7.0.0-SNAPSHOT.jar:7.0.0-SNAPSHOT]
	at org.infinispan.interceptors.EntryWrappingInterceptor.visitPutKeyValueCommand(EntryWrappingInterceptor.java:168) [infinispan-core-7.0.0-SNAPSHOT.jar:7.0.0-SNAPSHOT]
	at org.infinispan.commands.write.PutKeyValueCommand.acceptVisitor(PutKeyValueCommand.java:71) [infinispan-core-7.0.0-SNAPSHOT.jar:7.0.0-SNAPSHOT]
	at org.infinispan.interceptors.base.CommandInterceptor.invokeNextInterceptor(CommandInterceptor.java:98) [infinispan-core-7.0.0-SNAPSHOT.jar:7.0.0-SNAPSHOT]
	at org.infinispan.interceptors.locking.AbstractLockingInterceptor.visitPutKeyValueCommand(AbstractLockingInterceptor.java:46) [infinispan-core-7.0.0-SNAPSHOT.jar:7.0.0-SNAPSHOT]
	at org.infinispan.commands.write.PutKeyValueCommand.acceptVisitor(PutKeyValueCommand.java:71) [infinispan-core-7.0.0-SNAPSHOT.jar:7.0.0-SNAPSHOT]
	at org.infinispan.interceptors.base.CommandInterceptor.invokeNextInterceptor(CommandInterceptor.java:98) [infinispan-core-7.0.0-SNAPSHOT.jar:7.0.0-SNAPSHOT]
	at org.infinispan.interceptors.base.CommandInterceptor.handleDefault(CommandInterceptor.java:112) [infinispan-core-7.0.0-SNAPSHOT.jar:7.0.0-SNAPSHOT]
	at org.infinispan.commands.AbstractVisitor.visitPutKeyValueCommand(AbstractVisitor.java:32) [infinispan-core-7.0.0-SNAPSHOT.jar:7.0.0-SNAPSHOT]
	at org.infinispan.commands.write.PutKeyValueCommand.acceptVisitor(PutKeyValueCommand.java:71) [infinispan-core-7.0.0-SNAPSHOT.jar:7.0.0-SNAPSHOT]
	at org.infinispan.interceptors.base.CommandInterceptor.invokeNextInterceptor(CommandInterceptor.java:98) [infinispan-core-7.0.0-SNAPSHOT.jar:7.0.0-SNAPSHOT]
	at org.infinispan.interceptors.base.CommandInterceptor.handleDefault(CommandInterceptor.java:112) [infinispan-core-7.0.0-SNAPSHOT.jar:7.0.0-SNAPSHOT]
	at org.infinispan.commands.AbstractVisitor.visitPutKeyValueCommand(AbstractVisitor.java:32) [infinispan-core-7.0.0-SNAPSHOT.jar:7.0.0-SNAPSHOT]
	at org.infinispan.commands.write.PutKeyValueCommand.acceptVisitor(PutKeyValueCommand.java:71) [infinispan-core-7.0.0-SNAPSHOT.jar:7.0.0-SNAPSHOT]
	at org.infinispan.interceptors.base.CommandInterceptor.invokeNextInterceptor(CommandInterceptor.java:98) [infinispan-core-7.0.0-SNAPSHOT.jar:7.0.0-SNAPSHOT]
	at org.infinispan.statetransfer.StateTransferInterceptor.handleNonTxWriteCommand(StateTransferInterceptor.java:218) [infinispan-core-7.0.0-SNAPSHOT.jar:7.0.0-SNAPSHOT]
	at org.infinispan.statetransfer.StateTransferInterceptor.visitPutKeyValueCommand(StateTransferInterceptor.java:141) [infinispan-core-7.0.0-SNAPSHOT.jar:7.0.0-SNAPSHOT]
	at org.infinispan.commands.write.PutKeyValueCommand.acceptVisitor(PutKeyValueCommand.java:71) [infinispan-core-7.0.0-SNAPSHOT.jar:7.0.0-SNAPSHOT]
	at org.infinispan.interceptors.base.CommandInterceptor.invokeNextInterceptor(CommandInterceptor.java:98) [infinispan-core-7.0.0-SNAPSHOT.jar:7.0.0-SNAPSHOT]
	at org.infinispan.interceptors.CacheMgmtInterceptor.updateStoreStatistics(CacheMgmtInterceptor.java:148) [infinispan-core-7.0.0-SNAPSHOT.jar:7.0.0-SNAPSHOT]
	at org.infinispan.interceptors.CacheMgmtInterceptor.visitPutKeyValueCommand(CacheMgmtInterceptor.java:134) [infinispan-core-7.0.0-SNAPSHOT.jar:7.0.0-SNAPSHOT]
	at org.infinispan.commands.write.PutKeyValueCommand.acceptVisitor(PutKeyValueCommand.java:71) [infinispan-core-7.0.0-SNAPSHOT.jar:7.0.0-SNAPSHOT]
	at org.infinispan.interceptors.base.CommandInterceptor.invokeNextInterceptor(CommandInterceptor.java:98) [infinispan-core-7.0.0-SNAPSHOT.jar:7.0.0-SNAPSHOT]
	at org.infinispan.interceptors.compat.BaseTypeConverterInterceptor.visitPutKeyValueCommand(BaseTypeConverterInterceptor.java:63) [infinispan-core-7.0.0-SNAPSHOT.jar:7.0.0-SNAPSHOT]
	at org.infinispan.commands.write.PutKeyValueCommand.acceptVisitor(PutKeyValueCommand.java:71) [infinispan-core-7.0.0-SNAPSHOT.jar:7.0.0-SNAPSHOT]
	at org.infinispan.interceptors.base.CommandInterceptor.invokeNextInterceptor(CommandInterceptor.java:98) [infinispan-core-7.0.0-SNAPSHOT.jar:7.0.0-SNAPSHOT]
	at org.infinispan.interceptors.InvocationContextInterceptor.handleAll(InvocationContextInterceptor.java:111) [infinispan-core-7.0.0-SNAPSHOT.jar:7.0.0-SNAPSHOT]
	at org.infinispan.interceptors.InvocationContextInterceptor.handleDefault(InvocationContextInterceptor.java:74) [infinispan-core-7.0.0-SNAPSHOT.jar:7.0.0-SNAPSHOT]
	at org.infinispan.commands.AbstractVisitor.visitPutKeyValueCommand(AbstractVisitor.java:32) [infinispan-core-7.0.0-SNAPSHOT.jar:7.0.0-SNAPSHOT]
	at org.infinispan.commands.write.PutKeyValueCommand.acceptVisitor(PutKeyValueCommand.java:71) [infinispan-core-7.0.0-SNAPSHOT.jar:7.0.0-SNAPSHOT]
	at org.infinispan.interceptors.InterceptorChain.invoke(InterceptorChain.java:333) [infinispan-core-7.0.0-SNAPSHOT.jar:7.0.0-SNAPSHOT]
	at org.infinispan.cache.impl.CacheImpl.executeCommandAndCommitIfNeeded(CacheImpl.java:1429) [infinispan-core-7.0.0-SNAPSHOT.jar:7.0.0-SNAPSHOT]
	at org.infinispan.cache.impl.CacheImpl.putInternal(CacheImpl.java:907) [infinispan-core-7.0.0-SNAPSHOT.jar:7.0.0-SNAPSHOT]
	at org.infinispan.cache.impl.CacheImpl.put(CacheImpl.java:899) [infinispan-core-7.0.0-SNAPSHOT.jar:7.0.0-SNAPSHOT]
	at org.infinispan.cache.impl.DecoratedCache.put(DecoratedCache.java:473) [infinispan-core-7.0.0-SNAPSHOT.jar:7.0.0-SNAPSHOT]
	at org.infinispan.server.core.AbstractProtocolDecoder.put(AbstractProtocolDecoder.scala:252) [infinispan-server-core-7.0.0-SNAPSHOT.jar:7.0.0-SNAPSHOT]
	at org.infinispan.server.core.AbstractProtocolDecoder.org$infinispan$server$core$AbstractProtocolDecoder$$decodeValue(AbstractProtocolDecoder.scala:207) [infinispan-server-core-7.0.0-SNAPSHOT.jar:7.0.0-SNAPSHOT]
	at org.infinispan.server.core.AbstractProtocolDecoder.decodeDispatch(AbstractProtocolDecoder.scala:73) [infinispan-server-core-7.0.0-SNAPSHOT.jar:7.0.0-SNAPSHOT]
	... 14 more
Caused by: java.lang.ClassCastException: java.lang.String cannot be cast to [B
	at org.infinispan.server.hotrod.ClientListenerRegistry$BinaryConverter.convert(ClientListenerRegistry.scala:183) [infinispan-server-hotrod-7.0.0-SNAPSHOT.jar:7.0.0-SNAPSHOT]
	at org.infinispan.notifications.cachelistener.CacheNotifierImpl$BaseCacheEntryListenerInvocation.convertValue(CacheNotifierImpl.java:1013) [infinispan-core-7.0.0-SNAPSHOT.jar:7.0.0-SNAPSHOT]
	at org.infinispan.notifications.cachelistener.CacheNotifierImpl$BaseCacheEntryListenerInvocation.invokeNoChecks(CacheNotifierImpl.java:958) [infinispan-core-7.0.0-SNAPSHOT.jar:7.0.0-SNAPSHOT]
	at org.infinispan.notifications.cachelistener.CacheNotifierImpl$BaseCacheEntryListenerInvocation.invoke(CacheNotifierImpl.java:944) [infinispan-core-7.0.0-SNAPSHOT.jar:7.0.0-SNAPSHOT]
	at org.infinispan.notifications.cachelistener.CacheNotifierImpl.notifyCacheEntryCreated(CacheNotifierImpl.java:247) [infinispan-core-7.0.0-SNAPSHOT.jar:7.0.0-SNAPSHOT]
	at org.infinispan.container.EntryFactoryImpl.newMvccEntryForPut(EntryFactoryImpl.java:272) [infinispan-core-7.0.0-SNAPSHOT.jar:7.0.0-SNAPSHOT]
	at org.infinispan.container.EntryFactoryImpl.wrapEntryForPut(EntryFactoryImpl.java:202) [infinispan-core-7.0.0-SNAPSHOT.jar:7.0.0-SNAPSHOT]
	at org.infinispan.interceptors.EntryWrappingInterceptor.wrapEntryForPutIfNeeded(EntryWrappingInterceptor.java:173) [infinispan-core-7.0.0-SNAPSHOT.jar:7.0.0-SNAPSHOT]
	at org.infinispan.interceptors.EntryWrappingInterceptor.visitPutKeyValueCommand(EntryWrappingInterceptor.java:167) [infinispan-core-7.0.0-SNAPSHOT.jar:7.0.0-SNAPSHOT]
	at org.infinispan.commands.write.PutKeyValueCommand.acceptVisitor(PutKeyValueCommand.java:71) [infinispan-core-7.0.0-SNAPSHOT.jar:7.0.0-SNAPSHOT]
	at org.infinispan.interceptors.base.CommandInterceptor.invokeNextInterceptor(CommandInterceptor.java:98) [infinispan-core-7.0.0-SNAPSHOT.jar:7.0.0-SNAPSHOT]
	at org.infinispan.interceptors.locking.AbstractLockingInterceptor.visitPutKeyValueCommand(AbstractLockingInterceptor.java:48) [infinispan-core-7.0.0-SNAPSHOT.jar:7.0.0-SNAPSHOT]
	at org.infinispan.commands.write.PutKeyValueCommand.acceptVisitor(PutKeyValueCommand.java:71) [infinispan-core-7.0.0-SNAPSHOT.jar:7.0.0-SNAPSHOT]
	at org.infinispan.interceptors.base.CommandInterceptor.invokeNextInterceptor(CommandInterceptor.java:98) [infinispan-core-7.0.0-SNAPSHOT.jar:7.0.0-SNAPSHOT]
	at org.infinispan.interceptors.base.CommandInterceptor.handleDefault(CommandInterceptor.java:112) [infinispan-core-7.0.0-SNAPSHOT.jar:7.0.0-SNAPSHOT]
	at org.infinispan.commands.AbstractVisitor.visitPutKeyValueCommand(AbstractVisitor.java:32) [infinispan-core-7.0.0-SNAPSHOT.jar:7.0.0-SNAPSHOT]
	at org.infinispan.commands.write.PutKeyValueCommand.acceptVisitor(PutKeyValueCommand.java:71) [infinispan-core-7.0.0-SNAPSHOT.jar:7.0.0-SNAPSHOT]
	at org.infinispan.interceptors.base.CommandInterceptor.invokeNextInterceptor(CommandInterceptor.java:98) [infinispan-core-7.0.0-SNAPSHOT.jar:7.0.0-SNAPSHOT]
	at org.infinispan.interceptors.base.CommandInterceptor.handleDefault(CommandInterceptor.java:112) [infinispan-core-7.0.0-SNAPSHOT.jar:7.0.0-SNAPSHOT]
	at org.infinispan.commands.AbstractVisitor.visitPutKeyValueCommand(AbstractVisitor.java:32) [infinispan-core-7.0.0-SNAPSHOT.jar:7.0.0-SNAPSHOT]
	at org.infinispan.commands.write.PutKeyValueCommand.acceptVisitor(PutKeyValueCommand.java:71) [infinispan-core-7.0.0-SNAPSHOT.jar:7.0.0-SNAPSHOT]
	at org.infinispan.interceptors.base.CommandInterceptor.invokeNextInterceptor(CommandInterceptor.java:98) [infinispan-core-7.0.0-SNAPSHOT.jar:7.0.0-SNAPSHOT]
	at org.infinispan.statetransfer.StateTransferInterceptor.handleNonTxWriteCommand(StateTransferInterceptor.java:212) [infinispan-core-7.0.0-SNAPSHOT.jar:7.0.0-SNAPSHOT]
	at org.infinispan.statetransfer.StateTransferInterceptor.visitPutKeyValueCommand(StateTransferInterceptor.java:141) [infinispan-core-7.0.0-SNAPSHOT.jar:7.0.0-SNAPSHOT]
	at org.infinispan.commands.write.PutKeyValueCommand.acceptVisitor(PutKeyValueCommand.java:71) [infinispan-core-7.0.0-SNAPSHOT.jar:7.0.0-SNAPSHOT]
	at org.infinispan.interceptors.base.CommandInterceptor.invokeNextInterceptor(CommandInterceptor.java:98) [infinispan-core-7.0.0-SNAPSHOT.jar:7.0.0-SNAPSHOT]
	at org.infinispan.interceptors.CacheMgmtInterceptor.updateStoreStatistics(CacheMgmtInterceptor.java:148) [infinispan-core-7.0.0-SNAPSHOT.jar:7.0.0-SNAPSHOT]
	at org.infinispan.interceptors.CacheMgmtInterceptor.visitPutKeyValueCommand(CacheMgmtInterceptor.java:134) [infinispan-core-7.0.0-SNAPSHOT.jar:7.0.0-SNAPSHOT]
	at org.infinispan.commands.write.PutKeyValueCommand.acceptVisitor(PutKeyValueCommand.java:71) [infinispan-core-7.0.0-SNAPSHOT.jar:7.0.0-SNAPSHOT]
	at org.infinispan.interceptors.base.CommandInterceptor.invokeNextInterceptor(CommandInterceptor.java:98) [infinispan-core-7.0.0-SNAPSHOT.jar:7.0.0-SNAPSHOT]
	at org.infinispan.interceptors.compat.BaseTypeConverterInterceptor.visitPutKeyValueCommand(BaseTypeConverterInterceptor.java:63) [infinispan-core-7.0.0-SNAPSHOT.jar:7.0.0-SNAPSHOT]
	at org.infinispan.commands.write.PutKeyValueCommand.acceptVisitor(PutKeyValueCommand.java:71) [infinispan-core-7.0.0-SNAPSHOT.jar:7.0.0-SNAPSHOT]
	at org.infinispan.interceptors.base.CommandInterceptor.invokeNextInterceptor(CommandInterceptor.java:98) [infinispan-core-7.0.0-SNAPSHOT.jar:7.0.0-SNAPSHOT]
	at org.infinispan.interceptors.InvocationContextInterceptor.handleAll(InvocationContextInterceptor.java:111) [infinispan-core-7.0.0-SNAPSHOT.jar:7.0.0-SNAPSHOT]
	at org.infinispan.interceptors.InvocationContextInterceptor.handleDefault(InvocationContextInterceptor.java:74) [infinispan-core-7.0.0-SNAPSHOT.jar:7.0.0-SNAPSHOT]
	at org.infinispan.commands.AbstractVisitor.visitPutKeyValueCommand(AbstractVisitor.java:32) [infinispan-core-7.0.0-SNAPSHOT.jar:7.0.0-SNAPSHOT]
	at org.infinispan.commands.write.PutKeyValueCommand.acceptVisitor(PutKeyValueCommand.java:71) [infinispan-core-7.0.0-SNAPSHOT.jar:7.0.0-SNAPSHOT]
	at org.infinispan.interceptors.InterceptorChain.invoke(InterceptorChain.java:333) [infinispan-core-7.0.0-SNAPSHOT.jar:7.0.0-SNAPSHOT]
	at org.infinispan.commands.remote.BaseRpcInvokingCommand.processVisitableCommand(BaseRpcInvokingCommand.java:39) [infinispan-core-7.0.0-SNAPSHOT.jar:7.0.0-SNAPSHOT]
	at org.infinispan.commands.remote.SingleRpcCommand.perform(SingleRpcCommand.java:48) [infinispan-core-7.0.0-SNAPSHOT.jar:7.0.0-SNAPSHOT]
	at org.infinispan.remoting.InboundInvocationHandlerImpl.handleInternal(InboundInvocationHandlerImpl.java:95) [infinispan-core-7.0.0-SNAPSHOT.jar:7.0.0-SNAPSHOT]
	at org.infinispan.remoting.InboundInvocationHandlerImpl.access$000(InboundInvocationHandlerImpl.java:50) [infinispan-core-7.0.0-SNAPSHOT.jar:7.0.0-SNAPSHOT]
	at org.infinispan.remoting.InboundInvocationHandlerImpl$2.run(InboundInvocationHandlerImpl.java:179) [infinispan-core-7.0.0-SNAPSHOT.jar:7.0.0-SNAPSHOT]
	at java.util.concurrent.ThreadPoolExecutor.runWorker(ThreadPoolExecutor.java:1145) [rt.jar:1.7.0_55]
	at java.util.concurrent.ThreadPoolExecutor$Worker.run(ThreadPoolExecutor.java:615) [rt.jar:1.7.0_55]
	... 1 more
{code}
",,,
8093,ISPN-4473,"I've got a demo app that demonstrates the new remote listener functionality: https://github.com/DuncanDoyle/OSC2013-Infinispan

The demo has a web-app which runs ISPN in 'hybrid-mode', i.e. it runs ISPN in lib-mode and bootstaps a HotRod Server. The DemoClient uses HotRod remoting and can populate a grid (add 10 random entries), put a key/value, get a key/vale, add a listener and remove a listener. In this test I run a 2 node dist-cache.

The remote listener listens for CustomEvent objects (which contain the key and value of the cache entry that is created|modified|removed), which are created by the StaticConnverter which is created by the StaticConverterFactory, which is registered with the HotRodServer through the HotRodServerConfigurationBuilder (see the HotRod6ServerManager class in the InfinispanHybridModeServerWeb project).

When I start 2 clients, and start populating key/values (10 at a time), everything works fine. When I add a listener to client-1, everything keeps working fine and client-1 receives its events (CustomEvent). However, when I add a listener to client-2, I start getting ClassCastExceptions on every put.

This is the stacktrace on the HotRod client:
{code}
2014-07-03 00:58:13,993 [INFO] [main] [org.jboss.ddoyle.osc2013.infinispan.demo.client.RemoteCacheClient] INFO  Storing key:value pair 'test1:value1' in the cache.
2014-07-03 00:58:14,019 [WARN] [main] [org.infinispan.client.hotrod.impl.protocol.Codec20] WARN  ISPN004005: Error received from the server: io.netty.handler.codec.DecoderException: org.infinispan.server.hotrod.HotRodException: java.lang.ClassCastException: org.jboss.ddoyle.osc2013.infinispan.demo.model.event.CustomEvent cannot be cast to java.lang.String
Exception in thread ""main"" org.infinispan.client.hotrod.exceptions.HotRodClientException:Request for message id[53] returned server error (status=0x85): io.netty.handler.codec.DecoderException: org.infinispan.server.hotrod.HotRodException: java.lang.ClassCastException: org.jboss.ddoyle.osc2013.infinispan.demo.model.event.CustomEvent cannot be cast to java.lang.String
	at org.infinispan.client.hotrod.impl.protocol.Codec20.checkForErrorsInResponseStatus(Codec20.java:285)
	at org.infinispan.client.hotrod.impl.protocol.Codec20.readPartialHeader(Codec20.java:85)
	at org.infinispan.client.hotrod.impl.protocol.Codec20.readHeader(Codec20.java:71)
	at org.infinispan.client.hotrod.impl.operations.HotRodOperation.readHeaderAndValidate(HotRodOperation.java:56)
	at org.infinispan.client.hotrod.impl.operations.AbstractKeyValueOperation.sendPutOperation(AbstractKeyValueOperation.java:50)
	at org.infinispan.client.hotrod.impl.operations.PutOperation.executeOperation(PutOperation.java:30)
	at org.infinispan.client.hotrod.impl.operations.PutOperation.executeOperation(PutOperation.java:19)
	at org.infinispan.client.hotrod.impl.operations.RetryOnFailureOperation.execute(RetryOnFailureOperation.java:49)
	at org.infinispan.client.hotrod.impl.RemoteCacheImpl.put(RemoteCacheImpl.java:237)
	at org.infinispan.client.hotrod.impl.RemoteCacheSupport.put(RemoteCacheSupport.java:79)
	at org.jboss.ddoyle.osc2013.infinispan.demo.client.RemoteCacheClient.put(RemoteCacheClient.java:79)
	at org.jboss.ddoyle.osc2013.infinispan.demo.client.RemoteCacheClient.main(RemoteCacheClient.java:55)
{code}

And this is the stacktrace on the server node:
{code}
00:58:13,999 ERROR [org.infinispan.interceptors.InvocationContextInterceptor] (HotRodServerWorker-3-1) ISPN000136: Execution error: java.lang.ClassCastException: org.jboss.ddoyle.osc2013.infinispan.demo.model.event.CustomEvent cannot be cast to java.lang.String
	at org.jboss.ddoyle.osc2013.infinispan.demo.cache.event.StaticConverter.convert(StaticConverter.java:9) [classes:]
	at org.infinispan.server.hotrod.ClientListenerRegistry$BinaryConverter.convert(ClientListenerRegistry.scala:190) [infinispan-server-hotrod-7.0.0-SNAPSHOT.jar:7.0.0-SNAPSHOT]
	at org.infinispan.server.hotrod.ClientListenerRegistry$BinaryConverter.convert(ClientListenerRegistry.scala:183) [infinispan-server-hotrod-7.0.0-SNAPSHOT.jar:7.0.0-SNAPSHOT]
	at org.infinispan.notifications.cachelistener.CacheNotifierImpl$BaseCacheEntryListenerInvocation.convertValue(CacheNotifierImpl.java:1013) [infinispan-core-7.0.0-SNAPSHOT.jar:7.0.0-SNAPSHOT]
	at org.infinispan.notifications.cachelistener.CacheNotifierImpl$BaseCacheEntryListenerInvocation.invokeNoChecks(CacheNotifierImpl.java:958) [infinispan-core-7.0.0-SNAPSHOT.jar:7.0.0-SNAPSHOT]
	at org.infinispan.notifications.cachelistener.CacheNotifierImpl$BaseCacheEntryListenerInvocation.invoke(CacheNotifierImpl.java:944) [infinispan-core-7.0.0-SNAPSHOT.jar:7.0.0-SNAPSHOT]
	at org.infinispan.notifications.cachelistener.CacheNotifierImpl.notifyCacheEntryCreated(CacheNotifierImpl.java:247) [infinispan-core-7.0.0-SNAPSHOT.jar:7.0.0-SNAPSHOT]
	at org.infinispan.interceptors.locking.ClusteringDependentLogic$AbstractClusteringDependentLogic.notifyCommitEntry(ClusteringDependentLogic.java:115) [infinispan-core-7.0.0-SNAPSHOT.jar:7.0.0-SNAPSHOT]
	at org.infinispan.interceptors.locking.ClusteringDependentLogic$DistributionLogic.commitEntry(ClusteringDependentLogic.java:456) [infinispan-core-7.0.0-SNAPSHOT.jar:7.0.0-SNAPSHOT]
	at org.infinispan.interceptors.EntryWrappingInterceptor.commitContextEntry(EntryWrappingInterceptor.java:329) [infinispan-core-7.0.0-SNAPSHOT.jar:7.0.0-SNAPSHOT]
	at org.infinispan.interceptors.EntryWrappingInterceptor.commitEntryIfNeeded(EntryWrappingInterceptor.java:547) [infinispan-core-7.0.0-SNAPSHOT.jar:7.0.0-SNAPSHOT]
	at org.infinispan.interceptors.EntryWrappingInterceptor.commitContextEntries(EntryWrappingInterceptor.java:306) [infinispan-core-7.0.0-SNAPSHOT.jar:7.0.0-SNAPSHOT]
	at org.infinispan.interceptors.EntryWrappingInterceptor.invokeNextAndApplyChanges(EntryWrappingInterceptor.java:380) [infinispan-core-7.0.0-SNAPSHOT.jar:7.0.0-SNAPSHOT]
	at org.infinispan.interceptors.EntryWrappingInterceptor.setSkipRemoteGetsAndInvokeNextForDataCommand(EntryWrappingInterceptor.java:434) [infinispan-core-7.0.0-SNAPSHOT.jar:7.0.0-SNAPSHOT]
	at org.infinispan.interceptors.EntryWrappingInterceptor.visitPutKeyValueCommand(EntryWrappingInterceptor.java:168) [infinispan-core-7.0.0-SNAPSHOT.jar:7.0.0-SNAPSHOT]
	at org.infinispan.commands.write.PutKeyValueCommand.acceptVisitor(PutKeyValueCommand.java:71) [infinispan-core-7.0.0-SNAPSHOT.jar:7.0.0-SNAPSHOT]
	at org.infinispan.interceptors.base.CommandInterceptor.invokeNextInterceptor(CommandInterceptor.java:98) [infinispan-core-7.0.0-SNAPSHOT.jar:7.0.0-SNAPSHOT]
	at org.infinispan.interceptors.locking.AbstractLockingInterceptor.visitPutKeyValueCommand(AbstractLockingInterceptor.java:48) [infinispan-core-7.0.0-SNAPSHOT.jar:7.0.0-SNAPSHOT]
	at org.infinispan.commands.write.PutKeyValueCommand.acceptVisitor(PutKeyValueCommand.java:71) [infinispan-core-7.0.0-SNAPSHOT.jar:7.0.0-SNAPSHOT]
	at org.infinispan.interceptors.base.CommandInterceptor.invokeNextInterceptor(CommandInterceptor.java:98) [infinispan-core-7.0.0-SNAPSHOT.jar:7.0.0-SNAPSHOT]
	at org.infinispan.interceptors.base.CommandInterceptor.handleDefault(CommandInterceptor.java:112) [infinispan-core-7.0.0-SNAPSHOT.jar:7.0.0-SNAPSHOT]
	at org.infinispan.commands.AbstractVisitor.visitPutKeyValueCommand(AbstractVisitor.java:32) [infinispan-core-7.0.0-SNAPSHOT.jar:7.0.0-SNAPSHOT]
	at org.infinispan.commands.write.PutKeyValueCommand.acceptVisitor(PutKeyValueCommand.java:71) [infinispan-core-7.0.0-SNAPSHOT.jar:7.0.0-SNAPSHOT]
	at org.infinispan.interceptors.base.CommandInterceptor.invokeNextInterceptor(CommandInterceptor.java:98) [infinispan-core-7.0.0-SNAPSHOT.jar:7.0.0-SNAPSHOT]
	at org.infinispan.interceptors.base.CommandInterceptor.handleDefault(CommandInterceptor.java:112) [infinispan-core-7.0.0-SNAPSHOT.jar:7.0.0-SNAPSHOT]
	at org.infinispan.commands.AbstractVisitor.visitPutKeyValueCommand(AbstractVisitor.java:32) [infinispan-core-7.0.0-SNAPSHOT.jar:7.0.0-SNAPSHOT]
	at org.infinispan.commands.write.PutKeyValueCommand.acceptVisitor(PutKeyValueCommand.java:71) [infinispan-core-7.0.0-SNAPSHOT.jar:7.0.0-SNAPSHOT]
	at org.infinispan.interceptors.base.CommandInterceptor.invokeNextInterceptor(CommandInterceptor.java:98) [infinispan-core-7.0.0-SNAPSHOT.jar:7.0.0-SNAPSHOT]
	at org.infinispan.statetransfer.StateTransferInterceptor.handleNonTxWriteCommand(StateTransferInterceptor.java:218) [infinispan-core-7.0.0-SNAPSHOT.jar:7.0.0-SNAPSHOT]
	at org.infinispan.statetransfer.StateTransferInterceptor.visitPutKeyValueCommand(StateTransferInterceptor.java:141) [infinispan-core-7.0.0-SNAPSHOT.jar:7.0.0-SNAPSHOT]
	at org.infinispan.commands.write.PutKeyValueCommand.acceptVisitor(PutKeyValueCommand.java:71) [infinispan-core-7.0.0-SNAPSHOT.jar:7.0.0-SNAPSHOT]
	at org.infinispan.interceptors.base.CommandInterceptor.invokeNextInterceptor(CommandInterceptor.java:98) [infinispan-core-7.0.0-SNAPSHOT.jar:7.0.0-SNAPSHOT]
	at org.infinispan.interceptors.CacheMgmtInterceptor.updateStoreStatistics(CacheMgmtInterceptor.java:148) [infinispan-core-7.0.0-SNAPSHOT.jar:7.0.0-SNAPSHOT]
	at org.infinispan.interceptors.CacheMgmtInterceptor.visitPutKeyValueCommand(CacheMgmtInterceptor.java:134) [infinispan-core-7.0.0-SNAPSHOT.jar:7.0.0-SNAPSHOT]
	at org.infinispan.commands.write.PutKeyValueCommand.acceptVisitor(PutKeyValueCommand.java:71) [infinispan-core-7.0.0-SNAPSHOT.jar:7.0.0-SNAPSHOT]
	at org.infinispan.interceptors.base.CommandInterceptor.invokeNextInterceptor(CommandInterceptor.java:98) [infinispan-core-7.0.0-SNAPSHOT.jar:7.0.0-SNAPSHOT]
	at org.infinispan.interceptors.InvocationContextInterceptor.handleAll(InvocationContextInterceptor.java:111) [infinispan-core-7.0.0-SNAPSHOT.jar:7.0.0-SNAPSHOT]
	at org.infinispan.interceptors.InvocationContextInterceptor.handleDefault(InvocationContextInterceptor.java:74) [infinispan-core-7.0.0-SNAPSHOT.jar:7.0.0-SNAPSHOT]
	at org.infinispan.commands.AbstractVisitor.visitPutKeyValueCommand(AbstractVisitor.java:32) [infinispan-core-7.0.0-SNAPSHOT.jar:7.0.0-SNAPSHOT]
	at org.infinispan.commands.write.PutKeyValueCommand.acceptVisitor(PutKeyValueCommand.java:71) [infinispan-core-7.0.0-SNAPSHOT.jar:7.0.0-SNAPSHOT]
	at org.infinispan.interceptors.InterceptorChain.invoke(InterceptorChain.java:333) [infinispan-core-7.0.0-SNAPSHOT.jar:7.0.0-SNAPSHOT]
	at org.infinispan.cache.impl.CacheImpl.executeCommandAndCommitIfNeeded(CacheImpl.java:1429) [infinispan-core-7.0.0-SNAPSHOT.jar:7.0.0-SNAPSHOT]
	at org.infinispan.cache.impl.CacheImpl.putInternal(CacheImpl.java:907) [infinispan-core-7.0.0-SNAPSHOT.jar:7.0.0-SNAPSHOT]
	at org.infinispan.cache.impl.CacheImpl.put(CacheImpl.java:899) [infinispan-core-7.0.0-SNAPSHOT.jar:7.0.0-SNAPSHOT]
	at org.infinispan.cache.impl.DecoratedCache.put(DecoratedCache.java:473) [infinispan-core-7.0.0-SNAPSHOT.jar:7.0.0-SNAPSHOT]
	at org.infinispan.server.core.AbstractProtocolDecoder.put(AbstractProtocolDecoder.scala:252) [infinispan-server-core-7.0.0-SNAPSHOT.jar:7.0.0-SNAPSHOT]
	at org.infinispan.server.core.AbstractProtocolDecoder.org$infinispan$server$core$AbstractProtocolDecoder$$decodeValue(AbstractProtocolDecoder.scala:207) [infinispan-server-core-7.0.0-SNAPSHOT.jar:7.0.0-SNAPSHOT]
	at org.infinispan.server.core.AbstractProtocolDecoder.decodeDispatch(AbstractProtocolDecoder.scala:73) [infinispan-server-core-7.0.0-SNAPSHOT.jar:7.0.0-SNAPSHOT]
	at org.infinispan.server.core.AbstractProtocolDecoder.decode(AbstractProtocolDecoder.scala:61) [infinispan-server-core-7.0.0-SNAPSHOT.jar:7.0.0-SNAPSHOT]
	at io.netty.handler.codec.ReplayingDecoder.callDecode(ReplayingDecoder.java:362) [netty-all-4.0.20.Final.jar:4.0.20.Final]
	at io.netty.handler.codec.ByteToMessageDecoder.channelRead(ByteToMessageDecoder.java:149) [netty-all-4.0.20.Final.jar:4.0.20.Final]
	at org.infinispan.server.core.AbstractProtocolDecoder.channelRead(AbstractProtocolDecoder.scala:471) [infinispan-server-core-7.0.0-SNAPSHOT.jar:7.0.0-SNAPSHOT]
	at io.netty.channel.AbstractChannelHandlerContext.invokeChannelRead(AbstractChannelHandlerContext.java:332) [netty-all-4.0.20.Final.jar:4.0.20.Final]
	at io.netty.channel.AbstractChannelHandlerContext.fireChannelRead(AbstractChannelHandlerContext.java:318) [netty-all-4.0.20.Final.jar:4.0.20.Final]
	at io.netty.channel.DefaultChannelPipeline.fireChannelRead(DefaultChannelPipeline.java:787) [netty-all-4.0.20.Final.jar:4.0.20.Final]
	at io.netty.channel.nio.AbstractNioByteChannel$NioByteUnsafe.read(AbstractNioByteChannel.java:125) [netty-all-4.0.20.Final.jar:4.0.20.Final]
	at io.netty.channel.nio.NioEventLoop.processSelectedKey(NioEventLoop.java:507) [netty-all-4.0.20.Final.jar:4.0.20.Final]
	at io.netty.channel.nio.NioEventLoop.processSelectedKeysOptimized(NioEventLoop.java:464) [netty-all-4.0.20.Final.jar:4.0.20.Final]
	at io.netty.channel.nio.NioEventLoop.processSelectedKeys(NioEventLoop.java:378) [netty-all-4.0.20.Final.jar:4.0.20.Final]
	at io.netty.channel.nio.NioEventLoop.run(NioEventLoop.java:350) [netty-all-4.0.20.Final.jar:4.0.20.Final]
	at io.netty.util.concurrent.SingleThreadEventExecutor$2.run(SingleThreadEventExecutor.java:116) [netty-all-4.0.20.Final.jar:4.0.20.Final]
	at java.lang.Thread.run(Thread.java:745) [rt.jar:1.7.0_55]

00:58:14,013 ERROR [org.infinispan.server.hotrod.HotRodDecoder] (HotRodServerWorker-3-1) ISPN005009: Unexpected error before any request parameters read: io.netty.handler.codec.DecoderException: org.infinispan.server.hotrod.HotRodException: java.lang.ClassCastException: org.jboss.ddoyle.osc2013.infinispan.demo.model.event.CustomEvent cannot be cast to java.lang.String
	at io.netty.handler.codec.ReplayingDecoder.callDecode(ReplayingDecoder.java:417) [netty-all-4.0.20.Final.jar:4.0.20.Final]
	at io.netty.handler.codec.ByteToMessageDecoder.channelRead(ByteToMessageDecoder.java:149) [netty-all-4.0.20.Final.jar:4.0.20.Final]
	at org.infinispan.server.core.AbstractProtocolDecoder.channelRead(AbstractProtocolDecoder.scala:471) [infinispan-server-core-7.0.0-SNAPSHOT.jar:7.0.0-SNAPSHOT]
	at io.netty.channel.AbstractChannelHandlerContext.invokeChannelRead(AbstractChannelHandlerContext.java:332) [netty-all-4.0.20.Final.jar:4.0.20.Final]
	at io.netty.channel.AbstractChannelHandlerContext.fireChannelRead(AbstractChannelHandlerContext.java:318) [netty-all-4.0.20.Final.jar:4.0.20.Final]
	at io.netty.channel.DefaultChannelPipeline.fireChannelRead(DefaultChannelPipeline.java:787) [netty-all-4.0.20.Final.jar:4.0.20.Final]
	at io.netty.channel.nio.AbstractNioByteChannel$NioByteUnsafe.read(AbstractNioByteChannel.java:125) [netty-all-4.0.20.Final.jar:4.0.20.Final]
	at io.netty.channel.nio.NioEventLoop.processSelectedKey(NioEventLoop.java:507) [netty-all-4.0.20.Final.jar:4.0.20.Final]
	at io.netty.channel.nio.NioEventLoop.processSelectedKeysOptimized(NioEventLoop.java:464) [netty-all-4.0.20.Final.jar:4.0.20.Final]
	at io.netty.channel.nio.NioEventLoop.processSelectedKeys(NioEventLoop.java:378) [netty-all-4.0.20.Final.jar:4.0.20.Final]
	at io.netty.channel.nio.NioEventLoop.run(NioEventLoop.java:350) [netty-all-4.0.20.Final.jar:4.0.20.Final]
	at io.netty.util.concurrent.SingleThreadEventExecutor$2.run(SingleThreadEventExecutor.java:116) [netty-all-4.0.20.Final.jar:4.0.20.Final]
	at java.lang.Thread.run(Thread.java:745) [rt.jar:1.7.0_55]
Caused by: org.infinispan.server.hotrod.HotRodException: java.lang.ClassCastException: org.jboss.ddoyle.osc2013.infinispan.demo.model.event.CustomEvent cannot be cast to java.lang.String
	at org.infinispan.server.hotrod.HotRodDecoder.createServerException(HotRodDecoder.scala:206) [infinispan-server-hotrod-7.0.0-SNAPSHOT.jar:7.0.0-SNAPSHOT]
	at org.infinispan.server.core.AbstractProtocolDecoder.decodeDispatch(AbstractProtocolDecoder.scala:77) [infinispan-server-core-7.0.0-SNAPSHOT.jar:7.0.0-SNAPSHOT]
	at org.infinispan.server.core.AbstractProtocolDecoder.decode(AbstractProtocolDecoder.scala:61) [infinispan-server-core-7.0.0-SNAPSHOT.jar:7.0.0-SNAPSHOT]
	at io.netty.handler.codec.ReplayingDecoder.callDecode(ReplayingDecoder.java:362) [netty-all-4.0.20.Final.jar:4.0.20.Final]
	... 12 more
Caused by: java.lang.ClassCastException: org.jboss.ddoyle.osc2013.infinispan.demo.model.event.CustomEvent cannot be cast to java.lang.String
	at org.jboss.ddoyle.osc2013.infinispan.demo.cache.event.StaticConverter.convert(StaticConverter.java:9) [classes:]
	at org.infinispan.server.hotrod.ClientListenerRegistry$BinaryConverter.convert(ClientListenerRegistry.scala:190) [infinispan-server-hotrod-7.0.0-SNAPSHOT.jar:7.0.0-SNAPSHOT]
	at org.infinispan.server.hotrod.ClientListenerRegistry$BinaryConverter.convert(ClientListenerRegistry.scala:183) [infinispan-server-hotrod-7.0.0-SNAPSHOT.jar:7.0.0-SNAPSHOT]
	at org.infinispan.notifications.cachelistener.CacheNotifierImpl$BaseCacheEntryListenerInvocation.convertValue(CacheNotifierImpl.java:1013) [infinispan-core-7.0.0-SNAPSHOT.jar:7.0.0-SNAPSHOT]
	at org.infinispan.notifications.cachelistener.CacheNotifierImpl$BaseCacheEntryListenerInvocation.invokeNoChecks(CacheNotifierImpl.java:958) [infinispan-core-7.0.0-SNAPSHOT.jar:7.0.0-SNAPSHOT]
	at org.infinispan.notifications.cachelistener.CacheNotifierImpl$BaseCacheEntryListenerInvocation.invoke(CacheNotifierImpl.java:944) [infinispan-core-7.0.0-SNAPSHOT.jar:7.0.0-SNAPSHOT]
	at org.infinispan.notifications.cachelistener.CacheNotifierImpl.notifyCacheEntryCreated(CacheNotifierImpl.java:247) [infinispan-core-7.0.0-SNAPSHOT.jar:7.0.0-SNAPSHOT]
	at org.infinispan.interceptors.locking.ClusteringDependentLogic$AbstractClusteringDependentLogic.notifyCommitEntry(ClusteringDependentLogic.java:115) [infinispan-core-7.0.0-SNAPSHOT.jar:7.0.0-SNAPSHOT]
	at org.infinispan.interceptors.locking.ClusteringDependentLogic$DistributionLogic.commitEntry(ClusteringDependentLogic.java:456) [infinispan-core-7.0.0-SNAPSHOT.jar:7.0.0-SNAPSHOT]
	at org.infinispan.interceptors.EntryWrappingInterceptor.commitContextEntry(EntryWrappingInterceptor.java:329) [infinispan-core-7.0.0-SNAPSHOT.jar:7.0.0-SNAPSHOT]
	at org.infinispan.interceptors.EntryWrappingInterceptor.commitEntryIfNeeded(EntryWrappingInterceptor.java:547) [infinispan-core-7.0.0-SNAPSHOT.jar:7.0.0-SNAPSHOT]
	at org.infinispan.interceptors.EntryWrappingInterceptor.commitContextEntries(EntryWrappingInterceptor.java:306) [infinispan-core-7.0.0-SNAPSHOT.jar:7.0.0-SNAPSHOT]
	at org.infinispan.interceptors.EntryWrappingInterceptor.invokeNextAndApplyChanges(EntryWrappingInterceptor.java:380) [infinispan-core-7.0.0-SNAPSHOT.jar:7.0.0-SNAPSHOT]
	at org.infinispan.interceptors.EntryWrappingInterceptor.setSkipRemoteGetsAndInvokeNextForDataCommand(EntryWrappingInterceptor.java:434) [infinispan-core-7.0.0-SNAPSHOT.jar:7.0.0-SNAPSHOT]
	at org.infinispan.interceptors.EntryWrappingInterceptor.visitPutKeyValueCommand(EntryWrappingInterceptor.java:168) [infinispan-core-7.0.0-SNAPSHOT.jar:7.0.0-SNAPSHOT]
	at org.infinispan.commands.write.PutKeyValueCommand.acceptVisitor(PutKeyValueCommand.java:71) [infinispan-core-7.0.0-SNAPSHOT.jar:7.0.0-SNAPSHOT]
	at org.infinispan.interceptors.base.CommandInterceptor.invokeNextInterceptor(CommandInterceptor.java:98) [infinispan-core-7.0.0-SNAPSHOT.jar:7.0.0-SNAPSHOT]
	at org.infinispan.interceptors.locking.AbstractLockingInterceptor.visitPutKeyValueCommand(AbstractLockingInterceptor.java:48) [infinispan-core-7.0.0-SNAPSHOT.jar:7.0.0-SNAPSHOT]
	at org.infinispan.commands.write.PutKeyValueCommand.acceptVisitor(PutKeyValueCommand.java:71) [infinispan-core-7.0.0-SNAPSHOT.jar:7.0.0-SNAPSHOT]
	at org.infinispan.interceptors.base.CommandInterceptor.invokeNextInterceptor(CommandInterceptor.java:98) [infinispan-core-7.0.0-SNAPSHOT.jar:7.0.0-SNAPSHOT]
	at org.infinispan.interceptors.base.CommandInterceptor.handleDefault(CommandInterceptor.java:112) [infinispan-core-7.0.0-SNAPSHOT.jar:7.0.0-SNAPSHOT]
	at org.infinispan.commands.AbstractVisitor.visitPutKeyValueCommand(AbstractVisitor.java:32) [infinispan-core-7.0.0-SNAPSHOT.jar:7.0.0-SNAPSHOT]
	at org.infinispan.commands.write.PutKeyValueCommand.acceptVisitor(PutKeyValueCommand.java:71) [infinispan-core-7.0.0-SNAPSHOT.jar:7.0.0-SNAPSHOT]
	at org.infinispan.interceptors.base.CommandInterceptor.invokeNextInterceptor(CommandInterceptor.java:98) [infinispan-core-7.0.0-SNAPSHOT.jar:7.0.0-SNAPSHOT]
	at org.infinispan.interceptors.base.CommandInterceptor.handleDefault(CommandInterceptor.java:112) [infinispan-core-7.0.0-SNAPSHOT.jar:7.0.0-SNAPSHOT]
	at org.infinispan.commands.AbstractVisitor.visitPutKeyValueCommand(AbstractVisitor.java:32) [infinispan-core-7.0.0-SNAPSHOT.jar:7.0.0-SNAPSHOT]
	at org.infinispan.commands.write.PutKeyValueCommand.acceptVisitor(PutKeyValueCommand.java:71) [infinispan-core-7.0.0-SNAPSHOT.jar:7.0.0-SNAPSHOT]
	at org.infinispan.interceptors.base.CommandInterceptor.invokeNextInterceptor(CommandInterceptor.java:98) [infinispan-core-7.0.0-SNAPSHOT.jar:7.0.0-SNAPSHOT]
	at org.infinispan.statetransfer.StateTransferInterceptor.handleNonTxWriteCommand(StateTransferInterceptor.java:218) [infinispan-core-7.0.0-SNAPSHOT.jar:7.0.0-SNAPSHOT]
	at org.infinispan.statetransfer.StateTransferInterceptor.visitPutKeyValueCommand(StateTransferInterceptor.java:141) [infinispan-core-7.0.0-SNAPSHOT.jar:7.0.0-SNAPSHOT]
	at org.infinispan.commands.write.PutKeyValueCommand.acceptVisitor(PutKeyValueCommand.java:71) [infinispan-core-7.0.0-SNAPSHOT.jar:7.0.0-SNAPSHOT]
	at org.infinispan.interceptors.base.CommandInterceptor.invokeNextInterceptor(CommandInterceptor.java:98) [infinispan-core-7.0.0-SNAPSHOT.jar:7.0.0-SNAPSHOT]
	at org.infinispan.interceptors.CacheMgmtInterceptor.updateStoreStatistics(CacheMgmtInterceptor.java:148) [infinispan-core-7.0.0-SNAPSHOT.jar:7.0.0-SNAPSHOT]
	at org.infinispan.interceptors.CacheMgmtInterceptor.visitPutKeyValueCommand(CacheMgmtInterceptor.java:134) [infinispan-core-7.0.0-SNAPSHOT.jar:7.0.0-SNAPSHOT]
	at org.infinispan.commands.write.PutKeyValueCommand.acceptVisitor(PutKeyValueCommand.java:71) [infinispan-core-7.0.0-SNAPSHOT.jar:7.0.0-SNAPSHOT]
	at org.infinispan.interceptors.base.CommandInterceptor.invokeNextInterceptor(CommandInterceptor.java:98) [infinispan-core-7.0.0-SNAPSHOT.jar:7.0.0-SNAPSHOT]
	at org.infinispan.interceptors.InvocationContextInterceptor.handleAll(InvocationContextInterceptor.java:111) [infinispan-core-7.0.0-SNAPSHOT.jar:7.0.0-SNAPSHOT]
	at org.infinispan.interceptors.InvocationContextInterceptor.handleDefault(InvocationContextInterceptor.java:74) [infinispan-core-7.0.0-SNAPSHOT.jar:7.0.0-SNAPSHOT]
	at org.infinispan.commands.AbstractVisitor.visitPutKeyValueCommand(AbstractVisitor.java:32) [infinispan-core-7.0.0-SNAPSHOT.jar:7.0.0-SNAPSHOT]
	at org.infinispan.commands.write.PutKeyValueCommand.acceptVisitor(PutKeyValueCommand.java:71) [infinispan-core-7.0.0-SNAPSHOT.jar:7.0.0-SNAPSHOT]
	at org.infinispan.interceptors.InterceptorChain.invoke(InterceptorChain.java:333) [infinispan-core-7.0.0-SNAPSHOT.jar:7.0.0-SNAPSHOT]
	at org.infinispan.cache.impl.CacheImpl.executeCommandAndCommitIfNeeded(CacheImpl.java:1429) [infinispan-core-7.0.0-SNAPSHOT.jar:7.0.0-SNAPSHOT]
	at org.infinispan.cache.impl.CacheImpl.putInternal(CacheImpl.java:907) [infinispan-core-7.0.0-SNAPSHOT.jar:7.0.0-SNAPSHOT]
	at org.infinispan.cache.impl.CacheImpl.put(CacheImpl.java:899) [infinispan-core-7.0.0-SNAPSHOT.jar:7.0.0-SNAPSHOT]
	at org.infinispan.cache.impl.DecoratedCache.put(DecoratedCache.java:473) [infinispan-core-7.0.0-SNAPSHOT.jar:7.0.0-SNAPSHOT]
	at org.infinispan.server.core.AbstractProtocolDecoder.put(AbstractProtocolDecoder.scala:252) [infinispan-server-core-7.0.0-SNAPSHOT.jar:7.0.0-SNAPSHOT]
	at org.infinispan.server.core.AbstractProtocolDecoder.org$infinispan$server$core$AbstractProtocolDecoder$$decodeValue(AbstractProtocolDecoder.scala:207) [infinispan-server-core-7.0.0-SNAPSHOT.jar:7.0.0-SNAPSHOT]
	at org.infinispan.server.core.AbstractProtocolDecoder.decodeDispatch(AbstractProtocolDecoder.scala:73) [infinispan-server-core-7.0.0-SNAPSHOT.jar:7.0.0-SNAPSHOT]
	... 14 more
{code}",,,
8107,ISPN-4470,cache.keySet().size() returns the number of all keys in the cluster (even a distributed one) while cache.size() returns just local cache size (this might be different for a distributed cache),,,
8132,ISPN-4469,"StateConsumerImpl has some tracing to tell you what segments had changed.  Unfortunately the arguments are in the wrong order and can cause some confusion.

{code}
if (trace) {
                  log.tracef(""On cache %s we have: new segments: %s; old segments: %s; removed segments: %s; added segments: %s"",
                        cacheName, removedSegments, newSegments, previousSegments, addedSegments);
               }
{code}

It should be newSegments, previousSegments, removedSegments, addedSegments instead.",,,
8147,ISPN-4467,"The HotRod client's keySet() operation throws ClassCastException due to the following reason:
When Encoder2x.scala in its writeResponse() method decodes the operation as BulkGetKeysResponse, it runs a Map/Reduce job that returns a set of keys in the whole cluster.
The operation returns a set of ""unmarshalled"" (cos we're in compatibility mode) entries. However, Scala infers the type of individual entries as ""Bytes"" which is an alias for Array[Byte]. 

As a result, when this iterator from this key set is retrieved, it is not possible to iterate through the entries because Scala automatically tries to convert each (unmarshalled) entry into a byte array, which results in the exception.
This line results in throwing CCE:
https://github.com/infinispan/infinispan/blob/master/server/hotrod/src/main/scala/org/infinispan/server/hotrod/Encoder2x.scala#L231

 ",,,
8151,ISPN-4466,"CLI fails with:

{code}
[gfernandes@localhost infinispan-server-7.0.0-SNAPSHOT]$ bin/ispn-cli.sh 
Exception in thread ""main"" java.lang.NoClassDefFoundError: org/infinispan/commons/util/ServiceFinder
	at org.infinispan.cli.CommandRegistry.<init>(CommandRegistry.java:16)
	at org.infinispan.cli.impl.ContextImpl.<init>(ContextImpl.java:33)
	at org.infinispan.cli.shell.ShellImpl.init(ShellImpl.java:53)
	at org.infinispan.cli.Main.main(Main.java:22)
	at sun.reflect.NativeMethodAccessorImpl.invoke0(Native Method)
	at sun.reflect.NativeMethodAccessorImpl.invoke(NativeMethodAccessorImpl.java:57)
	at sun.reflect.DelegatingMethodAccessorImpl.invoke(DelegatingMethodAccessorImpl.java:43)
	at java.lang.reflect.Method.invoke(Method.java:606)
	at org.jboss.modules.Module.run(Module.java:312)
	at org.jboss.modules.Main.main(Main.java:460)
Caused by: java.lang.ClassNotFoundException: org.infinispan.commons.util.ServiceFinder from [Module ""org.infinispan.cli.client:main"" from local module loader @18e832fd (finder: local module finder @346b8cd1 (roots: /home/gfernandes/code/infinispan/fork/server/integration/build/target/infinispan-server-7.0.0-SNAPSHOT/modules,/home/gfernandes/code/infinispan/fork/server/integration/build/target/infinispan-server-7.0.0-SNAPSHOT/modules/system/layers/base))]
	at org.jboss.modules.ModuleClassLoader.findClass(ModuleClassLoader.java:213)
	at org.jboss.modules.ConcurrentClassLoader.performLoadClassUnchecked(ConcurrentClassLoader.java:459)
	at org.jboss.modules.ConcurrentClassLoader.performLoadClassChecked(ConcurrentClassLoader.java:408)
	at org.jboss.modules.ConcurrentClassLoader.performLoadClass(ConcurrentClassLoader.java:389)
	at org.jboss.modules.ConcurrentClassLoader.loadClass(ConcurrentClassLoader.java:134)
	... 10 more
{code}",,,
8152,ISPN-4461,It looks like VEFIRY_SUSPECT was dropped from UDP stack during migrating infinispan-server back to infinispan repository and it doesn't look like an intentional change.,,,
8154,ISPN-4460,"I have a Mapper with the following map method:
{code}
public void map(EndpointAddress key, EndpointInfo value, Collector<Address, Integer> collector) {
		// TODO debugging, remove this
		if (value == null) {
			System.out.println(""value is null! WTF"");
		}
		if (collector == null) {
			System.out.println(""collector is null! OMGWTFBBQ"");
		}
		collector.emit(value.getConnectedGP(), 1);
	}
{code}

Null checks were added because I am sometimes seeing a NullPointerException on the last line. Console output is below. I cannot reliably reproduce this problem. It's clearly a race condition of some kind. The cache that is being queried has keys being added/removed all the time.

{noformat}
14:05:30,020 INFO  [stdout] (transport-thread-18) value is null! WTF

14:05:30,022 ERROR [com.sg.song.nms.ispn.DataGatherer] (EJB default - 3) GP table column query failed: java.util.concurrent.ExecutionException: org.infinispan.commons.CacheException: java.util.concurrent.ExecutionException: java.lang.NullPointerException
	at org.infinispan.distexec.mapreduce.MapReduceTask$MapReduceTaskFuture.get(MapReduceTask.java:762) [infinispan-core-6.0.2.Final.jar:6.0.2.Final]
	at com.sg.song.nms.ispn.DataGatherer.queryCurrentGPStatistics(DataGatherer.java:116) [classes:]
	at sun.reflect.GeneratedMethodAccessor41.invoke(Unknown Source) [:1.7.0_45]
	at sun.reflect.DelegatingMethodAccessorImpl.invoke(DelegatingMethodAccessorImpl.java:43) [rt.jar:1.7.0_45]
	at java.lang.reflect.Method.invoke(Method.java:606) [rt.jar:1.7.0_45]
	at org.jboss.as.ee.component.ManagedReferenceMethodInterceptor.processInvocation(ManagedReferenceMethodInterceptor.java:52)
	at org.jboss.invocation.InterceptorContext.proceed(InterceptorContext.java:309)
	at org.jboss.invocation.WeavedInterceptor.processInvocation(WeavedInterceptor.java:53)
	at org.jboss.as.ee.component.interceptors.UserInterceptorFactory$1.processInvocation(UserInterceptorFactory.java:61)
	at org.jboss.invocation.InterceptorContext.proceed(InterceptorContext.java:309)
	at org.jboss.invocation.InterceptorContext$Invocation.proceed(InterceptorContext.java:407)
	at org.jboss.as.weld.ejb.Jsr299BindingsInterceptor.doMethodInterception(Jsr299BindingsInterceptor.java:82) [wildfly-weld-8.1.0.Final.jar:8.1.0.Final]
	at org.jboss.as.weld.ejb.Jsr299BindingsInterceptor.processInvocation(Jsr299BindingsInterceptor.java:95) [wildfly-weld-8.1.0.Final.jar:8.1.0.Final]
	at org.jboss.as.ee.component.interceptors.UserInterceptorFactory$1.processInvocation(UserInterceptorFactory.java:61)
	at org.jboss.invocation.InterceptorContext.proceed(InterceptorContext.java:309)
	at org.jboss.invocation.WeavedInterceptor.processInvocation(WeavedInterceptor.java:53)
	at org.jboss.as.ee.component.interceptors.UserInterceptorFactory$1.processInvocation(UserInterceptorFactory.java:61)
	at org.jboss.invocation.InterceptorContext.proceed(InterceptorContext.java:309)
	at org.jboss.as.ejb3.tx.EjbBMTInterceptor.handleInvocation(EjbBMTInterceptor.java:104) [wildfly-ejb3-8.1.0.Final.jar:8.1.0.Final]
	at org.jboss.as.ejb3.tx.BMTInterceptor.processInvocation(BMTInterceptor.java:56) [wildfly-ejb3-8.1.0.Final.jar:8.1.0.Final]
	at org.jboss.invocation.InterceptorContext.proceed(InterceptorContext.java:309)
	at org.jboss.invocation.InterceptorContext$Invocation.proceed(InterceptorContext.java:407)
	at org.jboss.weld.ejb.AbstractEJBRequestScopeActivationInterceptor.aroundInvoke(AbstractEJBRequestScopeActivationInterceptor.java:55) [weld-core-impl-2.1.2.Final.jar:2014-01-09 09:23]
	at org.jboss.as.weld.ejb.EjbRequestScopeActivationInterceptor.processInvocation(EjbRequestScopeActivationInterceptor.java:83) [wildfly-weld-8.1.0.Final.jar:8.1.0.Final]
	at org.jboss.invocation.InterceptorContext.proceed(InterceptorContext.java:309)
	at org.jboss.as.ee.concurrent.ConcurrentContextInterceptor.processInvocation(ConcurrentContextInterceptor.java:45) [wildfly-ee-8.1.0.Final.jar:8.1.0.Final]
	at org.jboss.invocation.InterceptorContext.proceed(InterceptorContext.java:309)
	at org.jboss.invocation.InitialInterceptor.processInvocation(InitialInterceptor.java:21)
	at org.jboss.invocation.InterceptorContext.proceed(InterceptorContext.java:309)
	at org.jboss.invocation.ChainedInterceptor.processInvocation(ChainedInterceptor.java:61)
	at org.jboss.as.ee.component.interceptors.ComponentDispatcherInterceptor.processInvocation(ComponentDispatcherInterceptor.java:53)
	at org.jboss.invocation.InterceptorContext.proceed(InterceptorContext.java:309)
	at org.jboss.as.ejb3.component.singleton.SingletonComponentInstanceAssociationInterceptor.processInvocation(SingletonComponentInstanceAssociationInterceptor.java:52) [wildfly-ejb3-8.1.0.Final.jar:8.1.0.Final]
	at org.jboss.invocation.InterceptorContext.proceed(InterceptorContext.java:309)
	at org.jboss.as.ejb3.component.interceptors.CurrentInvocationContextInterceptor.processInvocation(CurrentInvocationContextInterceptor.java:41) [wildfly-ejb3-8.1.0.Final.jar:8.1.0.Final]
	at org.jboss.invocation.InterceptorContext.proceed(InterceptorContext.java:309)
	at org.jboss.as.ejb3.security.SecurityContextInterceptor.processInvocation(SecurityContextInterceptor.java:95) [wildfly-ejb3-8.1.0.Final.jar:8.1.0.Final]
	at org.jboss.invocation.InterceptorContext.proceed(InterceptorContext.java:309)
	at org.jboss.as.ejb3.component.interceptors.ShutDownInterceptorFactory$1.processInvocation(ShutDownInterceptorFactory.java:64) [wildfly-ejb3-8.1.0.Final.jar:8.1.0.Final]
	at org.jboss.invocation.InterceptorContext.proceed(InterceptorContext.java:309)
	at org.jboss.as.ee.component.NamespaceContextInterceptor.processInvocation(NamespaceContextInterceptor.java:50)
	at org.jboss.invocation.InterceptorContext.proceed(InterceptorContext.java:309)
	at org.jboss.as.ejb3.component.interceptors.AdditionalSetupInterceptor.processInvocation(AdditionalSetupInterceptor.java:55) [wildfly-ejb3-8.1.0.Final.jar:8.1.0.Final]
	at org.jboss.invocation.InterceptorContext.proceed(InterceptorContext.java:309)
	at org.jboss.invocation.ContextClassLoaderInterceptor.processInvocation(ContextClassLoaderInterceptor.java:64)
	at org.jboss.invocation.InterceptorContext.proceed(InterceptorContext.java:309)
	at org.jboss.invocation.InterceptorContext.run(InterceptorContext.java:326)
	at org.wildfly.security.manager.WildFlySecurityManager.doChecked(WildFlySecurityManager.java:448)
	at org.jboss.invocation.AccessCheckingInterceptor.processInvocation(AccessCheckingInterceptor.java:61)
	at org.jboss.invocation.InterceptorContext.proceed(InterceptorContext.java:309)
	at org.jboss.invocation.InterceptorContext.run(InterceptorContext.java:326)
	at org.jboss.invocation.PrivilegedWithCombinerInterceptor.processInvocation(PrivilegedWithCombinerInterceptor.java:80)
	at org.jboss.invocation.InterceptorContext.proceed(InterceptorContext.java:309)
	at org.jboss.invocation.ChainedInterceptor.processInvocation(ChainedInterceptor.java:61)
	at org.jboss.as.ejb3.timerservice.TimedObjectInvokerImpl.callTimeout(TimedObjectInvokerImpl.java:104) [wildfly-ejb3-8.1.0.Final.jar:8.1.0.Final]
	at org.jboss.as.ejb3.timerservice.task.CalendarTimerTask.callTimeout(CalendarTimerTask.java:61) [wildfly-ejb3-8.1.0.Final.jar:8.1.0.Final]
	at org.jboss.as.ejb3.timerservice.task.TimerTask.run(TimerTask.java:168) [wildfly-ejb3-8.1.0.Final.jar:8.1.0.Final]
	at java.util.concurrent.Executors$RunnableAdapter.call(Executors.java:471) [rt.jar:1.7.0_45]
	at java.util.concurrent.FutureTask.run(FutureTask.java:262) [rt.jar:1.7.0_45]
	at java.util.concurrent.ThreadPoolExecutor.runWorker(ThreadPoolExecutor.java:1145) [rt.jar:1.7.0_45]
	at java.util.concurrent.ThreadPoolExecutor$Worker.run(ThreadPoolExecutor.java:615) [rt.jar:1.7.0_45]
	at java.lang.Thread.run(Thread.java:744) [rt.jar:1.7.0_45]
	at org.jboss.threads.JBossThread.run(JBossThread.java:122)
Caused by: org.infinispan.commons.CacheException: java.util.concurrent.ExecutionException: java.lang.NullPointerException
	at org.infinispan.distexec.mapreduce.MapReduceTask.execute(MapReduceTask.java:348) [infinispan-core-6.0.2.Final.jar:6.0.2.Final]
	at org.infinispan.distexec.mapreduce.MapReduceTask.execute(MapReduceTask.java:634) [infinispan-core-6.0.2.Final.jar:6.0.2.Final]
	at org.infinispan.distexec.mapreduce.MapReduceTask$3.call(MapReduceTask.java:652) [infinispan-core-6.0.2.Final.jar:6.0.2.Final]
	at org.infinispan.distexec.mapreduce.MapReduceTask$MapReduceTaskFuture.get(MapReduceTask.java:760) [infinispan-core-6.0.2.Final.jar:6.0.2.Final]
	... 62 more
Caused by: java.util.concurrent.ExecutionException: java.lang.NullPointerException
	at java.util.concurrent.FutureTask.report(FutureTask.java:122) [rt.jar:1.7.0_45]
	at java.util.concurrent.FutureTask.get(FutureTask.java:188) [rt.jar:1.7.0_45]
	at org.infinispan.distexec.mapreduce.MapReduceTask$TaskPart.get(MapReduceTask.java:845) [infinispan-core-6.0.2.Final.jar:6.0.2.Final]
	at org.infinispan.distexec.mapreduce.MapReduceTask.executeMapPhase(MapReduceTask.java:439) [infinispan-core-6.0.2.Final.jar:6.0.2.Final]
	at org.infinispan.distexec.mapreduce.MapReduceTask.execute(MapReduceTask.java:342) [infinispan-core-6.0.2.Final.jar:6.0.2.Final]
	... 65 more
Caused by: java.lang.NullPointerException
	at com.sgi.song.gp.protocol.SONGv1.cluster.query.RegistrationsByGPMapper.map(RegistrationsByGPMapper.java:26) [gp-ispn-shared-1.0.0-SNAPSHOT.jar:]
	at com.sgi.song.gp.protocol.SONGv1.cluster.query.RegistrationsByGPMapper.map(RegistrationsByGPMapper.java:1) [gp-ispn-shared-1.0.0-SNAPSHOT.jar:]
	at org.infinispan.distexec.mapreduce.MapReduceManagerImpl.map(MapReduceManagerImpl.java:181) [infinispan-core-6.0.2.Final.jar:6.0.2.Final]
	at org.infinispan.distexec.mapreduce.MapReduceManagerImpl.mapAndCombineForDistributedReduction(MapReduceManagerImpl.java:96) [infinispan-core-6.0.2.Final.jar:6.0.2.Final]
	at org.infinispan.distexec.mapreduce.MapReduceTask$MapTaskPart.invokeMapCombineLocally(MapReduceTask.java:967) [infinispan-core-6.0.2.Final.jar:6.0.2.Final]
	at org.infinispan.distexec.mapreduce.MapReduceTask$MapTaskPart.access$200(MapReduceTask.java:894) [infinispan-core-6.0.2.Final.jar:6.0.2.Final]
	at org.infinispan.distexec.mapreduce.MapReduceTask$MapTaskPart$1.call(MapReduceTask.java:916) [infinispan-core-6.0.2.Final.jar:6.0.2.Final]
	at org.infinispan.distexec.mapreduce.MapReduceTask$MapTaskPart$1.call(MapReduceTask.java:912) [infinispan-core-6.0.2.Final.jar:6.0.2.Final]
	at java.util.concurrent.FutureTask.run(FutureTask.java:262) [rt.jar:1.7.0_45]
	at java.util.concurrent.Executors$RunnableAdapter.call(Executors.java:471) [rt.jar:1.7.0_45]
	at java.util.concurrent.FutureTask.run(FutureTask.java:262) [rt.jar:1.7.0_45]
	at java.util.concurrent.ThreadPoolExecutor.runWorker(ThreadPoolExecutor.java:1145) [rt.jar:1.7.0_45]
	at java.util.concurrent.ThreadPoolExecutor$Worker.run(ThreadPoolExecutor.java:615) [rt.jar:1.7.0_45]
	at java.lang.Thread.run(Thread.java:744) [rt.jar:1.7.0_45]

{noformat}",,,
8155,ISPN-4456,"0 is currently allowed, but that does not make much sense.",,,
8336,ISPN-4453,"Quote from the linked forum thread:

{quote}
MapReduceTask#executeAsynchronously() doesn't actually do anything asynchronously. It just returns a MapReduceTaskFuture containing a Callable that calls execute(). The only place I see that Callable being called is in MapReduceTaskFuture#get().
 
In other words, the task isn't actually started until you call Future#get(), which isn't asynchronous at all! On top of that, MapReduceTaskFuture extends AbstractInProcessFuture, which ""implements"" the get(long, TimeUnit) method by just calling get(). Which means that MapReduceTaskFuture doesn't respect the timeout parameters and will just run until it completes.
{quote}",,,
8339,ISPN-4452,"The DummyInMemoryStore currently ignores the fetchValue and fetchMetadata keys.  We should make this respect both independently so it can be easier to find if something is broken in a test.  An example might be that someone passes fetchValue as false, but they really do require the value and DummyInMemorystore would return the value either way and the caller would still pass even though if they used a different store implementation it might fail.",,,
8398,ISPN-4450,"RemoteStore uses the wrong classloader (Infinispan's classloader instead of the caller's classloader) during deserialization when rawValues=true is set.

It uses a GenericJBossMarshaller, which is hard-coded to only look in Infinispan's classloader).",,,
8400,ISPN-4446,"If DefaultCacheManager.isRunning(""foo"") returns true, and ""foo"" has an associated SingleFileStore, calling DefaultCacheManager.removeCache(""foo"") tosses an NPE and isRunning(""foo"") continues to return true, even though the cache is in a TERMINATED state. I can avoid the NPE by stopping the cache before calling removeCache, but isRunning will still incorrectly return true.",,,
8407,ISPN-4445,"We found this issue during RHQ testing.

When we create a new Cache child resource under cache-manager, it should create a cache, change server configuration file and (after server restart) monitor a new cache without problem.

However, we spotted and issue in CLI. Even a connecting through jboss-cli.sh is showing the same problem with parsing.


Relevant server console output:

07:44:28,195 INFO  [org.jboss.as.clustering.infinispan] (MSC service thread 1-1) JBAS010281: Started new-local-cache-9990 cache from local container
07:44:28,369 INFO  [org.jboss.as.remoting] (MSC service thread 1-1) JBAS017100: Listening on 0.0.0.0:9999
07:44:28,371 INFO  [org.jboss.as.remoting] (MSC service thread 1-1) JBAS017100: Listening on 0.0.0.0:4447
07:44:28,550 INFO  [org.jboss.as] (Controller Boot Thread) JBAS015961: Http management interface listening on http://0.0.0.0:9990/management
07:44:28,551 INFO  [org.jboss.as] (Controller Boot Thread) JBAS015951: Admin console listening on http://0.0.0.0:9990
07:44:28,551 INFO  [org.jboss.as] (Controller Boot Thread) JBAS015874: JBoss Data Grid 6.3.0 (AS 7.3.3.Final-redhat-3) started in 8928ms - Started 96 of 137 services (41 services are passive or on-demand)
07:46:16,328 INFO  [org.jboss.as.clustering.infinispan] (management-handler-thread - 3) JBAS010281: Started ___defaultcache cache from local container
07:46:26,593 ERROR [stderr] (management-handler-thread - 2) line 1:10 mismatched character 'l' expecting '-'
07:46:26,607 ERROR [stderr] (management-handler-thread - 2) line 1:16 mismatched character 'c' expecting '-'
07:46:26,608 ERROR [stderr] (management-handler-thread - 2) line 1:22 mismatched character '9' expecting '-'
07:46:26,609 ERROR [org.infinispan.cli.interpreter.Interpreter] (management-handler-thread - 2) ISPN019003: Interpreter error: org.infinispan.cli.interpreter.ParseException: line 1:11 mismatched input 'ocal' expecting set null
	at org.infinispan.cli.interpreter.Interpreter.execute(Interpreter.java:144) [infinispan-cli-server-6.1.0.Final-redhat-1.jar:6.1.0.Final-redhat-1]
	at org.infinispan.server.infinispan.SecurityActions$6.run(SecurityActions.java:237) [infinispan-server-infinispan-6.1.0.Final-redhat-1.jar:6.1.0.Final-redhat-1]
	at org.infinispan.server.infinispan.SecurityActions$6.run(SecurityActions.java:234) [infinispan-server-infinispan-6.1.0.Final-redhat-1.jar:6.1.0.Final-redhat-1]
	at org.infinispan.security.Security.doPrivileged(Security.java:89) [infinispan-core-6.1.0.Final-redhat-1.jar:6.1.0.Final-redhat-1]
	at org.infinispan.server.infinispan.SecurityActions.doPrivileged(SecurityActions.java:55) [infinispan-server-infinispan-6.1.0.Final-redhat-1.jar:6.1.0.Final-redhat-1]
	at org.infinispan.server.infinispan.SecurityActions.executeInterpreter(SecurityActions.java:240) [infinispan-server-infinispan-6.1.0.Final-redhat-1.jar:6.1.0.Final-redhat-1]
	at org.jboss.as.clustering.infinispan.subsystem.CliInterpreterHandler.execute(CliInterpreterHandler.java:49) [infinispan-server-infinispan-6.1.0.Final-redhat-1.jar:6.1.0.Final-redhat-1]
	at org.jboss.as.controller.AbstractOperationContext.executeStep(AbstractOperationContext.java:601) [jboss-as-controller-7.3.3.Final-redhat-3.jar:7.3.3.Final-redhat-3]
	at org.jboss.as.controller.AbstractOperationContext.doCompleteStep(AbstractOperationContext.java:479) [jboss-as-controller-7.3.3.Final-redhat-3.jar:7.3.3.Final-redhat-3]
	at org.jboss.as.controller.AbstractOperationContext.completeStepInternal(AbstractOperationContext.java:283) [jboss-as-controller-7.3.3.Final-redhat-3.jar:7.3.3.Final-redhat-3]
	at org.jboss.as.controller.AbstractOperationContext.executeOperation(AbstractOperationContext.java:278) [jboss-as-controller-7.3.3.Final-redhat-3.jar:7.3.3.Final-redhat-3]
	at org.jboss.as.controller.ModelControllerImpl.internalExecute(ModelControllerImpl.java:231) [jboss-as-controller-7.3.3.Final-redhat-3.jar:7.3.3.Final-redhat-3]
	at org.jboss.as.controller.ModelControllerImpl.execute(ModelControllerImpl.java:137) [jboss-as-controller-7.3.3.Final-redhat-3.jar:7.3.3.Final-redhat-3]
	at org.jboss.as.controller.remote.ModelControllerClientOperationHandler$ExecuteRequestHandler.doExecute(ModelControllerClientOperationHandler.java:173) [jboss-as-controller-7.3.3.Final-redhat-3.jar:7.3.3.Final-redhat-3]
	at org.jboss.as.controller.remote.ModelControllerClientOperationHandler$ExecuteRequestHandler.access$300(ModelControllerClientOperationHandler.java:105) [jboss-as-controller-7.3.3.Final-redhat-3.jar:7.3.3.Final-redhat-3]
	at org.jboss.as.controller.remote.ModelControllerClientOperationHandler$ExecuteRequestHandler$1$1.run(ModelControllerClientOperationHandler.java:125) [jboss-as-controller-7.3.3.Final-redhat-3.jar:7.3.3.Final-redhat-3]
	at org.jboss.as.controller.remote.ModelControllerClientOperationHandler$ExecuteRequestHandler$1$1.run(ModelControllerClientOperationHandler.java:121) [jboss-as-controller-7.3.3.Final-redhat-3.jar:7.3.3.Final-redhat-3]
	at java.security.AccessController.doPrivileged(Native Method) [rt.jar:1.7.0_09-icedtea]
	at javax.security.auth.Subject.doAs(Subject.java:415) [rt.jar:1.7.0_09-icedtea]
	at org.jboss.as.controller.AccessAuditContext.doAs(AccessAuditContext.java:94) [jboss-as-controller-7.3.3.Final-redhat-3.jar:7.3.3.Final-redhat-3]
	at org.jboss.as.controller.remote.ModelControllerClientOperationHandler$ExecuteRequestHandler$1.execute(ModelControllerClientOperationHandler.java:121) [jboss-as-controller-7.3.3.Final-redhat-3.jar:7.3.3.Final-redhat-3]
	at org.jboss.as.protocol.mgmt.AbstractMessageHandler$2$1.doExecute(AbstractMessageHandler.java:283)
	at org.jboss.as.protocol.mgmt.AbstractMessageHandler$AsyncTaskRunner.run(AbstractMessageHandler.java:504)
	at java.util.concurrent.ThreadPoolExecutor.runWorker(ThreadPoolExecutor.java:1110) [rt.jar:1.7.0_09-icedtea]
	at java.util.concurrent.ThreadPoolExecutor$Worker.run(ThreadPoolExecutor.java:603) [rt.jar:1.7.0_09-icedtea]
	at java.lang.Thread.run(Thread.java:722) [rt.jar:1.7.0_09-icedtea]
	at org.jboss.threads.JBossThread.run(JBossThread.java:122) [jboss-threads-2.1.1.Final-redhat-1.jar:2.1.1.Final-redhat-1]
",,,
8428,ISPN-4444,"When state transfer ends and each node receives a CH_UPDATE command from the coordinator, it first installs the new topology and then it starts invalidating entries it no longer owns.

However, there are two cases when the node can still read its stale values:
1. If L1 is enabled, it will look in the local DataContainer first, regardless of the key's location.
2. If L1 is disabled, but the key was removed on the new owners, the node will still look up the key in the local DataContainer after receiving a null response.

The problem can be reproduced with {{TxReadAfterLosingOwnershipTest}} and its subclasses, by replacing the {{operation.update(cache(1));}} line with {{operation.update(cache(0));}}",,,
8444,ISPN-4442,NoData,,,
8447,ISPN-4437,"When a distributed cache is used in the server, L1 cache is enabled and the lifespan is 10 mins even if L1 is not configured in standalone.xml file. 

This is not an expected behaviour and should be changed.",,,
8450,ISPN-4436,"{noformat}
        __ __                  ____      
       / //_/____ __________ _/ __/      
      / ,<  / __ `/ ___/ __ `/ /_        
     / /| |/ /_/ / /  / /_/ / __/        
    /_/ |_|\__,_/_/   \__,_/_/         

  Apache Karaf (2.3.3)

Hit '<tab>' for a list of available commands
and '[cmd] --help' for help on a specific command.
Hit '<ctrl-d>' or type 'osgi:shutdown' or 'logout' to shutdown Karaf.

karaf@root> Failed to instantiate SLF4J LoggerFactory
Reported exception:
java.lang.NoClassDefFoundError: org.slf4j.impl.StaticLoggerBinder
	at org.slf4j.LoggerFactory.bind(LoggerFactory.java:121)
	at org.slf4j.LoggerFactory.performInitialization(LoggerFactory.java:111)
	at org.slf4j.LoggerFactory.getILoggerFactory(LoggerFactory.java:268)
	at org.slf4j.LoggerFactory.getLogger(LoggerFactory.java:241)
	at org.slf4j.LoggerFactory.getLogger(LoggerFactory.java:254)
	at org.ops4j.pax.exam.rbc.internal.Activator.<clinit>(Activator.java:46)
	at java.lang.J9VMInternals.newInstanceImpl(Native Method)
	at java.lang.Class.newInstance(Class.java:1774)
	at org.apache.felix.framework.Felix.createBundleActivator(Felix.java:4177)
	at org.apache.felix.framework.Felix.activateBundle(Felix.java:1972)
	at org.apache.felix.framework.Felix.startBundle(Felix.java:1895)
	at org.apache.felix.framework.BundleImpl.start(BundleImpl.java:944)
	at org.apache.felix.framework.BundleImpl.start(BundleImpl.java:931)
	at org.apache.karaf.features.internal.FeaturesServiceImpl.installFeatures(FeaturesServiceImpl.java:530)
	at org.apache.karaf.features.internal.FeaturesServiceImpl.start(FeaturesServiceImpl.java:1207)
	at sun.reflect.NativeMethodAccessorImpl.invoke0(Native Method)
	at sun.reflect.NativeMethodAccessorImpl.invoke(NativeMethodAccessorImpl.java:94)
	at sun.reflect.DelegatingMethodAccessorImpl.invoke(DelegatingMethodAccessorImpl.java:55)
	at java.lang.reflect.Method.invoke(Method.java:619)
	at org.apache.aries.blueprint.utils.ReflectionUtils.invoke(ReflectionUtils.java:297)
	at org.apache.aries.blueprint.container.BeanRecipe.invoke(BeanRecipe.java:958)
	at org.apache.aries.blueprint.container.BeanRecipe.runBeanProcInit(BeanRecipe.java:712)
	at org.apache.aries.blueprint.container.BeanRecipe.internalCreate2(BeanRecipe.java:824)
	at org.apache.aries.blueprint.container.BeanRecipe.internalCreate(BeanRecipe.java:787)
	at org.apache.aries.blueprint.di.AbstractRecipe$1.call(AbstractRecipe.java:79)
	at java.util.concurrent.FutureTask.run(FutureTask.java:273)
	at org.apache.aries.blueprint.di.AbstractRecipe.create(AbstractRecipe.java:88)
	at org.apache.aries.blueprint.container.BlueprintRepository.createInstances(BlueprintRepository.java:245)
	at org.apache.aries.blueprint.container.BlueprintRepository.createAll(BlueprintRepository.java:183)
	at org.apache.aries.blueprint.container.BlueprintContainerImpl.instantiateEagerComponents(BlueprintContainerImpl.java:668)
	at org.apache.aries.blueprint.container.BlueprintContainerImpl.doRun(BlueprintContainerImpl.java:370)
	at org.apache.aries.blueprint.container.BlueprintContainerImpl.run(BlueprintContainerImpl.java:261)
	at org.apache.aries.blueprint.container.BlueprintExtender.createContainer(BlueprintExtender.java:259)
	at org.apache.aries.blueprint.container.BlueprintExtender.modifiedBundle(BlueprintExtender.java:222)
	at org.apache.aries.util.tracker.hook.BundleHookBundleTracker$Tracked.customizerModified(BundleHookBundleTracker.java:500)
	at org.apache.aries.util.tracker.hook.BundleHookBundleTracker$Tracked.customizerModified(BundleHookBundleTracker.java:433)
	at org.apache.aries.util.tracker.hook.BundleHookBundleTracker$AbstractTracked.track(BundleHookBundleTracker.java:725)
	at org.apache.aries.util.tracker.hook.BundleHookBundleTracker$Tracked.bundleChanged(BundleHookBundleTracker.java:463)
	at org.apache.aries.util.tracker.hook.BundleHookBundleTracker$BundleEventHook.event(BundleHookBundleTracker.java:422)
	at org.apache.felix.framework.util.SecureAction.invokeBundleEventHook(SecureAction.java:1103)
	at org.apache.felix.framework.util.EventDispatcher.createWhitelistFromHooks(EventDispatcher.java:695)
	at org.apache.felix.framework.util.EventDispatcher.fireBundleEvent(EventDispatcher.java:483)
	at org.apache.felix.framework.Felix.fireBundleEvent(Felix.java:4244)
	at org.apache.felix.framework.Felix.startBundle(Felix.java:1923)
	at org.apache.felix.framework.Felix.setActiveStartLevel(Felix.java:1191)
	at org.apache.felix.framework.FrameworkStartLevelImpl.run(FrameworkStartLevelImpl.java:295)
	at java.lang.Thread.run(Thread.java:853)
Caused by: java.lang.ClassNotFoundException: org.slf4j.impl.StaticLoggerBinder not found by org.ops4j.pax.exam.rbc [87]
	at org.apache.felix.framework.BundleWiringImpl.findClassOrResourceByDelegation(BundleWiringImpl.java:1460)
	at org.apache.felix.framework.BundleWiringImpl.access$400(BundleWiringImpl.java:72)
	at org.apache.felix.framework.BundleWiringImpl$BundleClassLoader.loadClass(BundleWiringImpl.java:1843)
	at java.lang.ClassLoader.loadClass(ClassLoader.java:827)
{noformat}
Jenkins job could be found here
https://jenkins.mw.lab.eng.bos.redhat.com/hudson/view/JDG/view/FUNC/job/edg-60-ispn-testsuite-rhel/341/USE_JDK=JDK7,jdk=ibm17,label=RHEL6_x86_64/console",,,
8452,ISPN-4435,"Some of the tests even with the more recent fixes can fail with the following exception:

{code}
java.lang.AssertionError: expected [11] but found [9]
    at org.testng.Assert.fail(Assert.java:94)
    at org.testng.Assert.failNotEquals(Assert.java:494)
    at org.testng.Assert.assertEquals(Assert.java:123)
    at org.testng.Assert.assertEquals(Assert.java:370)
    at org.testng.Assert.assertEquals(Assert.java:380)
    at org.infinispan.notifications.cachelistener.CacheNotifierImplInitialTransferDistTest.testIterationBeganAndSegmentNotComplete(CacheNotifierImplInitialTransferDistTest.java:514)
    at org.infinispan.notifications.cachelistener.CacheNotifierImplInitialTransferDistTest.testRemoveAfterIterationBeganAndSegmentNotCompleteValueOwnerClustered(CacheNotifierImplInitialTransferDistTest.java:660)
    at sun.reflect.NativeMethodAccessorImpl.invoke0(Native Method)
    at sun.reflect.NativeMethodAccessorImpl.invoke(NativeMethodAccessorImpl.java:57)
    at sun.reflect.DelegatingMethodAccessorImpl.invoke(DelegatingMethodAccessorImpl.java:43)
    at java.lang.reflect.Method.invoke(Method.java:606)
    at org.testng.internal.MethodInvocationHelper.invokeMethod(MethodInvocationHelper.java:80)
    at org.testng.internal.Invoker.invokeMethod(Invoker.java:714)
    at org.testng.internal.Invoker.invokeTestMethod(Invoker.java:901)
    at org.testng.internal.Invoker.invokeTestMethods(Invoker.java:1231)
    at org.testng.internal.TestMethodWorker.invokeTestMethods(TestMethodWorker.java:127)
    at org.testng.internal.TestMethodWorker.run(TestMethodWorker.java:111)
    at org.testng.TestRunner.privateRun(TestRunner.java:767)
    at org.testng.TestRunner.run(TestRunner.java:617)
    at org.testng.SuiteRunner.runTest(SuiteRunner.java:334)
    at org.testng.SuiteRunner.access$000(SuiteRunner.java:37)
    at org.testng.SuiteRunner$SuiteWorker.run(SuiteRunner.java:368)
    at org.testng.internal.thread.ThreadUtil$2.call(ThreadUtil.java:64)
    at java.util.concurrent.FutureTask.run(FutureTask.java:262)
    at java.util.concurrent.ThreadPoolExecutor.runWorker(ThreadPoolExecutor.java:1145)
    at java.util.concurrent.ThreadPoolExecutor$Worker.run(ThreadPoolExecutor.java:615)
    at java.lang.Thread.run(Thread.java:724)
{code}",,,
8453,ISPN-4431,"When the CLI writes to the cache using one of the server codecs it must set a version, because the server protocol handlers expect to find it",,,
8464,ISPN-4426,"Dist TX cache, node C is joining. In previous topology, entry is owned by A (primary) and B (backup). In new topology, primary ownership is transferred to C, B stays backup.

1. TX is prepared in old topology and is being committed, when topology changes
2. on C (the new owner), the TX info is received and later even the old entry
3. C receives the CommitCommand, therefore, it correctly replays the PrepareCommand.
4. When the entries are about to be committed, in TxInterceptor the transaction is found to be already completed as it has lower TxID.

Result: the transaction is not being executed and stale data stay on the node (with my algortihm it eventually led to complete entry loss).",,,
8470,ISPN-4425,"The operands need to have valid format (eg. number) and a proper parsing exception with a descriptive message needs to be thrown otherwise. Currently we just see a NumberFormatException being thrown from the ObjectPropertyHelper.convertToPropertyType().

This is not just for numbers, other primitives too.",,,
8528,ISPN-4424,"Versioned update with a multi threaded Hot Rod client results in inconsistency.  Some replaceWithVersion return true ignoring a version update executed in another thread. Here's a log excerpt of a concurrency stress test:

```
2014-06-20 16:16:56,798 INFO  [PutFromNull] (pool-7-thread-10) count=462,prev=462,new=463
2014-06-20 16:16:56,820 INFO  [PutFromNull] (pool-7-thread-9) count=463,prev=463,new=464
2014-06-20 16:16:56,831 INFO  [PutFromNull] (pool-7-thread-2) count=464,prev=463,new=464
2014-06-20 16:16:56,845 INFO  [PutFromNull] (pool-7-thread-9) count=465,prev=464,new=465
```
Here you see two threads applying the same replacement, from 463 to 464.

The issue appears a result of a race condition in Hot Rod server's protocol decoder. When replaceIfUmodified is received, the cache entry is retrieved to verify whether the version in the server and the version sent in the command match. However, the cache entry retrieved is mutable, and the value could change midway through this operation as a result of another thread updating the value. Please find below some log snippets showing this.",,,
8536,ISPN-4422,NoData,,,
8538,ISPN-4421,"Server was rebased to Wildfly. 

For Arquillian, jboss-as-arquillian-container-managed was changed to wildfly-arquillian-container-managed in order to reflect respective changes. 

The problem for Rolling Upgrade tests ( -Psuite.rolling.upgrades ) is that there are used also old server instances in those tests.
Due to new changes in infinispan-arquillian-container old Infinispan servers are not properly managed during their startup phase.

Observation:

Switching port to 10099 (wildfly is using 10090 for mgmt ops) does not help. Strange message is continuously showing until timeout: 

13:41:57,691 ERROR [org.jboss.remoting.remote.connection] (Remoting ""node1:MANAGEMENT"" read-1) JBREM000200: Remote connection failed: java.io.IOException: Received an invalid message length of 1195725856

""Experiment"" with setting up <property name=""managementProtocol"">remoting-jmx</property> for OLD server in arquillian.xml didn't help either, however, ERROR message ^ disappeared.

But the server can't start properly, better to say, it starts, but Arquillian is not able to handle it properly and communicate:

testHotRodRollingUpgradesDiffVersions(org.infinispan.server.test.rollingupgrades.HotRodRollingUpgradesIT)  Time elapsed: 60.389 sec  <<< ERROR!
org.jboss.arquillian.container.spi.client.container.LifecycleException: Could not start container
	at org.jboss.as.arquillian.container.managed.ManagedDeployableContainer.startInternal(ManagedDeployableContainer.java:204)
	at org.jboss.as.arquillian.container.CommonDeployableContainer.start(CommonDeployableContainer.java:112)
	at org.jboss.arquillian.container.impl.ContainerImpl.start(ContainerImpl.java:199)
	at org.jboss.arquillian.container.impl.client.container.ContainerLifecycleController$8.perform(ContainerLifecycleController.java:163)
	at org.jboss.arquillian.container.impl.client.container.ContainerLifecycleController$8.perform(ContainerLifecycleController.java:157)
	at org.jboss.arquillian.container.impl.client.container.ContainerLifecycleController.forContainer(ContainerLifecycleController.java:255)
	at org.jboss.arquillian.container.impl.client.container.ContainerLifecycleController.startContainer(ContainerLifecycleController.java:156)
	at sun.reflect.NativeMethodAccessorImpl.invoke0(Native Method)
	at sun.reflect.NativeMethodAccessorImpl.invoke(NativeMethodAccessorImpl.java:57)
	at sun.reflect.DelegatingMethodAccessorImpl.invoke(DelegatingMethodAccessorImpl.java:43)
	at java.lang.reflect.Method.invoke(Method.java:601)
	at org.jboss.arquillian.core.impl.ObserverImpl.invoke(ObserverImpl.java:94)
	at org.jboss.arquillian.core.impl.EventContextImpl.invokeObservers(EventContextImpl.java:99)
	at org.jboss.arquillian.core.impl.EventContextImpl.proceed(EventContextImpl.java:81)
	at org.jboss.arquillian.container.impl.client.ContainerDeploymentContextHandler.createContainerContext(ContainerDeploymentContextHandler.java:57)
	at sun.reflect.NativeMethodAccessorImpl.invoke0(Native Method)
	at sun.reflect.NativeMethodAccessorImpl.invoke(NativeMethodAccessorImpl.java:57)
	at sun.reflect.DelegatingMethodAccessorImpl.invoke(DelegatingMethodAccessorImpl.java:43)
	at java.lang.reflect.Method.invoke(Method.java:601)
	at org.jboss.arquillian.core.impl.ObserverImpl.invoke(ObserverImpl.java:94)
	at org.jboss.arquillian.core.impl.EventContextImpl.proceed(EventContextImpl.java:88)
	at org.jboss.arquillian.core.impl.ManagerImpl.fire(ManagerImpl.java:135)
	at org.jboss.arquillian.core.impl.ManagerImpl.fire(ManagerImpl.java:115)
	at org.jboss.arquillian.core.impl.EventImpl.fire(EventImpl.java:67)
	at org.jboss.arquillian.container.test.impl.client.container.ClientContainerController.start(ClientContainerController.java:93)
	at org.infinispan.server.test.rollingupgrades.HotRodRollingUpgradesIT.testHotRodRollingUpgradesDiffVersions(HotRodRollingUpgradesIT.java:68)


It looks like we need to somehow create a ""bridge"" or ""switch"" which will allow operations for both old and new servers in one test.
Or maybe I'm missing something important. ",,,
8556,ISPN-4417,"After integration of [lightweight security|https://github.com/infinispan/infinispan/pull/2629], all embedded security integration tests are broken, mainly due to
{noformat}
testUnauthenticatedRead(org.infinispan.test.integration.security.embedded.LdapAuthenticationIT)  Time elapsed: 0.118 sec  <<< ERROR!
java.lang.Exception: Unexpected exception, expected<java.lang.SecurityException> but was<java.lang.AssertionError>

{noformat}",,,
8557,ISPN-4415,"org.infinispan.server.test.cache.container.CacheContainerIT is failing with:

{code}10:27:52,567 ERROR [org.jboss.msc.service.fail] (MSC service thread 1-3) MSC000001: Failed to start service jboss.infinispan.default.default: org.jboss.msc.service.StartException in service jboss.infinispan.default.default: Failed to start service
	at org.jboss.msc.service.ServiceControllerImpl$StartTask.run(ServiceControllerImpl.java:1904) [jboss-msc-1.2.2.Final.jar:1.2.2.Final]
	at java.util.concurrent.ThreadPoolExecutor.runWorker(ThreadPoolExecutor.java:1145) [rt.jar:1.7.0_60]
	at java.util.concurrent.ThreadPoolExecutor$Worker.run(ThreadPoolExecutor.java:615) [rt.jar:1.7.0_60]
	at java.lang.Thread.run(Thread.java:745) [rt.jar:1.7.0_60]
Caused by: org.infinispan.commons.CacheException: Unable to invoke method public void org.infinispan.eviction.impl.EvictionManagerImpl.start() on object of type EvictionManagerImpl
	at org.infinispan.commons.util.ReflectionUtil.invokeAccessibly(ReflectionUtil.java:170)
	at org.infinispan.factories.AbstractComponentRegistry$PrioritizedMethod.invoke(AbstractComponentRegistry.java:869)
	at org.infinispan.factories.AbstractComponentRegistry.invokeStartMethods(AbstractComponentRegistry.java:638)
	at org.infinispan.factories.AbstractComponentRegistry.internalStart(AbstractComponentRegistry.java:627)
	at org.infinispan.factories.AbstractComponentRegistry.start(AbstractComponentRegistry.java:530)
	at org.infinispan.factories.ComponentRegistry.start(ComponentRegistry.java:216)
	at org.infinispan.cache.impl.CacheImpl.start(CacheImpl.java:699)
	at org.infinispan.manager.DefaultCacheManager.wireAndStartCache(DefaultCacheManager.java:573)
	at org.infinispan.manager.DefaultCacheManager.createCache(DefaultCacheManager.java:528)
	at org.infinispan.manager.DefaultCacheManager.getCache(DefaultCacheManager.java:408)
	at org.infinispan.registry.impl.ClusterRegistryImpl.startRegistryCache(ClusterRegistryImpl.java:146)
	at org.infinispan.registry.impl.ClusterRegistryImpl.addListener(ClusterRegistryImpl.java:107)
	at org.infinispan.query.remote.ProtobufMetadataManager.ensureInit(ProtobufMetadataManager.java:65)
	at org.infinispan.query.remote.ProtobufMetadataManager.getSerializationContext(ProtobufMetadataManager.java:132)
	at org.infinispan.query.remote.LifecycleManager.cacheStarting(LifecycleManager.java:114)
	at org.infinispan.factories.ComponentRegistry.notifyCacheStarting(ComponentRegistry.java:228)
	at org.infinispan.factories.ComponentRegistry.start(ComponentRegistry.java:214)
	at org.infinispan.cache.impl.CacheImpl.start(CacheImpl.java:699)
	at org.infinispan.manager.DefaultCacheManager.wireAndStartCache(DefaultCacheManager.java:573)
	at org.infinispan.manager.DefaultCacheManager.createCache(DefaultCacheManager.java:528)
	at org.infinispan.manager.DefaultCacheManager.getCache(DefaultCacheManager.java:408)
	at org.infinispan.manager.DefaultCacheManager.getCache(DefaultCacheManager.java:422)
	at org.jboss.as.clustering.infinispan.DefaultEmbeddedCacheManager.getCache(DefaultEmbeddedCacheManager.java:89)
	at org.jboss.as.clustering.infinispan.DefaultEmbeddedCacheManager.getCache(DefaultEmbeddedCacheManager.java:80)
	at org.jboss.as.clustering.infinispan.subsystem.SecurityActions$5.run(SecurityActions.java:101)
	at org.jboss.as.clustering.infinispan.subsystem.SecurityActions$5.run(SecurityActions.java:98)
	at java.security.AccessController.doPrivileged(Native Method) [rt.jar:1.7.0_60]
	at org.jboss.as.clustering.infinispan.subsystem.SecurityActions.startCache(SecurityActions.java:109)
	at org.jboss.as.clustering.infinispan.subsystem.CacheService.start(CacheService.java:78)
	at org.jboss.msc.service.ServiceControllerImpl$StartTask.startService(ServiceControllerImpl.java:1948) [jboss-msc-1.2.2.Final.jar:1.2.2.Final]
	at org.jboss.msc.service.ServiceControllerImpl$StartTask.run(ServiceControllerImpl.java:1881) [jboss-msc-1.2.2.Final.jar:1.2.2.Final]
	... 3 more
Caused by: java.lang.ClassCastException: org.jboss.as.clustering.concurrent.ManagedExecutorService cannot be cast to java.util.concurrent.ScheduledExecutorService
	at org.infinispan.executors.LazyInitializingScheduledExecutorService.initIfNeeded(LazyInitializingScheduledExecutorService.java:40)
	at org.infinispan.executors.LazyInitializingScheduledExecutorService.scheduleWithFixedDelay(LazyInitializingScheduledExecutorService.java:146)
	at org.infinispan.eviction.impl.EvictionManagerImpl.start(EvictionManagerImpl.java:77)
	at sun.reflect.NativeMethodAccessorImpl.invoke0(Native Method) [rt.jar:1.7.0_60]
	at sun.reflect.NativeMethodAccessorImpl.invoke(NativeMethodAccessorImpl.java:57) [rt.jar:1.7.0_60]
	at sun.reflect.DelegatingMethodAccessorImpl.invoke(DelegatingMethodAccessorImpl.java:43) [rt.jar:1.7.0_60]
	at java.lang.reflect.Method.invoke(Method.java:606) [rt.jar:1.7.0_60]
	at org.infinispan.commons.util.ReflectionUtil.invokeAccessibly(ReflectionUtil.java:168)
	... 33 more{code}",,,
8563,ISPN-4414,"In ISPN-3942, we changed RequestBalancingStrategy's nextServer() to receive a list of failed servers. This could be problematic for end users. Find a better, backwards compatible way to deal with this.",,,
8572,ISPN-4412,"The following tests are failing
org.infinispan.test.integration.security.embedded (14)
KrbLdapAuthenticationIT.testAdminCRUD 	
KrbLdapAuthenticationIT.testReaderRead 	
KrbLdapAuthenticationIT.testReaderRemove 	
KrbLdapAuthenticationIT.testReaderWrite 	
KrbLdapAuthenticationIT.testUnauthenticatedRead 	
KrbLdapAuthenticationIT.testUnauthenticatedRemove 	
KrbLdapAuthenticationIT.testUnauthenticatedWrite 	
KrbLdapAuthenticationIT.testUnprivilegedRead 	
KrbLdapAuthenticationIT.testUnprivilegedRemove 	
KrbLdapAuthenticationIT.testUnprivilegedWrite 	
KrbLdapAuthenticationIT.testWriterCreateWrite 	
KrbLdapAuthenticationIT.testWriterRead 	
KrbLdapAuthenticationIT.testWriterRemove 	
KrbLdapAuthenticationIT.testWriterWrite",,,
8573,ISPN-4409,"The LevelDBCacheStoreIT fails to start with an error resulting from initialising the server side cache marshaller. The way the cache manager is created is not correct. You might as well just use the same marshaller as for the client.

Even if you really need a cache's marshaller, you should get it via an injected cache rather than initialising a cache from scratch.

{code}com.arjuna.ats.arjuna.exceptions.FatalError: null
    at com.arjuna.ats.internal.jts.ORBManager.getPOA(ORBManager.java:96)
    at com.arjuna.ats.internal.jts.OTSImpleManager.<clinit>(OTSImpleManager.java:300)
    at com.arjuna.ats.internal.jta.transaction.jts.TransactionImple.getTransaction(TransactionImple.java:1146)
    at com.arjuna.ats.internal.jta.transaction.jts.TransactionManagerImple.getTransaction(TransactionManagerImple.java:69)
    at org.infinispan.cache.impl.CacheImpl.getOngoingTransaction(CacheImpl.java:1414)
    at org.infinispan.cache.impl.CacheImpl.getInvocationContextForRead(CacheImpl.java:592)
    at org.infinispan.cache.impl.CacheImpl.keySet(CacheImpl.java:474)
    at org.infinispan.cache.impl.CacheImpl.keySet(CacheImpl.java:469)
    at org.infinispan.registry.impl.ClusterRegistryImpl.keys(ClusterRegistryImpl.java:81)
    at org.infinispan.query.remote.ProtobufMetadataManager.ensureInit(ProtobufMetadataManager.java:67)
    at org.infinispan.query.remote.ProtobufMetadataManager.getSerializationContext(ProtobufMetadataManager.java:132)
    at org.infinispan.query.remote.LifecycleManager.cacheStarting(LifecycleManager.java:114)
    at org.infinispan.factories.ComponentRegistry.notifyCacheStarting(ComponentRegistry.java:228)
    at org.infinispan.factories.ComponentRegistry.start(ComponentRegistry.java:214)
    at org.infinispan.cache.impl.CacheImpl.start(CacheImpl.java:699)
    at org.infinispan.manager.DefaultCacheManager.wireAndStartCache(DefaultCacheManager.java:573)
    at org.infinispan.manager.DefaultCacheManager.createCache(DefaultCacheManager.java:528)
    at org.infinispan.manager.DefaultCacheManager.getCache(DefaultCacheManager.java:408)
    at org.infinispan.manager.DefaultCacheManager.getCache(DefaultCacheManager.java:381)
    at org.infinispan.server.test.cs.leveldb.LevelDBCacheStoreIT.getServerMarshaller(LevelDBCacheStoreIT.java:190)
    at org.infinispan.server.test.cs.leveldb.LevelDBCacheStoreIT.<clinit>(LevelDBCacheStoreIT.java:67)
« Hide stacktrace{code}

The fix gets past this particular error but it still shows this afterwards:

{code}Caused by: javax.management.InstanceNotFoundException: jboss.infinispan:type=Server,name=HotRod,component=Transport{code}

Tristan is working on this...",,,
8575,ISPN-4406,"integrationtests/security-manager-it tests randomly fail, which might be related to the fact that a lot of these tests rely on static initialisation, and I think that's causing messing up between tests initialising/uninitialising these static variables. The fact that the errors are random seems to back this up.

However, enabling sequential testing results in:

{code}[ERROR] java.lang.SecurityException: ISPN000287: Unauthorized access: subject 'null' lacks 'LIFECYCLE' permission
[ERROR] at org.infinispan.security.impl.AuthorizationHelper.checkPermission(AuthorizationHelper.java:56)
[ERROR] at org.infinispan.security.impl.AuthorizationHelper.checkPermission(AuthorizationHelper.java:70)
[ERROR] at org.infinispan.security.impl.AuthorizationHelper.checkPermission(AuthorizationHelper.java:75)
[ERROR] at org.infinispan.manager.DefaultCacheManager.getStatus(DefaultCacheManager.java:677)
[ERROR] at org.infinispan.test.fwk.TestCacheManagerFactory$PerThreadCacheManagers.checkManagersClosed(TestCacheManagerFactory.java:435)
[ERROR] at org.infinispan.test.fwk.TestCacheManagerFactory.testFinished(TestCacheManagerFactory.java:422)
[ERROR] at org.infinispan.test.fwk.UnitTestTestNGListener.onFinish(UnitTestTestNGListener.java:104){code}

This error is also present in paralell testing but in this case it's just logged rather than halting the process.",,,
8675,ISPN-4405,"org.infinispan.security.QueryAuthorizationTest fails to start:

{code}2014-06-16 09:37:10,650 1966  ERROR [org.infinispan.test.fwk.UnitTestTestNGListener] (testng-QueryAuthorizationTest:) Configuration method createBeforeClass(org.infinispan.security.QueryAuthorizationTest) threw an exception
java.lang.NoClassDefFoundError: org/apache/lucene/search/similarities/Similarity
	at org.hibernate.search.spi.SearchFactoryBuilder.createCleanFactoryState(SearchFactoryBuilder.java:297)
	at org.hibernate.search.spi.SearchFactoryBuilder.buildNewSearchFactory(SearchFactoryBuilder.java:195)
	at org.hibernate.search.spi.SearchFactoryBuilder.buildSearchFactory(SearchFactoryBuilder.java:126)
	at org.infinispan.query.impl.LifecycleManager.getSearchFactory(LifecycleManager.java:230)
	at org.infinispan.query.impl.LifecycleManager.cacheStarting(LifecycleManager.java:87)
	at org.infinispan.factories.ComponentRegistry.notifyCacheStarting(ComponentRegistry.java:228)
	at org.infinispan.factories.ComponentRegistry.start(ComponentRegistry.java:214)
	at org.infinispan.cache.impl.CacheImpl.start(CacheImpl.java:699)
	at org.infinispan.security.impl.SecureCacheImpl.start(SecureCacheImpl.java:82)
	at org.infinispan.manager.DefaultCacheManager.wireAndStartCache(DefaultCacheManager.java:573)
	at org.infinispan.manager.DefaultCacheManager.createCache(DefaultCacheManager.java:528)
	at org.infinispan.manager.DefaultCacheManager.getCache(DefaultCacheManager.java:408)
	at org.infinispan.manager.DefaultCacheManager.getCache(DefaultCacheManager.java:381)
	at org.infinispan.security.QueryAuthorizationTest$1.run(QueryAuthorizationTest.java:50)
	at org.infinispan.security.QueryAuthorizationTest$1.run(QueryAuthorizationTest.java:45)
	at java.security.AccessController.doPrivileged(Native Method)
	at javax.security.auth.Subject.doAs(Subject.java:356)
{code}",,,
8775,ISPN-4403,"<ctomc> see https://github.com/wildfly/wildfly/blob/master/undertow/src/test/java/org/wildfly/extension/undertow/UndertowSubsystemTestCase.java#L184
<ctomc> #addExtraServices allows you to add any service you want",,,
8777,ISPN-4401,"Custom local repos can be defined in configuration files also in addition to passing -Dmaven.local.repo on the cmdline.

PAX-URL will fail to resolve mvn: URLs in this case.

Looking again at the maven properties available ""localRepository"" seems to cover both case. Use this instead of maven.repo.local.",,,
8778,ISPN-4400,StateTransfer performance is O(n²) based on the number of segments,,,
8780,ISPN-4396,"Condition created through query like this:
{code}
      Query q = qf.from(User.class)
            .not(
                  qf.having(""name"").eq(""John"")
                  .or(qf.having(""surname"").eq(""Man"")))
            .toBuilder().build();
{code}

is not correctly parsed into JPQL query; it is 

{code}
FROM org.infinispan.query.dsl.embedded.sample_domain_model.User _gen0 WHERE NOT (_gen0.name = 'John')
{code}",,,
8783,ISPN-4394,"When performing some auth action (tried with HR client and everything seems to be broken), server fails with following NPE:
{noformat}
Caused by: java.lang.NullPointerException
        at org.infinispan.security.impl.AuthorizationHelper.getSubjectUserPrincipal(AuthorizationHelper.java:106)
        at org.infinispan.security.impl.DefaultAuditLogger.audit(DefaultAuditLogger.java:24)
        at org.infinispan.security.impl.AuthorizationHelper.checkPermission(AuthorizationHelper.java:61)
        at org.infinispan.security.impl.AuthorizationHelper.checkPermission(AuthorizationHelper.java:69)
        at org.infinispan.security.impl.AuthorizationHelper.checkPermission(AuthorizationHelper.java:74)
        at org.infinispan.manager.DefaultCacheManager.addListener(DefaultCacheManager.java:656)
        at org.infinispan.manager.impl.AbstractDelegatingEmbeddedCacheManager.addListener(AbstractDelegatingEmbeddedCacheManager.java:156)
        at org.jboss.as.clustering.infinispan.subsystem.SecurityActions$2.run(SecurityActions.java:50)
        at org.jboss.as.clustering.infinispan.subsystem.SecurityActions$2.run(SecurityActions.java:47)
        at java.security.AccessController.doPrivileged(Native Method) [rt.jar:1.7.0_45]
        at org.jboss.as.clustering.infinispan.subsystem.SecurityActions.registerAndStartContainer(SecurityActions.java:58)
        at org.jboss.as.clustering.infinispan.subsystem.EmbeddedCacheManagerService.start(EmbeddedCacheManagerService.java:68)
        at org.jboss.msc.service.ServiceControllerImpl$StartTask.startService(ServiceControllerImpl.java:1948) [jboss-msc-1.2.2.Final.jar:1.2.2.Final]
        at org.jboss.msc.service.ServiceControllerImpl$StartTask.run(ServiceControllerImpl.java:1881) [jboss-msc-1.2.2.Final.jar:1.2.2.Final]
        ... 3 more
{noformat}",,,
8784,ISPN-4390,As discussed on: http://lists.jboss.org/pipermail/infinispan-dev/2014-June/015055.html,,,
8809,ISPN-4389,"http://ci.infinispan.org/viewLog.html?buildId=8736&buildTypeId=bt8&tab=buildResultsDiv#testNameId5089826253642936221
{code}
12:00:43,839 ERROR [org.jboss.msc.service.fail] (MSC service thread 1-5) MSC000001: Failed to start service jboss.infinispan.clustered.default: org.jboss.msc.service.StartException in service jboss.infinispan.clustered.default: Failed to start service
	at org.jboss.msc.service.ServiceControllerImpl$StartTask.run(ServiceControllerImpl.java:1767) [jboss-msc-1.0.4.GA-redhat-1.jar:1.0.4.GA-redhat-1]
	at java.util.concurrent.ThreadPoolExecutor.runWorker(ThreadPoolExecutor.java:1110) [rt.jar:1.7.0_06]
	at java.util.concurrent.ThreadPoolExecutor$Worker.run(ThreadPoolExecutor.java:603) [rt.jar:1.7.0_06]
	at java.lang.Thread.run(Thread.java:722) [rt.jar:1.7.0_06]
Caused by: org.infinispan.commons.CacheException: Unable to invoke method public void org.infinispan.statetransfer.StateTransferManagerImpl.waitForInitialStateTransferToComplete() throws java.lang.InterruptedException on object of type StateTransferManagerImpl
	at org.infinispan.commons.util.ReflectionUtil.invokeAccessibly(ReflectionUtil.java:170)
	at org.infinispan.factories.AbstractComponentRegistry$PrioritizedMethod.invoke(AbstractComponentRegistry.java:869)
	at org.infinispan.factories.AbstractComponentRegistry.invokeStartMethods(AbstractComponentRegistry.java:638)
	at org.infinispan.factories.AbstractComponentRegistry.internalStart(AbstractComponentRegistry.java:627)
	at org.infinispan.factories.AbstractComponentRegistry.start(AbstractComponentRegistry.java:530)
	at org.infinispan.factories.ComponentRegistry.start(ComponentRegistry.java:216)
	at org.infinispan.CacheImpl.start(CacheImpl.java:696)
	at org.infinispan.manager.DefaultCacheManager.wireAndStartCache(DefaultCacheManager.java:574)
	at org.infinispan.manager.DefaultCacheManager.createCache(DefaultCacheManager.java:529)
	at org.infinispan.manager.DefaultCacheManager.getCache(DefaultCacheManager.java:409)
	at org.infinispan.registry.ClusterRegistryImpl.startRegistryCache(ClusterRegistryImpl.java:136)
	at org.infinispan.registry.ClusterRegistryImpl.addListener(ClusterRegistryImpl.java:97)
	at org.infinispan.query.remote.ProtobufMetadataManager.ensureInit(ProtobufMetadataManager.java:65)
	at org.infinispan.query.remote.ProtobufMetadataManager.getSerializationContext(ProtobufMetadataManager.java:132)
	at org.infinispan.query.remote.LifecycleManager.cacheStarting(LifecycleManager.java:114)
	at org.infinispan.factories.ComponentRegistry.notifyCacheStarting(ComponentRegistry.java:228)
	at org.infinispan.factories.ComponentRegistry.start(ComponentRegistry.java:214)
	at org.infinispan.CacheImpl.start(CacheImpl.java:696)
	at org.infinispan.manager.DefaultCacheManager.wireAndStartCache(DefaultCacheManager.java:574)
	at org.infinispan.manager.DefaultCacheManager.createCache(DefaultCacheManager.java:529)
	at org.infinispan.manager.DefaultCacheManager.getCache(DefaultCacheManager.java:409)
	at org.infinispan.manager.DefaultCacheManager.getCache(DefaultCacheManager.java:423)
	at org.jboss.as.clustering.infinispan.DefaultEmbeddedCacheManager.getCache(DefaultEmbeddedCacheManager.java:89)
	at org.jboss.as.clustering.infinispan.DefaultEmbeddedCacheManager.getCache(DefaultEmbeddedCacheManager.java:80)
	at org.jboss.as.clustering.infinispan.subsystem.SecurityActions$5.run(SecurityActions.java:101)
	at org.jboss.as.clustering.infinispan.subsystem.SecurityActions$5.run(SecurityActions.java:98)
	at java.security.AccessController.doPrivileged(Native Method) [rt.jar:1.7.0_06]
	at org.jboss.as.clustering.infinispan.subsystem.SecurityActions.startCache(SecurityActions.java:109)
	at org.jboss.as.clustering.infinispan.subsystem.CacheService.start(CacheService.java:78)
	at org.jboss.msc.service.ServiceControllerImpl$StartTask.startService(ServiceControllerImpl.java:1811) [jboss-msc-1.0.4.GA-redhat-1.jar:1.0.4.GA-redhat-1]
	at org.jboss.msc.service.ServiceControllerImpl$StartTask.run(ServiceControllerImpl.java:1746) [jboss-msc-1.0.4.GA-redhat-1.jar:1.0.4.GA-redhat-1]
	... 3 more
Caused by: org.infinispan.commons.CacheException: Initial state transfer timed out for cache __cluster_registry_cache__ on node2/clustered
	at org.infinispan.statetransfer.StateTransferManagerImpl.waitForInitialStateTransferToComplete(StateTransferManagerImpl.java:209)
	at sun.reflect.NativeMethodAccessorImpl.invoke0(Native Method) [rt.jar:1.7.0_06]
	at sun.reflect.NativeMethodAccessorImpl.invoke(NativeMethodAccessorImpl.java:57) [rt.jar:1.7.0_06]
	at sun.reflect.DelegatingMethodAccessorImpl.invoke(DelegatingMethodAccessorImpl.java:43) [rt.jar:1.7.0_06]
	at java.lang.reflect.Method.invoke(Method.java:601) [rt.jar:1.7.0_06]
	at org.infinispan.commons.util.ReflectionUtil.invokeAccessibly(ReflectionUtil.java:168)
	... 33 more
{code}",,,
8811,ISPN-4388,"We use ScheduledExecutorServices for both the eviction and and replication queues.  However we currently wrap these in EmbeddedCacheManagerConfigurationService with regular ManagedThreadPoolExecutorFactories, where as we should have a ManagedScheduledThreadPoolExecutorFactory to wrap this which would produce the proper type.

Without this it prevents configuring any kind of eviction or replication executor in the server.

{code}
08:36:04,570 ERROR [org.jboss.msc.service.fail] (MSC service thread 1-11) MSC00001: Failed to start service jboss.infinispan.default.default: org.jboss.msc.service.StartException in service jboss.infinispan.default.default: Failed to start service
at org.jboss.msc.service.ServiceControllerImpl$StartTask.run(ServiceControllerImpl.java:1767) [jboss-msc-1.0.4.GA.jar:1.0.4.GA]
at java.util.concurrent.ThreadPoolExecutor.runWorker(ThreadPoolExecutor.java:1145) [rt.jar:1.7.0_51]
at java.util.concurrent.ThreadPoolExecutor$Worker.run(ThreadPoolExecutor.java:615) [rt.jar:1.7.0_51]
at java.lang.Thread.run(Thread.java:744) [rt.jar:1.7.0_51]
Caused by: org.infinispan.commons.CacheException: Unable to invoke method public void org.infinispan.eviction.impl.EvictionManagerImpl.start() on object of type EvictionManagerImpl
at org.infinispan.commons.util.ReflectionUtil.invokeAccessibly(ReflectionUtil.java:170)
at org.infinispan.factories.AbstractComponentRegistry$PrioritizedMethod.invoke(AbstractComponentRegistry.java:869)
at org.infinispan.factories.AbstractComponentRegistry.invokeStartMethods(AbstractComponentRegistry.java:638)
at org.infinispan.factories.AbstractComponentRegistry.internalStart(AbstractComponentRegistry.java:627)
at org.infinispan.factories.AbstractComponentRegistry.start(AbstractComponentRegistry.java:530)
at org.infinispan.factories.ComponentRegistry.start(ComponentRegistry.java:216)
at org.infinispan.cache.impl.CacheImpl.start(CacheImpl.java:699)
at org.infinispan.manager.DefaultCacheManager.wireAndStartCache(DefaultCacheManager.java:573)
at org.infinispan.manager.DefaultCacheManager.createCache(DefaultCacheManager.java:528)
at org.infinispan.manager.DefaultCacheManager.getCache(DefaultCacheManager.java:408)
at org.infinispan.registry.impl.ClusterRegistryImpl.startRegistryCache(ClusterRegistryImpl.java:146)
at org.infinispan.registry.impl.ClusterRegistryImpl.addListener(ClusterRegistryImpl.java:107)
at org.infinispan.query.remote.ProtobufMetadataManager.ensureInit(ProtobufMetadataManager.java:65)
at org.infinispan.query.remote.ProtobufMetadataManager.getSerializationContext(ProtobufMetadataManager.java:132)
at org.infinispan.query.remote.LifecycleManager.cacheStarting(LifecycleManager.java:114)
at org.infinispan.factories.ComponentRegistry.notifyCacheStarting(ComponentRegistry.java:228)
at org.infinispan.factories.ComponentRegistry.start(ComponentRegistry.java:214)
at org.infinispan.cache.impl.CacheImpl.start(CacheImpl.java:699)
at org.infinispan.manager.DefaultCacheManager.wireAndStartCache(DefaultCacheManager.java:573)
at org.infinispan.manager.DefaultCacheManager.createCache(DefaultCacheManager.java:528)
at org.infinispan.manager.DefaultCacheManager.getCache(DefaultCacheManager.java:408)
at org.infinispan.manager.DefaultCacheManager.getCache(DefaultCacheManager.java:422)
at org.jboss.as.clustering.infinispan.DefaultEmbeddedCacheManager.getCache(DefaultEmbeddedCacheManager.java:89)
at org.jboss.as.clustering.infinispan.DefaultEmbeddedCacheManager.getCache(DefaultEmbeddedCacheManager.java:80)
at org.jboss.as.clustering.infinispan.subsystem.SecurityActions$5.run(SecurityActions.java:101)
at org.jboss.as.clustering.infinispan.subsystem.SecurityActions$5.run(SecurityActions.java:98)
at java.security.AccessController.doPrivileged(Native Method) [rt.jar:1.7.0_51]
at org.jboss.as.clustering.infinispan.subsystem.SecurityActions.startCache(SecurityActions.java:109)
at org.jboss.as.clustering.infinispan.subsystem.CacheService.start(CacheService.java:78)
at org.jboss.msc.service.ServiceControllerImpl$StartTask.startService(ServiceControllerImpl.java:1811) [jboss-msc-1.0.4.GA.jar:1.0.4.GA]
at org.jboss.msc.service.ServiceControllerImpl$StartTask.run(ServiceControllerImpl.java:1746) [jboss-msc-1.0.4.GA.jar:1.0.4.GA]
... 3 more
Caused by: java.lang.ClassCastException: org.jboss.as.clustering.concurrent.ManagedExecutorService cannot be cast to java.util.concurrent.ScheduledExecutorService
at org.infinispan.executors.LazyInitializingScheduledExecutorService.initIfNeeded(LazyInitializingScheduledExecutorService.java:40)
at org.infinispan.executors.LazyInitializingScheduledExecutorService.scheduleWithFixedDelay(LazyInitializingScheduledExecutorService.java:146)
at org.infinispan.eviction.impl.EvictionManagerImpl.start(EvictionManagerImpl.java:77)
at sun.reflect.NativeMethodAccessorImpl.invoke0(Native Method) [rt.jar:1.7.0_51]
at sun.reflect.NativeMethodAccessorImpl.invoke(NativeMethodAccessorImpl.java:57) [rt.jar:1.7.0_51]
at sun.reflect.DelegatingMethodAccessorImpl.invoke(DelegatingMethodAccessorImpl.java:43) [rt.jar:1.7.0_51]
at java.lang.reflect.Method.invoke(Method.java:606) [rt.jar:1.7.0_51]
at org.infinispan.
{code}

http://ci.infinispan.org/viewLog.html?buildId=8736&buildTypeId=bt8&tab=buildResultsDiv#testNameId5089826253642936221",,,
8814,ISPN-4387,"Write Skew Check does not perform the validation correctly when Passivation is enabled.

Issue:
The current implementation checks the most recent version/value in DataContainer. However, the entry may be passivated and it is not present in DataContainer. The Write Skew Check will abort the transaction when the transaction read some value (say version V), because it is expecting to find the version V but it does not find the entry. It assumes that the entry was removed and aborts the transaction.
A more dangerous case is when at least two transactions are writing to a new key. The first commits and before the second transaction is prepared, the entry is passivated. In this case, it assumes the entry does not exists and let the second transaction to commit. 

Solution:
It needs to try to load the entry from Persistence. ",,,
8825,ISPN-4386,"This test fails every time with

{code}
java.lang.AssertionError: expected:<3> but was:<4>
    at org.junit.Assert.fail(Assert.java:88)
    at org.junit.Assert.failNotEquals(Assert.java:743)
    at org.junit.Assert.assertEquals(Assert.java:118)
    at org.junit.Assert.assertEquals(Assert.java:555)
    at org.junit.Assert.assertEquals(Assert.java:542)
    at org.infinispan.server.test.jmx.management.JmxManagementIT.testCacheManagerAttributes(JmxManagementIT.java:174)
    at sun.reflect.NativeMethodAccessorImpl.invoke0(Native Method)
    at sun.reflect.NativeMethodAccessorImpl.invoke(NativeMethodAccessorImpl.java:57)
    at sun.reflect.DelegatingMethodAccessorImpl.invoke(DelegatingMethodAccessorImpl.java:43)
    at java.lang.reflect.Method.invoke(Method.java:606)
    at org.junit.runners.model.FrameworkMethod$1.runReflectiveCall(FrameworkMethod.java:47)
    at org.junit.internal.runners.model.ReflectiveCallable.run(ReflectiveCallable.java:12)
    at org.junit.runners.model.FrameworkMethod.invokeExplosively(FrameworkMethod.java:44)
    at org.jboss.arquillian.junit.Arquillian$6$1.invoke(Arquillian.java:270)
    at org.jboss.arquillian.container.test.impl.execution.LocalTestExecuter.execute(LocalTestExecuter.java:60)
    at sun.reflect.NativeMethodAccessorImpl.invoke0(Native Method)
    at sun.reflect.NativeMethodAccessorImpl.invoke(NativeMethodAccessorImpl.java:57)
    at sun.reflect.DelegatingMethodAccessorImpl.invoke(DelegatingMethodAccessorImpl.java:43)
    at java.lang.reflect.Method.invoke(Method.java:606)
    at org.jboss.arquillian.core.impl.ObserverImpl.invoke(ObserverImpl.java:90)
    at org.jboss.arquillian.core.impl.EventContextImpl.invokeObservers(EventContextImpl.java:99)
    at org.jboss.arquillian.core.impl.EventContextImpl.proceed(EventContextImpl.java:81)
    at org.jboss.arquillian.core.impl.ManagerImpl.fire(ManagerImpl.java:135)
    at org.jboss.arquillian.core.impl.ManagerImpl.fire(ManagerImpl.java:115)
    at org.jboss.arquillian.core.impl.EventImpl.fire(EventImpl.java:67)
    at org.jboss.arquillian.container.test.impl.execution.ClientTestExecuter.execute(ClientTestExecuter.java:53)
    at sun.reflect.NativeMethodAccessorImpl.invoke0(Native Method)
    at sun.reflect.NativeMethodAccessorImpl.invoke(NativeMethodAccessorImpl.java:57)
    at sun.reflect.DelegatingMethodAccessorImpl.invoke(DelegatingMethodAccessorImpl.java:43)
    at java.lang.reflect.Method.invoke(Method.java:606)
    at org.jboss.arquillian.core.impl.ObserverImpl.invoke(ObserverImpl.java:90)
    at org.jboss.arquillian.core.impl.EventContextImpl.invokeObservers(EventContextImpl.java:99)
    at org.jboss.arquillian.core.impl.EventContextImpl.proceed(EventContextImpl.java:81)
    at org.jboss.arquillian.container.test.impl.client.ContainerEventController.createContext(ContainerEventController.java:142)
    at org.jboss.arquillian.container.test.impl.client.ContainerEventController.createTestContext(ContainerEventController.java:129)
    at sun.reflect.NativeMethodAccessorImpl.invoke0(Native Method)
    at sun.reflect.NativeMethodAccessorImpl.invoke(NativeMethodAccessorImpl.java:57)
    at sun.reflect.DelegatingMethodAccessorImpl.invoke(DelegatingMethodAccessorImpl.java:43)
    at java.lang.reflect.Method.invoke(Method.java:606)
    at org.jboss.arquillian.core.impl.ObserverImpl.invoke(ObserverImpl.java:90)
    at org.jboss.arquillian.core.impl.EventContextImpl.proceed(EventContextImpl.java:88)
    at org.jboss.arquillian.test.impl.TestContextHandler.createTestContext(TestContextHandler.java:89)
    at sun.reflect.GeneratedMethodAccessor16.invoke(Unknown Source)
    at sun.reflect.DelegatingMethodAccessorImpl.invoke(DelegatingMethodAccessorImpl.java:43)
    at java.lang.reflect.Method.invoke(Method.java:606)
    at org.jboss.arquillian.core.impl.ObserverImpl.invoke(ObserverImpl.java:90)
    at org.jboss.arquillian.core.impl.EventContextImpl.proceed(EventContextImpl.java:88)
    at org.jboss.arquillian.test.impl.TestContextHandler.createClassContext(TestContextHandler.java:75)
    at sun.reflect.GeneratedMethodAccessor15.invoke(Unknown Source)
    at sun.reflect.DelegatingMethodAccessorImpl.invoke(DelegatingMethodAccessorImpl.java:43)
    at java.lang.reflect.Method.invoke(Method.java:606)
    at org.jboss.arquillian.core.impl.ObserverImpl.invoke(ObserverImpl.java:90)
    at org.jboss.arquillian.core.impl.EventContextImpl.proceed(EventContextImpl.java:88)
    at org.jboss.arquillian.test.impl.TestContextHandler.createSuiteContext(TestContextHandler.java:60)
    at sun.reflect.GeneratedMethodAccessor14.invoke(Unknown Source)
    at sun.reflect.DelegatingMethodAccessorImpl.invoke(DelegatingMethodAccessorImpl.java:43)
    at java.lang.reflect.Method.invoke(Method.java:606)
    at org.jboss.arquillian.core.impl.ObserverImpl.invoke(ObserverImpl.java:90)
    at org.jboss.arquillian.core.impl.EventContextImpl.proceed(EventContextImpl.java:88)
    at org.jboss.arquillian.core.impl.ManagerImpl.fire(ManagerImpl.java:135)
    at org.jboss.arquillian.test.impl.EventTestRunnerAdaptor.test(EventTestRunnerAdaptor.java:111)
    at org.jboss.arquillian.junit.Arquillian$6.evaluate(Arquillian.java:263)
    at org.jboss.arquillian.junit.Arquillian$4.evaluate(Arquillian.java:226)
    at org.jboss.arquillian.junit.Arquillian.multiExecute(Arquillian.java:314)
    at org.jboss.arquillian.junit.Arquillian.access$100(Arquillian.java:46)
    at org.jboss.arquillian.junit.Arquillian$5.evaluate(Arquillian.java:240)
    at org.junit.runners.ParentRunner.runLeaf(ParentRunner.java:271)
    at org.junit.runners.BlockJUnit4ClassRunner.runChild(BlockJUnit4ClassRunner.java:70)
    at org.junit.runners.BlockJUnit4ClassRunner.runChild(BlockJUnit4ClassRunner.java:50)
    at org.junit.runners.ParentRunner$3.run(ParentRunner.java:238)
    at org.junit.runners.ParentRunner$1.schedule(ParentRunner.java:63)
    at org.junit.runners.ParentRunner.runChildren(ParentRunner.java:236)
    at org.junit.runners.ParentRunner.access$000(ParentRunner.java:53)
    at org.junit.runners.ParentRunner$2.evaluate(ParentRunner.java:229)
    at org.jboss.arquillian.junit.Arquillian$2.evaluate(Arquillian.java:185)
    at org.jboss.arquillian.junit.Arquillian.multiExecute(Arquillian.java:314)
    at org.jboss.arquillian.junit.Arquillian.access$100(Arquillian.java:46)
    at org.jboss.arquillian.junit.Arquillian$3.evaluate(Arquillian.java:199)
    at org.junit.runners.ParentRunner.run(ParentRunner.java:309)
    at org.jboss.arquillian.junit.Arquillian.run(Arquillian.java:147)
    at org.junit.runners.Suite.runChild(Suite.java:127)
    at org.junit.runners.Suite.runChild(Suite.java:26)
    at org.junit.runners.ParentRunner$3.run(ParentRunner.java:238)
    at org.junit.runners.ParentRunner$1.schedule(ParentRunner.java:63)
    at org.junit.runners.ParentRunner.runChildren(ParentRunner.java:236)
    at org.junit.runners.ParentRunner.access$000(ParentRunner.java:53)
    at org.junit.runners.ParentRunner$2.evaluate(ParentRunner.java:229)
    at org.junit.runners.ParentRunner.run(ParentRunner.java:309)
    at org.junit.runner.JUnitCore.run(JUnitCore.java:160)
    at org.junit.runner.JUnitCore.run(JUnitCore.java:138)
    at org.apache.maven.surefire.junitcore.JUnitCoreWrapper.execute(JUnitCoreWrapper.java:62)
    at org.apache.maven.surefire.junitcore.JUnitCoreProvider.invoke(JUnitCoreProvider.java:139)
    at sun.reflect.NativeMethodAccessorImpl.invoke0(Native Method)
    at sun.reflect.NativeMethodAccessorImpl.invoke(NativeMethodAccessorImpl.java:57)
    at sun.reflect.DelegatingMethodAccessorImpl.invoke(DelegatingMethodAccessorImpl.java:43)
    at java.lang.reflect.Method.invoke(Method.java:606)
    at org.apache.maven.surefire.util.ReflectionUtils.invokeMethodWithArray(ReflectionUtils.java:189)
    at org.apache.maven.surefire.booter.ProviderFactory$ProviderProxy.invoke(ProviderFactory.java:165)
    at org.apache.maven.surefire.booter.ProviderFactory.invokeProvider(ProviderFactory.java:85)
    at org.apache.maven.surefire.booter.ForkedBooter.runSuitesInProcess(ForkedBooter.java:115)
    at org.apache.maven.surefire.booter.ForkedBooter.main(ForkedBooter.java:75)
{code}

looking into it deeper it looks like this is caused by a new cache being installed in the server of __cluster_registry_cache__.

http://ci.infinispan.org/viewLog.html?buildId=8736&buildTypeId=bt8&tab=buildResultsDiv",,,
8826,ISPN-4384,"There was an issue that was just recently fixed for

However there are some other inconsistent failures as seen here
http://ci.infinispan.org/viewLog.html?buildId=8820&tab=buildResultsDiv&buildTypeId=bt8

CacheNotifierImplInitialTransferDistTest.testCreateAfterIterationBeganAndSegmentNotCompleteValueNonOwnerClustered
{code}
java.lang.AssertionError: expected [11] but found [6]
    at org.testng.Assert.fail(Assert.java:94)
    at org.testng.Assert.failNotEquals(Assert.java:494)
    at org.testng.Assert.assertEquals(Assert.java:123)
    at org.testng.Assert.assertEquals(Assert.java:370)
    at org.testng.Assert.assertEquals(Assert.java:380)
    at org.infinispan.notifications.cachelistener.CacheNotifierImplInitialTransferDistTest.testIterationBeganAndSegmentNotComplete(CacheNotifierImplInitialTransferDistTest.java:510)
    at org.infinispan.notifications.cachelistener.CacheNotifierImplInitialTransferDistTest.testCreateAfterIterationBeganAndSegmentNotCompleteValueNonOwnerClustered(CacheNotifierImplInitialTransferDistTest.java:600)
    at sun.reflect.NativeMethodAccessorImpl.invoke0(Native Method)
    at sun.reflect.NativeMethodAccessorImpl.invoke(NativeMethodAccessorImpl.java:57)
    at sun.reflect.DelegatingMethodAccessorImpl.invoke(DelegatingMethodAccessorImpl.java:43)
    at java.lang.reflect.Method.invoke(Method.java:606)
    at org.testng.internal.MethodInvocationHelper.invokeMethod(MethodInvocationHelper.java:80)
    at org.testng.internal.Invoker.invokeMethod(Invoker.java:714)
    at org.testng.internal.Invoker.invokeTestMethod(Invoker.java:901)
    at org.testng.internal.Invoker.invokeTestMethods(Invoker.java:1231)
    at org.testng.internal.TestMethodWorker.invokeTestMethods(TestMethodWorker.java:127)
    at org.testng.internal.TestMethodWorker.run(TestMethodWorker.java:111)
    at org.testng.TestRunner.privateRun(TestRunner.java:767)
    at org.testng.TestRunner.run(TestRunner.java:617)
    at org.testng.SuiteRunner.runTest(SuiteRunner.java:334)
    at org.testng.SuiteRunner.access$000(SuiteRunner.java:37)
    at org.testng.SuiteRunner$SuiteWorker.run(SuiteRunner.java:368)
    at org.testng.internal.thread.ThreadUtil$2.call(ThreadUtil.java:64)
    at java.util.concurrent.FutureTask.run(FutureTask.java:262)
    at java.util.concurrent.ThreadPoolExecutor.runWorker(ThreadPoolExecutor.java:1145)
    at java.util.concurrent.ThreadPoolExecutor$Worker.run(ThreadPoolExecutor.java:615)
    at java.lang.Thread.run(Thread.java:724)
{code}

and  CacheNotifierImplInitialTransferDistTest.testCreateAfterIterationBeganAndSegmentNotCompleteValueOwnerClustered has the same stack trace.",,,
8830,ISPN-4380,"ConfigurationParsers use runtime annotations: @Namespace @Namespaces.

If the parsers are exposed as services in OSGi the annotations are lost because the container will return instances of proxy classes which don't have these annotations.",,,
8874,ISPN-4379,"Server packaging and tests were not upgraded to reflect changes in Hibernate Search 5 and tests are failing with 

{code}
Caused by: java.lang.ClassNotFoundException: org.apache.lucene.search.similarities.Similarity from [Module ""org.hibernate.search.engine:main"" from local module loader @3b58fa97 (finder: local module finder @4eabedf1 (roots: /integration/testsuite/target/server/node1/modules,/integration/testsuite/target/server/node1/modules/system/layers/base))]
at org.jboss.modules.ModuleClassLoader.findClass(ModuleClassLoader.java:213) [jboss-modules.jar:1.3.3.Final]
at org.jboss.modules.ConcurrentClassLoader.performLoadClassUnchecked(ConcurrentClassLoader.java:459) [jboss-modules.jar:1.3.3.Final]
at org.jboss.modules.ConcurrentClassLoader.performLoadClassChecked(ConcurrentClassLoader.java:408) [jboss-modules.jar:1.3.3.Final]
at org.jboss.modules.ConcurrentClassLoader.performLoadClass(ConcurrentClassLoader.java:389) [jboss-modules.jar:1.3.3.Final]
at org.jboss.modules.ConcurrentClassLoader.loadClass(ConcurrentClassLoader.java:134) [jboss-modules.jar:1.3.3.Final]
{code}",,,
8883,ISPN-4376,"Consider the following:
{code}
Cache<K, V> cache = ...;
KeyValueFilter<K, V> filter = ...;
EntryIterator<K, V> entries = cache.getAdvancedCache().withFlags(Flag.CACHE_MODE_LOCAL, Flag.SKIP_CACHE_LOAD).filterEntries(filter);
{code}

One would expect this to return only local, in-memory entries, but it instead returns both entries from remote nodes and from a cache loader, effectively ignoring the configured flags.",,,
8910,ISPN-4374,"In the 7.0 schema, <cache-container/> currently requires both <serialization/> and <jmx/> elements.  Both elements have no required attributes or elements, and thus should not be required.",,,
8911,ISPN-4371,"{quote}
org.infinispan.commons.CacheException: Unable to invoke method protected void org.infinispan.query.backend.QueryInterceptor.start() on object of type QueryInterceptor
    at org.jboss.modules.ModuleClassLoader.findClass(ModuleClassLoader.java:197)
    at org.jboss.modules.ConcurrentClassLoader.performLoadClassUnchecked(ConcurrentClassLoader.java:443)
    at org.jboss.modules.ConcurrentClassLoader.performLoadClassChecked(ConcurrentClassLoader.java:431)
    at org.jboss.modules.ConcurrentClassLoader.performLoadClass(ConcurrentClassLoader.java:373)
    at org.jboss.modules.ConcurrentClassLoader.loadClass(ConcurrentClassLoader.java:118)
    at org.infinispan.query.impl.LifecycleManager.cacheStarted(LifecycleManager.java:132)
    at org.infinispan.factories.ComponentRegistry.start(ComponentRegistry.java:220)
    at org.infinispan.cache.impl.CacheImpl.start(CacheImpl.java:699)
    at org.infinispan.manager.DefaultCacheManager.wireAndStartCache(DefaultCacheManager.java:573)
    at org.infinispan.manager.DefaultCacheManager.createCache(DefaultCacheManager.java:528)
    at org.infinispan.manager.DefaultCacheManager.getCache(DefaultCacheManager.java:408)
    at org.infinispan.registry.impl.ClusterRegistryImpl.startRegistryCache(ClusterRegistryImpl.java:146)
    at org.infinispan.registry.impl.ClusterRegistryImpl.addListener(ClusterRegistryImpl.java:107)
    at org.infinispan.query.backend.ReadIntensiveClusterRegistryWrapper.addListener(ReadIntensiveClusterRegistryWrapper.java:43)
    at org.infinispan.query.backend.QueryInterceptor.start(QueryInterceptor.java:117)
    at sun.reflect.NativeMethodAccessorImpl.invoke0(Native Method)
    at sun.reflect.NativeMethodAccessorImpl.invoke(NativeMethodAccessorImpl.java:57)
    at sun.reflect.DelegatingMethodAccessorImpl.invoke(DelegatingMethodAccessorImpl.java:43)
    at java.lang.reflect.Method.invoke(Method.java:606)
    at org.infinispan.commons.util.ReflectionUtil.invokeAccessibly(ReflectionUtil.java:168)
    at org.infinispan.factories.AbstractComponentRegistry$PrioritizedMethod.invoke(AbstractComponentRegistry.java:869)
    at org.infinispan.factories.AbstractComponentRegistry.invokeStartMethods(AbstractComponentRegistry.java:638)
    at org.infinispan.factories.AbstractComponentRegistry.internalStart(AbstractComponentRegistry.java:627)
    at org.infinispan.factories.AbstractComponentRegistry.start(AbstractComponentRegistry.java:530)
    at org.infinispan.factories.ComponentRegistry.start(ComponentRegistry.java:216)
    at org.infinispan.cache.impl.CacheImpl.start(CacheImpl.java:699)
    at org.infinispan.manager.DefaultCacheManager.wireAndStartCache(DefaultCacheManager.java:573)
    at org.infinispan.manager.DefaultCacheManager.createCache(DefaultCacheManager.java:528)
    at org.infinispan.manager.DefaultCacheManager.getCache(DefaultCacheManager.java:408)
    at org.infinispan.manager.DefaultCacheManager.getCache(DefaultCacheManager.java:381)
    at org.infinispan.test.integration.as.InfinispanQueryIT.testCacheManager(InfinispanQueryIT.java:58)
------- Stdout: -------
&amp#27;[0m09:29:53,303 INFO  [org.wildfly.extension.undertow] (MSC service thread 1-1) JBAS017535: Unregistered web context: /leveldb
&amp#27;[0m&amp#27;[0m09:29:53,323 INFO  [org.jboss.as.server.deployment] (MSC service thread 1-2) JBAS015877: Stopped deployment leveldb.war (runtime-name: leveldb.war) in 23ms
&amp#27;[0m&amp#27;[0m09:29:53,382 INFO  [org.jboss.as.repository] (management-handler-thread - 4) JBAS014901: Content removed from location /mnt/ebs/TeamCity/buildAgent/work/masterjdk7/integrationtests/as-integration-embedded/target/wildfly-8.0.0.Final/standalone/data/content/13/1b0348254633b1b9bbeea2da1ad3473f5bd06c/content
&amp#27;[0m&amp#27;[0m09:29:53,382 INFO  [org.jboss.as.server] (management-handler-thread - 4) JBAS018558: Undeployed ""leveldb.war"" (runtime-name: ""leveldb.war"")
&amp#27;[0m&amp#27;[0m09:29:53,524 INFO  [org.jboss.as.repository] (management-handler-thread - 1) JBAS014900: Content added at location /mnt/ebs/TeamCity/buildAgent/work/masterjdk7/integrationtests/as-integration-embedded/target/wildfly-8.0.0.Final/standalone/data/content/c5/eb253ce4fdec1e33a96eabbe90d2c00b9eb428/content
&amp#27;[0m&amp#27;[0m09:29:53,527 INFO  [org.jboss.as.server.deployment] (MSC service thread 1-1) JBAS015876: Starting deployment of ""query.war"" (runtime-name: ""query.war"")
&amp#27;[0m&amp#27;[33m09:29:53,584 WARN  [org.jboss.as.dependency.private] (MSC service thread 1-2) JBAS018567: Deployment ""deployment.query.war"" is using a private module (""org.wildfly.security.manager:main"") which may be changed or removed in future versions without notice.
&amp#27;[0m&amp#27;[0m09:29:53,615 INFO  [org.jboss.as.arquillian] (MSC service thread 1-2) Arquillian deployment detected: ArquillianConfig[service=jboss.arquillian.config.""query.war"",unit=query.war,tests=[org.infinispan.test.integration.as.InfinispanQueryIT]]
&amp#27;[0m&amp#27;[0m09:29:53,635 INFO  [org.wildfly.extension.undertow] (MSC service thread 1-3) JBAS017534: Registered web context: /query
&amp#27;[0m&amp#27;[0m09:29:53,698 INFO  [org.jboss.as.server] (management-handler-thread - 1) JBAS018559: Deployed ""query.war"" (runtime-name : ""query.war"")
&amp#27;[0m&amp#27;[0m09:29:53,757 INFO  [org.jboss.arquillian.testenricher.cdi.container.BeanManagerProducer] (pool-1-thread-2) BeanManager not found.
&amp#27;[0m&amp#27;[0m09:29:53,872 INFO  [org.infinispan.query.impl.LifecycleManager] (pool-1-thread-2) ISPN014003: Registering Query interceptor
&amp#27;[0m&amp#27;[0m09:29:53,903 INFO  [org.hibernate.search.Version] (pool-1-thread-2) HSEARCH000034: Hibernate Search 4.5.0.Final
&amp#27;[0m&amp#27;[0m09:29:53,931 INFO  [org.hibernate.annotations.common.Version] (pool-1-thread-2) HCANN000001: Hibernate Commons Annotations {4.0.4.Final}
&amp#27;[0m&amp#27;[31m09:29:54,045 SEVERE [org.jboss.arquillian.protocol.jmx.JMXTestRunner] (pool-1-thread-2) Failed: org.infinispan.test.integration.as.InfinispanQueryIT.testCacheManager: org.infinispan.commons.CacheException: Unable to invoke method protected void org.infinispan.query.backend.QueryInterceptor.start() on object of type QueryInterceptor
    at org.infinispan.commons.util.ReflectionUtil.invokeAccessibly(ReflectionUtil.java:170) [infinispan-commons.jar:7.0.0-SNAPSHOT]
    at org.infinispan.factories.AbstractComponentRegistry$PrioritizedMethod.invoke(AbstractComponentRegistry.java:869) [infinispan-core.jar:7.0.0-SNAPSHOT]
    at org.infinispan.factories.AbstractComponentRegistry.invokeStartMethods(AbstractComponentRegistry.java:638) [infinispan-core.jar:7.0.0-SNAPSHOT]
    at org.infinispan.factories.AbstractComponentRegistry.internalStart(AbstractComponentRegistry.java:627) [infinispan-core.jar:7.0.0-SNAPSHOT]
    at org.infinispan.factories.AbstractComponentRegistry.start(AbstractComponentRegistry.java:530) [infinispan-core.jar:7.0.0-SNAPSHOT]
    at org.infinispan.factories.ComponentRegistry.start(ComponentRegistry.java:216) [infinispan-core.jar:7.0.0-SNAPSHOT]
    at org.infinispan.cache.impl.CacheImpl.start(CacheImpl.java:699) [infinispan-core.jar:7.0.0-SNAPSHOT]
    at org.infinispan.manager.DefaultCacheManager.wireAndStartCache(DefaultCacheManager.java:573) [infinispan-core.jar:7.0.0-SNAPSHOT]
    at org.infinispan.manager.DefaultCacheManager.createCache(DefaultCacheManager.java:528) [infinispan-core.jar:7.0.0-SNAPSHOT]
    at org.infinispan.manager.DefaultCacheManager.getCache(DefaultCacheManager.java:408) [infinispan-core.jar:7.0.0-SNAPSHOT]
    at org.infinispan.manager.DefaultCacheManager.getCache(DefaultCacheManager.java:381) [infinispan-core.jar:7.0.0-SNAPSHOT]
    at org.infinispan.test.integration.as.InfinispanQueryIT.testCacheManager(InfinispanQueryIT.java:58) [classes:]
    at sun.reflect.NativeMethodAccessorImpl.invoke0(Native Method) [rt.jar:1.7.0_40]
    at sun.reflect.NativeMethodAccessorImpl.invoke(NativeMethodAccessorImpl.java:57) [rt.jar:1.7.0_40]
    at sun.reflect.DelegatingMethodAccessorImpl.invoke(DelegatingMethodAccessorImpl.java:43) [rt.jar:1.7.0_40]
    at java.lang.reflect.Method.invoke(Method.java:606) [rt.jar:1.7.0_40]
    at org.junit.runners.model.FrameworkMethod$1.runReflectiveCall(FrameworkMethod.java:47) [arquillian-service:]
    at org.junit.internal.runners.model.ReflectiveCallable.run(ReflectiveCallable.java:12) [arquillian-service:]
    at org.junit.runners.model.FrameworkMethod.invokeExplosively(FrameworkMethod.java:44) [arquillian-service:]
    at org.jboss.arquillian.junit.Arquillian$6$1.invoke(Arquillian.java:270) [arquillian-service:]
    at org.jboss.arquillian.container.test.impl.execution.LocalTestExecuter.execute(LocalTestExecuter.java:60) [arquillian-service:]
    at sun.reflect.NativeMethodAccessorImpl.invoke0(Native Method) [rt.jar:1.7.0_40]
    at sun.reflect.NativeMethodAccessorImpl.invoke(NativeMethodAccessorImpl.java:57) [rt.jar:1.7.0_40]
    at sun.reflect.DelegatingMethodAccessorImpl.invoke(DelegatingMethodAccessorImpl.java:43) [rt.jar:1.7.0_40]
    at java.lang.reflect.Method.invoke(Method.java:606) [rt.jar:1.7.0_40]
    at org.jboss.arquillian.core.impl.ObserverImpl.invoke(ObserverImpl.java:94) [arquillian-service:]
    at org.jboss.arquillian.core.impl.EventContextImpl.invokeObservers(EventContextImpl.java:99) [arquillian-service:]
    at org.jboss.arquillian.core.impl.EventContextImpl.proceed(EventContextImpl.java:81) [arquillian-service:]
    at org.jboss.arquillian.core.impl.ManagerImpl.fire(ManagerImpl.java:135) [arquillian-service:]
    at org.jboss.arquillian.core.impl.ManagerImpl.fire(ManagerImpl.java:115) [arquillian-service:]
    at org.jboss.arquillian.core.impl.EventImpl.fire(EventImpl.java:67) [arquillian-service:]
    at org.jboss.arquillian.container.test.impl.execution.ContainerTestExecuter.execute(ContainerTestExecuter.java:38) [arquillian-service:]
    at sun.reflect.NativeMethodAccessorImpl.invoke0(Native Method) [rt.jar:1.7.0_40]
    at sun.reflect.NativeMethodAccessorImpl.invoke(NativeMethodAccessorImpl.java:57) [rt.jar:1.7.0_40]
    at sun.reflect.DelegatingMethodAccessorImpl.invoke(DelegatingMethodAccessorImpl.java:43) [rt.jar:1.7.0_40]
    at java.lang.reflect.Method.invoke(Method.java:606) [rt.jar:1.7.0_40]
    at org.jboss.arquillian.core.impl.ObserverImpl.invoke(ObserverImpl.java:94) [arquillian-service:]
    at org.jboss.arquillian.core.impl.EventContextImpl.invokeObservers(EventContextImpl.java:99) [arquillian-service:]
    at org.jboss.arquillian.core.impl.EventContextImpl.proceed(EventContextImpl.java:81) [arquillian-service:]
    at org.jboss.arquillian.test.impl.TestContextHandler.createTestContext(TestContextHandler.java:89) [arquillian-service:]
    at sun.reflect.GeneratedMethodAccessor23.invoke(Unknown Source) [:1.7.0_40]
    at sun.reflect.DelegatingMethodAccessorImpl.invoke(DelegatingMethodAccessorImpl.java:43) [rt.jar:1.7.0_40]
    at java.lang.reflect.Method.invoke(Method.java:606) [rt.jar:1.7.0_40]
    at org.jboss.arquillian.core.impl.ObserverImpl.invoke(ObserverImpl.java:94) [arquillian-service:]
    at org.jboss.arquillian.core.impl.EventContextImpl.proceed(EventContextImpl.java:88) [arquillian-service:]
    at org.jboss.arquillian.test.impl.TestContextHandler.createClassContext(TestContextHandler.java:75) [arquillian-service:]
    at sun.reflect.GeneratedMethodAccessor22.invoke(Unknown Source) [:1.7.0_40]
    at sun.reflect.DelegatingMethodAccessorImpl.invoke(DelegatingMethodAccessorImpl.java:43) [rt.jar:1.7.0_40]
    at java.lang.reflect.Method.invoke(Method.java:606) [rt.jar:1.7.0_40]
    at org.jboss.arquillian.core.impl.ObserverImpl.invoke(ObserverImpl.java:94) [arquillian-service:]
    at org.jboss.arquillian.core.impl.EventContextImpl.proceed(EventContextImpl.java:88) [arquillian-service:]
    at org.jboss.arquillian.test.impl.TestContextHandler.createSuiteContext(TestContextHandler.java:60) [arquillian-service:]
    at sun.reflect.GeneratedMethodAccessor21.invoke(Unknown Source) [:1.7.0_40]
    at sun.reflect.DelegatingMethodAccessorImpl.invoke(DelegatingMethodAccessorImpl.java:43) [rt.jar:1.7.0_40]
    at java.lang.reflect.Method.invoke(Method.java:606) [rt.jar:1.7.0_40]
    at org.jboss.arquillian.core.impl.ObserverImpl.invoke(ObserverImpl.java:94) [arquillian-service:]
    at org.jboss.arquillian.core.impl.EventContextImpl.proceed(EventContextImpl.java:88) [arquillian-service:]
    at org.jboss.arquillian.core.impl.ManagerImpl.fire(ManagerImpl.java:135) [arquillian-service:]
    at org.jboss.arquillian.test.impl.EventTestRunnerAdaptor.test(EventTestRunnerAdaptor.java:111) [arquillian-service:]
    at org.jboss.arquillian.junit.Arquillian$6.evaluate(Arquillian.java:263) [arquillian-service:]
    at org.jboss.arquillian.junit.Arquillian$4.evaluate(Arquillian.java:226) [arquillian-service:]
    at org.jboss.arquillian.junit.Arquillian.multiExecute(Arquillian.java:314) [arquillian-service:]
    at org.jboss.arquillian.junit.Arquillian.access$100(Arquillian.java:46) [arquillian-service:]
    at org.jboss.arquillian.junit.Arquillian$5.evaluate(Arquillian.java:240) [arquillian-service:]
    at org.junit.runners.ParentRunner.runLeaf(ParentRunner.java:271) [arquillian-service:]
    at org.junit.runners.BlockJUnit4ClassRunner.runChild(BlockJUnit4ClassRunner.java:70) [arquillian-service:]
    at org.junit.runners.BlockJUnit4ClassRunner.runChild(BlockJUnit4ClassRunner.java:50) [arquillian-service:]
    at org.junit.runners.ParentRunner$3.run(ParentRunner.java:238) [arquillian-service:]
    at org.junit.runners.ParentRunner$1.schedule(ParentRunner.java:63) [arquillian-service:]
    at org.junit.runners.ParentRunner.runChildren(ParentRunner.java:236) [arquillian-service:]
    at org.junit.runners.ParentRunner.access$000(ParentRunner.java:53) [arquillian-service:]
    at org.junit.runners.ParentRunner$2.evaluate(ParentRunner.java:229) [arquillian-service:]
    at org.jboss.arquillian.junit.Arquillian$2.evaluate(Arquillian.java:185) [arquillian-service:]
    at org.jboss.arquillian.junit.Arquillian.multiExecute(Arquillian.java:314) [arquillian-service:]
    at org.jboss.arquillian.junit.Arquillian.access$100(Arquillian.java:46) [arquillian-service:]
    at org.jboss.arquillian.junit.Arquillian$3.evaluate(Arquillian.java:199) [arquillian-service:]
    at org.junit.runners.ParentRunner.run(ParentRunner.java:309) [arquillian-service:]
    at org.jboss.arquillian.junit.Arquillian.run(Arquillian.java:147) [arquillian-service:]
    at org.junit.runner.JUnitCore.run(JUnitCore.java:160) [arquillian-service:]
    at org.junit.runner.JUnitCore.run(JUnitCore.java:138) [arquillian-service:]
    at org.jboss.arquillian.junit.container.JUnitTestRunner.execute(JUnitTestRunner.java:65) [arquillian-service:]
    at org.jboss.arquillian.protocol.jmx.JMXTestRunner.runTestMethodInternal(JMXTestRunner.java:129) [arquillian-service:]
    at org.jboss.arquillian.protocol.jmx.JMXTestRunner.runTestMethod(JMXTestRunner.java:108) [arquillian-service:]
    at org.jboss.as.arquillian.service.ArquillianService$ExtendedJMXTestRunner.runTestMethod(ArquillianService.java:212) [arquillian-service:]
    at sun.reflect.NativeMethodAccessorImpl.invoke0(Native Method) [rt.jar:1.7.0_40]
    at sun.reflect.NativeMethodAccessorImpl.invoke(NativeMethodAccessorImpl.java:57) [rt.jar:1.7.0_40]
    at sun.reflect.DelegatingMethodAccessorImpl.invoke(DelegatingMethodAccessorImpl.java:43) [rt.jar:1.7.0_40]
    at java.lang.reflect.Method.invoke(Method.java:606) [rt.jar:1.7.0_40]
    at sun.reflect.misc.Trampoline.invoke(MethodUtil.java:75) [rt.jar:1.7.0_40]
    at sun.reflect.NativeMethodAccessorImpl.invoke0(Native Method) [rt.jar:1.7.0_40]
    at sun.reflect.NativeMethodAccessorImpl.invoke(NativeMethodAccessorImpl.java:57) [rt.jar:1.7.0_40]
    at sun.reflect.DelegatingMethodAccessorImpl.invoke(DelegatingMethodAccessorImpl.java:43) [rt.jar:1.7.0_40]
    at java.lang.reflect.Method.invoke(Method.java:606) [rt.jar:1.7.0_40]
    at sun.reflect.misc.MethodUtil.invoke(MethodUtil.java:279) [rt.jar:1.7.0_40]
    at com.sun.jmx.mbeanserver.StandardMBeanIntrospector.invokeM2(StandardMBeanIntrospector.java:112) [rt.jar:1.7.0_40]
    at com.sun.jmx.mbeanserver.StandardMBeanIntrospector.invokeM2(StandardMBeanIntrospector.java:46) [rt.jar:1.7.0_40]
    at com.sun.jmx.mbeanserver.MBeanIntrospector.invokeM(MBeanIntrospector.java:237) [rt.jar:1.7.0_40]
    at com.sun.jmx.mbeanserver.PerInterface.invoke(PerInterface.java:138) [rt.jar:1.7.0_40]
    at com.sun.jmx.mbeanserver.MBeanSupport.invoke(MBeanSupport.java:252) [rt.jar:1.7.0_40]
    at com.sun.jmx.interceptor.DefaultMBeanServerInterceptor.invoke(DefaultMBeanServerInterceptor.java:819) [rt.jar:1.7.0_40]
    at com.sun.jmx.mbeanserver.JmxMBeanServer.invoke(JmxMBeanServer.java:801) [rt.jar:1.7.0_40]
    at org.jboss.as.jmx.PluggableMBeanServerImpl$TcclMBeanServer.invoke(PluggableMBeanServerImpl.java:1454)
    at org.jboss.as.jmx.PluggableMBeanServerImpl.invoke(PluggableMBeanServerImpl.java:732)
    at org.jboss.remotingjmx.protocol.v2.ServerProxy$InvokeHandler.handle(ServerProxy.java:952)
    at org.jboss.remotingjmx.protocol.v2.ServerCommon$MessageReciever$1$1.run(ServerCommon.java:153)
    at org.jboss.as.jmx.ServerInterceptorFactory$Interceptor$1.run(ServerInterceptorFactory.java:75)
    at org.jboss.as.jmx.ServerInterceptorFactory$Interceptor$1.run(ServerInterceptorFactory.java:70)
    at java.security.AccessController.doPrivileged(Native Method) [rt.jar:1.7.0_40]
    at javax.security.auth.Subject.doAs(Subject.java:415) [rt.jar:1.7.0_40]
    at org.jboss.as.controller.AccessAuditContext.doAs(AccessAuditContext.java:94)
    at org.jboss.as.jmx.ServerInterceptorFactory$Interceptor.handleEvent(ServerInterceptorFactory.java:70)
    at org.jboss.remotingjmx.protocol.v2.ServerCommon$MessageReciever$1.run(ServerCommon.java:149)
    at java.util.concurrent.ThreadPoolExecutor.runWorker(ThreadPoolExecutor.java:1145) [rt.jar:1.7.0_40]
    at java.util.concurrent.ThreadPoolExecutor$Worker.run(ThreadPoolExecutor.java:615) [rt.jar:1.7.0_40]
    at java.lang.Thread.run(Thread.java:724) [rt.jar:1.7.0_40]
Caused by: java.lang.NoClassDefFoundError: org/infinispan/objectfilter/impl/ReflectionMatcher
    at org.infinispan.query.impl.LifecycleManager.cacheStarted(LifecycleManager.java:132) [infinispan-query.jar:7.0.0-SNAPSHOT]
    at org.infinispan.factories.ComponentRegistry.start(ComponentRegistry.java:220) [infinispan-core.jar:7.0.0-SNAPSHOT]
    at org.infinispan.cache.impl.CacheImpl.start(CacheImpl.java:699) [infinispan-core.jar:7.0.0-SNAPSHOT]
    at org.infinispan.manager.DefaultCacheManager.wireAndStartCache(DefaultCacheManager.java:573) [infinispan-core.jar:7.0.0-SNAPSHOT]
    at org.infinispan.manager.DefaultCacheManager.createCache(DefaultCacheManager.java:528) [infinispan-core.jar:7.0.0-SNAPSHOT]
    at org.infinispan.manager.DefaultCacheManager.getCache(DefaultCacheManager.java:408) [infinispan-core.jar:7.0.0-SNAPSHOT]
    at org.infinispan.registry.impl.ClusterRegistryImpl.startRegistryCache(ClusterRegistryImpl.java:146) [infinispan-core.jar:7.0.0-SNAPSHOT]
    at org.infinispan.registry.impl.ClusterRegistryImpl.addListener(ClusterRegistryImpl.java:107) [infinispan-core.jar:7.0.0-SNAPSHOT]
    at org.infinispan.query.backend.ReadIntensiveClusterRegistryWrapper.addListener(ReadIntensiveClusterRegistryWrapper.java:43) [infinispan-query.jar:7.0.0-SNAPSHOT]
    at org.infinispan.query.backend.QueryInterceptor.start(QueryInterceptor.java:117) [infinispan-query.jar:7.0.0-SNAPSHOT]
    at sun.reflect.NativeMethodAccessorImpl.invoke0(Native Method) [rt.jar:1.7.0_40]
    at sun.reflect.NativeMethodAccessorImpl.invoke(NativeMethodAccessorImpl.java:57) [rt.jar:1.7.0_40]
    at sun.reflect.DelegatingMethodAccessorImpl.invoke(DelegatingMethodAccessorImpl.java:43) [rt.jar:1.7.0_40]
    at java.lang.reflect.Method.invoke(Method.java:606) [rt.jar:1.7.0_40]
    at org.infinispan.commons.util.ReflectionUtil.invokeAccessibly(ReflectionUtil.java:168) [infinispan-commons.jar:7.0.0-SNAPSHOT]
    ... 114 more
Caused by: java.lang.ClassNotFoundException: org.infinispan.objectfilter.impl.ReflectionMatcher from [Module ""org.infinispan.query:ispn-7.0"" from local module loader @25c6ca49 (finder: local module finder @1e0a91ff (roots: /mnt/ebs/TeamCity/buildAgent/work/masterjdk7/integrationtests/as-integration-embedded/target/wildfly-8.0.0.Final/modules,/mnt/ebs/TeamCity/buildAgent/work/masterjdk7/integrationtests/as-integration-embedded/target/wildfly-8.0.0.Final/modules/system/layers/base))]
    at org.jboss.modules.ModuleClassLoader.findClass(ModuleClassLoader.java:197) [jboss-modules.jar:1.3.0.Final]
    at org.jboss.modules.ConcurrentClassLoader.performLoadClassUnchecked(ConcurrentClassLoader.java:443) [jboss-modules.jar:1.3.0.Final]
    at org.jboss.modules.ConcurrentClassLoader.performLoadClassChecked(ConcurrentClassLoader.java:431) [jboss-modules.jar:1.3.0.Final]
    at org.jboss.modules.ConcurrentClassLoader.performLoadClass(ConcurrentClassLoader.java:373) [jboss-modules.jar:1.3.0.Final]
    at org.jboss.modules.ConcurrentClassLoader.loadClass(ConcurrentClassLoader.java:118) [jboss-modules.jar:1.3.0.Final]
    ... 129 more
{quote}",,,
8917,ISPN-4370,"Random failures in {{testModificationAfterIterationBeganAndSegmentNotCompleteValueOwnerClustered}} and {{testRemoveAfterIterationBeganAndSegmentNotCompleteValueOwnerClustered}}.

{noformat}
java.lang.AssertionError: There was no matching create event for key key-1 expected [true] but found [false]
	at org.testng.Assert.fail(Assert.java:94)
	at org.testng.Assert.failNotEquals(Assert.java:494)
	at org.testng.Assert.assertTrue(Assert.java:42)
	at org.infinispan.notifications.cachelistener.CacheNotifierImplInitialTransferDistTest.testIterationBeganAndSegmentNotComplete(CacheNotifierImplInitialTransferDistTest.java:542)
	at org.infinispan.notifications.cachelistener.CacheNotifierImplInitialTransferDistTest.testRemoveAfterIterationBeganAndSegmentNotCompleteValueOwnerClustered(CacheNotifierImplInitialTransferDistTest.java:655)
{noformat}

{noformat}
java.lang.AssertionError: There was no matching create event for key key-1 expected [true] but found [false]
	at org.testng.Assert.fail(Assert.java:94)
	at org.testng.Assert.failNotEquals(Assert.java:494)
	at org.testng.Assert.assertTrue(Assert.java:42)
	at org.infinispan.notifications.cachelistener.CacheNotifierImplInitialTransferDistTest.testIterationBeganAndSegmentNotComplete(CacheNotifierImplInitialTransferDistTest.java:542)
	at org.infinispan.notifications.cachelistener.CacheNotifierImplInitialTransferDistTest.testRemoveAfterIterationBeganAndSegmentNotCompleteValueOwnerClustered(CacheNotifierImplInitialTransferDistTest.java:655)
{noformat}
",,,
8918,ISPN-4368,"{{testStateTransferInBetweenPrepareCommitWithPutCreate}} sometimes fails because the state transfer doesn't finish in time:

{noformat}
java.lang.RuntimeException: Timed out waiting for rebalancing to complete on node NodeBN-23267, current topology is CacheTopology{id=6, currentCH=DefaultConsistentHash{numSegments=60, numOwners=2, members=[NodeBM-52725, NodeBN-23267]}, pendingCH=DefaultConsistentHash{numSegments=60, numOwners=2, members=[NodeBM-52725, NodeBN-23267]}, unionCH=DefaultConsistentHash{numSegments=60, numOwners=2, members=[NodeBM-52725, NodeBN-23267]}}
	at org.infinispan.test.TestingUtil.waitForRehashToComplete(TestingUtil.java:214)
	at org.infinispan.distribution.rehash.BaseTxStateTransferOverwriteTest.doStateTransferInBetweenPrepareCommit(BaseTxStateTransferOverwriteTest.java:265)
	at org.infinispan.distribution.rehash.BaseTxStateTransferOverwriteTest.testStateTransferInBetweenPrepareCommitWithPutCreate(BaseTxStateTransferOverwriteTest.java:94)
{noformat}

The problem seems to be that the test intends to block the {{PUT_CREATE}} command on the primary owner of the test key, but it sometimes also blocks the state transfer put for the {{placeholder}} key - depending on which node was the backup owner of the {{placeholder}} key.

The purpose of the {{placeholder}} key is also not very clear, we should add a comment how we expect the presence of another entry to interact with the tx / operation in progress.",,,
8919,ISPN-4361,Change the DefaultAuditLogger to use a MessageLogger and only show the first non-group principal,,,
8922,ISPN-4355,"Since the JGroups 3.5.0.Beta7 upgrade, TEST_PING always times out when starting the first node. The reason is that Responses class introduced in the JGRP-1826 fix is intended to work with asynchronous discovery protocols, and it requires an explicit call to {{done()}} to confirm that the list of responses is complete.",,,
8923,ISPN-4354,"JGroups cannot find custom classes that are used as keys or values. The stacktrace looks like this:
{code}
Caused by: java.lang.ClassNotFoundException: org.infinispan.it.osgi.tx.CustomObjectsReplicatedCacheTest$Person not found by org.jgroups [61]
	at org.apache.felix.framework.BundleWiringImpl.findClassOrResourceByDelegation(BundleWiringImpl.java:1460)
	at org.apache.felix.framework.BundleWiringImpl.access$400(BundleWiringImpl.java:72)
	at org.apache.felix.framework.BundleWiringImpl$BundleClassLoader.loadClass(BundleWiringImpl.java:1843)
	at java.lang.ClassLoader.loadClass(ClassLoader.java:356)
	at java.lang.Class.forName0(Native Method)
	at java.lang.Class.forName(Class.java:266)
	at org.jboss.marshalling.AbstractClassResolver.loadClass(AbstractClassResolver.java:131)
	at org.jboss.marshalling.AbstractClassResolver.resolveClass(AbstractClassResolver.java:112)
	at org.jboss.marshalling.river.RiverUnmarshaller.doReadClassDescriptor(RiverUnmarshaller.java:943)
	at org.jboss.marshalling.river.RiverUnmarshaller.doReadNewObject(RiverUnmarshaller.java:1239)
	at org.jboss.marshalling.river.RiverUnmarshaller.doReadObject(RiverUnmarshaller.java:272)
	at org.jboss.marshalling.river.RiverUnmarshaller.doReadObject(RiverUnmarshaller.java:209)
	at org.jboss.marshalling.AbstractObjectInput.readObject(AbstractObjectInput.java:41)
	at org.infinispan.container.entries.ImmortalCacheEntry$Externalizer.readObject(ImmortalCacheEntry.java:152)
	at org.infinispan.container.entries.ImmortalCacheEntry$Externalizer.readObject(ImmortalCacheEntry.java:142)
	at org.infinispan.marshall.core.ExternalizerTable$ExternalizerAdapter.readObject(ExternalizerTable.java:406)
	at org.infinispan.marshall.core.ExternalizerTable.readObject(ExternalizerTable.java:213)
	at org.infinispan.marshall.core.JBossMarshaller$ExternalizerTableProxy.readObject(JBossMarshaller.java:148)
	at org.jboss.marshalling.river.RiverUnmarshaller.doReadObject(RiverUnmarshaller.java:351)
	at org.jboss.marshalling.river.RiverUnmarshaller.doReadObject(RiverUnmarshaller.java:209)
	at org.jboss.marshalling.AbstractObjectInput.readObject(AbstractObjectInput.java:41)
	at org.infinispan.marshall.exts.ListExternalizer.readObject(ListExternalizer.java:62)
	at org.infinispan.marshall.exts.ListExternalizer.readObject(ListExternalizer.java:26)
	at org.infinispan.marshall.core.ExternalizerTable$ExternalizerAdapter.readObject(ExternalizerTable.java:406)
	at org.infinispan.marshall.core.ExternalizerTable.readObject(ExternalizerTable.java:213)
	at org.infinispan.marshall.core.JBossMarshaller$ExternalizerTableProxy.readObject(JBossMarshaller.java:148)
	at org.jboss.marshalling.river.RiverUnmarshaller.doReadObject(RiverUnmarshaller.java:351)
	at org.jboss.marshalling.river.RiverUnmarshaller.doReadObject(RiverUnmarshaller.java:209)
	at org.jboss.marshalling.AbstractObjectInput.readObject(AbstractObjectInput.java:41)
	at org.infinispan.statetransfer.StateChunk$Externalizer.readObject(StateChunk.java:88)
	at org.infinispan.statetransfer.StateChunk$Externalizer.readObject(StateChunk.java:65)
	at org.infinispan.marshall.core.ExternalizerTable$ExternalizerAdapter.readObject(ExternalizerTable.java:406)
	at org.infinispan.marshall.core.ExternalizerTable.readObject(ExternalizerTable.java:213)
	at org.infinispan.marshall.core.JBossMarshaller$ExternalizerTableProxy.readObject(JBossMarshaller.java:148)
	at org.jboss.marshalling.river.RiverUnmarshaller.doReadObject(RiverUnmarshaller.java:351)
	at org.jboss.marshalling.river.RiverUnmarshaller.doReadObject(RiverUnmarshaller.java:209)
	at org.jboss.marshalling.AbstractObjectInput.readObject(AbstractObjectInput.java:41)
	at org.infinispan.marshall.exts.ListExternalizer.readObject(ListExternalizer.java:62)
	at org.infinispan.marshall.exts.ListExternalizer.readObject(ListExternalizer.java:26)
	at org.infinispan.marshall.core.ExternalizerTable$ExternalizerAdapter.readObject(ExternalizerTable.java:406)
	at org.infinispan.marshall.core.ExternalizerTable.readObject(ExternalizerTable.java:213)
	at org.infinispan.marshall.core.JBossMarshaller$ExternalizerTableProxy.readObject(JBossMarshaller.java:148)
	at org.jboss.marshalling.river.RiverUnmarshaller.doReadObject(RiverUnmarshaller.java:351)
	at org.jboss.marshalling.river.RiverUnmarshaller.doReadObject(RiverUnmarshaller.java:209)
	at org.jboss.marshalling.AbstractObjectInput.readObject(AbstractObjectInput.java:41)
	at org.infinispan.marshall.exts.ReplicableCommandExternalizer.readParameters(ReplicableCommandExternalizer.java:100)
	at org.infinispan.marshall.exts.CacheRpcCommandExternalizer.readObject(CacheRpcCommandExternalizer.java:153)
	at org.infinispan.marshall.exts.CacheRpcCommandExternalizer.readObject(CacheRpcCommandExternalizer.java:64)
	at org.infinispan.marshall.core.ExternalizerTable$ExternalizerAdapter.readObject(ExternalizerTable.java:406)
	at org.infinispan.marshall.core.ExternalizerTable.readObject(ExternalizerTable.java:213)
	at org.infinispan.marshall.core.JBossMarshaller$ExternalizerTableProxy.readObject(JBossMarshaller.java:148)
	at org.jboss.marshalling.river.RiverUnmarshaller.doReadObject(RiverUnmarshaller.java:351)
	at org.jboss.marshalling.river.RiverUnmarshaller.doReadObject(RiverUnmarshaller.java:209)
	at org.jboss.marshalling.AbstractObjectInput.readObject(AbstractObjectInput.java:41)
	at org.infinispan.commons.marshall.jboss.AbstractJBossMarshaller.objectFromObjectStream(AbstractJBossMarshaller.java:135)
	at org.infinispan.marshall.core.VersionAwareMarshaller.objectFromByteBuffer(VersionAwareMarshaller.java:101)
	at org.infinispan.commons.marshall.AbstractDelegatingMarshaller.objectFromByteBuffer(AbstractDelegatingMarshaller.java:80)
	at org.infinispan.remoting.transport.jgroups.MarshallerAdapter.objectFromBuffer(MarshallerAdapter.java:28)
	at org.infinispan.remoting.transport.jgroups.CommandAwareRpcDispatcher.handle(CommandAwareRpcDispatcher.java:204)
	... 24 more

{code}",,,
8927,ISPN-4350,It currently uses the OGM range.,,,
8929,ISPN-4347,"Geronimo is now being added to the classpath of all modules, creating ambiguity both as a JTA implementor and by providing duplicate definitions of the API.

We should actually never add dependency to the parent of all modules, as a module can not exclude it.",,,
8931,ISPN-4345,new Marshaller IDs assigned to the Query module are reserved by Hibernate OGM,,,
8939,ISPN-4342,Some poms erroneously define <parallel>false</parallel> instead of <parallel>none</parallel>,,,
8946,ISPN-4337,"""chmod +x"" and ""./standalone.sh"" are both spawned because of this ""./standalone.sh"" can execute before the chmod and fail with:

[ERROR] Failed to execute goal org.apache.maven.plugins:maven-antrun-plugin:1.7:run (infinispan-server-startup) on project infinispan-as-module-client-integrationtests: An Ant BuildException has occured: Execute failed: java.io.IOException: Cannot run program ""/home/comp_/cc/infinispan/infinispan/integrationtests/as-integration-client/target/server/bin/standalone.sh"" (in directory ""/home/comp_/cc/infinispan/infinispan/integrationtests/as-integration-client""): error=13, Permission denied
[ERROR] around Ant part ...<exec spawn=""true"" executable=""/home/comp_/cc/infinispan/infinispan/integrationtests/as-integration-client/target/server/bin/standalone.sh"" osfamily=""unix"">... @ 10:159 in /home/comp_/cc/infinispan/infinispan/integrationtests/as-integration-client/target/antrun/build-main.xml",,,
8948,ISPN-4336,"When running ""mvn -DskipTests clean install"" you will see in the log something similar:

     [echo] Starting Infinispan server from /home/comp_/cc/infinispan/infinispan/integrationtests/as-integration-client/target/server
     [echo] Waiting for Infinispan server to start
     [echo] Infinispan server started",,,
8950,ISPN-4329,"onStart() should be called exactly once, at the beginning of the parse process of the top-level message but it is actually called also every time a nested message is parsed. This was harmless until now because none of our handlers performed anything in onStart().",,,
8952,ISPN-4323,"Following tests fail with TImeout exception
org.infinispan.api.ConditionalOperationsConcurrentWriteSkewTest.testConditionalRemove
org.infinispan.api.ConditionalOperationsConcurrentWriteSkewTest.testReplace
org.infinispan.api.ConditionalOperationsConcurrentWriteSkewTest.testPutIfAbsent

{noformat}
java.lang.AssertionError: java.lang.RuntimeException: java.util.concurrent.TimeoutException
	at org.junit.Assert.fail(Assert.java:88)
	at org.junit.Assert.assertTrue(Assert.java:41)
	at org.junit.Assert.assertFalse(Assert.java:64)
	at org.infinispan.api.ConditionalOperationsConcurrentTest.testOnCaches(ConditionalOperationsConcurrentTest.java:129)
	at org.infinispan.api.ConditionalOperationsConcurrentWriteSkewTest.testConditionalRemove(ConditionalOperationsConcurrentWriteSkewTest.java:56)
	at sun.reflect.NativeMethodAccessorImpl.invoke0(Native Method)
	at sun.reflect.NativeMethodAccessorImpl.invoke(NativeMethodAccessorImpl.java:57)
	at sun.reflect.DelegatingMethodAccessorImpl.invoke(DelegatingMethodAccessorImpl.java:43)
	at java.lang.reflect.Method.invoke(Method.java:606)
	at org.testng.internal.MethodInvocationHelper.invokeMethod(MethodInvocationHelper.java:80)
	at org.testng.internal.Invoker.invokeMethod(Invoker.java:714)
	at org.testng.internal.Invoker.invokeTestMethod(Invoker.java:901)
	at org.testng.internal.Invoker.invokeTestMethods(Invoker.java:1231)
	at org.testng.internal.TestMethodWorker.invokeTestMethods(TestMethodWorker.java:127)
	at org.testng.internal.TestMethodWorker.run(TestMethodWorker.java:111)
	at org.testng.TestRunner.privateRun(TestRunner.java:767)
	at org.testng.TestRunner.run(TestRunner.java:617)
	at org.testng.SuiteRunner.runTest(SuiteRunner.java:334)
	at org.testng.SuiteRunner.access$000(SuiteRunner.java:37)
	at org.testng.SuiteRunner$SuiteWorker.run(SuiteRunner.java:368)
	at org.testng.internal.thread.ThreadUtil$2.call(ThreadUtil.java:64)
	at java.util.concurrent.FutureTask.run(FutureTask.java:262)
	at java.util.concurrent.ThreadPoolExecutor.runWorker(ThreadPoolExecutor.java:1145)
	at java.util.concurrent.ThreadPoolExecutor$Worker.run(ThreadPoolExecutor.java:615)
	at java.lang.Thread.run(Thread.java:744)
{noformat}

Failing tests in Jenkins 
https://jenkins.mw.lab.eng.bos.redhat.com/hudson/view/JDG/view/FUNC/job/edg-60-ispn-testsuite-rhel/USE_JDK=JDK7,jdk=openjdk-1.7.0-local,label=RHEL6_x86_64/332/testReport/junit/org.infinispan.api/ConditionalOperationsConcurrentWriteSkewTest/",,,
8960,ISPN-4322,"{noformat}
[INFO] ------------------------------------------------------------------------
[INFO] Reactor Summary:
[INFO] 
[INFO] Infinispan BOM .................................... SUCCESS [10.419s]
[INFO] Infinispan Common Parent .......................... SUCCESS [16.691s]
[INFO] Infinispan Commons ................................ SUCCESS [30.414s]
[INFO] Infinispan Core ................................... SUCCESS [1:20:24.345s]
[INFO] Parent pom for server modules ..................... SUCCESS [2.764s]
[INFO] Infinispan Server - Core Components ............... SUCCESS [1:39.998s]
[INFO] Infinispan Query DSL API .......................... SUCCESS [3.182s]
[INFO] Parent pom for cachestore modules ................. SUCCESS [1.421s]
[INFO] Infinispan JDBC CacheStore ........................ SUCCESS [7:13.024s]
[INFO] Parent pom for the Lucene integration modules ..... SUCCESS [1.302s]
[INFO] Infinispan integration with Lucene v.3.x .......... SUCCESS [1:22.270s]
[INFO] Infinispan Lucene Directory Implementation ........ SUCCESS [5.801s]
[INFO] Infinispan Query API .............................. SUCCESS [16:27.946s]
[INFO] Infinispan Tools .................................. SUCCESS [12.958s]
[INFO] Infinispan Remote Query Client .................... SUCCESS [3.958s]
[INFO] Infinispan Remote Query Server .................... SUCCESS [16.646s]
[INFO] Infinispan JPA CacheStore ......................... SUCCESS [54.680s]
[INFO] Infinispan Hot Rod Server ......................... SUCCESS [6:13.951s]
[INFO] Infinispan Hot Rod Client ......................... SUCCESS [9:17.450s]
[INFO] Parent pom for compatibility modules .............. SUCCESS [0.876s]
[INFO] infinispan-custom52x-store ........................ SUCCESS [33.084s]
[INFO] infinispan-adaptor52x ............................. SUCCESS [4:05.587s]
[INFO] Infinispan remote CacheStore ...................... SUCCESS [53.506s]
[INFO] Infinispan LevelDB CacheStore ..................... SUCCESS [1:19.592s]
[INFO] Infinispan REST Server ............................ SUCCESS [2:08.409s]
[INFO] Infinispan REST CacheStore ........................ SUCCESS [16.715s]
[INFO] Infinispan Memcached Server ....................... SUCCESS [2:22.394s]
[INFO] Infinispan RHQ Plugin ............................. SUCCESS [42.140s]
[INFO] Infinispan CLI Server ............................. SUCCESS [48.143s]
[INFO] Infinispan CLI Client ............................. SUCCESS [16.878s]
[INFO] Infinispan CDI support ............................ SUCCESS [1:24.550s]
[INFO] Infinispan AS/EAP modules for library ............. SUCCESS [18.319s]
[INFO] Infinispan AS/EAP modules for remote client ....... SUCCESS [2.329s]
[INFO] Integration tests: Security Tests ................. SUCCESS [2:11.936s]
[INFO] Integration tests: SecurityManager tests .......... SUCCESS [13.313s]
[INFO] Integration tests: AS Module Integration Tests .... SUCCESS [1:10.370s]
[INFO] Integration tests: AS Remote Client Module Integration Tests  FAILURE [57.162s]
[INFO] Integration tests: Lucene Directory with Infinispan Query  SUCCESS [23.074s]
[INFO] Integration tests: Infinispan compatibility mode .. SUCCESS [35.351s]
[INFO] Infinispan Distribution ........................... SUCCESS [1.090s]
[INFO] ------------------------------------------------------------------------
[INFO] BUILD FAILURE
[INFO] ------------------------------------------------------------------------
[INFO] Total time: 2:26:30.994s
[INFO] Finished at: Fri May 23 21:38:55 EDT 2014
[INFO] Final Memory: 227M/542M
[INFO] ------------------------------------------------------------------------
[ERROR] Failed to execute goal org.apache.maven.plugins:maven-antrun-plugin:1.7:run (infinispan-server-shutdown) on project infinispan-as-module-remote-client-integrationtests: An Ant BuildException has occured: Execute failed: java.io.IOException: Cannot run program ""/qa/tools/opt/amd64/ibm-java-70/bin/jps"" (in directory ""/mnt/hudson_workspace/workspace/edg-60-ispn-testsuite-rhel/7e5d4f04/infinispan/integrationtests/as-integration-remote-client""): error=2, No such file or directory
[ERROR] around Ant part ...<exec executable=""/qa/tools/opt/amd64/ibm-java-70/bin/jps"" output=""jps.pid"" osfamily=""unix""/>... @ 4:96 in /mnt/hudson_workspace/workspace/edg-60-ispn-testsuite-rhel/7e5d4f04/infinispan/integrationtests/as-integration-remote-client/target/antrun/build-main.xml
[ERROR] -> [Help 1]
[ERROR] 
[ERROR] To see the full stack trace of the errors, re-run Maven with the -e switch.
[ERROR] Re-run Maven using the -X switch to enable full debug logging.
[ERROR] 
[ERROR] For more information about the errors and possible solutions, please read the following articles:
[ERROR] [Help 1] http://cwiki.apache.org/confluence/display/MAVEN/MojoExecutionException
[ERROR] 
[ERROR] After correcting the problems, you can resume the build with the command
[ERROR]   mvn <goals> -rf :infinispan-as-module-remote-client-integrationtests
{noformat}",,,
8966,ISPN-4321,"{noformat}
org.infinispan.commons.CacheException: Unable to invoke method public void org.infinispan.persistence.manager.PersistenceManagerImpl.start() on object of type PersistenceManagerImpl
	at org.infinispan.commons.util.ReflectionUtil.invokeAccessibly(ReflectionUtil.java:170)
	at org.infinispan.factories.AbstractComponentRegistry$PrioritizedMethod.invoke(AbstractComponentRegistry.java:869)
	at org.infinispan.factories.AbstractComponentRegistry.invokeStartMethods(AbstractComponentRegistry.java:638)
	at org.infinispan.factories.AbstractComponentRegistry.internalStart(AbstractComponentRegistry.java:627)
	at org.infinispan.factories.AbstractComponentRegistry.start(AbstractComponentRegistry.java:530)
	at org.infinispan.factories.ComponentRegistry.start(ComponentRegistry.java:216)
	at org.infinispan.CacheImpl.start(CacheImpl.java:684)
	at org.infinispan.manager.DefaultCacheManager.wireAndStartCache(DefaultCacheManager.java:574)
	at org.infinispan.manager.DefaultCacheManager.createCache(DefaultCacheManager.java:529)
	at org.infinispan.manager.DefaultCacheManager.getCache(DefaultCacheManager.java:409)
	at org.infinispan.persistence.leveldb.config.ConfigurationTest.testXmlConfig60(ConfigurationTest.java:107)
	at sun.reflect.NativeMethodAccessorImpl.invoke0(Native Method)
	at sun.reflect.NativeMethodAccessorImpl.invoke(NativeMethodAccessorImpl.java:94)
	at sun.reflect.DelegatingMethodAccessorImpl.invoke(DelegatingMethodAccessorImpl.java:55)
	at java.lang.reflect.Method.invoke(Method.java:619)
	at org.testng.internal.MethodInvocationHelper.invokeMethod(MethodInvocationHelper.java:80)
	at org.testng.internal.Invoker.invokeMethod(Invoker.java:714)
	at org.testng.internal.Invoker.invokeTestMethod(Invoker.java:901)
	at org.testng.internal.Invoker.invokeTestMethods(Invoker.java:1231)
	at org.testng.internal.TestMethodWorker.invokeTestMethods(TestMethodWorker.java:127)
	at org.testng.internal.TestMethodWorker.run(TestMethodWorker.java:111)
	at org.testng.TestRunner.privateRun(TestRunner.java:767)
	at org.testng.TestRunner.run(TestRunner.java:617)
	at org.testng.SuiteRunner.runTest(SuiteRunner.java:334)
	at org.testng.SuiteRunner.access$000(SuiteRunner.java:37)
	at org.testng.SuiteRunner$SuiteWorker.run(SuiteRunner.java:368)
	at org.testng.internal.thread.ThreadUtil$2.call(ThreadUtil.java:64)
	at java.util.concurrent.FutureTask.run(FutureTask.java:273)
	at java.util.concurrent.ThreadPoolExecutor.runWorker(ThreadPoolExecutor.java:1170)
	at java.util.concurrent.ThreadPoolExecutor$Worker.run(ThreadPoolExecutor.java:640)
	at java.lang.Thread.run(Thread.java:853)
Caused by: org.infinispan.commons.CacheException: Unable to start cache loaders
	at org.infinispan.persistence.manager.PersistenceManagerImpl.start(PersistenceManagerImpl.java:155)
	at sun.reflect.GeneratedMethodAccessor63.invoke(Unknown Source)
	at sun.reflect.DelegatingMethodAccessorImpl.invoke(DelegatingMethodAccessorImpl.java:55)
	at java.lang.reflect.Method.invoke(Method.java:619)
	at org.infinispan.commons.util.ReflectionUtil.invokeAccessibly(ReflectionUtil.java:168)
	... 30 more
Caused by: org.infinispan.commons.CacheConfigurationException: Unable to open database
	at org.infinispan.persistence.leveldb.LevelDBStore.start(LevelDBStore.java:103)
	at org.infinispan.persistence.manager.PersistenceManagerImpl.start(PersistenceManagerImpl.java:122)
	... 34 more
Caused by: org.fusesource.leveldbjni.internal.NativeDB$DBException: Corruption: 1 missing files; e.g.: /tmp/leveldb/52/datatestCache/000005.sst
	at org.fusesource.leveldbjni.internal.NativeDB.checkStatus(NativeDB.java:200)
	at org.fusesource.leveldbjni.internal.NativeDB.open(NativeDB.java:218)
	at org.fusesource.leveldbjni.JniDBFactory.open(JniDBFactory.java:168)
	at org.infinispan.persistence.leveldb.LevelDBStore.openDatabase(LevelDBStore.java:148)
	at org.infinispan.persistence.leveldb.LevelDBStore.start(LevelDBStore.java:100)
	... 35 more

{noformat}",,,
8967,ISPN-4319,"Not doing so leads to 'is null' predicates not being evaluated precisely because the property is null, which leads to an incorrect match result. This issue does not happen in the reflection based case.

Missing properties should be fired with their default value if they have one, otherwise with null, unless their type is not nullable in which case nothing needs to be done for them.
",,,
9041,ISPN-4316,"Consider the scenario:
- The client enables the authentication thru ConfigurationBuilder (i.e cb.security().authentication())
- The Server's SSL configuration doesn't require client authentication (i.e require-ssl-client-auth=""false"") and in addition the security-realm's <authentication .../> doesn't include a <truststore .../> 

In such a scenario the client is unable to authenticate as the following exception is thrown in the server side logs:

javax.net.ssl.SSLPeerUnverifiedException: peer not authenticated 

One sided communication encryption (with client storing server's certificate in its trust store) should be supported particularly when the client wants to authenticate via credentials ",,,
9044,ISPN-4313,"Currently the Infinispan Server can be configured with SSL encryption such that it requires the client to authenticate itself to the server for the purposes of  encryption. This can be done by setting the attribute require-ssl-client-auth=""true"" as shown below. 

&nbsp;&nbsp;&nbsp;&nbsp;<hotrod-connector socket-binding=""hotrod"" cache-container=""security"">
&nbsp;&nbsp;&nbsp;&nbsp;&nbsp;&nbsp;&nbsp;&nbsp;....
&nbsp;&nbsp;&nbsp;&nbsp;&nbsp;&nbsp;&nbsp;&nbsp;<encryption security-realm=""ApplicationRealm"" require-ssl-client-auth=""true""/>
&nbsp;&nbsp;&nbsp;&nbsp;&nbsp;&nbsp;&nbsp;&nbsp;....
&nbsp;&nbsp;&nbsp;&nbsp;</hotrod>

But when that attribute is set to ""true"" a check should be enforced to check the existence of the the <truststore .. /> element exists in secruity-realm's <authentication>. 

If the check on the configuration fails, the server should throw and error on bootup rather than fail when client connections start to come in. 

Currently when the require-ssl-client-auth=""true"" and there is no <truststore../> configured, client connections fail and the exception below is thrown in the server's logs: 

javax.net.ssl.SSLHandshakeException: null cert chain",,,
9047,ISPN-4311,"A pile of Security tests has problems with denied access when running the test suite on Windows environment. 

Stacktrace

java.security.AccessControlException: access denied (javax.security.auth.AuthPermission doAs)
	at java.security.AccessControlContext.checkPermission(AccessControlContext.java:374)
	at java.security.AccessController.checkPermission(AccessController.java:549)
	at java.lang.SecurityManager.checkPermission(SecurityManager.java:532)
	at javax.security.auth.Subject.doAs(Subject.java:326)
	at org.infinispan.security.QueryAuthorizationTest.createCacheManager(QueryAuthorizationTest.java:44)
	at org.infinispan.test.SingleCacheManagerTest.setup(SingleCacheManagerTest.java:31)
	at org.infinispan.test.SingleCacheManagerTest.createBeforeClass(SingleCacheManagerTest.java:44)
	at sun.reflect.NativeMethodAccessorImpl.invoke0(Native Method)
	at sun.reflect.NativeMethodAccessorImpl.invoke(NativeMethodAccessorImpl.java:39)
	at sun.reflect.DelegatingMethodAccessorImpl.invoke(DelegatingMethodAccessorImpl.java:25)
	at java.lang.reflect.Method.invoke(Method.java:597)
	at org.testng.internal.MethodInvocationHelper.invokeMethod(MethodInvocationHelper.java:80)
	at org.testng.internal.Invoker.invokeConfigurationMethod(Invoker.java:564)
	at org.testng.internal.Invoker.invokeConfigurations(Invoker.java:213)
	at org.testng.internal.Invoker.invokeConfigurations(Invoker.java:138)
	at org.testng.internal.TestMethodWorker.invokeBeforeClassMethods(TestMethodWorker.java:175)
	at org.testng.internal.TestMethodWorker.run(TestMethodWorker.java:107)
	at org.testng.TestRunner.privateRun(TestRunner.java:767)
	at org.testng.TestRunner.run(TestRunner.java:617)
	at org.testng.SuiteRunner.runTest(SuiteRunner.java:334)
	at org.testng.SuiteRunner.access$000(SuiteRunner.java:37)
	at org.testng.SuiteRunner$SuiteWorker.run(SuiteRunner.java:368)
	at org.testng.internal.thread.ThreadUtil$2.call(ThreadUtil.java:64)
	at java.util.concurrent.FutureTask$Sync.innerRun(FutureTask.java:303)
	at java.util.concurrent.FutureTask.run(FutureTask.java:138)
	at java.util.concurrent.ThreadPoolExecutor$Worker.runTask(ThreadPoolExecutor.java:895)
	at java.util.concurrent.ThreadPoolExecutor$Worker.run(ThreadPoolExecutor.java:918)
	at java.lang.Thread.run(Thread.java:662)


*Affected tests:*

org.infinispan.security.ExecutionAuthorizationTest.testExecMapReduce 
org.infinispan.security.QueryAuthorizationTest.createBeforeClass
org.infinispan.security.ExecutionAuthorizationTest.testExecDistExec ",,,
9048,ISPN-4310,"1. A requests segment from B (there are multiple chunks)
2. B sends all chunks, but before A receives them, new topology arrives and A cancels the ST.
3. Another topology comes and A requests this segment again
4. A receives the old StateResponseCommand with lastChunk=true and thinks that it got all segments, therefore, it discards further chunks.

Result is inconsistent cluster, and after further rebalances completely lost data.
This ought to be rare, but was repeatedly observed when gracefully stopping coordinator on a 32-node cluster full of data.",,,
9052,ISPN-4306,"When HotRod client authneticate to HR server via kerberos, HR server obtains wrong {{AccessControlContext}}, which doesn't contain appropriate subject (to be more clear it's in [AuthorizationManagerImpl.checkPermission()|https://github.com/infinispan/infinispan/blob/master/core/src/main/java/org/infinispan/security/impl/AuthorizationManagerImpl.java#L49]). Returned subject is {{null}} and moreover this default {{AccessControlContext}} allows to do anything, so effectively the HR client can do anything, no matter what the permissions are.

Need to mention that in this case java {{SecurityManager}} is turned off, but as the same setup works with e.g. MD5 auth, we should keep some consistency and it shouldn't work in any case (and {{SecurityManager}} to be turned on should be a hard requirement to ISPN auth works) or it should work also in case of krb auth.",,,
9055,ISPN-4302,"When <locking> configuration element is present in server configuration but isolation is not specified, the resulting value for isolation will be REPEATABLE_READ - this is inconsistent with library mode and further, REPEATABLE_READ is not a valid value in the server distribution as the server does not support transactions.",,,
9059,ISPN-4301,"Even when storing metadata is disabled, JpaStore tries to fetch them in process (when ran with fetchMetadata=true) and in purge, the code enumerating and removing the metadata is executed even when there can't be any metadata.",,,
9080,ISPN-4299,"Authentication configuration builder allows to setup direcly subject under which action are performed. In this case there's no need for any additional authentication. However authentication configuration builder requires {{CallbackHandler}} also in this case and without it it fails with
{noformat}
org.infinispan.commons.CacheConfigurationException: ISPN004030: Cannot enable authentication without specifying a Callback Handler
        at org.infinispan.client.hotrod.configuration.AuthenticationConfigurationBuilder.validate(AuthenticationConfigurationBuilder.java:86)
        at org.infinispan.client.hotrod.configuration.SecurityConfigurationBuilder.validate(SecurityConfigurationBuilder.java:43)
        at org.infinispan.client.hotrod.configuration.ConfigurationBuilder.validate(ConfigurationBuilder.java:280)
        at org.infinispan.client.hotrod.configuration.ConfigurationBuilder.build(ConfigurationBuilder.java:314)
        at org.infinispan.client.hotrod.configuration.ConfigurationBuilder.build(ConfigurationBuilder.java:309)
        at org.infinispan.server.test.client.hotrod.security.HotRodSaslAuthTestBase.getRemoteCacheManagerConfig(HotRodSaslAuthTestBase.java:104)
{noformat}",,,
9084,ISPN-4298,"When HR client obtains initial GSSAPI challenge (usually when creating {{RemoteCachManager}}), it fails with
{noformat}
Caused by: javax.security.sasl.SaslException: GSS initiate failed [Caused by GSSException: No valid credentials provided (Mechanism level: Failed to find any Kerberos tgt)]
        at com.sun.security.sasl.gsskerb.GssKrb5Client.evaluateChallenge(GssKrb5Client.java:212)
        at org.infinispan.client.hotrod.impl.transport.tcp.SaslTransportObjectFactory.makeObject(SaslTransportObjectFactory.java:67)
        at org.infinispan.client.hotrod.impl.transport.tcp.SaslTransportObjectFactory.makeObject(SaslTransportObjectFactory.java:25)
        at org.apache.commons.pool.impl.GenericKeyedObjectPool.borrowObject(GenericKeyedObjectPool.java:1220)
        at org.infinispan.client.hotrod.impl.transport.tcp.TcpTransportFactory.borrowTransportFromPool(TcpTransportFactory.java:306)
        ... 109 more
Caused by: GSSException: No valid credentials provided (Mechanism level: Failed to find any Kerberos tgt)
        at sun.security.jgss.krb5.Krb5InitCredential.getInstance(Krb5InitCredential.java:147)
        at sun.security.jgss.krb5.Krb5MechFactory.getCredentialElement(Krb5MechFactory.java:121)
        at sun.security.jgss.krb5.Krb5MechFactory.getMechanismContext(Krb5MechFactory.java:187)
        at sun.security.jgss.GSSManagerImpl.getMechanismContext(GSSManagerImpl.java:223)
        at sun.security.jgss.GSSContextImpl.initSecContext(GSSContextImpl.java:212)
        at sun.security.jgss.GSSContextImpl.initSecContext(GSSContextImpl.java:179)
        at com.sun.security.sasl.gsskerb.GssKrb5Client.evaluateChallenge(GssKrb5Client.java:193)
        ... 113 more
{noformat}

When the code is wrapped by {{PrivilegedExceptionAction}}, e.g.
{code}
final Configuration config = getRemoteCacheManagerConfig(subj);
Subject.doAs(subj, new PrivilegedExceptionAction<Void>() {
    public Void run() throws Exception {
        remoteCacheManager = new RemoteCacheManager(config, true);
        return null;
    }
});
{code}
everything works fine",,,
9085,ISPN-4297,"Fails with 
{noformat}
java.lang.IllegalArgumentException: Cannot find specified object in InfinispanContext, type: org.infinispan.arquillian.core.RemoteInfinispanServer, qualifier: container1
{noformat}
Instead of creating new profile, configure the test to be able to run with default profile.",,,
9088,ISPN-4293,"See the last graph here for example http://jawa36.mw.lab.eng.brq.redhat.com:8080/repo/reports/metric/saved/teamjdg/jdg_rg_test_70_reads

Caused by this commit https://github.com/infinispan/infinispan/commit/8be817a193699ce8b59aec8da0029bff9b8420c4",,,
9093,ISPN-4292,"We're using xslt to modify the endpoints subsystem (to remove security from rest endpoint), but we're searching for endpoint 6.0, not 7.0 - https://github.com/infinispan/infinispan/blob/master/server/integration/testsuite/src/test/resources/config/xslt/config-modifier.xsl#L9",,,
9098,ISPN-4291,"During a state transfer every single key is loaded from the cache store to determine whether it's still owned by the local node.

This is an extremely slow operation, and doesn't even make sense for a REPL cache.
",,,
9099,ISPN-4285,"HotRod DIGEST-MD5 auth fails with NPE when password on the server is stored as a plain text. Example realm configuration snip:
{noformat}
<authentication>
    <local default-user=""$local"" allowed-users=""*""/>
    <properties path=""application-users.properties"" relative-to=""jboss.server.config.dir"" plain-text=""true""/>
</authentication>
{noformat}

Full stack trace:
{noformat}
org.infinispan.client.hotrod.exceptions.TransportException:: Could not fetch transport
        at org.infinispan.client.hotrod.impl.transport.tcp.TcpTransportFactory.borrowTransportFromPool(TcpTransportFactory.java:310)
        at org.infinispan.client.hotrod.impl.transport.tcp.TcpTransportFactory.getTransport(TcpTransportFactory.java:185)
        at org.infinispan.client.hotrod.impl.operations.FaultTolerantPingOperation.getTransport(FaultTolerantPingOperation.java:27)
        at org.infinispan.client.hotrod.impl.operations.RetryOnFailureOperation.execute(RetryOnFailureOperation.java:48)
        at org.infinispan.client.hotrod.impl.RemoteCacheImpl.ping(RemoteCacheImpl.java:535)
        at org.infinispan.client.hotrod.RemoteCacheManager.ping(RemoteCacheManager.java:633)
        at org.infinispan.client.hotrod.RemoteCacheManager.createRemoteCache(RemoteCacheManager.java:614)
        at org.infinispan.client.hotrod.RemoteCacheManager.getCache(RemoteCacheManager.java:525)
        at org.infinispan.client.hotrod.RemoteCacheManager.getCache(RemoteCacheManager.java:521)
        at org.infinispan.server.test.client.hotrod.security.HotRodSaslAuthTestBase.initialize(HotRodSaslAuthTestBase.java:55)
        at sun.reflect.NativeMethodAccessorImpl.invoke0(Native Method)
        at sun.reflect.NativeMethodAccessorImpl.invoke(NativeMethodAccessorImpl.java:57)
        at sun.reflect.DelegatingMethodAccessorImpl.invoke(DelegatingMethodAccessorImpl.java:43)
        at java.lang.reflect.Method.invoke(Method.java:606)
        at org.junit.runners.model.FrameworkMethod$1.runReflectiveCall(FrameworkMethod.java:47)
        at org.junit.internal.runners.model.ReflectiveCallable.run(ReflectiveCallable.java:12)
        at org.junit.runners.model.FrameworkMethod.invokeExplosively(FrameworkMethod.java:44)
        at org.junit.internal.runners.statements.RunBefores.evaluate(RunBefores.java:24)
        at org.jboss.arquillian.junit.Arquillian$StatementLifecycleExecutor.invoke(Arquillian.java:351)
        at org.jboss.arquillian.container.test.impl.execution.ClientBeforeAfterLifecycleEventExecuter.execute(ClientBeforeAfterLifecycleEventExecuter.java:99)
        at org.jboss.arquillian.container.test.impl.execution.ClientBeforeAfterLifecycleEventExecuter.on(ClientBeforeAfterLifecycleEventExecuter.java:72)
        at sun.reflect.NativeMethodAccessorImpl.invoke0(Native Method)
        at sun.reflect.NativeMethodAccessorImpl.invoke(NativeMethodAccessorImpl.java:57)
        at sun.reflect.DelegatingMethodAccessorImpl.invoke(DelegatingMethodAccessorImpl.java:43)
        at java.lang.reflect.Method.invoke(Method.java:606)
        at org.jboss.arquillian.core.impl.ObserverImpl.invoke(ObserverImpl.java:90)
        at org.jboss.arquillian.core.impl.EventContextImpl.invokeObservers(EventContextImpl.java:99)
        at org.jboss.arquillian.core.impl.EventContextImpl.proceed(EventContextImpl.java:81)
        at org.jboss.arquillian.container.test.impl.client.ContainerEventController.createContext(ContainerEventController.java:142)
        at org.jboss.arquillian.container.test.impl.client.ContainerEventController.createBeforeContext(ContainerEventController.java:124)
        at sun.reflect.NativeMethodAccessorImpl.invoke0(Native Method)
        at sun.reflect.NativeMethodAccessorImpl.invoke(NativeMethodAccessorImpl.java:57)
        at sun.reflect.DelegatingMethodAccessorImpl.invoke(DelegatingMethodAccessorImpl.java:43)
        at java.lang.reflect.Method.invoke(Method.java:606)
        at org.jboss.arquillian.core.impl.ObserverImpl.invoke(ObserverImpl.java:90)
        at org.jboss.arquillian.core.impl.EventContextImpl.proceed(EventContextImpl.java:88)
        at org.jboss.arquillian.test.impl.TestContextHandler.createTestContext(TestContextHandler.java:89)
        at sun.reflect.NativeMethodAccessorImpl.invoke0(Native Method)
        at sun.reflect.NativeMethodAccessorImpl.invoke(NativeMethodAccessorImpl.java:57)
        at sun.reflect.DelegatingMethodAccessorImpl.invoke(DelegatingMethodAccessorImpl.java:43)
        at java.lang.reflect.Method.invoke(Method.java:606)
        at org.jboss.arquillian.core.impl.ObserverImpl.invoke(ObserverImpl.java:90)
        at org.jboss.arquillian.core.impl.EventContextImpl.proceed(EventContextImpl.java:88)
        at org.jboss.arquillian.test.impl.TestContextHandler.createClassContext(TestContextHandler.java:75)
        at sun.reflect.NativeMethodAccessorImpl.invoke0(Native Method)
        at sun.reflect.NativeMethodAccessorImpl.invoke(NativeMethodAccessorImpl.java:57)
        at sun.reflect.DelegatingMethodAccessorImpl.invoke(DelegatingMethodAccessorImpl.java:43)
        at java.lang.reflect.Method.invoke(Method.java:606)
        at org.jboss.arquillian.core.impl.ObserverImpl.invoke(ObserverImpl.java:90)
        at org.jboss.arquillian.core.impl.EventContextImpl.proceed(EventContextImpl.java:88)
        at org.jboss.arquillian.test.impl.TestContextHandler.createSuiteContext(TestContextHandler.java:60)
        at sun.reflect.NativeMethodAccessorImpl.invoke0(Native Method)
        at sun.reflect.NativeMethodAccessorImpl.invoke(NativeMethodAccessorImpl.java:57)
        at sun.reflect.DelegatingMethodAccessorImpl.invoke(DelegatingMethodAccessorImpl.java:43)
        at java.lang.reflect.Method.invoke(Method.java:606)
        at org.jboss.arquillian.core.impl.ObserverImpl.invoke(ObserverImpl.java:90)
        at org.jboss.arquillian.core.impl.EventContextImpl.proceed(EventContextImpl.java:88)
        at org.jboss.arquillian.core.impl.ManagerImpl.fire(ManagerImpl.java:135)
        at org.jboss.arquillian.core.impl.ManagerImpl.fire(ManagerImpl.java:115)
        at org.jboss.arquillian.test.impl.EventTestRunnerAdaptor.before(EventTestRunnerAdaptor.java:95)
        at org.jboss.arquillian.junit.Arquillian$4.evaluate(Arquillian.java:222)
        at org.jboss.arquillian.junit.Arquillian.multiExecute(Arquillian.java:314)
        at org.jboss.arquillian.junit.Arquillian.access$100(Arquillian.java:46)
        at org.jboss.arquillian.junit.Arquillian$5.evaluate(Arquillian.java:240)
        at org.junit.runners.ParentRunner.runLeaf(ParentRunner.java:271)
        at org.junit.runners.BlockJUnit4ClassRunner.runChild(BlockJUnit4ClassRunner.java:70)
        at org.junit.runners.BlockJUnit4ClassRunner.runChild(BlockJUnit4ClassRunner.java:50)
        at org.junit.runners.ParentRunner$3.run(ParentRunner.java:238)
        at org.junit.runners.ParentRunner$1.schedule(ParentRunner.java:63)
        at org.junit.runners.ParentRunner.runChildren(ParentRunner.java:236)
        at org.junit.runners.ParentRunner.access$000(ParentRunner.java:53)
        at org.junit.runners.ParentRunner$2.evaluate(ParentRunner.java:229)
        at org.jboss.arquillian.junit.Arquillian$2.evaluate(Arquillian.java:185)
        at org.jboss.arquillian.junit.Arquillian.multiExecute(Arquillian.java:314)
        at org.jboss.arquillian.junit.Arquillian.access$100(Arquillian.java:46)
        at org.jboss.arquillian.junit.Arquillian$3.evaluate(Arquillian.java:199)
        at org.junit.runners.ParentRunner.run(ParentRunner.java:309)
        at org.jboss.arquillian.junit.Arquillian.run(Arquillian.java:147)
        at org.junit.runners.Suite.runChild(Suite.java:127)
        at org.junit.runners.Suite.runChild(Suite.java:26)
        at org.junit.runners.ParentRunner$3.run(ParentRunner.java:238)
        at org.junit.runners.ParentRunner$1.schedule(ParentRunner.java:63)
        at org.junit.runners.ParentRunner.runChildren(ParentRunner.java:236)
        at org.junit.runners.ParentRunner.access$000(ParentRunner.java:53)
        at org.junit.runners.ParentRunner$2.evaluate(ParentRunner.java:229)
        at org.junit.runners.ParentRunner.run(ParentRunner.java:309)
        at org.junit.runner.JUnitCore.run(JUnitCore.java:160)
        at org.junit.runner.JUnitCore.run(JUnitCore.java:138)
        at org.apache.maven.surefire.junitcore.JUnitCoreWrapper.execute(JUnitCoreWrapper.java:62)
        at org.apache.maven.surefire.junitcore.JUnitCoreProvider.invoke(JUnitCoreProvider.java:139)
        at sun.reflect.NativeMethodAccessorImpl.invoke0(Native Method)
        at sun.reflect.NativeMethodAccessorImpl.invoke(NativeMethodAccessorImpl.java:57)
        at sun.reflect.DelegatingMethodAccessorImpl.invoke(DelegatingMethodAccessorImpl.java:43)
        at java.lang.reflect.Method.invoke(Method.java:606)
        at org.apache.maven.surefire.util.ReflectionUtils.invokeMethodWithArray(ReflectionUtils.java:189)
        at org.apache.maven.surefire.booter.ProviderFactory$ProviderProxy.invoke(ProviderFactory.java:165)
        at org.apache.maven.surefire.booter.ProviderFactory.invokeProvider(ProviderFactory.java:85)
        at org.apache.maven.surefire.booter.ForkedBooter.runSuitesInProcess(ForkedBooter.java:115)
        at org.apache.maven.surefire.booter.ForkedBooter.main(ForkedBooter.java:75)
Caused by: java.lang.NullPointerException
        at org.infinispan.client.hotrod.impl.transport.AbstractTransport.writeArray(AbstractTransport.java:97)
        at org.infinispan.client.hotrod.impl.operations.AuthOperation.execute(AuthOperation.java:35)
        at org.infinispan.client.hotrod.impl.transport.tcp.SaslTransportObjectFactory.auth(SaslTransportObjectFactory.java:99)
        at org.infinispan.client.hotrod.impl.transport.tcp.SaslTransportObjectFactory.makeObject(SaslTransportObjectFactory.java:72)
        at org.infinispan.client.hotrod.impl.transport.tcp.SaslTransportObjectFactory.makeObject(SaslTransportObjectFactory.java:25)
        at org.apache.commons.pool.impl.GenericKeyedObjectPool.borrowObject(GenericKeyedObjectPool.java:1220)
        at org.infinispan.client.hotrod.impl.transport.tcp.TcpTransportFactory.borrowTransportFromPool(TcpTransportFactory.java:306)
        ... 98 more

{noformat}",,,
9118,ISPN-4284,"HotRod DIGEST-MD5 auth fails with 
{noformat}
ERROR [org.infinispan.server.hotrod.HotRodDecoder] (HotRodServerWorker-12) ISPN005009: Unexpected error before any request parameters read: io.netty.handler.codec.DecoderException: or
g.infinispan.server.hotrod.HotRodException: javax.security.sasl.SaslException: DIGEST-MD5: Cannot perform callback to acquire password [Caused by javax.security.auth.callback.UnsupportedCallbackException]
        at io.netty.handler.codec.ReplayingDecoder.callDecode(ReplayingDecoder.java:417) [netty-all-4.0.18.Final.jar:4.0.18.Final]
        at io.netty.handler.codec.ByteToMessageDecoder.channelRead(ByteToMessageDecoder.java:141) [netty-all-4.0.18.Final.jar:4.0.18.Final]
        at org.infinispan.server.core.AbstractProtocolDecoder.channelRead(AbstractProtocolDecoder.scala:470) [infinispan.jar:7.0.0-SNAPSHOT]
        at io.netty.channel.DefaultChannelHandlerContext.invokeChannelRead(DefaultChannelHandlerContext.java:341) [netty-all-4.0.18.Final.jar:4.0.18.Final]
        at io.netty.channel.DefaultChannelHandlerContext.fireChannelRead(DefaultChannelHandlerContext.java:327) [netty-all-4.0.18.Final.jar:4.0.18.Final]
        at io.netty.channel.DefaultChannelPipeline.fireChannelRead(DefaultChannelPipeline.java:785) [netty-all-4.0.18.Final.jar:4.0.18.Final]
        at io.netty.channel.nio.AbstractNioByteChannel$NioByteUnsafe.read(AbstractNioByteChannel.java:116) [netty-all-4.0.18.Final.jar:4.0.18.Final]
        at io.netty.channel.nio.NioEventLoop.processSelectedKey(NioEventLoop.java:494) [netty-all-4.0.18.Final.jar:4.0.18.Final]
        at io.netty.channel.nio.NioEventLoop.processSelectedKeysOptimized(NioEventLoop.java:461) [netty-all-4.0.18.Final.jar:4.0.18.Final]
        at io.netty.channel.nio.NioEventLoop.processSelectedKeys(NioEventLoop.java:378) [netty-all-4.0.18.Final.jar:4.0.18.Final]
        at io.netty.channel.nio.NioEventLoop.run(NioEventLoop.java:350) [netty-all-4.0.18.Final.jar:4.0.18.Final]
        at io.netty.util.concurrent.SingleThreadEventExecutor$2.run(SingleThreadEventExecutor.java:116) [netty-all-4.0.18.Final.jar:4.0.18.Final]
        at java.lang.Thread.run(Thread.java:744) [rt.jar:1.7.0_45]
Caused by: org.infinispan.server.hotrod.HotRodException: javax.security.sasl.SaslException: DIGEST-MD5: Cannot perform call16:23:08,225 WARN  [Codec20] (main) ISPN004005: Error received from the server: io.net
ty.handler.codec.DecoderException: org.infinispan.server.hotrod.HotRodException: javax.security.sasl.SaslException: DIGEST-MD5: Cannot perform callback to acquire password [Caused by javax.security.auth.callba
ck.UnsupportedCallbackException]
back to acquire password [Caused by javax.security.auth.callback.UnsupportedCallbackException]
        at org.infinispan.server.hotrod.HotRodDecoder.createServerException(HotRodDecoder.scala:193) [infinispan.jar:7.0.0-SNAPSHOT]
        at org.infinispan.server.core.AbstractProtocolDecoder.secureDecodeDispatch(AbstractProtocolDecoder.scala:117) [infinispan.jar:7.0.0-SNAPSHOT]
        at org.infinispan.server.core.AbstractProtocolDecoder.decode(AbstractProtocolDecoder.scala:58) [infinispan.jar:7.0.0-SNAPSHOT]
        at io.netty.handler.codec.ReplayingDecoder.callDecode(ReplayingDecoder.java:362) [netty-all-4.0.18.Final.jar:4.0.18.Final]
        ... 12 more
Caused by: javax.security.sasl.SaslException: DIGEST-MD5: Cannot perform callback to acquire password [Caused by javax.security.auth.callback.UnsupportedCallbackException]
        at org.jboss.sasl.digest.DigestMD5Server.validateClientResponse(DigestMD5Server.java:600) [jboss-sasl-1.0.3.Final.jar:1.0.3.Final]
        at org.jboss.sasl.digest.DigestMD5Server.evaluateResponse(DigestMD5Server.java:253) [jboss-sasl-1.0.3.Final.jar:1.0.3.Final]
        at org.infinispan.server.hotrod.Decoder2x$.customReadHeader(Decoder2x.scala:214) [infinispan.jar:7.0.0-SNAPSHOT]
        at org.infinispan.server.hotrod.HotRodDecoder.customDecodeHeader(HotRodDecoder.scala:139) [infinispan.jar:7.0.0-SNAPSHOT]
        at org.infinispan.server.core.AbstractProtocolDecoder.decodeHeader(AbstractProtocolDecoder.scala:147) [infinispan.jar:7.0.0-SNAPSHOT]
        at org.infinispan.server.core.AbstractProtocolDecoder.secureDecodeDispatch(AbstractProtocolDecoder.scala:95) [infinispan.jar:7.0.0-SNAPSHOT]
        ... 14 more
Caused by: javax.security.auth.callback.UnsupportedCallbackException
        at org.jboss.as.domain.management.security.PropertiesCallbackHandler.handle(PropertiesCallbackHandler.java:164) [jboss-as-domain-management-7.2.0.Final.jar:7.2.0.Final]
        at org.jboss.as.domain.management.security.SecurityRealmService$1.handle(SecurityRealmService.java:168) [jboss-as-domain-management-7.2.0.Final.jar:7.2.0.Final]
        at org.infinispan.server.endpoint.subsystem.EndpointServerAuthenticationProvider$RealmAuthorizingCallbackHandler.handle(EndpointServerAuthenticationProvider.java:74) [infinispan-server-endpoints-7.0.0-
SNAPSHOT.jar:7.0.0-SNAPSHOT]
        at org.jboss.sasl.digest.DigestMD5Server.validateClientResponse(DigestMD5Server.java:594) [jboss-sasl-1.0.3.Final.jar:1.0.3.Final]
        ... 19 more
{noformat}

Instead of {{DigestHashCallback}} is provided {{PasswordCallback}} whichi results into above {{UnsupportedCallbackException}} if password is not stored in plain on server.",,,
9137,ISPN-4283,"It seems that it's not possible to setup SASL auth properies. This is needed e.g. in case of DIGEST-MD5 authentication - {{org.jboss.sasl.digest.DigestMD5Server}}, which handles this auth., expects that properties contain {{com.sun.security.sasl.digest.realm}}, otherwise default to server name as realm name. However, it seems that proprties passed to {{DigestMD5Server}} are always {{null}}. Therefore it's not possible to refer any security realm named other than server name (e.g. standard {{ApplicationRealm}}).",,,
9156,ISPN-4277,"JGroups within ISPN server with security turned on is not able to load login standard java login modules like Krb5LoginModule, resulting into exception
{noformat}
 Caused by: javax.security.auth.login.LoginException: unable to find LoginModule class: com.sun.security.auth.module.Krb5LoginModule from [Module ""org.jboss.as.clustering.jgroups:main"" from local module loader @35ed35e0 (finder: local module finder @686c20c8 (roots: /infinispan/server/integration/testsuite/target/server/node1/modules,/infinispan/server/integration/testsuite/target/server/node1/modules/system/layers/base))]
        at javax.security.auth.login.LoginContext.invoke(LoginContext.java:822) [rt.jar:1.7.0_45]
        at javax.security.auth.login.LoginContext.access$000(LoginContext.java:203) [rt.jar:1.7.0_45]
        at javax.security.auth.login.LoginContext$4.run(LoginContext.java:698) [rt.jar:1.7.0_45]
        at javax.security.auth.login.LoginContext$4.run(LoginContext.java:696) [rt.jar:1.7.0_45]
        at java.security.AccessController.doPrivileged(Native Method) [rt.jar:1.7.0_45]
        at javax.security.auth.login.LoginContext.invokePriv(LoginContext.java:695) [rt.jar:1.7.0_45]
        at javax.security.auth.login.LoginContext.login(LoginContext.java:594) [rt.jar:1.7.0_45]
        at org.jgroups.protocols.SASL.init(SASL.java:153)
        at org.jgroups.stack.ProtocolStack.initProtocolStack(ProtocolStack.java:861)
        at org.jgroups.stack.ProtocolStack.setup(ProtocolStack.java:481)
        at org.jgroups.JChannel.init(JChannel.java:849)
        at org.jgroups.JChannel.<init>(JChannel.java:159)
        at org.jboss.as.clustering.jgroups.MuxChannel.<init>(MuxChannel.java:37)
        at org.jboss.as.clustering.jgroups.JChannelFactory.createChannel(JChannelFactory.java:81)
        at org.jboss.as.clustering.jgroups.subsystem.ChannelService.start(ChannelService.java:69)
{noformat}

Besides JDK login modules, th server should see also other standard JBoss login modules so that users can use whatever they are used to use in WildFly.",,,
9157,ISPN-4270,Add the JPA Cache Store to the BOM,,,
9158,ISPN-4260,We should perform an action to stop the process even if some tests fail.,,,
9221,ISPN-4258,"Following tests fail with assertion error
DistProgrammaticMassIndexTest.testReindexing
TopologyAwareDistMassIndexingTest.testReindexing
DistributedMassIndexingTest.testReindexing
DistributedMassIndexingViaJmxTest.testReindexing
DistributedMassIndexingViaJmxTest.createBeforeClass
{noformat}
java.lang.AssertionError: expected:<3> but was:<0>
	at org.junit.Assert.fail(Assert.java:88)
	at org.junit.Assert.failNotEquals(Assert.java:743)
	at org.junit.Assert.assertEquals(Assert.java:118)
	at org.junit.Assert.assertEquals(Assert.java:555)
	at org.junit.Assert.assertEquals(Assert.java:542)
	at org.infinispan.query.distributed.DistributedMassIndexingTest.verifyFindsCar(DistributedMassIndexingTest.java:89)
	at org.infinispan.query.distributed.DistributedMassIndexingTest.verifyFindsCar(DistributedMassIndexingTest.java:80)
	at org.infinispan.query.distributed.DistributedMassIndexingTest.testReindexing(DistributedMassIndexingTest.java:58)
	at sun.reflect.NativeMethodAccessorImpl.invoke0(Native Method)
	at sun.reflect.NativeMethodAccessorImpl.invoke(NativeMethodAccessorImpl.java:57)
	at sun.reflect.DelegatingMethodAccessorImpl.invoke(DelegatingMethodAccessorImpl.java:43)
	at java.lang.reflect.Method.invoke(Method.java:606)
	at org.testng.internal.MethodInvocationHelper.invokeMethod(MethodInvocationHelper.java:80)
	at org.testng.internal.Invoker.invokeMethod(Invoker.java:714)
	at org.testng.internal.Invoker.invokeTestMethod(Invoker.java:901)
	at org.testng.internal.Invoker.invokeTestMethods(Invoker.java:1231)
	at org.testng.internal.TestMethodWorker.invokeTestMethods(TestMethodWorker.java:127)
	at org.testng.internal.TestMethodWorker.run(TestMethodWorker.java:111)
	at org.testng.TestRunner.privateRun(TestRunner.java:767)
	at org.testng.TestRunner.run(TestRunner.java:617)
	at org.testng.SuiteRunner.runTest(SuiteRunner.java:334)
	at org.testng.SuiteRunner.access$000(SuiteRunner.java:37)
	at org.testng.SuiteRunner$SuiteWorker.run(SuiteRunner.java:368)
	at org.testng.internal.thread.ThreadUtil$2.call(ThreadUtil.java:64)
	at java.util.concurrent.FutureTask.run(FutureTask.java:262)
	at java.util.concurrent.ThreadPoolExecutor.runWorker(ThreadPoolExecutor.java:1145)
	at java.util.concurrent.ThreadPoolExecutor$Worker.run(ThreadPoolExecutor.java:615)
	at java.lang.Thread.run(Thread.java:744)
{noformat}",,,
9234,ISPN-4250,NoData,,,
9235,ISPN-4241,"DistExec uses JBoss Marshalling to clone a task when running in clustered mode but it is not able to load the task class. I don't think this is a problem of classpath in PAX EXAM (as the log below might signify) because DistribuedExecutorService.submit works while DistribuedExecutorService.submitEverywhere fails to load the task class.

I'll provide the test later.

Stacktrace:
{code}
java.lang.ClassNotFoundException: org.infinispan.it.osgi.distexec.LocalDistributedExecutorTest$ExceptionThrowingCallable not found by org.ops4j.pax.exam.rbc [77]
	at org.apache.felix.framework.BundleWiringImpl.findClassOrResourceByDelegation(BundleWiringImpl.java:1460)
	at org.apache.felix.framework.BundleWiringImpl.access$400(BundleWiringImpl.java:72)
	at org.apache.felix.framework.BundleWiringImpl$BundleClassLoader.loadClass(BundleWiringImpl.java:1843)
	at java.lang.ClassLoader.loadClass(ClassLoader.java:356)
	at java.lang.Class.forName0(Native Method)
	at java.lang.Class.forName(Class.java:266)
	at org.jboss.marshalling.AbstractClassResolver.loadClass(AbstractClassResolver.java:131)
	at org.jboss.marshalling.AbstractClassResolver.resolveClass(AbstractClassResolver.java:112)
	at org.jboss.marshalling.river.RiverUnmarshaller.doReadClassDescriptor(RiverUnmarshaller.java:943)
	at org.jboss.marshalling.river.RiverUnmarshaller.doReadNewObject(RiverUnmarshaller.java:1239)
	at org.jboss.marshalling.river.RiverUnmarshaller.doReadObject(RiverUnmarshaller.java:272)
	at org.jboss.marshalling.river.RiverUnmarshaller.doReadObject(RiverUnmarshaller.java:209)
	at org.jboss.marshalling.AbstractObjectInput.readObject(AbstractObjectInput.java:41)
	at org.infinispan.commons.marshall.jboss.AbstractJBossMarshaller.objectFromObjectStream(AbstractJBossMarshaller.java:135)
	at org.infinispan.marshall.core.VersionAwareMarshaller.objectFromByteBuffer(VersionAwareMarshaller.java:101)
	at org.infinispan.commons.marshall.AbstractMarshaller.objectFromByteBuffer(AbstractMarshaller.java:82)
	at org.infinispan.commons.marshall.AbstractDelegatingMarshaller.objectFromByteBuffer(AbstractDelegatingMarshaller.java:75)
	at org.infinispan.commons.util.Util.cloneWithMarshaller(Util.java:240)
	at org.infinispan.distexec.DefaultExecutorService.clone(DefaultExecutorService.java:507)
	at org.infinispan.distexec.DefaultExecutorService.submitEverywhere(DefaultExecutorService.java:462)
	at org.infinispan.distexec.DefaultExecutorService.submitEverywhere(DefaultExecutorService.java:449)
	at org.infinispan.it.osgi.distexec.LocalDistributedExecutorTest.testExceptionInvocation(LocalDistributedExecutorTest.java:119)
	at sun.reflect.NativeMethodAccessorImpl.invoke0(Native Method)
	at sun.reflect.NativeMethodAccessorImpl.invoke(NativeMethodAccessorImpl.java:57)
	at sun.reflect.DelegatingMethodAccessorImpl.invoke(DelegatingMethodAccessorImpl.java:43)
	at java.lang.reflect.Method.invoke(Method.java:601)
	at org.junit.runners.model.FrameworkMethod$1.runReflectiveCall(FrameworkMethod.java:47)
	at org.junit.internal.runners.model.ReflectiveCallable.run(ReflectiveCallable.java:12)
	at org.junit.runners.model.FrameworkMethod.invokeExplosively(FrameworkMethod.java:44)
	at org.junit.internal.runners.statements.InvokeMethod.evaluate(InvokeMethod.java:17)
	at org.junit.internal.runners.statements.RunBefores.evaluate(RunBefores.java:26)
	at org.junit.internal.runners.statements.RunAfters.evaluate(RunAfters.java:27)
	at org.junit.runners.ParentRunner.runLeaf(ParentRunner.java:271)
	at org.junit.runners.BlockJUnit4ClassRunner.runChild(BlockJUnit4ClassRunner.java:70)
	at org.ops4j.pax.exam.invoker.junit.internal.ContainerTestRunner.runChild(ContainerTestRunner.java:67)
	at org.ops4j.pax.exam.invoker.junit.internal.ContainerTestRunner.runChild(ContainerTestRunner.java:37)
	at org.junit.runners.ParentRunner$3.run(ParentRunner.java:238)
	at org.junit.runners.ParentRunner$1.schedule(ParentRunner.java:63)
	at org.junit.runners.ParentRunner.runChildren(ParentRunner.java:236)
	at org.junit.runners.ParentRunner.access$000(ParentRunner.java:53)
	at org.junit.runners.ParentRunner$2.evaluate(ParentRunner.java:229)
	at org.junit.runners.ParentRunner.run(ParentRunner.java:309)
	at org.junit.runner.JUnitCore.run(JUnitCore.java:160)
	at org.junit.runner.JUnitCore.run(JUnitCore.java:138)
	at org.ops4j.pax.exam.invoker.junit.internal.JUnitProbeInvoker.invokeViaJUnit(JUnitProbeInvoker.java:125)
	at org.ops4j.pax.exam.invoker.junit.internal.JUnitProbeInvoker.findAndInvoke(JUnitProbeInvoker.java:98)
	at org.ops4j.pax.exam.invoker.junit.internal.JUnitProbeInvoker.call(JUnitProbeInvoker.java:74)
	at sun.reflect.NativeMethodAccessorImpl.invoke0(Native Method)
	at sun.reflect.NativeMethodAccessorImpl.invoke(NativeMethodAccessorImpl.java:57)
	at sun.reflect.DelegatingMethodAccessorImpl.invoke(DelegatingMethodAccessorImpl.java:43)
	at java.lang.reflect.Method.invoke(Method.java:601)
	at org.ops4j.pax.exam.rbc.internal.RemoteBundleContextImpl.remoteCall(RemoteBundleContextImpl.java:80)
	at sun.reflect.NativeMethodAccessorImpl.invoke0(Native Method)
	at sun.reflect.NativeMethodAccessorImpl.invoke(NativeMethodAccessorImpl.java:57)
	at sun.reflect.DelegatingMethodAccessorImpl.invoke(DelegatingMethodAccessorImpl.java:43)
	at java.lang.reflect.Method.invoke(Method.java:601)
	at sun.rmi.server.UnicastServerRef.dispatch(UnicastServerRef.java:322)
	at sun.rmi.transport.Transport$1.run(Transport.java:177)
	at sun.rmi.transport.Transport$1.run(Transport.java:174)
	at java.security.AccessController.doPrivileged(Native Method)
	at sun.rmi.transport.Transport.serviceCall(Transport.java:173)
	at sun.rmi.transport.tcp.TCPTransport.handleMessages(TCPTransport.java:553)
	at sun.rmi.transport.tcp.TCPTransport$ConnectionHandler.run0(TCPTransport.java:808)
	at sun.rmi.transport.tcp.TCPTransport$ConnectionHandler.run(TCPTransport.java:667)
	at java.util.concurrent.ThreadPoolExecutor.runWorker(ThreadPoolExecutor.java:1145)
	at java.util.concurrent.ThreadPoolExecutor$Worker.run(ThreadPoolExecutor.java:615)
	at java.lang.Thread.run(Thread.java:722)
{code}",,,
9236,ISPN-4239,"The ISPN-3731 fix was supposed to prevent a joiner from running commands broadcasted by other members before the joiner became a member in the cache topology.

However, the fix was incomplete, and commands received before the joiner became a member were still executed. This is causing failures in {{StateTransferReplicationQueueTest}}, which is issuing a put(k, v) and a remove(k) and expecting the key to be removed. It can happen that the put(k, v) command is executed before the joiner becomes a member, but the remove(k) command is rejected because it came from a topology where the joiner was not a member:

{noformat}
12:54:41,412 TRACE (testng-StateTransferReplicationQueueTest:nbst-replqueue) [StateTransferManagerImpl] Installing new cache topology CacheTopology{id=3, currentCH=ReplicatedConsistentHash{members=[StateTransferReplicationQueueTest-NodeA-8686], numSegments=1, primaryOwners=[0]}, pendingCH=null} on cache nbst-replqueue
12:54:41,412 TRACE (testng-StateTransferReplicationQueueTest:nbst-replqueue) [StateTransferLockImpl] Signalling topology 3 is installed
12:54:41,433 TRACE (Incoming-1,StateTransferReplicationQueueTest-NodeC-12962:) [InboundInvocationHandlerImpl] Calling perform() on MultipleRpcCommand{commands=[..., PrepareCommand {modifications=[PutKeyValueCommand{key=test58, value=org.infinispan.statetransfer.StateTransferReplicationQueueTest$PojoValue@59, flags=null, putIfAbsent=false, valueMatcher=MATCH_ALWAYS, metadata=EmbeddedMetadata{version=null}, successful=true}], onePhaseCommit=true, gtx=GlobalTransaction:<StateTransferReplicationQueueTest-NodeA-8686>:6969:local, cacheName='nbst-replqueue', topologyId=3}], cacheName='nbst-replqueue'}
12:54:41,439 TRACE (remote-thread-StateTransferReplicationQueueTest-NodeC-p3980-t1:nbst-replqueue) [StateTransferManagerImpl] Installing new cache topology CacheTopology{id=4, currentCH=ReplicatedConsistentHash{members=[StateTransferReplicationQueueTest-NodeA-8686], numSegments=1, primaryOwners=[0]}, pendingCH=ReplicatedConsistentHash{members=[StateTransferReplicationQueueTest-NodeA-8686, StateTransferReplicationQueueTest-NodeC-12962], numSegments=1, primaryOwners=[0]}} on cache nbst-replqueue
12:54:41,439 TRACE (remote-thread-StateTransferReplicationQueueTest-NodeC-p3980-t1:nbst-replqueue) [StateTransferManagerImpl] This is the first topology in which the local node is a member
12:54:41,462 TRACE (Incoming-1,StateTransferReplicationQueueTest-NodeC-12962:nbst-replqueue) [ReadCommittedEntry] Updating entry (key=test58 removed=false valid=true changed=true created=true loaded=false value=org.infinispan.statetransfer.StateTransferReplicationQueueTest$PojoValue@59 metadata=EmbeddedMetadata{version=null}, providedMetadata=null)
12:54:41,491 TRACE (Incoming-1,StateTransferReplicationQueueTest-NodeC-12962:) [CommandAwareRpcDispatcher] Attempting to execute command: MultipleRpcCommand{commands=[PrepareCommand {modifications=[RemoveCommand{key=test58, value=null, flags=null, valueMatcher=MATCH_ALWAYS}], onePhaseCommit=true, gtx=GlobalTransaction:<StateTransferReplicationQueueTest-NodeA-8686>:6970:local, cacheName='nbst-replqueue', topologyId=3}, ...], cacheName='nbst-replqueue'} [sender=StateTransferReplicationQueueTest-NodeA-8686]
12:54:41,493 TRACE (Incoming-1,StateTransferReplicationQueueTest-NodeC-12962:) [StateTransferLockImpl] Waiting for transaction data for topology 3, current topology is 3
12:54:41,493 TRACE (Incoming-1,StateTransferReplicationQueueTest-NodeC-12962:) [InboundInvocationHandlerImpl] Ignoring command sent before the local node was a member (command topology id is 3)
{noformat}

",,,
9238,ISPN-4237,"{{org.infinispan.security.QueryAuthorizationTest.testQuery}} fails (no matter which JDK is used) with 

{noformat}
java.lang.IllegalArgumentException: Indexing was not enabled on this cache. interface org.hibernate.search.spi.SearchFactoryIntegrator not found in registry
	at org.infinispan.query.impl.ComponentRegistryUtils.getComponent(ComponentRegistryUtils.java:27)
	at org.infinispan.query.impl.ComponentRegistryUtils.getComponent(ComponentRegistryUtils.java:20)
	at org.infinispan.query.impl.SearchManagerImpl.<init>(SearchManagerImpl.java:42)
	at org.infinispan.query.Search.getSearchManager(Search.java:21)
	at org.infinispan.security.QueryAuthorizationTest.queryTest(QueryAuthorizationTest.java:97)
	at org.infinispan.security.QueryAuthorizationTest.access$300(QueryAuthorizationTest.java:32)
	at org.infinispan.security.QueryAuthorizationTest$4.run(QueryAuthorizationTest.java:113)
	at org.infinispan.security.QueryAuthorizationTest$4.run(QueryAuthorizationTest.java:109)
	at java.security.AccessController.doPrivileged(Native Method)
	at javax.security.auth.Subject.doAs(Subject.java:415)
	at org.infinispan.security.QueryAuthorizationTest.testQuery(QueryAuthorizationTest.java:109)
{noformat}

Example of test failure in Jenkins on RHEL6 and Oracle JDK 7 is e.g. [here|https://jenkins.mw.lab.eng.bos.redhat.com/hudson/job/edg-60-ispn-testsuite-rhel/317/USE_JDK=JDK7,jdk=java17_default,label=RHEL6_x86_64/testReport/junit/org.infinispan.security/QueryAuthorizationTest/testQuery/].

Maybe it's some setup issue, as on Jenkins it fails on all platforms, while I;m not able to reproduce it on my machine.",,,
9241,ISPN-4236,"With the update to use newer RHQ, the CacheManager and Cache sometimes report as being down when using library JMX plugin.  It looks like RHQ added some additional checks which just pushes the operation time over the default of 5 seconds.  This is to clean up our code a bit to make the availability check for efficient.",,,
9243,ISPN-4235,"The JMX RHQ pluging currently queries all cache managers and lumps them together.  Thus if you have multiple cache managers in separate domains they all show as 1 cache manager with all the caches for each underneath it.  We need to separate each cache manager by domain in the plugin so that each can be administered separately.

It appears the CacheManagerDiscovery lumps all the managers by type in createDiscoveredResources.  We would then have to change the CacheManagerComponent to properly query the specific mbean.",,,
9247,ISPN-4234,NoData,,,
9248,ISPN-4233,"The version is now Parser70 and so Parser60 can't be found. This should be corrected in core/src/main/resources/OSGI-INF/blueprint/blueprint.xml  We should make it versatile and probably generate the version during build process.

Error:
{code}
org.osgi.service.blueprint.container.ComponentDefinitionException: Unable to load class org.infinispan.configuration.parsing.Parser60 from recipe BeanRecipe[name='parser60']
	at org.apache.aries.blueprint.di.AbstractRecipe.doLoadType(AbstractRecipe.java:195)[7:org.apache.aries.blueprint.core:1.1.0]
	at org.apache.aries.blueprint.di.AbstractRecipe.loadType(AbstractRecipe.java:161)[7:org.apache.aries.blueprint.core:1.1.0]
	at org.apache.aries.blueprint.container.BeanRecipe.loadClass(BeanRecipe.java:249)[7:org.apache.aries.blueprint.core:1.1.0]
	at org.apache.aries.blueprint.container.BeanRecipe.getType(BeanRecipe.java:895)[7:org.apache.aries.blueprint.core:1.1.0]
	at org.apache.aries.blueprint.container.BeanRecipe.getInstance(BeanRecipe.java:323)[7:org.apache.aries.blueprint.core:1.1.0]
	at org.apache.aries.blueprint.container.BeanRecipe.internalCreate2(BeanRecipe.java:806)[7:org.apache.aries.blueprint.core:1.1.0]
	at org.apache.aries.blueprint.container.BeanRecipe.internalCreate(BeanRecipe.java:787)[7:org.apache.aries.blueprint.core:1.1.0]
	at org.apache.aries.blueprint.di.AbstractRecipe$1.call(AbstractRecipe.java:79)[7:org.apache.aries.blueprint.core:1.1.0]
	at java.util.concurrent.FutureTask$Sync.innerRun(FutureTask.java:334)[:1.7.0_17]
	at java.util.concurrent.FutureTask.run(FutureTask.java:166)[:1.7.0_17]
	at org.apache.aries.blueprint.di.AbstractRecipe.create(AbstractRecipe.java:88)[7:org.apache.aries.blueprint.core:1.1.0]
	at org.apache.aries.blueprint.container.BlueprintRepository.createInstances(BlueprintRepository.java:245)[7:org.apache.aries.blueprint.core:1.1.0]
	at org.apache.aries.blueprint.container.BlueprintRepository.createAll(BlueprintRepository.java:183)[7:org.apache.aries.blueprint.core:1.1.0]
	at org.apache.aries.blueprint.container.BlueprintContainerImpl.instantiateEagerComponents(BlueprintContainerImpl.java:668)[7:org.apache.aries.blueprint.core:1.1.0]
	at org.apache.aries.blueprint.container.BlueprintContainerImpl.doRun(BlueprintContainerImpl.java:370)[7:org.apache.aries.blueprint.core:1.1.0]
	at org.apache.aries.blueprint.container.BlueprintContainerImpl.run(BlueprintContainerImpl.java:261)[7:org.apache.aries.blueprint.core:1.1.0]
	at org.apache.aries.blueprint.container.BlueprintExtender.createContainer(BlueprintExtender.java:259)[7:org.apache.aries.blueprint.core:1.1.0]
	at org.apache.aries.blueprint.container.BlueprintExtender.modifiedBundle(BlueprintExtender.java:222)[7:org.apache.aries.blueprint.core:1.1.0]
	at org.apache.aries.util.tracker.hook.BundleHookBundleTracker$Tracked.customizerModified(BundleHookBundleTracker.java:500)[11:org.apache.aries.util:1.1.0]
	at org.apache.aries.util.tracker.hook.BundleHookBundleTracker$Tracked.customizerModified(BundleHookBundleTracker.java:433)[11:org.apache.aries.util:1.1.0]
	at org.apache.aries.util.tracker.hook.BundleHookBundleTracker$AbstractTracked.track(BundleHookBundleTracker.java:725)[11:org.apache.aries.util:1.1.0]
	at org.apache.aries.util.tracker.hook.BundleHookBundleTracker$Tracked.bundleChanged(BundleHookBundleTracker.java:463)[11:org.apache.aries.util:1.1.0]
	at org.apache.aries.util.tracker.hook.BundleHookBundleTracker$BundleEventHook.event(BundleHookBundleTracker.java:422)[11:org.apache.aries.util:1.1.0]
	at org.apache.felix.framework.util.SecureAction.invokeBundleEventHook(SecureAction.java:1103)[org.apache.felix.framework-4.0.3.jar:]
	at org.apache.felix.framework.util.EventDispatcher.createWhitelistFromHooks(EventDispatcher.java:695)[org.apache.felix.framework-4.0.3.jar:]
	at org.apache.felix.framework.util.EventDispatcher.fireBundleEvent(EventDispatcher.java:483)[org.apache.felix.framework-4.0.3.jar:]
	at org.apache.felix.framework.Felix.fireBundleEvent(Felix.java:4244)[org.apache.felix.framework-4.0.3.jar:]
	at org.apache.felix.framework.Felix.startBundle(Felix.java:1923)[org.apache.felix.framework-4.0.3.jar:]
	at org.apache.felix.framework.BundleImpl.start(BundleImpl.java:944)
	at org.apache.felix.framework.BundleImpl.start(BundleImpl.java:931)
	at org.apache.karaf.features.internal.FeaturesServiceImpl.installFeatures(FeaturesServiceImpl.java:488)
	at org.apache.karaf.features.internal.FeaturesServiceImpl.start(FeaturesServiceImpl.java:1207)
	at sun.reflect.NativeMethodAccessorImpl.invoke0(Native Method)[:1.7.0_17]
	at sun.reflect.NativeMethodAccessorImpl.invoke(NativeMethodAccessorImpl.java:57)[:1.7.0_17]
	at sun.reflect.DelegatingMethodAccessorImpl.invoke(DelegatingMethodAccessorImpl.java:43)[:1.7.0_17]
	at java.lang.reflect.Method.invoke(Method.java:601)[:1.7.0_17]
	at org.apache.aries.blueprint.utils.ReflectionUtils.invoke(ReflectionUtils.java:297)[7:org.apache.aries.blueprint.core:1.1.0]
	at org.apache.aries.blueprint.container.BeanRecipe.invoke(BeanRecipe.java:958)[7:org.apache.aries.blueprint.core:1.1.0]
	at org.apache.aries.blueprint.container.BeanRecipe.runBeanProcInit(BeanRecipe.java:712)[7:org.apache.aries.blueprint.core:1.1.0]
	at org.apache.aries.blueprint.container.BeanRecipe.internalCreate2(BeanRecipe.java:824)[7:org.apache.aries.blueprint.core:1.1.0]
	at org.apache.aries.blueprint.container.BeanRecipe.internalCreate(BeanRecipe.java:787)[7:org.apache.aries.blueprint.core:1.1.0]
	at org.apache.aries.blueprint.di.AbstractRecipe$1.call(AbstractRecipe.java:79)[7:org.apache.aries.blueprint.core:1.1.0]
	at java.util.concurrent.FutureTask$Sync.innerRun(FutureTask.java:334)[:1.7.0_17]
	at java.util.concurrent.FutureTask.run(FutureTask.java:166)[:1.7.0_17]
	at org.apache.aries.blueprint.di.AbstractRecipe.create(AbstractRecipe.java:88)[7:org.apache.aries.blueprint.core:1.1.0]
	at org.apache.aries.blueprint.container.BlueprintRepository.createInstances(BlueprintRepository.java:245)[7:org.apache.aries.blueprint.core:1.1.0]
	at org.apache.aries.blueprint.container.BlueprintRepository.createAll(BlueprintRepository.java:183)[7:org.apache.aries.blueprint.core:1.1.0]
	at org.apache.aries.blueprint.container.BlueprintContainerImpl.instantiateEagerComponents(BlueprintContainerImpl.java:668)[7:org.apache.aries.blueprint.core:1.1.0]
	at org.apache.aries.blueprint.container.BlueprintContainerImpl.doRun(BlueprintContainerImpl.java:370)[7:org.apache.aries.blueprint.core:1.1.0]
	at org.apache.aries.blueprint.container.BlueprintContainerImpl.run(BlueprintContainerImpl.java:261)[7:org.apache.aries.blueprint.core:1.1.0]
	at org.apache.aries.blueprint.container.BlueprintExtender.createContainer(BlueprintExtender.java:259)[7:org.apache.aries.blueprint.core:1.1.0]
	at org.apache.aries.blueprint.container.BlueprintExtender.modifiedBundle(BlueprintExtender.java:222)[7:org.apache.aries.blueprint.core:1.1.0]
	at org.apache.aries.util.tracker.hook.BundleHookBundleTracker$Tracked.customizerModified(BundleHookBundleTracker.java:500)[11:org.apache.aries.util:1.1.0]
	at org.apache.aries.util.tracker.hook.BundleHookBundleTracker$Tracked.customizerModified(BundleHookBundleTracker.java:433)[11:org.apache.aries.util:1.1.0]
	at org.apache.aries.util.tracker.hook.BundleHookBundleTracker$AbstractTracked.track(BundleHookBundleTracker.java:725)[11:org.apache.aries.util:1.1.0]
	at org.apache.aries.util.tracker.hook.BundleHookBundleTracker$Tracked.bundleChanged(BundleHookBundleTracker.java:463)[11:org.apache.aries.util:1.1.0]
	at org.apache.aries.util.tracker.hook.BundleHookBundleTracker$BundleEventHook.event(BundleHookBundleTracker.java:422)[11:org.apache.aries.util:1.1.0]
	at org.apache.felix.framework.util.SecureAction.invokeBundleEventHook(SecureAction.java:1103)[org.apache.felix.framework-4.0.3.jar:]
	at org.apache.felix.framework.util.EventDispatcher.createWhitelistFromHooks(EventDispatcher.java:695)[org.apache.felix.framework-4.0.3.jar:]
	at org.apache.felix.framework.util.EventDispatcher.fireBundleEvent(EventDispatcher.java:483)[org.apache.felix.framework-4.0.3.jar:]
	at org.apache.felix.framework.Felix.fireBundleEvent(Felix.java:4244)[org.apache.felix.framework-4.0.3.jar:]
	at org.apache.felix.framework.Felix.startBundle(Felix.java:1923)[org.apache.felix.framework-4.0.3.jar:]
	at org.apache.felix.framework.Felix.setActiveStartLevel(Felix.java:1191)[org.apache.felix.framework-4.0.3.jar:]
	at org.apache.felix.framework.FrameworkStartLevelImpl.run(FrameworkStartLevelImpl.java:295)[org.apache.felix.framework-4.0.3.jar:]
	at java.lang.Thread.run(Thread.java:722)[:1.7.0_17]
Caused by: java.lang.ClassNotFoundException: org.infinispan.configuration.parsing.Parser60 not found by org.infinispan.core [56]
	at org.apache.felix.framework.BundleWiringImpl.findClassOrResourceByDelegation(BundleWiringImpl.java:1460)
	at org.apache.felix.framework.BundleWiringImpl.access$400(BundleWiringImpl.java:72)
	at org.apache.felix.framework.BundleWiringImpl$BundleClassLoader.loadClass(BundleWiringImpl.java:1843)
	at java.lang.ClassLoader.loadClass(ClassLoader.java:356)[:1.7.0_17]
	at org.apache.felix.framework.Felix.loadBundleClass(Felix.java:1723)[org.apache.felix.framework-4.0.3.jar:]
	at org.apache.felix.framework.BundleImpl.loadClass(BundleImpl.java:926)
	at org.apache.aries.blueprint.container.BlueprintContainerImpl.loadClass(BlueprintContainerImpl.java:419)[7:org.apache.aries.blueprint.core:1.1.0]
	at org.apache.aries.blueprint.container.BlueprintRepository.loadClass(BlueprintRepository.java:410)[7:org.apache.aries.blueprint.core:1.1.0]
	at org.apache.aries.blueprint.container.GenericType.parse(GenericType.java:113)[7:org.apache.aries.blueprint.core:1.1.0]
	at org.apache.aries.blueprint.di.AbstractRecipe.doLoadType(AbstractRecipe.java:168)[7:org.apache.aries.blueprint.core:1.1.0]
	... 64 more

{code}",,,
9254,ISPN-4232,"HotRod client requires infinispan-commons in order to function correctly. infinispan-commons is now a child fragment of infinispan-core (defined by Fragment-Host in OSGi) and so it requires its parent bundle - infinispan-core - to be installed as well.
This in unfortunate because HotRod client should work without infinispan-core.

{code}
java.lang.Exception: Could not start bundle mvn:org.infinispan/infinispan-client-hotrod/7.0.0-SNAPSHOT in feature(s) hotrod-client-7.0.0-SNAPSHOT: Unresolved constraint in bundle org.infinispan.client-hotrod [58]: Unable to resolve 58.0: missing requirement [58.0] osgi.wiring.package; (&(osgi.wiring.package=org.infinispan.commons)(version>=7.0.0.SNAPSHOT)) [caused by: Unable to resolve 55.0: missing requirement [55.0] osgi.wiring.host; (&(osgi.wiring.host=org.infinispan.core)(bundle-version>=7.0.0.SNAPSHOT))]
	at org.apache.karaf.features.internal.FeaturesServiceImpl.installFeatures(FeaturesServiceImpl.java:491)
	at org.apache.karaf.features.internal.FeaturesServiceImpl.start(FeaturesServiceImpl.java:1207)
	at sun.reflect.NativeMethodAccessorImpl.invoke0(Native Method)[:1.7.0_17]
	at sun.reflect.NativeMethodAccessorImpl.invoke(NativeMethodAccessorImpl.java:57)[:1.7.0_17]
	at sun.reflect.DelegatingMethodAccessorImpl.invoke(DelegatingMethodAccessorImpl.java:43)[:1.7.0_17]
	at java.lang.reflect.Method.invoke(Method.java:601)[:1.7.0_17]
	at org.apache.aries.blueprint.utils.ReflectionUtils.invoke(ReflectionUtils.java:297)[7:org.apache.aries.blueprint.core:1.1.0]
	at org.apache.aries.blueprint.container.BeanRecipe.invoke(BeanRecipe.java:958)[7:org.apache.aries.blueprint.core:1.1.0]
	at org.apache.aries.blueprint.container.BeanRecipe.runBeanProcInit(BeanRecipe.java:712)[7:org.apache.aries.blueprint.core:1.1.0]
	at org.apache.aries.blueprint.container.BeanRecipe.internalCreate2(BeanRecipe.java:824)[7:org.apache.aries.blueprint.core:1.1.0]
	at org.apache.aries.blueprint.container.BeanRecipe.internalCreate(BeanRecipe.java:787)[7:org.apache.aries.blueprint.core:1.1.0]
	at org.apache.aries.blueprint.di.AbstractRecipe$1.call(AbstractRecipe.java:79)[7:org.apache.aries.blueprint.core:1.1.0]
	at java.util.concurrent.FutureTask$Sync.innerRun(FutureTask.java:334)[:1.7.0_17]
	at java.util.concurrent.FutureTask.run(FutureTask.java:166)[:1.7.0_17]
	at org.apache.aries.blueprint.di.AbstractRecipe.create(AbstractRecipe.java:88)[7:org.apache.aries.blueprint.core:1.1.0]
	at org.apache.aries.blueprint.container.BlueprintRepository.createInstances(BlueprintRepository.java:245)[7:org.apache.aries.blueprint.core:1.1.0]
	at org.apache.aries.blueprint.container.BlueprintRepository.createAll(BlueprintRepository.java:183)[7:org.apache.aries.blueprint.core:1.1.0]
	at org.apache.aries.blueprint.container.BlueprintContainerImpl.instantiateEagerComponents(BlueprintContainerImpl.java:668)[7:org.apache.aries.blueprint.core:1.1.0]
	at org.apache.aries.blueprint.container.BlueprintContainerImpl.doRun(BlueprintContainerImpl.java:370)[7:org.apache.aries.blueprint.core:1.1.0]
	at org.apache.aries.blueprint.container.BlueprintContainerImpl.run(BlueprintContainerImpl.java:261)[7:org.apache.aries.blueprint.core:1.1.0]
	at org.apache.aries.blueprint.container.BlueprintExtender.createContainer(BlueprintExtender.java:259)[7:org.apache.aries.blueprint.core:1.1.0]
	at org.apache.aries.blueprint.container.BlueprintExtender.modifiedBundle(BlueprintExtender.java:222)[7:org.apache.aries.blueprint.core:1.1.0]
	at org.apache.aries.util.tracker.hook.BundleHookBundleTracker$Tracked.customizerModified(BundleHookBundleTracker.java:500)[11:org.apache.aries.util:1.1.0]
	at org.apache.aries.util.tracker.hook.BundleHookBundleTracker$Tracked.customizerModified(BundleHookBundleTracker.java:433)[11:org.apache.aries.util:1.1.0]
	at org.apache.aries.util.tracker.hook.BundleHookBundleTracker$AbstractTracked.track(BundleHookBundleTracker.java:725)[11:org.apache.aries.util:1.1.0]
	at org.apache.aries.util.tracker.hook.BundleHookBundleTracker$Tracked.bundleChanged(BundleHookBundleTracker.java:463)[11:org.apache.aries.util:1.1.0]
	at org.apache.aries.util.tracker.hook.BundleHookBundleTracker$BundleEventHook.event(BundleHookBundleTracker.java:422)[11:org.apache.aries.util:1.1.0]
	at org.apache.felix.framework.util.SecureAction.invokeBundleEventHook(SecureAction.java:1103)[org.apache.felix.framework-4.0.3.jar:]
	at org.apache.felix.framework.util.EventDispatcher.createWhitelistFromHooks(EventDispatcher.java:695)[org.apache.felix.framework-4.0.3.jar:]
	at org.apache.felix.framework.util.EventDispatcher.fireBundleEvent(EventDispatcher.java:483)[org.apache.felix.framework-4.0.3.jar:]
	at org.apache.felix.framework.Felix.fireBundleEvent(Felix.java:4244)[org.apache.felix.framework-4.0.3.jar:]
	at org.apache.felix.framework.Felix.startBundle(Felix.java:1923)[org.apache.felix.framework-4.0.3.jar:]
	at org.apache.felix.framework.Felix.setActiveStartLevel(Felix.java:1191)[org.apache.felix.framework-4.0.3.jar:]
	at org.apache.felix.framework.FrameworkStartLevelImpl.run(FrameworkStartLevelImpl.java:295)[org.apache.felix.framework-4.0.3.jar:]
	at java.lang.Thread.run(Thread.java:722)[:1.7.0_17]

{code}",,,
9259,ISPN-4231,"{noformat}
14:39:04,037 ERROR (testng-DistSyncL1FuncTest:) [UnitTestTestNGListener] Test testRemoteGetArrivesButWriteOccursBeforeRegistration(org.infinispan.distribution.DistSyncL1FuncTest) failed.
org.junit.ComparisonFailure: expected:<[second]-put> but was:<[first]-put>
	at org.junit.Assert.assertEquals(Assert.java:115)
	at org.junit.Assert.assertEquals(Assert.java:144)
	at org.infinispan.distribution.BaseDistSyncL1Test.testRemoteGetArrivesButWriteOccursBeforeRegistration(BaseDistSyncL1Test.java:342)
{noformat}",,,
9261,ISPN-4230,"There's a dependency missing in the websocket module that causes it to throw the exception when connecting

{code}
09:14:10,827 WARNING [io.netty.channel.ChannelInitializer] (WebSocketServerWorker-1) Failed to initialize a channel. Closing: [id: 0x93a75f0c, /127.0.0.1:64170 => /127.0.0.1:8181]: java.lang.NoClassDefFoundError: org/json/JSONException
	at org.infinispan.server.websocket.WebSocketServer$WebSocketServerPipelineFactory.initChannel(WebSocketServer.java:90) [infinispan-server-websocket-7.0.0-SNAPSHOT.jar:7.0.0-SNAPSHOT]
	at io.netty.channel.ChannelInitializer.channelRegistered(ChannelInitializer.java:69) [netty-all-4.0.18.Final.jar:4.0.18.Final]
	at io.netty.channel.DefaultChannelHandlerContext.invokeChannelRegistered(DefaultChannelHandlerContext.java:166) [netty-all-4.0.18.Final.jar:4.0.18.Final]
	…
	at java.lang.Thread.run(Thread.java:745) [rt.jar:1.7.0_55]
Caused by: java.lang.ClassNotFoundException: org.json.JSONException from [Module ""org.infinispan.server.websocket:main"" from local module loader @326d888e (finder: local module finder @35203c7f (roots: /Users/applevtnc/Source/github/infinispan-fork/server/integration/build/target/infinispan-server-7.0.0-SNAPSHOT/modules,/Users/applevtnc/Source/github/infinispan-fork/server/integration/build/target/infinispan-server-7.0.0-SNAPSHOT/modules/system/layers/base))]
	at org.jboss.modules.ModuleClassLoader.findClass(ModuleClassLoader.java:190) [jboss-modules.jar:1.2.0.CR1]
	at org.jboss.modules.ConcurrentClassLoader.performLoadClassUnchecked(ConcurrentClassLoader.java:468) [jboss-modules.jar:1.2.0.CR1]
	…


{code}",,,
9264,ISPN-4224,"[Kerberos auth integration test|https://github.com/infinispan/infinispan/blob/master/integrationtests/security-it/src/test/java/org/infinispan/test/integration/security/embedded/KrbLdapAuthenticationIT.java] passes on JDK7, but fails on JDK8 with 
{noformat}
Caused by: javax.naming.NamingException: JBAS011843: Failed instantiate InitialContextFactory com.sun.jndi.ldap.LdapCtxFactory from classloader ModuleClassLoader for Module ""deployment.b5efb5d4-0f0d-448f-b60f-e8bd15023ebd.war:main"" from Service Module Loader [Root exception is javax.naming.CommunicationException: Request: 1 cancelled]
     at org.jboss.as.naming.InitialContext.getDefaultInitCtx(InitialContext.java:116)
     at org.jboss.as.naming.InitialContext.init(InitialContext.java:99)
     at javax.naming.ldap.InitialLdapContext.<init>(InitialLdapContext.java:153)
     at org.jboss.as.naming.InitialContext.<init>(InitialContext.java:90)
     at org.jboss.as.naming.InitialContextFactory.getInitialContext(InitialContextFactory.java:44)
     at javax.naming.spi.NamingManager.getInitialContext(NamingManager.java:684)
     at javax.naming.InitialContext.getDefaultInitCtx(InitialContext.java:307)
     at javax.naming.InitialContext.init(InitialContext.java:242)
     at javax.naming.ldap.InitialLdapContext.<init>(InitialLdapContext.java:153)
     at org.jboss.security.negotiation.AdvancedLdapLoginModule.constructLdapContext(AdvancedLdapLoginModule.java:431)
     ... 109 more
 Caused by: javax.naming.CommunicationException: Request: 1 cancelled
     at com.sun.jndi.ldap.LdapRequest.getReplyBer(LdapRequest.java:105)
     at com.sun.jndi.ldap.Connection.readReply(Connection.java:449)
     at com.sun.jndi.ldap.LdapClient.ldapBind(LdapClient.java:364)
     at com.sun.jndi.ldap.sasl.LdapSasl.saslBind(LdapSasl.java:126)
     at com.sun.jndi.ldap.LdapClient.authenticate(LdapClient.java:235)
     at com.sun.jndi.ldap.LdapCtx.connect(LdapCtx.java:2740)
     at com.sun.jndi.ldap.LdapCtx.<init>(LdapCtx.java:316)
     at com.sun.jndi.ldap.LdapCtxFactory.getUsingURL(LdapCtxFactory.java:193)
     at com.sun.jndi.ldap.LdapCtxFactory.getUsingURLs(LdapCtxFactory.java:211)
     at com.sun.jndi.ldap.LdapCtxFactory.getLdapCtxInstance(LdapCtxFactory.java:154)
     at com.sun.jndi.ldap.LdapCtxFactory.getInitialContext(LdapCtxFactory.java:84)
     at org.jboss.as.naming.InitialContext.getDefaultInitCtx(InitialContext.java:114)
     ... 118 more
{noformat}",,,
9265,ISPN-4220,"{code}
RemoteCacheManager manager = ...;
Cache noReturnCache = manager.getCache(""foo"", false);
Cache returnValueCache = manager.getCache(""foo"", true);
{code}

The second returned cache will use forceReturnValue=false, although it was retrieved with forceReturnValue=true. The reason is that caches are stored in a map by name, ignoring this flag.

There should be two such maps. The question is what should getCache(""foo"") return if previously only getCache(""foo"", true) was called.",,,
9268,ISPN-4216,"Whenever data gets inserted in intermediate cache unsafeReturnValues setting is ignored and previous value from cache is returned every time we do cache#put. We did not experience this slowdown before because we only inserted once per key in intermediate cache put. Now that we do partial batching and transfer of these keys/values, we really hit the wall there with multiple insertions. Adding IGNORE_RETURN_VALUES flag to put invocation is the key to resolve this issue. ",,,
9269,ISPN-4214,This will be a problem when the server gets rebased to latest WildFly components - where it will fail to parse the whole configuration due to an exception being thrown.,,,
9271,ISPN-4212,"If you use hotrod to put entries into a cache which is not defined in standalone.xml, it will be started:
{code}
15:35:50,676 INFO  [org.jboss.as.clustering.infinispan] (HotRodServerWorker-1) JBAS010281: Started nonDefinedCache cache from local container
{code}
but when you try to retrieve the entry back, you'll get null.
{code}
RemoteCacheManager rcm = new RemoteCacheManager(new ConfigurationBuilder().addServer().host(""localhost"").port(11222).build());
RemoteCache<String, String> cache = rcm.getCache(""nonDefinedCache"");
cache.put(""key"", ""value"");
cache.get(""key""); // returns null
{code}

Happens in the current server snapshot.
A while back you'd get this
{code}
WARN: ISPN004005: Error received from the server: org.infinispan.server.hotrod.CacheNotFoundException: Cache with name 'nonDefinedCache' not found amongst the configured caches
{code}
So it seems we're somewhere in the middle now (not throwing exception, but also not working). The documentation here is also wrong https://github.com/infinispan/infinispan/blob/master/client/hotrod-client/src/main/java/org/infinispan/client/hotrod/RemoteCacheManager.java#L511 . ",,,
9281,ISPN-4207,"AbstractPerEntryLockContainer uses an EquivalentConcurrentHashMapV8 to map keys to lock. It can create issues when the key is a byte array. 

edit: the Stripped*LockContainer suffers from the same problem since it uses object.hashCode().",,,
9296,ISPN-4200,"Fails in the latest snapshot on line 240 with 
{code}
Can't access etries stored in source node (target's RestCacheStore). expected:<value1> but was:<[B@19676adb>
{code}
you can run the test from /server/integration/testsuite with this command:
mvn clean test -Psuite.examples -Dtest=ExampleConfigsTest#testRestRollingUpgrades
The configs used are /server/integration/testsuite/target/server/node1/standalone/configuration/examples/{standalone-rest-rolling-upgrade.xml, standalone-compatibility-mode.xml}",,,
9300,ISPN-4198,"This is related to ISPN-3731. Commands that were sent by another node before the local node joined were supposed to be ignored in {{InboundInvocationHandler}}. 

But the ISPN-3731 fix was incomplete, and old commands are still executed on the joiner - although the response is sent to the originator before the command is executed.

I believe this was causing random failures in ReplCommandForwardingTest.",,,
9301,ISPN-4196,"The cleanup phase of FilesystemQueryDslIterationTest of this test is based on Cache.clear() and is very slow , taking about 30 seconds, or at least that's how much we gain if the cache cleanup is removed. Without the cleanup, this test takes about 2.5 seconds, so we need to investigate why Cache.clear() creates a problem here or in general.",,,
9305,ISPN-4194,"The test was using {{MultipleCacheManagersTest.waitForClusterToForm()}} after killing a member, but sometimes we get this exception because one of the member hasn't updated its view right away:

{noformat}
16:38:13,013 ERROR (testng-VersionedDistStateTransferTest:) [UnitTestTestNGListener] Test testStateTransfer(org.infinispan.container.versioning.VersionedDistStateTransferTest) failed.java.lang.IllegalStateException: Cache
at address NodeE-23064 had 5 members; expecting 4. Members were (NodeA-26412, NodeB-21974, NodeC-26057, NodeD-43882, NodeE-23064)
	at org.infinispan.test.TestingUtil.isCacheViewComplete(TestingUtil.java:461)
	at org.infinispan.test.TestingUtil.areCacheViewsComplete(TestingUtil.java:409)
	at org.infinispan.test.TestingUtil.areCacheViewsComplete(TestingUtil.java:401)
	at org.infinispan.test.TestingUtil.blockUntilViewsReceived(TestingUtil.java:238)
	at org.infinispan.test.TestingUtil.blockUntilViewsReceived(TestingUtil.java:284)
	at org.infinispan.test.TestingUtil.blockUntilViewsReceived(TestingUtil.java:911)
	at org.infinispan.test.MultipleCacheManagersTest.waitForClusterToForm(MultipleCacheManagersTest.java:226)
	at org.infinispan.test.MultipleCacheManagersTest.waitForClusterToForm(MultipleCacheManagersTest.java:233)
	at org.infinispan.container.versioning.VersionedDistStateTransferTest.testStateTransfer(VersionedDistStateTransferTest.java:96)
{noformat}

The solution is to use just {{TestingUtil.waitForRehashToComplete()}} when killing a node.",,,
9309,ISPN-4192,"members is null

{code}
Caused by: java.lang.NullPointerException
	at org.infinispan.notifications.cachelistener.CacheNotifierImpl.addedListener(CacheNotifierImpl.java:594)
	at org.infinispan.notifications.impl.AbstractListenerImpl.validateAndAddListenerInvocation(AbstractListenerImpl.java:154)
	at org.infinispan.notifications.cachelistener.CacheNotifierImpl.addListener(CacheNotifierImpl.java:578)
	at org.infinispan.cache.impl.CacheImpl.addListener(CacheImpl.java:560)
{code}",,,
9311,ISPN-4189,"Looks like some problems with loading LevelDB dynamic libraries via JNI
Test suite progress: tests succeeded: 37, failed: 5, skipped: 0.
org.infinispan.commons.CacheConfigurationException: Unable to instantiate class org.fusesource.leveldbjni.JniDBFactory
	at org.infinispan.commons.util.Util.loadClass(Util.java:85)
	at org.infinispan.commons.util.Util.getInstance(Util.java:206)
	at org.infinispan.persistence.leveldb.LevelDBStore.newDbFactory(LevelDBStore.java:76)
	at org.infinispan.persistence.leveldb.LevelDBStore.init(LevelDBStore.java:59)
	at org.infinispan.persistence.leveldb.LevelDBStoreTest.createStore(LevelDBStoreTest.java:73)
	at org.infinispan.persistence.BaseStoreTest.setUp(BaseStoreTest.java:78)
	at sun.reflect.GeneratedMethodAccessor95.invoke(Unknown Source)
	at sun.reflect.DelegatingMethodAccessorImpl.invoke(DelegatingMethodAccessorImpl.java:43)
	at java.lang.reflect.Method.invoke(Method.java:606)
	at org.testng.internal.MethodInvocationHelper.invokeMethod(MethodInvocationHelper.java:80)
	at org.testng.internal.Invoker.invokeConfigurationMethod(Invoker.java:564)
	at org.testng.internal.Invoker.invokeConfigurations(Invoker.java:213)
	at org.testng.internal.Invoker.invokeMethod(Invoker.java:653)
	at org.testng.internal.Invoker.invokeTestMethod(Invoker.java:901)
	at org.testng.internal.Invoker.invokeTestMethods(Invoker.java:1231)
	at org.testng.internal.TestMethodWorker.invokeTestMethods(TestMethodWorker.java:127)
	at org.testng.internal.TestMethodWorker.run(TestMethodWorker.java:111)
	at org.testng.TestRunner.privateRun(TestRunner.java:767)
	at org.testng.TestRunner.run(TestRunner.java:617)
	at org.testng.SuiteRunner.runTest(SuiteRunner.java:334)
	at org.testng.SuiteRunner.access$000(SuiteRunner.java:37)
	at org.testng.SuiteRunner$SuiteWorker.run(SuiteRunner.java:368)
	at org.testng.internal.thread.ThreadUtil$2.call(ThreadUtil.java:64)
	at java.util.concurrent.FutureTask.run(FutureTask.java:262)
	at java.util.concurrent.ThreadPoolExecutor.runWorker(ThreadPoolExecutor.java:1145)
	at java.util.concurrent.ThreadPoolExecutor$Worker.run(ThreadPoolExecutor.java:615)
	at java.lang.Thread.run(Thread.java:744)
Caused by: java.lang.ClassNotFoundException: org.fusesource.leveldbjni.JniDBFactory
	at org.infinispan.commons.util.Util.loadClassStrict(Util.java:135)
	at org.infinispan.commons.util.Util.loadClass(Util.java:83)
	... 26 more
Caused by: java.lang.NoClassDefFoundError: Could not initialize class org.fusesource.leveldbjni.JniDBFactory
	at java.lang.Class.forName0(Native Method)
	at java.lang.Class.forName(Class.java:270)
	at org.infinispan.commons.util.Util.loadClassStrict(Util.java:122)
	... 27 more",,,
9314,ISPN-4187,"The following test for JDBC cache stores fails:
{code:java}
@Test
    @WithRunningServer({@RunningServer(name = CONTAINER1, config = CONFIG_FETCH_STATE_1)})
    public void testFetchState() throws Exception {
        try {
            mc1 = createMemcachedClient(server1);
            assertCleanCacheAndStore1();
            mc1.set(""k1"", ""v1"");
            mc1.set(""k2"", ""v2"");
            mc1.set(""k3"", ""v3"");
            assertNotNull(dbServer1.stringTable.getValueByKey(""k1""));
            startContainer(controller, CONTAINER2, CONFIG_FETCH_STATE_2);
            mc2 = createMemcachedClient(server2);
            assertTrue(0 < server2.getCacheManager(MANAGER_NAME).getCache(CACHE_NAME).getNumberOfEntries());
            //the cache store should fetch state from the others
            //since eviction.max-entries==2, first k2 and k3 is loaded from the other cache, then k1 is loaded
            //from the other cache's loader and thus k2 is evicted and ends up in a cache loader
            assertNull(dbServer2.stringTable.getValueByKey(""k1""));
            assertEquals(""v1"", mc2.get(""k1""));
            assertEquals(""v2"", mc2.get(""k2""));
            assertNull(dbServer2.stringTable.getValueByKey(""k1""));
//^^^^^fails here, the K1 was evicted even though it was used recently
//K3 was supposed to be evicted but it did not happen
            assertNull(dbServer2.stringTable.getValueByKey(""k2""));
            assertCleanCacheAndStore2();
        } finally {
            controller.stop(CONTAINER2);
        }
    }
{code}

This tests works properly if the following commit is reverted, so it was caused by this commit:
https://github.com/infinispan/infinispan/commit/b190230d84beb41474bae0239c181a5f0e95f30c

Note that there's another commit with the same name but different commit hash: b71da1c

The test above can be run from https://github.com/chepa653/infinispan/tree/t_ISPN-3904 by going to server/integration/testsuite and running mvn clean verify -Dtest=StringBasedStoreMultinodeTest#testFetchState -Dlog.level.infinispan=TRACE
",,,
9317,ISPN-4186,"{code}
junit.framework.AssertionFailedError: expected:<5> but was:<4>
    at junit.framework.Assert.fail(Assert.java:50)
    at junit.framework.Assert.failNotEquals(Assert.java:287)
    at junit.framework.Assert.assertEquals(Assert.java:67)
    at junit.framework.Assert.assertEquals(Assert.java:199)
    at junit.framework.Assert.assertEquals(Assert.java:205)
    at org.infinispan.query.distributed.MultiNodeDistributedTest.assertIndexSize(MultiNodeDistributedTest.java:119)
    at org.infinispan.query.distributed.MultiNodeDistributedTest.testIndexingWorkDistribution(MultiNodeDistributedTest.java:85)
    at sun.reflect.NativeMethodAccessorImpl.invoke0(Native Method)
    at sun.reflect.NativeMethodAccessorImpl.invoke(NativeMethodAccessorImpl.java:39)
    at sun.reflect.DelegatingMethodAccessorImpl.invoke(DelegatingMethodAccessorImpl.java:25)
    at java.lang.reflect.Method.invoke(Method.java:597)
    at org.testng.internal.MethodInvocationHelper.invokeMethod(MethodInvocationHelper.java:80)
    at org.testng.internal.Invoker.invokeMethod(Invoker.java:714)
    at org.testng.internal.Invoker.invokeTestMethod(Invoker.java:901)
    at org.testng.internal.Invoker.invokeTestMethods(Invoker.java:1231)
    at org.testng.internal.TestMethodWorker.invokeTestMethods(TestMethodWorker.java:127)
    at org.testng.internal.TestMethodWorker.run(TestMethodWorker.java:111)
    at org.testng.TestRunner.privateRun(TestRunner.java:767)
    at org.testng.TestRunner.run(TestRunner.java:617)
    at org.testng.SuiteRunner.runTest(SuiteRunner.java:334)
    at org.testng.SuiteRunner.access$000(SuiteRunner.java:37)
    at org.testng.SuiteRunner$SuiteWorker.run(SuiteRunner.java:368)
    at org.testng.internal.thread.ThreadUtil$2.call(ThreadUtil.java:64)
    at java.util.concurrent.FutureTask$Sync.innerRun(FutureTask.java:303)
    at java.util.concurrent.FutureTask.run(FutureTask.java:138)
    at java.util.concurrent.ThreadPoolExecutor$Worker.runTask(ThreadPoolExecutor.java:895)
    at java.util.concurrent.ThreadPoolExecutor$Worker.run(ThreadPoolExecutor.java:918)
    at java.lang.Thread.run(Thread.java:662)
------- Stdout: -------
[testng-MultiNodeDistributedTest] Test testIndexingWorkDistribution(org.infinispan.query.distributed.MultiNodeDistributedTest) failed.
Test suite progress: tests succeeded: 70, failed: 1, skipped: 0.
{code}",,,
9401,ISPN-4185,The section identation is one level up and the chapter separation delimiter is missing.,,,
9402,ISPN-4184,NoData,,,
9403,ISPN-4181,This is caused by io.netty server module missing the dependency on javax.api,,,
9404,ISPN-4180,"Here:
https://github.com/infinispan/infinispan/blob/master/core/src/main/java/org/infinispan/configuration/parsing/Parser70.java#L652
If you configure a cache name, you get:
{code}
INFO  [org.infinispan.configuration.parsing.Parser70] (ServerService Thread Pool -- 15) ISPN000293: Ignoring XML attribute NAME, please remove from configuration file
{code}",,,
9405,ISPN-4168,"The server/integration/testsuite/pom.xml has a line to ignore test failures in it.  We shouldn't be doing this at it causes command line to not fail, which many developers rely on to verify tests.",,,
9415,ISPN-4167,"If the rollback fails, the thread local holding the current transaction is not cleared, and it becomes impossible to start a new transaction on the same thread.

One way this can happen is when Infinispan registers as a XA transaction, but DummyTransactionManager is not configured to use XA Xids:

{noformat}
12:47:57,169 ERROR (testng-ReplicationExceptionTest:) [DummyTransaction] ISPN000098: Exception while rollback
java.lang.UnsupportedOperationException
	at org.infinispan.transaction.tm.DummyNoXaXid.getBranchQualifier(DummyNoXaXid.java:30)
	at org.infinispan.transaction.xa.recovery.SerializableXid.<init>(SerializableXid.java:37)
	at org.infinispan.transaction.xa.TransactionXaAdapter.convertXid(TransactionXaAdapter.java:251)
	at org.infinispan.transaction.xa.TransactionXaAdapter.rollback(TransactionXaAdapter.java:122)
	at org.infinispan.transaction.tm.DummyTransaction.runRollback(DummyTransaction.java:281)
	at org.infinispan.transaction.tm.DummyTransaction.rollback(DummyTransaction.java:88)
	at org.infinispan.transaction.tm.DummyBaseTransactionManager.rollback(DummyBaseTransactionManager.java:104)
	at org.infinispan.CacheImpl.tryRollback(CacheImpl.java:1442)
	at org.infinispan.CacheImpl.executeCommandAndCommitIfNeeded(CacheImpl.java:1418)
	at org.infinispan.CacheImpl.putInternal(CacheImpl.java:894)
	at org.infinispan.CacheImpl.put(CacheImpl.java:886)
	at org.infinispan.CacheImpl.put(CacheImpl.java:1461)
	at org.infinispan.CacheImpl.put(CacheImpl.java:225)
	at org.infinispan.tx.synchronisation.ReplicationExceptionTest.testSyncReplTimeout(ReplicationExceptionTest.java:54)
{noformat}",,,
9439,ISPN-4164,"Temporarily disabled:

AuthAndEncryptProtocolTest.testAlienNodeCannotJoin
AuthAndEncryptProtocolTest.testFriendlyNodeCanJoin

Failure details:

http://ci.infinispan.org/viewLog.html?buildId=7283&tab=buildResultsDiv&buildTypeId=bt8#testNameId-8585393389851025438

http://ci.infinispan.org/viewLog.html?buildId=7283&tab=buildResultsDiv&buildTypeId=bt8#testNameId-2386110531335461972
",,,
9442,ISPN-4163,"JDK8 added some new default methods to ConcurrentMap, and SecureCacheTestDriver doesn't cover them. This actually raises the question of whether we could provide our own implementations while still keeping compatibility with JDK6...

{noformat}
java.lang.Exception: Class org.infinispan.security.SecureCacheTestDriver needs to declare a method with the following signature: void testReplaceAll_BiFunction(SecureCache<String, String> cache) {}
	at org.infinispan.security.CacheAuthorizationTest.testAllCombinations(CacheAuthorizationTest.java:158)
Caused by: java.lang.NoSuchMethodException: org.infinispan.security.SecureCacheTestDriver.testReplaceAll_BiFunction(org.infinispan.security.SecureCache)
	at java.lang.Class.getMethod(Class.java:1773)
	at org.infinispan.security.CacheAuthorizationTest.testAllCombinations(CacheAuthorizationTest.java:109)	... 20 more
{noformat}",,,
9444,ISPN-4154,"Distributed transactional cache.

1) Coordinator is gracefully leaving the cluster, sends a REBALANCE_START with topologyId 14, ST begins.
2) Node receives chunk from segment X, writes entry K=V to the container.
3) New coordinator jumps in with CH_UPDATE topology 16
4) Node receives CANCEL_STATE_TRANSFER and cancels transfer of segment X, invalidating K. In CommitManager, this operation is tracked and DiscardPolicy is set to DISCARD_STATE_TRANSFER for key K.
5) New coordinator starts rebalance with topology 17
6) Node starts new ST for segment X
7) Node receives the X: K=V, but in CommitManager it finds out that the policy is set to DISCARD_STATE_TRANSFER and ignores this update.

Result: entry value is lost on some node.",,,
9459,ISPN-4153,"This test https://github.com/infinispan/infinispan/blob/master/server/integration/testsuite/src/test/java/org/infinispan/server/test/cs/custom/CustomCacheStoreTest.java fails with current snapshot on server startup:
{code}
12:57:25,277 ERROR [org.jboss.msc.service.fail] (MSC service thread 1-3) MSC000001: Failed to start service jboss.infinispan.local.default.config: org.jboss.msc.service.StartException in service jboss.infinispan.local.default.config: Failed to start service
        at org.jboss.msc.service.ServiceControllerImpl$StartTask.run(ServiceControllerImpl.java:1767) [jboss-msc-1.0.4.GA-redhat-1.jar:1.0.4.GA-redhat-1]
        at java.util.concurrent.ThreadPoolExecutor.runWorker(ThreadPoolExecutor.java:1156) [rt.jar:1.7.0]
        at java.util.concurrent.ThreadPoolExecutor$Worker.run(ThreadPoolExecutor.java:626) [rt.jar:1.7.0]
        at java.lang.Thread.run(Thread.java:780) [vm.jar:1.7.0]
Caused by: org.infinispan.commons.CacheConfigurationException: Missing BuiltBy annotation for configuration bean org.infinispan.configuration.cache.AbstractStoreConfiguration
        at org.infinispan.commons.configuration.ConfigurationUtils.builderFor(ConfigurationUtils.java:20)
        at org.infinispan.configuration.cache.PersistenceConfigurationBuilder.read(PersistenceConfigurationBuilder.java:124)
        at org.infinispan.configuration.cache.ConfigurationBuilder.read(ConfigurationBuilder.java:218)
        at org.infinispan.manager.DefaultCacheManager.defineConfiguration(DefaultCacheManager.java:356) at org.infinispan.manager.DefaultCacheManager.defineConfiguration(DefaultCacheManager.java:322) at org.jboss.as.clustering.infinispan.DefaultEmbeddedCacheManager.defineConfiguration(DefaultEmbeddedCacheManager.java:62)
        at org.jboss.as.clustering.infinispan.subsystem.AbstractCacheConfigurationService.start(AbstractCacheConfigurationService.java:81)
        at org.jboss.msc.service.ServiceControllerImpl$StartTask.startService(ServiceControllerImpl.java:1811) [jboss-msc-1.0.4.GA-redhat-1.jar:1.0.4.GA-redhat-1]
        at org.jboss.msc.service.ServiceControllerImpl$StartTask.run(ServiceControllerImpl.java:1746) [jboss-msc-1.0.4.GA-redhat-1.jar:1.0.4.GA-redhat-1]
        ... 3 more
{code}",,,
