,issue_id,issue_comments,issue_desc,created_at,closed_at
190,MODE-1971,"When connector to external source is used and document is being copied within this connector the Copy function does not work correctly.

For the source document with content repository does:
1. asks connector for new document's ID for copy to be created
2. generates new ID for document's copy content without asking connector for it
3. uses generated ID to store content into external source
4. fails as ID is not found

CmisConnector fails with ObjectNotFound error
FileSystem fails with incorrect id format as it expects to get key with slashes.

",,,
194,MODE-1966,"When a repository starts up, we attempt to register that repository in JNDI, either using a default or a configured JNDI name. If a {{NamingException}} is raised, we log that exception.

In the case of some web servers (e.g. Tomcat), the default global context is present but read-only. 

For such cases, we shouldn't log an exception/error, we should only log an info/warn message.",,,
197,MODE-1965,"Section 3.5.7.2 of the JSR-283 specification (aka, ""JCR 2.0"") states:
{quote}
A mixin node type may have one or more supertypes, which must also be mixin types.
{quote}

At the moment however, ModeShape does not perform any kind of validation in this regard, allowing a mixin type to inherit from a non-mixin type. 
We should add this validation so that an error is raised during type registration if the above case occurs.
",,,
209,MODE-1964,"When property has been removed from node and then changes must be saved to external source they are not available in connector's updateDocument(delta) method.

class org.modeshape.jcr.cache.document.SessionNode.java has following code which returns change list for removed properties:
{code}
        public Set<Name> removedPropertyNames() {
            Set<Name> result = new HashSet<Name>();
            result.addAll(changedProperties().keySet());
            return result;
        }
{code}
instead of 
{code}
result.addAll(changedProperties().keySet()) 
{code}
there should be 
{code}
result.addAll(removedProperties())
{code}

",,,
211,MODE-1963,"Register, unregister it and register the same mixin (via JCR) again results in a NPE.",,,
219,MODE-1959,"When starting up a repository configured with {{transactionMode=none}} and with an initial content file, that content file is not imported.

It appears that with {{transactionMode=none}} the repository system area is not correctly initialized.",,,
223,MODE-1954,"Removing a previously-defined property definition from a registered node type using the node type templates mechanism results in an exception:

{code}
org.modeshape.jcr.cache.NodeNotFoundInParentException: Cannot locate child node: 7d98ad9317f1e7/jcr:system/jcr:nodeTypes/{http???www.mycompany.com?dms?mix?1.0}filecontent/{http???www.mycompany.com?dms?mix?1.0}removeMe/String/1 within parent: 7d98ad9317f1e7/jcr:system/jcr:nodeTypes/{http???www.mycompany.com?dms?mix?1.0}filecontent
    at org.modeshape.jcr.cache.document.SessionNode.getSegment(SessionNode.java:417)
    at org.modeshape.jcr.cache.document.SessionNode.getPath(SessionNode.java:449)
    at org.modeshape.jcr.cache.PathCache.getPath(PathCache.java:49)
    at org.modeshape.jcr.cache.document.WritableSessionCache.persistChanges(WritableSessionCache.java:852)
    at org.modeshape.jcr.cache.document.WritableSessionCache.save(WritableSessionCache.java:382)
    at org.modeshape.jcr.cache.document.WritableSessionCache.save(WritableSessionCache.java:347)
    at org.modeshape.jcr.SystemContent.save(SystemContent.java:112)
    at org.modeshape.jcr.RepositoryNodeTypeManager.registerNodeTypes(RepositoryNodeTypeManager.java:523)
    at org.modeshape.jcr.RepositoryNodeTypeManager.registerNodeType(RepositoryNodeTypeManager.java:377)
    at org.modeshape.jcr.JcrNodeTypeManager.registerNodeType(JcrNodeTypeManager.java:489)
{code}",,,
225,MODE-1953,"It seems to me that there is a bug in the org.modeshape.jcr.JcrNode.getNodes(String) method when the session has not been saved yet.

The method returns nodes that don't match the pattern as a parameter.

I tested with Jackrabbit and I don't have this problem.",,,
235,MODE-1951,"At initialize (line 215) of FileSystemConnector, noticed that the parameter passed is exclusionPattern instead of inclusionPattern

{{if (inclusionPattern != null) filenameFilter.setInclusionPattern(*exclusionPattern*);}}
",,,
239,MODE-1950,"The existing REST service allows the update of mixins on a node, via the ""PUT"" method.  However, when an update causes mixins to be removed, the following problems may occur:

* because the mixins are processed first (before any properties) it is impossible to remove a mixin if the node has properties defined which belong to that mixin or an ancestor of that mixin. This is because a validation is performed when removing the mixins which would result in a {{ConstraintViolationException}}
* the existing REST service doesn't handle properly removing of properties via update, by passing in {{null}} values or empty arrays. This is needed in order to be able to remove properties from a node. 

Therefore, not only should the last point from above be implemented, but also the order in which mixins & properties are updated via the REST Service should be changed.",,,
255,MODE-1949,"When a mixin is removed, there is code validation in place to ensure that if there are still public properties on that node which were brought in via the mixin, a {{ConstraintViolationException}} is thrown. 

The same validation should take place not only for the properties of the mixin type itself, but for all the properties of the ancestors of that mixin as well.

Currently, if {{mixinA}} inherits from {{mixinB}} and {{mixinB}} defines a public property which is set on a node, {{mixinA}} can be removed without a problem, even though it ""orphans"" the property.",,,
257,MODE-1948,"When I deploy the Resource Adapter (from GitHub pull request https://github.com/ModeShape/modeshape/pull/812 ) and enable indexing, the write.lock file is never removed.",,,
265,MODE-1947,"Stack trace :

{code}
21:23:48,851 ERROR [org.modeshape.jcr.SequencingRunner] (modeshape-sequencer-8-thread-3) The 'msoffice-sequencer' sequencer of repositor
y 'XXX' had an error while processing '/doc123.xls/jcr:content/jcr:data' in workspace 'default' and generating output '/derived/doc123.xls': java.lang.NullPointerException
        at org.modeshape.sequencer.msoffice.excel.ExcelMetadataReader.instance(ExcelMetadataReader.java:81)
        at org.modeshape.sequencer.msoffice.MSOfficeMetadataSequencer.sequenceExcel(MSOfficeMetadataSequencer.java:197)
        at org.modeshape.sequencer.msoffice.MSOfficeMetadataSequencer.execute(MSOfficeMetadataSequencer.java:175)
        at org.modeshape.jcr.SequencingRunner.run(SequencingRunner.java:224)
        at java.util.concurrent.ThreadPoolExecutor.runWorker(ThreadPoolExecutor.java:1145) [rt.jar:1.7.0_21]
        at java.util.concurrent.ThreadPoolExecutor$Worker.run(ThreadPoolExecutor.java:615) [rt.jar:1.7.0_21]
        at java.lang.Thread.run(Thread.java:722) [rt.jar:1.7.0_21]
{code}",,,
266,MODE-1945,"When I import an workspace.xml file using

{code}
session.importXML(""/"", s, ImportUUIDBehavior.IMPORT_UUID_COLLISION_REMOVE_EXISTING);
session.save();
{code}

The Import works first time. If now the repo is full and I try to re-import the same workspace again (e.g.: after I made wrong changes etc) then an null-pointer error occurs:

{code}
Root cause:

java.lang.NullPointerException
at org.modeshape.jcr.JcrSession$JcrPreSave.process(JcrSession.java:1844)
at org.modeshape.jcr.cache.document.WritableSessionCache.runPreSaveBeforeTransaction(WritableSessionCache.java:465)
at org.modeshape.jcr.cache.document.WritableSessionCache.save(WritableSessionCache.java:522)
at org.modeshape.jcr.JcrSession.save(JcrSession.java:988)
at org.brixcms.jcr.base.wrapper.SessionWrapper.save(SessionWrapper.java:201)
at org.brixcms.jcr.api.wrapper.SessionWrapper$18.execute(SessionWrapper.java:274)
at org.brixcms.jcr.api.wrapper.AbstractWrapper.executeCallback(AbstractWrapper.java:106)
at org.brixcms.jcr.api.wrapper.SessionWrapper.save(SessionWrapper.java:272)
at org.brixcms.plugin.snapshot.ManageSnapshotsPanel$7.onSubmit(ManageSnapshotsPanel.java:237)
.....
{code}

The exact same workspace.xml in usage with modeshape 2.8 can be imported as often as required and overwrites the old content; ",,,
270,MODE-1940,"Create node /a/b, then move to /a/c. Performing a SQL2 query for a node where localname = 'c' returns no results. Perform a query where localname = 'b' returns the node, but node.getName() is 'c'.
",,,
273,MODE-1939,"Testing with DDL from the field, I ran across an Oracle table with this name: ""BB_CATEG_REPORT_R$O."" The Oracle DDL parser errors when it encounters names with symbols in them. The valid symbols for an Oracle name are: '_' (underscore), '$' (dollar sign), '#' (pound sign), and '@' (at sign).",,,
277,MODE-1938,"{{WorkspaceCache}} instances are initialized lazily, when a client code first calls the {{RepositoryCache#workspace}} method. The whole initialization procedure is done inside a user transaction, so that entries in ISPN are correctly persited.

The current code has a bug in that if multiple threads call this method, the cache of workspace caches from {{RepositoryCache}} exposes a new {{WorkspaceCache}} instance *before* {{transaction.commit}} has occurred. 

In other words, a thread may get a {{WorkspaceCache}} reference even though the data corresponding to that workspace cache has not been persisted in ISPN.

This can be *seen sometimes* while running the tests, when error messages such as:

{code}
Exception in thread ""main"" javax.jcr.ItemNotFoundException: The node with key ee0a8387505d64/ no longer exists.
	at org.modeshape.jcr.AbstractJcrNode.node(AbstractJcrNode.java:216)
	at org.modeshape.jcr.AbstractJcrNode.path(AbstractJcrNode.java:236)
	at org.modeshape.jcr.AbstractJcrNode.addNode(AbstractJcrNode.java:1002)
	at org.modeshape.jcr.AbstractJcrNode.addNode(AbstractJcrNode.java:925)
{code}

pop up. They are caused by the asynchronous indexing threads ""colliding"" with the main test threads.",,,
279,MODE-1937,"Hi,
 
I am currently making use of the java sequencer. I noticed if I have overloaded methodes that have the same parameter names but different types will cause an error when trying to sequence. Here is the error I get when trying to sequence (org/modeshape/common/text/TokenStream.java)

{code}
10:28:58,221 ERROR [org.modeshape.sequencer.javafile.JavaFileSequencer] (modeshape-sequencer-8-thread-2) Error sequencing file: javax.jcr.ItemExistsException: A node definition that allows same name siblings could not be found for the node ""/TokenStream.java/TokenStream.java/org/modeshape/common/text/TokenStream/class:methods/consume(expected)[2]"" in workspace ""default""
  at org.modeshape.jcr.AbstractJcrNode.validateChildNodeDefinition(AbstractJcrNode.java:1207) [modeshape-jcr-3.2.0.Final.jar:3.2.0.Final]
  at org.modeshape.jcr.AbstractJcrNode.addChildNode(AbstractJcrNode.java:1045) [modeshape-jcr-3.2.0.Final.jar:3.2.0.Final]
  at org.modeshape.jcr.AbstractJcrNode.addNode(AbstractJcrNode.java:1001) [modeshape-jcr-3.2.0.Final.jar:3.2.0.Final]
  at org.modeshape.jcr.AbstractJcrNode.addNode(AbstractJcrNode.java:931) [modeshape-jcr-3.2.0.Final.jar:3.2.0.Final]
  at org.modeshape.jcr.AbstractJcrNode.addNode(AbstractJcrNode.java:107) [modeshape-jcr-3.2.0.Final.jar:3.2.0.Final]
  at org.modeshape.sequencer.javafile.ClassSourceFileRecorder.writeMethods(ClassSourceFileRecorder.java:221)
  at org.modeshape.sequencer.javafile.ClassSourceFileRecorder.writeClassMetadata(ClassSourceFileRecorder.java:80)
  at org.modeshape.sequencer.javafile.ClassSourceFileRecorder.record(ClassSourceFileRecorder.java:48)
  at org.modeshape.sequencer.javafile.JavaFileSequencer.execute(JavaFileSequencer.java:67)
  at org.modeshape.jcr.SequencingRunner.run(SequencingRunner.java:224) [modeshape-jcr-3.2.0.Final.jar:3.2.0.Final]
  at java.util.concurrent.ThreadPoolExecutor$Worker.runTask(ThreadPoolExecutor.java:895) [rt.jar:1.6.0_45]
  at java.util.concurrent.ThreadPoolExecutor$Worker.run(ThreadPoolExecutor.java:918) [rt.jar:1.6.0_45]
  at java.lang.Thread.run(Thread.java:662) [rt.jar:1.6.0_45]
{code}

I checked the defenition for node type {{[class:methods]}} and it is
 
{code}
[class:methods]
+ * (class:method) = class:method
{code}
 
The '{{sns}}' attribute needs to be added to the definition to allow for same name sibling:

{code}
[class:methods]
+ * (class:method) = class:method sns
{code}
 

Thanks,
Tamer

",,,
290,MODE-1935,"Our current support for clustering indexing via JMS is incomplete, because we're lacking a {{javax.jms.MessageListener}} implementation that would run on the ""master"" node and would process entries from the queue.

The [Hibernate Search Documentation|http://docs.jboss.org/hibernate/search/4.2/reference/en-US/html_single/#jms-backend] hints towards MDBs, but that's not an option because we are not using Hibernate.",,,
305,MODE-1934,"The current 3.8 version of the POI libraries (used by the Tika text extractor and MS Office Sequencer) should be removed and/or downgraded.

For the sequencer, this means that we will be temporarily ""deactivating"" the sequencer.

See comment for more information",,,
329,MODE-1933,"When attempting to start ModeShape in EAP with JMS configured for indexing, the following exception is raised:

{code}
Caused by: org.modeshape.jcr.cache.WrappedException: java.lang.NoClassDefFoundError: javax/jms/JMSException
        at org.modeshape.jcr.cache.document.WritableSessionCache.save(WritableSessionCache.java:449) [modeshape-jcr-3.3-SNAPSHOT.jar:3.3-SNAPSHOT]
        at org.modeshape.jcr.cache.document.WritableSessionCache.save(WritableSessionCache.java:347) [modeshape-jcr-3.3-SNAPSHOT.jar:3.3-SNAPSHOT]
        at org.modeshape.jcr.cache.RepositoryCache.runOneTimeSystemInitializationOperation(RepositoryCache.java:472) [modeshape-jcr-3.3-SNAPSHOT.jar:3.3-SNAPSHOT]
        at org.modeshape.jcr.JcrRepository$RunningState.completeInitialization(JcrRepository.java:1234) [modeshape-jcr-3.3-SNAPSHOT.jar:3.3-SNAPSHOT]
        at org.modeshape.jcr.JcrRepository.doStart(JcrRepository.java:359) [modeshape-jcr-3.3-SNAPSHOT.jar:3.3-SNAPSHOT]
        at org.modeshape.jcr.JcrRepository.login(JcrRepository.java:601) [modeshape-jcr-3.3-SNAPSHOT.jar:3.3-SNAPSHOT]
        ... 54 more
Caused by: java.lang.NoClassDefFoundError: javax/jms/JMSException
        at org.hibernate.search.backend.BackendFactory.createBackend(BackendFactory.java:61) [hibernate-search-engine-4.2.0.Final.jar:4.2.0.Final]
        at org.hibernate.search.indexes.impl.DirectoryBasedIndexManager.createBackend(DirectoryBasedIndexManager.java:224) [hibernate-search-engine-4.2.0.Final.jar:4.2.0.Final]
        at org.hibernate.search.indexes.impl.DirectoryBasedIndexManager.initialize(DirectoryBasedIndexManager.java:103) [hibernate-search-engine-4.2.0.Final.jar:4.2.0.Final]
        at org.hibernate.search.indexes.impl.IndexManagerHolder.createIndexManager(IndexManagerHolder.java:227) [hibernate-search-engine-4.2.0.Final.jar:4.2.0.Final]
        at org.hibernate.search.indexes.impl.IndexManagerHolder.buildEntityIndexBinding(IndexManagerHolder.java:102) [hibernate-search-engine-4.2.0.Final.jar:4.2.0.Final]
        at org.hibernate.search.spi.SearchFactoryBuilder.initDocumentBuilders(SearchFactoryBuilder.java:414) [hibernate-search-engine-4.2.0.Final.jar:4.2.0.Final]
        at org.hibernate.search.spi.SearchFactoryBuilder.buildNewSearchFactory(SearchFactoryBuilder.java:222) [hibernate-search-engine-4.2.0.Final.jar:4.2.0.Final]
        at org.hibernate.search.spi.SearchFactoryBuilder.buildSearchFactory(SearchFactoryBuilder.java:146) [hibernate-search-engine-4.2.0.Final.jar:4.2.0.Final]
        at org.modeshape.jcr.RepositoryQueryManager.queryEngine(RepositoryQueryManager.java:175) [modeshape-jcr-3.3-SNAPSHOT.jar:3.3-SNAPSHOT]
        at org.modeshape.jcr.RepositoryQueryManager.getIndexes(RepositoryQueryManager.java:161) [modeshape-jcr-3.3-SNAPSHOT.jar:3.3-SNAPSHOT]
        at org.modeshape.jcr.JcrRepository$RepositoryMonitorFactory.indexingMonitor(JcrRepository.java:1801) [modeshape-jcr-3.3-SNAPSHOT.jar:3.3-SNAPSHOT]
        at org.modeshape.jcr.JcrRepository$RepositoryMonitorFactory.createMonitor(JcrRepository.java:1795) [modeshape-jcr-3.3-SNAPSHOT.jar:3.3-SNAPSHOT]
        at org.modeshape.jcr.txn.Transactions.newMonitor(Transactions.java:229) [modeshape-jcr-3.3-SNAPSHOT.jar:3.3-SNAPSHOT]
        at org.modeshape.jcr.txn.Transactions$BaseTransaction.createMonitor(Transactions.java:242) [modeshape-jcr-3.3-SNAPSHOT.jar:3.3-SNAPSHOT]
        at org.modeshape.jcr.cache.document.WritableSessionCache.save(WritableSessionCache.java:373) [modeshape-jcr-3.3-SNAPSHOT.jar:3.3-SNAPSHOT]
        ... 59 more
Caused by: java.lang.ClassNotFoundException: javax.jms.JMSException from [Module ""org.hibernate.search.engine:main"" from local module loader @c75e4fc (finder: local module finder @100c62c8 (roots: D:\Work\jboss-eap-6.1-ms-3.3.0\modules,D:\Work\jboss-eap-6.1-ms-3.3.0\modules\system\layers\base))]
        at org.jboss.modules.ModuleClassLoader.findClass(ModuleClassLoader.java:190) [jboss-modules.jar:1.2.0.CR1-redhat-1]
        at org.jboss.modules.ConcurrentClassLoader.performLoadClassUnchecked(ConcurrentClassLoader.java:468) [jboss-modules.jar:1.2.0.CR1-redhat-1]
        at org.jboss.modules.ConcurrentClassLoader.performLoadClassChecked(ConcurrentClassLoader.java:456) [jboss-modules.jar:1.2.0.CR1-redhat-1]
        at org.jboss.modules.ConcurrentClassLoader.performLoadClassChecked(ConcurrentClassLoader.java:423) [jboss-modules.jar:1.2.0.CR1-redhat-1]
        at org.jboss.modules.ConcurrentClassLoader.performLoadClass(ConcurrentClassLoader.java:398) [jboss-modules.jar:1.2.0.CR1-redhat-1]
        at org.jboss.modules.ConcurrentClassLoader.loadClass(ConcurrentClassLoader.java:120) [jboss-modules.jar:1.2.0.CR1-redhat-1]
        ... 74 more
{code}",,,
334,MODE-1932,"When configuring the ModeShape EAP kit to use JMS for indexing, the _path_ and _source-path_ attributes should always be relative to _jboss.server.data.dir_. 

However, atm, instead of resolving _jboss.server.data.dir_ correctly, ModeShape just creates folders like: _jboss.server.data.dirmodeshape_ in the current working directory.",,,
341,MODE-1930,"Using a Teiid Designer test database I ran into a table called ""Product.product:info."" That table had columns with names containing the ':' character also. The DDL parser framework does not handle names with illegal characters.

The DDL parser framework should be changed to use the JCR substitution characters when creating a node if the name contains illegal characters. The framework should also provide a way to obtain the original name.",,,
347,MODE-1929,"In order to cluster ModeShape repositories in EAP, the {{cluster-name}} attribute needs to be specified in the repository configuration. 

Even though the current kit fully defines the attribute (marshaling from/to XML, setting & reading it), it *does not list it as a repository attribute*. This means that in effect, when configuring a repository, the value will always be {{undefined}}.

In effect, this prevents ModeShape from being clustered in EAP.",,,
350,MODE-1926,"The Oracle DDL parsing of the ""CREATE [UNIQUE | BITMAP] INDEX"" is incomplete. The parser creates the right type of statement node and sets the ""UNIQUE"" or ""BITMAP"" property but treats everything after the statement start keywords as one expression. So the index name and column references are not being set.",,,
363,MODE-1925,"The example applications packed in the release both won't start. The sequencers demo has a typo in the class name:

{code}
modeshape-3.2.0.Final/examples/modeshape-sequencers-demo$ ./run.sh 
Error: Could not find or load main class org.modeshape.demo.sequencer.SequencerDemo
{code}

If the typo is corrected in this example, one gets the same error as the embedded repo example gives:

{code}
modeshape-3.2.0.Final/examples/modeshape-embedded-repo-demo$ ./run.sh 
java.lang.NoSuchMethodError: org.jboss.logging.Logger.getMessageLogger(Ljava/lang/Class;Ljava/lang/String;)Ljava/lang/Object;
	at org.infinispan.util.logging.LogFactory.getLog(LogFactory.java:37)
	at org.infinispan.util.Util.<clinit>(Util.java:68)
	at org.infinispan.util.FileLookupFactory$DefaultFileLookup.getAsInputStreamFromClassLoader(FileLookupFactory.java:51)
	at org.infinispan.util.AbstractFileLookup.lookupFile(AbstractFileLookup.java:54)
	at org.modeshape.jcr.RepositoryConfiguration.<clinit>(RepositoryConfiguration.java:743)
	at org.modeshape.demo.embedded.repo.EmbeddedRepositoryDemo.main(EmbeddedRepositoryDemo.java:25)
{code} 

Talked about this on the IRC channel and was asked to create this bug.",,,
372,MODE-1923,"If there is an standalone, clustered EAP configuration, with the ModeShape subsystem added (i.e. using {{standalone-ha.xml}} as base), the repository cannot be started because of the following exception:
{code}
javax.jcr.RepositoryException: Error while starting 'repo-clustered' repository: org.infinispan.CacheException: Unable to invoke method public void org.infinispan.remoting.transport.jgroups.JGroupsTransport.start() on object of type JGroupsTransport
	at org.modeshape.jcr.JcrRepository.login(JcrRepository.java:603)
	at org.modeshape.jcr.JcrRepository.login(JcrRepository.java:562)
	at org.modeshape.jcr.JcrRepository.login(JcrRepository.java:152)
	at org.modeshape.test.integration.ClusteredConfigurationIntegrationTest.clusteredRepositoryShouldHaveStartedUp(ClusteredConfigurationIntegrationTest.java:64)
	at sun.reflect.NativeMethodAccessorImpl.invoke0(Native Method)
	at sun.reflect.NativeMethodAccessorImpl.invoke(NativeMethodAccessorImpl.java:39)
	at sun.reflect.DelegatingMethodAccessorImpl.invoke(DelegatingMethodAccessorImpl.java:25)
	at org.junit.runners.model.FrameworkMethod$1.runReflectiveCall(FrameworkMethod.java:45)
	at org.junit.internal.runners.model.ReflectiveCallable.run(ReflectiveCallable.java:15)
	at org.junit.runners.model.FrameworkMethod.invokeExplosively(FrameworkMethod.java:42)
	at org.jboss.arquillian.junit.Arquillian$6$1.invoke(Arquillian.java:270)
	at org.jboss.arquillian.container.test.impl.execution.LocalTestExecuter.execute(LocalTestExecuter.java:60)
	at sun.reflect.NativeMethodAccessorImpl.invoke0(Native Method)
	at sun.reflect.NativeMethodAccessorImpl.invoke(NativeMethodAccessorImpl.java:39)
	at sun.reflect.DelegatingMethodAccessorImpl.invoke(DelegatingMethodAccessorImpl.java:25)
	at org.jboss.arquillian.core.impl.ObserverImpl.invoke(ObserverImpl.java:94)
	at org.jboss.arquillian.core.impl.EventContextImpl.invokeObservers(EventContextImpl.java:99)
	at org.jboss.arquillian.core.impl.EventContextImpl.proceed(EventContextImpl.java:81)
	at org.jboss.arquillian.core.impl.ManagerImpl.fire(ManagerImpl.java:135)
	at org.jboss.arquillian.core.impl.ManagerImpl.fire(ManagerImpl.java:115)
	at org.jboss.arquillian.core.impl.EventImpl.fire(EventImpl.java:67)
	at org.jboss.arquillian.container.test.impl.execution.ContainerTestExecuter.execute(ContainerTestExecuter.java:38)
	at sun.reflect.NativeMethodAccessorImpl.invoke0(Native Method)
	at sun.reflect.NativeMethodAccessorImpl.invoke(NativeMethodAccessorImpl.java:39)
	at sun.reflect.DelegatingMethodAccessorImpl.invoke(DelegatingMethodAccessorImpl.java:25)
	at org.jboss.arquillian.core.impl.ObserverImpl.invoke(ObserverImpl.java:94)
	at org.jboss.arquillian.core.impl.EventContextImpl.invokeObservers(EventContextImpl.java:99)
	at org.jboss.arquillian.core.impl.EventContextImpl.proceed(EventContextImpl.java:81)
	at org.jboss.arquillian.test.impl.TestContextHandler.createTestContext(TestContextHandler.java:89)
	at sun.reflect.NativeMethodAccessorImpl.invoke0(Native Method)
	at sun.reflect.NativeMethodAccessorImpl.invoke(NativeMethodAccessorImpl.java:39)
	at sun.reflect.DelegatingMethodAccessorImpl.invoke(DelegatingMethodAccessorImpl.java:25)
	at org.jboss.arquillian.core.impl.ObserverImpl.invoke(ObserverImpl.java:94)
	at org.jboss.arquillian.core.impl.EventContextImpl.proceed(EventContextImpl.java:88)
	at org.jboss.arquillian.test.impl.TestContextHandler.createClassContext(TestContextHandler.java:75)
	at sun.reflect.NativeMethodAccessorImpl.invoke0(Native Method)
	at sun.reflect.NativeMethodAccessorImpl.invoke(NativeMethodAccessorImpl.java:39)
	at sun.reflect.DelegatingMethodAccessorImpl.invoke(DelegatingMethodAccessorImpl.java:25)
	at org.jboss.arquillian.core.impl.ObserverImpl.invoke(ObserverImpl.java:94)
	at org.jboss.arquillian.core.impl.EventContextImpl.proceed(EventContextImpl.java:88)
	at org.jboss.arquillian.test.impl.TestContextHandler.createSuiteContext(TestContextHandler.java:60)
	at sun.reflect.NativeMethodAccessorImpl.invoke0(Native Method)
	at sun.reflect.NativeMethodAccessorImpl.invoke(NativeMethodAccessorImpl.java:39)
	at sun.reflect.DelegatingMethodAccessorImpl.invoke(DelegatingMethodAccessorImpl.java:25)
	at org.jboss.arquillian.core.impl.ObserverImpl.invoke(ObserverImpl.java:94)
	at org.jboss.arquillian.core.impl.EventContextImpl.proceed(EventContextImpl.java:88)
	at org.jboss.arquillian.core.impl.ManagerImpl.fire(ManagerImpl.java:135)
	at org.jboss.arquillian.test.impl.EventTestRunnerAdaptor.test(EventTestRunnerAdaptor.java:111)
	at org.jboss.arquillian.junit.Arquillian$6.evaluate(Arquillian.java:263)
	at org.jboss.arquillian.junit.Arquillian$4.evaluate(Arquillian.java:226)
	at org.jboss.arquillian.junit.Arquillian.multiExecute(Arquillian.java:314)
	at org.jboss.arquillian.junit.Arquillian.access$100(Arquillian.java:46)
	at org.jboss.arquillian.junit.Arquillian$5.evaluate(Arquillian.java:240)
	at org.junit.runners.ParentRunner.runLeaf(ParentRunner.java:263)
	at org.junit.runners.BlockJUnit4ClassRunner.runChild(BlockJUnit4ClassRunner.java:68)
	at org.junit.runners.BlockJUnit4ClassRunner.runChild(BlockJUnit4ClassRunner.java:47)
	at org.junit.runners.ParentRunner$3.run(ParentRunner.java:231)
	at org.junit.runners.ParentRunner$1.schedule(ParentRunner.java:60)
	at org.junit.runners.ParentRunner.runChildren(ParentRunner.java:229)
	at org.junit.runners.ParentRunner.access$000(ParentRunner.java:50)
	at org.junit.runners.ParentRunner$2.evaluate(ParentRunner.java:222)
	at org.jboss.arquillian.junit.Arquillian$2.evaluate(Arquillian.java:185)
	at org.jboss.arquillian.junit.Arquillian.multiExecute(Arquillian.java:314)
	at org.jboss.arquillian.junit.Arquillian.access$100(Arquillian.java:46)
	at org.jboss.arquillian.junit.Arquillian$3.evaluate(Arquillian.java:199)
	at org.junit.runners.ParentRunner.run(ParentRunner.java:300)
	at org.jboss.arquillian.junit.Arquillian.run(Arquillian.java:147)
	at org.junit.runner.JUnitCore.run(JUnitCore.java:157)
	at org.junit.runner.JUnitCore.run(JUnitCore.java:136)
	at org.jboss.arquillian.junit.container.JUnitTestRunner.execute(JUnitTestRunner.java:65)
	at org.jboss.arquillian.protocol.servlet.runner.ServletTestRunner.executeTest(ServletTestRunner.java:160)
	at org.jboss.arquillian.protocol.servlet.runner.ServletTestRunner.execute(ServletTestRunner.java:126)
	at org.jboss.arquillian.protocol.servlet.runner.ServletTestRunner.doGet(ServletTestRunner.java:90)
	at javax.servlet.http.HttpServlet.service(HttpServlet.java:734)
	at javax.servlet.http.HttpServlet.service(HttpServlet.java:847)
	at org.apache.catalina.core.ApplicationFilterChain.internalDoFilter(ApplicationFilterChain.java:295)
	at org.apache.catalina.core.ApplicationFilterChain.doFilter(ApplicationFilterChain.java:214)
	at org.apache.catalina.core.StandardWrapperValve.invoke(StandardWrapperValve.java:230)
	at org.apache.catalina.core.StandardContextValve.invoke(StandardContextValve.java:149)
	at org.jboss.as.web.security.SecurityContextAssociationValve.invoke(SecurityContextAssociationValve.java:169)
	at org.apache.catalina.core.StandardHostValve.invoke(StandardHostValve.java:145)
	at org.apache.catalina.valves.ErrorReportValve.invoke(ErrorReportValve.java:97)
	at org.apache.catalina.core.StandardEngineValve.invoke(StandardEngineValve.java:102)
	at org.apache.catalina.connector.CoyoteAdapter.service(CoyoteAdapter.java:336)
	at org.apache.coyote.http11.Http11Processor.process(Http11Processor.java:856)
	at org.apache.coyote.http11.Http11Protocol$Http11ConnectionHandler.process(Http11Protocol.java:653)
	at org.apache.tomcat.util.net.JIoEndpoint$Worker.run(JIoEndpoint.java:920)
	at java.lang.Thread.run(Thread.java:662)
Caused by: org.infinispan.manager.EmbeddedCacheManagerStartupException: org.infinispan.CacheException: Unable to invoke method public void org.infinispan.remoting.transport.jgroups.JGroupsTransport.start() on object of type JGroupsTransport
	at org.infinispan.factories.GlobalComponentRegistry.start(GlobalComponentRegistry.java:247)
	at org.infinispan.manager.DefaultCacheManager.wireAndStartCache(DefaultCacheManager.java:677)
	at org.infinispan.manager.DefaultCacheManager.createCache(DefaultCacheManager.java:649)
	at org.infinispan.manager.DefaultCacheManager.getCache(DefaultCacheManager.java:545)
	at org.infinispan.manager.DefaultCacheManager.getCache(DefaultCacheManager.java:559)
	at org.jboss.as.clustering.infinispan.DefaultEmbeddedCacheManager.getCache(DefaultEmbeddedCacheManager.java:109)
	at org.jboss.as.clustering.infinispan.DefaultEmbeddedCacheManager.getCache(DefaultEmbeddedCacheManager.java:100)
	at org.infinispan.schematic.Schematic.get(Schematic.java:98)
	at org.modeshape.jcr.JcrRepository$RunningState.<init>(JcrRepository.java:1017)
	at org.modeshape.jcr.JcrRepository$RunningState.<init>(JcrRepository.java:924)
	at org.modeshape.jcr.JcrRepository.doStart(JcrRepository.java:357)
	at org.modeshape.jcr.JcrRepository.login(JcrRepository.java:601)
	... 93 more
Caused by: org.infinispan.CacheException: Unable to invoke method public void org.infinispan.remoting.transport.jgroups.JGroupsTransport.start() on object of type JGroupsTransport
	at org.infinispan.util.ReflectionUtil.invokeAccessibly(ReflectionUtil.java:205)
	at org.infinispan.factories.AbstractComponentRegistry$PrioritizedMethod.invoke(AbstractComponentRegistry.java:883)
	at org.infinispan.factories.AbstractComponentRegistry.invokeStartMethods(AbstractComponentRegistry.java:654)
	at org.infinispan.factories.AbstractComponentRegistry.internalStart(AbstractComponentRegistry.java:643)
	at org.infinispan.factories.AbstractComponentRegistry.start(AbstractComponentRegistry.java:546)
	at org.infinispan.factories.GlobalComponentRegistry.start(GlobalComponentRegistry.java:225)
	... 104 more
Caused by: org.infinispan.CacheException: org.infinispan.CacheConfigurationException: Unable to instantiate class org.jboss.as.clustering.infinispan.ChannelProvider
	at org.infinispan.remoting.transport.jgroups.JGroupsTransport.buildChannel(JGroupsTransport.java:350)
	at org.infinispan.remoting.transport.jgroups.JGroupsTransport.initChannel(JGroupsTransport.java:280)
	at org.infinispan.remoting.transport.jgroups.JGroupsTransport.initChannelAndRPCDispatcher(JGroupsTransport.java:322)
	at org.infinispan.remoting.transport.jgroups.JGroupsTransport.start(JGroupsTransport.java:197)
	at sun.reflect.NativeMethodAccessorImpl.invoke0(Native Method)
	at sun.reflect.NativeMethodAccessorImpl.invoke(NativeMethodAccessorImpl.java:39)
	at sun.reflect.DelegatingMethodAccessorImpl.invoke(DelegatingMethodAccessorImpl.java:25)
	at org.infinispan.util.ReflectionUtil.invokeAccessibly(ReflectionUtil.java:203)
	... 109 more
Caused by: org.infinispan.CacheConfigurationException: Unable to instantiate class org.jboss.as.clustering.infinispan.ChannelProvider
	at org.infinispan.util.Util.loadClass(Util.java:100)
	at org.infinispan.util.Util.getInstance(Util.java:221)
	at org.infinispan.remoting.transport.jgroups.JGroupsTransport.buildChannel(JGroupsTransport.java:341)
	... 117 more
Caused by: java.lang.ClassNotFoundException: org.jboss.as.clustering.infinispan.ChannelProvider
	at java.net.URLClassLoader$1.run(URLClassLoader.java:202)
	at java.security.AccessController.doPrivileged(Native Method)
	at java.net.URLClassLoader.findClass(URLClassLoader.java:190)
	at java.lang.ClassLoader.loadClass(ClassLoader.java:306)
	at sun.misc.Launcher$AppClassLoader.loadClass(Launcher.java:301)
	at java.lang.ClassLoader.loadClass(ClassLoader.java:247)
	at java.lang.Class.forName0(Native Method)
	at java.lang.Class.forName(Class.java:247)
	at org.infinispan.util.Util.loadClassStrict(Util.java:137)
	at org.infinispan.util.Util.loadClass(Util.java:98)
	... 119 more
{code}
",,,
375,MODE-1922,The {{text-extractors}} element is misnamed in the XSD as {{test-extractors}}.,,,
376,MODE-1919,"When publishing/uploading a file using IRestClient (via ModeShape Tools), if a workspace/publish area is used that currently does not exist, the node is created. However the created node does not have the ""mode:publishArea"" mixin. When a subsequent query is done requesting the same workspace's publish areas, this new node is not returned.

I guess another possibility is that the query ModeShape Tools is using to return the publish areas is wrong. Here is the query:

{code}
SELECT [jcr:path], [jcr:title] FROM [mode:publishArea]
{code}",,,
394,MODE-1917,"The ModeShape module from the EAP kit is missing the JAAS dependency, which may come into play if the {{org.modeshape.jcr.security.JaasProvider}} is used.",,,
395,MODE-1916,"When trying to import (a jackrabbit 2.4.4 system export) I got this error

javax.jcr.nodetype.ConstraintViolationException: Unable to determine a valid node definition for the node ""/importTestNode/b/rep:policy"" in workspace ""defaultWorkspace"" of ""My Repository""
	at org.modeshape.jcr.AbstractJcrNode.validateChildNodeDefinition(AbstractJcrNode.java:1213)
	at org.modeshape.jcr.AbstractJcrNode.addChildNode(AbstractJcrNode.java:1045)

When dealing with protected node definitions, it appears the code is doing a ""return null"" when it should be doing ""continue"".",,,
398,MODE-1913,"When restarting an EAP 6.1.0.A1 server which contains the ModeShape kit, the following exception is raised:

{code}
13:58:26,063 INFO  [org.jboss.ws.cxf.metadata] (MSC service thread 1-6) JBWS024061: Adding service endpoint metadata: id=org.apache.chemistry.opencmis.server.impl.webservices.PolicyService
 address=http://localhost:8080/modeshape-cmis/PolicyService
 implementor=org.apache.chemistry.opencmis.server.impl.webservices.PolicyService
 serviceName={http://webservices.impl.server.opencmis.chemistry.apache.org/}PolicyServiceService
 portName={http://webservices.impl.server.opencmis.chemistry.apache.org/}PolicyServicePort
 annotationWsdlLocation=null
 wsdlLocationOverride=null
 mtomEnabled=true
13:58:26,075 INFO  [org.apache.cxf.service.factory.ReflectionServiceFactoryBean] (MSC service thread 1-6) Creating Service {http://webservices.impl.server.opencmis.chemistry.apache.org/}RepositoryServiceService from class org.apache.chemistry.opencmis.commons.impl.jaxb.RepositoryServicePor
13:58:26,455 INFO  [org.apache.cxf.endpoint.ServerImpl] (MSC service thread 1-6) Setting the server's publish address to be http://localhost:8080/modeshape-cmis/RepositoryService
13:58:26,480 ERROR [org.jboss.msc.service.fail] (MSC service thread 1-6) MSC00001: Failed to start service jboss.deployment.unit.""modeshape-cmis.war"".INSTALL: org.jboss.msc.service.StartException in service jboss.deployment.unit.""modeshape-cmis.war"".INSTALL: JBAS018733: Failed to process p
        at org.jboss.as.server.deployment.DeploymentUnitPhaseService.start(DeploymentUnitPhaseService.java:127) [jboss-as-server-7.2.0.Alpha1-redhat-4.jar:7.2.0.Alpha1-redhat-4]
        at org.jboss.msc.service.ServiceControllerImpl$StartTask.startService(ServiceControllerImpl.java:1811) [jboss-msc-1.0.4.GA.jar:1.0.4.GA]
        at org.jboss.msc.service.ServiceControllerImpl$StartTask.run(ServiceControllerImpl.java:1746) [jboss-msc-1.0.4.GA.jar:1.0.4.GA]
        at java.util.concurrent.ThreadPoolExecutor$Worker.runTask(ThreadPoolExecutor.java:886) [rt.jar:1.6.0_29]
        at java.util.concurrent.ThreadPoolExecutor$Worker.run(ThreadPoolExecutor.java:908) [rt.jar:1.6.0_29]
        at java.lang.Thread.run(Thread.java:662) [rt.jar:1.6.0_29]
Caused by: java.lang.IllegalStateException
        at org.jboss.msc.value.InjectedValue.getValue(InjectedValue.java:47) [jboss-msc-1.0.4.GA.jar:1.0.4.GA]
        at org.jboss.as.webservices.config.ServerConfigImpl.getServerEnvironment(ServerConfigImpl.java:80)
        at org.jboss.as.webservices.config.ServerConfigImpl.getServerDataDir(ServerConfigImpl.java:58)
        at org.jboss.wsf.stack.cxf.deployment.WSDLFilePublisher.getPublishLocation(WSDLFilePublisher.java:161)
        at org.jboss.wsf.stack.cxf.deployment.WSDLFilePublisher.publishWsdlFiles(WSDLFilePublisher.java:69)
        at org.jboss.wsf.stack.cxf.deployment.EndpointImpl.publishContractToFilesystem(EndpointImpl.java:132)
        at org.jboss.wsf.stack.cxf.deployment.EndpointImpl.doPublish(EndpointImpl.java:72)
        at org.apache.cxf.jaxws.EndpointImpl.publish(EndpointImpl.java:250)
        at org.apache.cxf.jaxws.EndpointImpl.publish(EndpointImpl.java:536)
        at org.jboss.wsf.stack.cxf.configuration.NonSpringBusHolder.configure(NonSpringBusHolder.java:116)
        at org.jboss.wsf.stack.cxf.deployment.aspect.BusDeploymentAspect.startDeploymentBus(BusDeploymentAspect.java:128)
        at org.jboss.wsf.stack.cxf.deployment.aspect.BusDeploymentAspect.start(BusDeploymentAspect.java:67)
        at org.jboss.as.webservices.deployers.AspectDeploymentProcessor.deploy(AspectDeploymentProcessor.java:74)
        at org.jboss.as.server.deployment.DeploymentUnitPhaseService.start(DeploymentUnitPhaseService.java:120) [jboss-as-server-7.2.0.Alpha1-redhat-4.jar:7.2.0.Alpha1-redhat-4]
        ... 5 more

13:58:26,524 INFO  [org.jboss.as.server] (ServerService Thread Pool -- 34) JBAS018559: Deployed ""modeshape-webdav.war"" (runtime-name : ""modeshape-webdav.war"")
13:58:26,592 INFO  [org.jboss.as.server] (ServerService Thread Pool -- 34) JBAS018559: Deployed ""modeshape-cmis.war"" (runtime-name : ""modeshape-cmis.war"")
13:58:26,593 INFO  [org.jboss.as.server] (ServerService Thread Pool -- 34) JBAS018559: Deployed ""modeshape-rest.war"" (runtime-name : ""modeshape-rest.war"")
13:58:26,595 INFO  [org.jboss.as.controller] (Controller Boot Thread) JBAS014774: Service status report
JBAS014777:   Services which failed to start:      service jboss.deployment.unit.""modeshape-cmis.war"".INSTALL: org.jboss.msc.service.StartException in service jboss.deployment.unit.""modeshape-cmis.war"".INSTALL: JBAS018733: Failed to process phase INSTALL of deployment ""modeshape-cmis.war""
{code}",,,
401,MODE-1912,"In some cases can be interesting to remove the mix:versionable type from a node.

jcrSession.getWorkspace().getVersionManager().checkout(""/"" + id);
jcrSession.getNode(""/"" + id).removeMixin(""mix:versionable"");

But we can get this exception:

{code}
javax.jcr.nodetype.ConstraintViolationException: Cannot find a definition for the property named 'jcr:versionHistory' on the node at '/test1' with primary type 'nt:file' and mixin types: [mix:mimeType,mix:lastModified,mix:title]
        at org.modeshape.jcr.AbstractJcrNode.removeMixin(AbstractJcrNode.java:2534)
        at 
{code}",,,
405,MODE-1911,"Our current build systems has 2 profiles: {{preferIpv4}} and {{preferIpv6}} to control ipv4 / ipv6 parameters sent to the Surefire JVM when running the tests.

At the moment, they have the wrong values configured and by default no preferred profile is used. 

We should use by default ipv4 and overwrite it in exceptional cases.",,,
410,MODE-1910,"Here's some code in the InfinispanBinaryStore:

                int bufferSize = 8192;
                if (bufferSize > fileLength) bufferSize = 4096;
                if (bufferSize > fileLength) bufferSize = 2096;

https://github.com/ModeShape/modeshape/blob/master/modeshape-jcr/src/main/java/org/modeshape/jcr/value/binary/infinispan/InfinispanBinaryStore.java#L221

I assume 2096 should be 2048. 

After talking with Kosch on IRC, we decided to replace this with a call to bestBufferSize from the AbstractBinaryStore instead. ",,,
411,MODE-1909,"Tries to create table CONTENT_STORE with ""payload LARGEBLOB,"" but I suspect should be ""payload LONGBLOB"".",,,
412,MODE-1900,"When doing a JOIN using a multi-value reference property and using SELECT DISTINCT, not all items are being returned. 

I am attaching a simple maven project showing the problem.",,,
420,MODE-1898,"I provided the Teiid Designer team with locally built alpha 3.2 jars and am helping them integrate their DDL importer with the new Teiid DDL parser. These jars replaced old 2.x jars so there were other changes they needed to make.

Here are the problems found so far:

- the visibility of TeiidDdlLexicon constants need to be public since the Designer importer needs to know the Teiid node type and mixin names. These constants are currently scoped package private.

- the TeiidDdlLexicon constants with names containing ""NODE_TYPE"" should be renamed to not include ""NODE_TYPE"" in their name. Those constants at one time represented node type names but now are mixin names. 

- the property ""teiidddl:canBeNull"" of the ""teiidddl:resultColumn"" mixin defined in the TeiidDdl.cnd can be deleted as it is not used. The ""ddl:nullable"" property is used instead.

- the Teiid DDL constraint type of ""INDEX"" can reference zero or more columns. The current TeiidDdl only considers the zero reference case where an expression is used. Both the CND and the parser need to be changed to fix this.",,,
429,MODE-1895,"The _Solr_ module which is installed as part of Hibernate Search's AS7 kit, contains references to incorrect jars in the _module.xml_ file.",,,
431,MODE-1894,"When updating indexes (via node updates), instead of passing to Hibernate Search only the changed property values, ModeShape passes an iterator over both the old and the new/updated properties causing *the wrong data* to be stored in the indexes.

This means that if a property is updated and its value changed, ModeShape will store both the old and the new value in the indexes. This is especially visible around versioning, where the same properties are updated often.",,,
433,MODE-1887,"I was trying to merge 2 workspaces but for some reason merge is not merging the workspaces correctly.

Following is the CND details
{code}
[Parent] > mix:versionable
  - name (string) copy
  + * (Child) version
 
 
[Child] > mix:versionable
  - name (string) copy
{code}

Following is the test code
{code}
Session session = repository.login(""default"");
        
session.getWorkspace().createWorkspace(""original"");
session = repository.login(""original"");
  
Node root = session.getRootNode();  
Node parent1 = root.addNode(""parent1"", ""Parent"");
session.save();
  
Node child1 = parent1.addNode(""child1"", ""Child"");
session.save();
  
session.getWorkspace().createWorkspace(""clone"", ""original"");
session = repository.login(""clone"");
  
Node child2 = session.getNode(""/parent1"").addNode(""child2"", ""Child"");
session.save();
 
session = repository.login(""original"");  
vm = session.getWorkspace().getVersionManager(); 
 
NodeIterator ni = vm.merge(""/"", ""clone"", true);
session.save();
 
session.getNode(""/parent1/child2"") // this call is throwing path not found exception.
{code}",,,
437,MODE-1884,"Missing ""Notes"" in a sequenced PowerPoint file will cause a NullPointerException to be thrown in PowerPointMetadataReader, and sequence process will be aborted. A null check should be exists for slide.getNotesSheet()

Also, some Office files have a blank ""Last Printed"" property. A null check should be done before setting this property on sequenced node:

{code:title=MSOfficeMetadataSequencer.java}
if(null != metadata.getLastPrinted()){
  rootNode.setProperty(LAST_PRINTED, valueFactory.createValue(metadata.getLastPrinted()));
}
{code}

",,,
440,MODE-1883,"VersionManager can not restore a previously removed node with mix:versionable type. The result (of running the code listed in ""Steps to Reproduce"") is:

{code}
javax.jcr.ItemNotFoundException: 454d8227505d64f12f93a7-3c5e-47c7-bf7a-2c896327e489
	at org.modeshape.jcr.JcrSession.node(JcrSession.java:425)
	at org.modeshape.jcr.JcrSession.node(JcrSession.java:407)
	at org.modeshape.jcr.JcrSession.getNonSystemNodeByIdentifier(JcrSession.java:727)
	at org.modeshape.jcr.JcrVersionManager.restore(JcrVersionManager.java:705)
	at org.modeshape.jcr.ModeShapeTckTest.testShouldRestoreDeletedNode(ModeShapeTckTest.java:995)
        ...
{code}",,,
446,MODE-1882,"Getting a stream for the content of an external file accessed through federation throws an exception unless the binary value is present in the internal binary store.

The UrlBinaryValue created by FileSystemConnector (when getNode(""jcr:content"") is called on the nt:file node) has the total partition size rather than the file size.",,,
454,MODE-1880,"Creating a federated node of primary type nt:file and adding binary content results in a file of zero length on disk.

May affect earlier versions - sorry, haven't checked.",,,
455,MODE-1878,"Given the following CND file:

{code:none}
<jcr='http://www.jcp.org/jcr/1.0'>
<nt='http://www.jcp.org/jcr/nt/1.0'>
<inf='http://www.example.com/test'>

[inf:patient] > mix:versionable, nt:hierarchyNode
+ * (inf:patientId) COPY
+ * (inf:section) SNS COPY 
- inf:masterId (STRING) mandatory COPY
- inf:masterNs (STRING) mandatory COPY


/**
 * A section node is a named container of either episodes or documents.
 */
[inf:section] > nt:hierarchyNode orderable 
- inf:name (STRING) mandatory COPY
+ * (nt:hierarchyNode) SNS VERSION 

[inf:patientId]
- inf:name (STRING) mandatory COPY
{code}

the following algorithm should be allowed, but ModeShape incorrectly throws an exception:

# create an inf:patient node (with any mandatory properties)
# create one or more inf:section nodes (with any mandatory properties)
# save
# create another inf:section node (with any mandatory properties)

The last step causes the following exception:

{code}
javax.jcr.ItemExistsException: A node definition that allows same name siblings could not be found for the node ""{}section"" in workspace ""default""
	at org.modeshape.jcr.JcrSession$JcrPreSave.processAfterLocking(JcrSession.java:1914)
	at org.modeshape.jcr.cache.document.WritableSessionCache.runPreSaveAfterLocking(WritableSessionCache.java:479)
	at org.modeshape.jcr.cache.document.WritableSessionCache.save(WritableSessionCache.java:540)
	at org.modeshape.jcr.JcrSession.save(JcrSession.java:986)
	at ...
{code}

Note that the ""inf:patient"" node definition must have two residual child node definitions (one of type ""inf:patientId"" and the other of ""inf:section"") in order for this test to fail. If the ""inf:patientId"" child node definition is removed, then it works fine.
",,,
458,MODE-1876,"When attempting to open a repository with +1M indexed nodes, with indexing rebuild-upon-startup=""if_missing"" (the default), an OOM is encountered. This is with ISPN eviction strategy=""LIRS"" max-entries=""50"", and Java heap  4GB. 

This appears to be the result of the logic in {{org.modeshape.jcr.RepositoryQueryManager.reindexContent(boolean, boolean)}}, which first reads the IDs of all 1M indexed node IDs into memory, and then crawls the entire repository in search of un-indexed nodes.

I suspect that {{rebuild-upon-startup=""always""}} would also fail, although I have not tried it.

Also, note that in line 214 of {{RepositoryQueryManager.java}}, the entire contents of {{excludedKeysFromIndexing}} is logged (to debug). With millions of indexed nodes, this results in millions of IDs printed to the log, which is not desirable.


",,,
465,MODE-1874,"When configuring a repository in AS7 with an empty {{<local-file-index-storage/>}} element, ModeShape should use the {{jboss.server.data.dir}} system property as root location and create some defaults.

However, atm. it creates 2 directories: 
{{jboss.server.data.dirundefined}} and {{jboss.server.data.dirundefined/nodeinfo}} under JVM working dir.",,,
480,MODE-1873,"After a node has been sequenced and the output placed in another location than the original node (i.e. an output path has been configured), issuing the following query:

{code:sql}
SELECT [jcr:path] 
FROM [mode:derived] AS d 
WHERE d.[mode:derivedFrom] IN (
  SELECT u.[jcr:path] FROM [nt:unstructured] as u
)
{code}

produces 0 results.

It should always produce at least 1 result, possibly more, depending on the number of nodes that have been sequenced.",,,
485,MODE-1871,"Just noticed this mis-typed message text

{code}
Caused by: javax.jcr.nodetype.ConstraintViolationException: The prrimary type of a node cannot be abstract, like ""inf:section""
	at org.modeshape.jcr.AbstractJcrNode.validateChildNodeDefinition(AbstractJcrNode.java:1173)
	at org.modeshape.jcr.AbstractJcrNode.addChildNode(AbstractJcrNode.java:1045)
	at org.modeshape.jcr.AbstractJcrNode.addNode(AbstractJcrNode.java:1001)
	at org.modeshape.jcr.AbstractJcrNode.addNode(AbstractJcrNode.java:931)
	at org.modeshape.jcr.AbstractJcrNode.addNode(AbstractJcrNode.java:107)
	at au.com.infomedix.jcrloadtest.jcrserver.utils.JaxbNodeTransformer.toJcrNode(JaxbNodeTransformer.java:98) [classes:]
{code}",,,
492,MODE-1870,"Currently it can only find the cache configuration file from relative/absolute path from file system, it doesn't match the documentation and other similar part in the configuration (e.g. storage) which says:

""The name of the Infinispan configuration file for creating a new cache manager. If a file could not be found (on the thread context classloader, on the application's classpath, or on the system classpath), then the name is assumed to reference an existing Infinispan CacheContainer instance via a valid JNDI name or as the name of a service as defined by the local environment. If no such container is found, then the cache container used by the 'storage' configuration is used.""
",,,
497,MODE-1867,"I get an error if I try to set min-string-size in cache-binary-storage

Config is
{code:xml}
            <repository name=""testRepository"" cache-name=""testRepositoryCache"" cache-container=""modeshapeCache"">
                <cache-index-storage data-cache-name=""testRepository_index_data"" 
                    metadata-cache-name=""testRepository_index_metadata"" 
                    lock-cache-name=""testRepository_index_locks"" 
                    cache-container=""modeshapeIndexCache""/>
                <cache-binary-storage min-value-size=""0"" 
                    min-string-size=""256"" 
                    data-cache-name=""testRepository_binary_data"" 
                    metadata-cache-name=""testRepository_binary_metadata"" 
                    cache-container=""modeshapeBinaryCache""/>
            </repository>
{code}

I get this error on startup of jboss EAP 6.1 Alpha1

{noformat}
11:58:55,025 ERROR [org.jboss.msc.service.fail] (MSC service thread 1-2) MSC00001: Failed to start service jboss.modeshape.testRepository.repository: org.jboss.msc.service.StartException in service jboss.modeshape.testRepository.repository: org.modeshape.jcr.ConfigurationException: The configuration for the 'testRepository' repository has problems: ERROR: Error at storage.binaryStorage.minimumStringSizeInBytes : The 'minimumStringSizeInBytes' field on 'storage.binaryStorage' is not defined in the schema and the schema does not allow additional properties.
	at org.modeshape.jboss.service.RepositoryService.start(RepositoryService.java:216)
	at org.jboss.msc.service.ServiceControllerImpl$StartTask.startService(ServiceControllerImpl.java:1811) [jboss-msc-1.0.4.GA.jar:1.0.4.GA]
	at org.jboss.msc.service.ServiceControllerImpl$StartTask.run(ServiceControllerImpl.java:1746) [jboss-msc-1.0.4.GA.jar:1.0.4.GA]
	at java.util.concurrent.ThreadPoolExecutor.runWorker(ThreadPoolExecutor.java:1145) [rt.jar:1.7.0_17]
	at java.util.concurrent.ThreadPoolExecutor$Worker.run(ThreadPoolExecutor.java:615) [rt.jar:1.7.0_17]
	at java.lang.Thread.run(Thread.java:722) [rt.jar:1.7.0_17]
Caused by: org.modeshape.jcr.ConfigurationException: The configuration for the 'testRepository' repository has problems: ERROR: Error at storage.binaryStorage.minimumStringSizeInBytes : The 'minimumStringSizeInBytes' field on 'storage.binaryStorage' is not defined in the schema and the schema does not allow additional properties.
	at org.modeshape.jcr.ModeShapeEngine.deploy(ModeShapeEngine.java:493)
	at org.modeshape.jcr.ModeShapeEngine.deploy(ModeShapeEngine.java:465)
	at org.modeshape.jboss.service.RepositoryService.start(RepositoryService.java:214)
	... 5 more
{noformat}
",,,
505,MODE-1865,"I have the test case that can demonstrate it, to be attached in a pull request. Since Doc IDs are assigned at random, the test case tries to cause the bug to happen by creating enough documents to trigger the bug.

Things work just fine if the limit is set to > 1.

The root cause is the query hint isExists being pushed down to the LHS and RHS of JOINs.",,,
512,MODE-1863,"The following code in JcrRepository:

{code}
case NEVER: {                                                                                                                                
    Set<NodeKey> existingIndexes = queryManager().getIndexes().indexedNodes();                                                               
    if (existingIndexes.isEmpty()) {                                                                                                         
        logger.info(JcrI18n.noReindex, getName());                                                                                           
    } else {                                                                                                                                 
        logger.debug(""Index rebuild option is 'never' for repository {0} so nothing will be re-indexed. The existing indexed node are: {1}"", 
                     name(),                                                                                                                 
                     existingIndexes);                                                                                                       
    }                                                                                                                                        
    break;                                                                                                                                   
}                                                                                                                                            
{code}

Suggests to me that even if reindexing is turned off, start-up will still attempt to read every single indexed node key from the underlying indexing storage only to generate a log statement printed at info or (in the non-empty case) trace level. To print all the indexed nodes at debug level also seem to be quite unnecessary.",,,
513,MODE-1861,"The DatabaseBinaryStore attempts to create a table with the following statement:

{code:sql}
CREATE TABLE CONTENT_STORE (
  cid VARCHAR(255) NOT NULL,
  mime_type VARCHAR(255),
  ext_text VARCHAR(1000),
  usage INTEGER,
  usage_time TIMESTAMP,
  payload BLOB,
  primary key(cid)
)
{code}

However, ""usage"" is a reserved word in MySQL5, and therefore the table cannot be created. Additionally, no error message appears to be recorded in the log.",,,
529,MODE-1859,"I am trying to create and delete a repository as part of an automated build deployment step but it doesn't seem to be able to delete the repository again after creation. The first deletion fails. A second attempt succeeds but a subsequent attempt to create a new repository fails. Stopping and starting the JBoss server at this point reverts back to a stable state and you can create the repository again.
  
The create-repository script is:
 
{noformat}
connect
batch
/subsystem=modeshape/repository=cpf4:add()
run-batch
{noformat}
  
and the delete-repository script is:
 
{noformat}
connect
batch
/subsystem=modeshape/repository=cpf4:remove
run-batch
{noformat}
 
Short output of the problem errors is:
 
{noformat}
09:47:29,700 INFO  [org.jboss.as.controller] (management-handler-thread - 2) JBAS014774: Service status report
JBAS014775:    New missing/unsatisfied dependencies:
      service jboss.modeshape.cpf4.data (missing) dependents: [service jboss.modeshape.cpf4.binaries, service jboss.modeshape.cpf4.indexes]
      service jboss.modeshape.cpf4.repository (missing) dependents: [service jboss.modeshape.cpf4.repository.reference-factory]


Failed to execute batch: undefined
silvercat% diff standalone/configuration/standalone-modeshape.xml standalone/configuration/standalone-modeshape.xml.bak
231d230
<             <repository name=""cpf4""/>
silvercat% bin/jboss-cli.sh --file=../delete_repository.cli
#1 /subsystem=modeshape/repository=cpf4:remove
The batch executed successfully.
silvercat% diff standalone/configuration/standalone-modeshape.xml standalone/configuration/standalone-modeshape.xml.bak
silvercat% bin/jboss-cli.sh --file=../create_repository.cli
#1 /subsystem=modeshape/repository=cpf4:add()
09:47:56,379 ERROR [org.jboss.as.controller.management-operation] (management-handler-thread - 4) JBAS014612: Operation (""add"") failed - address: ([
    (""subsystem"" => ""modeshape""),
    (""repository"" => ""cpf4"")
]): org.jboss.msc.service.DuplicateServiceException: Service jboss.modeshape.cpf4.repository.reference-factory is already registered
{noformat}


See forum article for more details",,,
539,MODE-1858,"This is probably caused by a record being concurrently deleted from modeshape. I am guessing that modeshape doesn't truly support repeatable read isolation (which I am fine with) but I don't think the right idea is to throw an exception. Perhaps simply ignoring the row would be fine?

{code}
java.lang.IllegalStateException: SchematicValue stored under key 99f427c7505d64b1c2eda7-4c14-481e-81ed-b254207beb37 has been concurrently removed!
	org.infinispan.schematic.internal.SchematicEntryProxy.assertValid(SchematicEntryProxy.java:103)
	org.infinispan.schematic.internal.SchematicEntryProxy.getDeltaValueForRead(SchematicEntryProxy.java:142)
	org.infinispan.schematic.internal.SchematicEntryProxy.getContentAsDocument(SchematicEntryProxy.java:224)
	org.modeshape.jcr.cache.document.WorkspaceCache.documentFor(WorkspaceCache.java:168)
	org.modeshape.jcr.cache.document.WorkspaceCache.documentFor(WorkspaceCache.java:176)
	org.modeshape.jcr.cache.document.WorkspaceCache.getNode(WorkspaceCache.java:208)
	org.modeshape.jcr.cache.document.AbstractSessionCache.getNode(AbstractSessionCache.java:237)
	org.modeshape.jcr.cache.document.WritableSessionCache.getNode(WritableSessionCache.java:153)
	org.modeshape.jcr.query.lucene.basic.BasicTupleCollector.doCollect(BasicTupleCollector.java:189)
	org.modeshape.jcr.query.lucene.LuceneQueryEngine$TupleCollector.collect(LuceneQueryEngine.java:384)
	org.apache.lucene.search.BooleanScorer2.score(BooleanScorer2.java:287)
	org.apache.lucene.search.IndexSearcher.search(IndexSearcher.java:581)
	org.apache.lucene.search.IndexSearcher.search(IndexSearcher.java:383)
	org.modeshape.jcr.query.lucene.LuceneQueryEngine$LuceneAccessQuery.execute(LuceneQueryEngine.java:320)
	org.modeshape.jcr.query.process.NestedLoopJoinComponent.execute(NestedLoopJoinComponent.java:56)
	org.modeshape.jcr.query.process.ProjectComponent.execute(ProjectComponent.java:43)
	org.modeshape.jcr.query.process.SortValuesComponent.execute(SortValuesComponent.java:65)
	org.modeshape.jcr.query.process.LimitComponent.execute(LimitComponent.java:47)
	org.modeshape.jcr.query.process.QueryProcessor.execute(QueryProcessor.java:96)
	org.modeshape.jcr.query.process.QueryEngine.execute(QueryEngine.java:140)
	org.modeshape.jcr.query.lucene.LuceneQueryEngine$1.getResults(LuceneQueryEngine.java:153)
	org.modeshape.jcr.query.JcrQuery.execute(JcrQuery.java:119)
{code}",,,
542,MODE-1856,"This is probably an optimization but I have noticed that writing properties, even if they are unchanged, triggers indexing on the nodes. A simple routine that I added to our system:

{code}
    if (!node.hasProperty(propertyName) || !node.getProperty(propertyName).getString().
        equals(value)) {
      node.setProperty(propertyName, value);
    }
{code}

improved the throughput of the system significantly. Granted, we are writing the same data over and over again but it seems like modeshape should ignore these no-op mutations. I am also not sure if indexing is incremental within a node (that is, the less properties changed, the less hibernate search needs to do).",,,
559,MODE-1854,"When creating nodes under explicit JTA transaction, it took much more time to save compared to non transaction.
When query functionality is disabled, the time spent in both cases are almost identical (In my real case, the transaction case even run a little bit faster than non transaction case). Therefore, I think it should be a Hibernate Search/Lucence integration issue.

*See attached profile data for details*
In the non-transaction case, there are *8* [Lucene Merge Thread] threads created.
However, in the transaction case, there are *89* [Lucene Merge Thread] threads created which almost ten times than previous case.",,,
563,MODE-1853,"This seems to only happen in a clustered environment.

{code}
Caused by: javax.jcr.RepositoryException: java.lang.ClassCastException: org.infinispan.schematic.internal.document.ArrayEditor cannot be cast to org.infinispan.schematic.internal.document.BasicArray
[Server:server-one] 	at org.modeshape.jcr.JcrSession.save(JcrSession.java:1003) [modeshape-jcr-3.2-SNAPSHOT.jar:3.2-SNAPSHOT]
[Server:server-one] 	... 130 more
[Server:server-one] Caused by: java.lang.ClassCastException: org.infinispan.schematic.internal.document.ArrayEditor cannot be cast to org.infinispan.schematic.internal.document.BasicArray
[Server:server-one] 	at org.infinispan.schematic.internal.document.DocumentEditor.editable(DocumentEditor.java:588) [modeshape-schematic-3.2-SNAPSHOT.jar:3.2-SNAPSHOT]
[Server:server-one] 	at org.infinispan.schematic.internal.document.DocumentEditor.getArray(DocumentEditor.java:210) [modeshape-schematic-3.2-SNAPSHOT.jar:3.2-SNAPSHOT]
[Server:server-one] 	at org.modeshape.jcr.cache.document.DocumentTranslator.insertChildren(DocumentTranslator.java:849) [modeshape-jcr-3.2-SNAPSHOT.jar:3.2-SNAPSHOT]
[Server:server-one] 	at org.modeshape.jcr.cache.document.DocumentTranslator.changeChildren(DocumentTranslator.java:768) [modeshape-jcr-3.2-SNAPSHOT.jar:3.2-SNAPSHOT]
[Server:server-one] 	at org.modeshape.jcr.cache.document.WritableSessionCache.persistChanges(WritableSessionCache.java:985) [modeshape-jcr-3.2-SNAPSHOT.jar:3.2-SNAPSHOT]
[Server:server-one] 	at org.modeshape.jcr.cache.document.WritableSessionCache.save(WritableSessionCache.java:543) [modeshape-jcr-3.2-SNAPSHOT.jar:3.2-SNAPSHOT]
[Server:server-one] 	at org.modeshape.jcr.JcrSession.save(JcrSession.java:986) [modeshape-jcr-3.2-SNAPSHOT.jar:3.2-SNAPSHOT]
[Server:server-one] 	... 131 more
[Server:server-one] 
{code}",,,
573,MODE-1852,"Messages received by JGroups cannot be properly deserialized due to class loader issues:

{code}
18:29:12,970 ERROR [org.jgroups.protocols.pbcast.NAKACK2] (Incoming-12,shared=udp) failed to deliver message [dst: <null>, src: slave:server-one/modeshape-dshell (2 headers), size=2776 bytes]: org.modeshape.common.SystemFailureException: Error deserializing changes obtained from channel 'modeshape-dshell'
[Server:server-one] 	at org.modeshape.jcr.bus.ClusteredRepositoryChangeBus$Receiver.receive(ClusteredRepositoryChangeBus.java:296) [modeshape-jcr-3.2-SNAPSHOT.jar:3.2-SNAPSHOT]
[Server:server-one] 	at org.jgroups.JChannel.invokeCallback(JChannel.java:749)
[Server:server-one] 	at org.jgroups.JChannel.up(JChannel.java:710)
[Server:server-one] 	at org.jgroups.stack.ProtocolStack.up(ProtocolStack.java:1020)
[Server:server-one] 	at org.jgroups.protocols.RSVP.up(RSVP.java:188)
[Server:server-one] 	at org.jgroups.protocols.FRAG2.up(FRAG2.java:181)
[Server:server-one] 	at org.jgroups.protocols.FlowControl.up(FlowControl.java:400)
[Server:server-one] 	at org.jgroups.protocols.FlowControl.up(FlowControl.java:418)
[Server:server-one] 	at org.jgroups.protocols.pbcast.GMS.up(GMS.java:896)
[Server:server-one] 	at org.jgroups.protocols.pbcast.STABLE.up(STABLE.java:245)
[Server:server-one] 	at org.jgroups.protocols.UNICAST2.up(UNICAST2.java:453)
[Server:server-one] 	at org.jgroups.protocols.pbcast.NAKACK2.handleMessage(NAKACK2.java:763)
[Server:server-one] 	at org.jgroups.protocols.pbcast.NAKACK2.up(NAKACK2.java:574)
[Server:server-one] 	at org.jgroups.protocols.VERIFY_SUSPECT.up(VERIFY_SUSPECT.java:143)
[Server:server-one] 	at org.jgroups.protocols.FD.up(FD.java:253)
[Server:server-one] 	at org.jgroups.protocols.FD_SOCK.up(FD_SOCK.java:288)
[Server:server-one] 	at org.jgroups.protocols.MERGE3.up(MERGE3.java:290)
[Server:server-one] 	at org.jgroups.protocols.Discovery.up(Discovery.java:359)
[Server:server-one] 	at org.jgroups.protocols.TP$ProtocolAdapter.up(TP.java:2616)
[Server:server-one] 	at org.jgroups.protocols.TP.passMessageUp(TP.java:1263)
[Server:server-one] 	at org.jgroups.protocols.TP$4.run(TP.java:1181)
[Server:server-one] 	at java.util.concurrent.ThreadPoolExecutor.runWorker(ThreadPoolExecutor.java:1110) [rt.jar:1.7.0_10]
[Server:server-one] 	at java.util.concurrent.ThreadPoolExecutor$Worker.run(ThreadPoolExecutor.java:603) [rt.jar:1.7.0_10]
[Server:server-one] 	at java.lang.Thread.run(Thread.java:722) [rt.jar:1.7.0_10]
[Server:server-one] Caused by: java.lang.ClassNotFoundException: org.modeshape.jcr.cache.change.RecordingChanges from [Module ""org.jgroups:main"" from local module loader @b847db1 (finder: local module finder @2757f55f (roots: /Volumes/Work/bin/jboss-eap-6.1/modules,/Volumes/Work/bin/jboss-eap-6.1/modules/system/layers/base))]
[Server:server-one] 	at org.jboss.modules.ModuleClassLoader.findClass(ModuleClassLoader.java:190) [jboss-modules.jar:1.2.0.CR1]
[Server:server-one] 	at org.jboss.modules.ConcurrentClassLoader.performLoadClassUnchecked(ConcurrentClassLoader.java:468) [jboss-modules.jar:1.2.0.CR1]
[Server:server-one] 	at org.jboss.modules.ConcurrentClassLoader.performLoadClassChecked(ConcurrentClassLoader.java:456) [jboss-modules.jar:1.2.0.CR1]
[Server:server-one] 	at org.jboss.modules.ConcurrentClassLoader.performLoadClass(ConcurrentClassLoader.java:398) [jboss-modules.jar:1.2.0.CR1]
[Server:server-one] 	at org.jboss.modules.ConcurrentClassLoader.loadClass(ConcurrentClassLoader.java:120) [jboss-modules.jar:1.2.0.CR1]
[Server:server-one] 	at java.lang.Class.forName0(Native Method) [rt.jar:1.7.0_10]
[Server:server-one] 	at java.lang.Class.forName(Class.java:264) [rt.jar:1.7.0_10]
[Server:server-one] 	at java.io.ObjectInputStream.resolveClass(ObjectInputStream.java:622) [rt.jar:1.7.0_10]
[Server:server-one] 	at java.io.ObjectInputStream.readNonProxyDesc(ObjectInputStream.java:1593) [rt.jar:1.7.0_10]
[Server:server-one] 	at java.io.ObjectInputStream.readClassDesc(ObjectInputStream.java:1514) [rt.jar:1.7.0_10]
[Server:server-one] 	at java.io.ObjectInputStream.readOrdinaryObject(ObjectInputStream.java:1750) [rt.jar:1.7.0_10]
[Server:server-one] 	at java.io.ObjectInputStream.readObject0(ObjectInputStream.java:1347) [rt.jar:1.7.0_10]
[Server:server-one] 	at java.io.ObjectInputStream.readObject(ObjectInputStream.java:369) [rt.jar:1.7.0_10]
[Server:server-one] 	at org.jgroups.util.Util.objectFromByteBuffer(Util.java:468)
[Server:server-one] 	at org.jgroups.util.Util.objectFromByteBuffer(Util.java:446)
[Server:server-one] 	at org.modeshape.jcr.bus.ClusteredRepositoryChangeBus.deserialize(ClusteredRepositoryChangeBus.java:271) [modeshape-jcr-3.2-SNAPSHOT.jar:3.2-SNAPSHOT]
[Server:server-one] 	at org.modeshape.jcr.bus.ClusteredRepositoryChangeBus$Receiver.receive(ClusteredRepositoryChangeBus.java:289) [modeshape-jcr-3.2-SNAPSHOT.jar:3.2-SNAPSHOT]
[Server:server-one] 	... 23 more
{code}",,,
639,MODE-1850,"When running within JBoss in a clustered environment, the modeshape module is missing a dependency on jgroups.

Pull request forthcoming.",,,
643,MODE-1848,"The existing Image sequencer, among the list of accepted mime-types, incorrectly includes the ""tiff"" mime-type, that isn't really supported by the metadata extractor.

We should remove it from the list of supported mime-types for now.",,,
645,MODE-1844,"Inside {{RepositoryCache}} we currently have a flag named {{initializingRepository}} which was introduced so that multiple repository nodes can be synchronized within a cluster.

This flag is set to true only the 1st time a repository starts up (i.e. does a fresh start). 

However, the following scenario may occur (in a local, non-clustered setup):
- a repository starts up for the 1st time. The logic within {{RepositoryCache#init}} writes the document which contains the init data directly to the persistent store (without any transactions)
- between {{RepositoryCache#init}} and the {{completeInitialization()}} method (which writes the {{REPOSITORY_INITIALIZED_AT_FIELD_NAME}} field) something unexpected occurs, causing the latter method to *never* be invoked and therefore the field never written
- the repository is restarted, but
 a) it sees the REPOSITORY_INFO_KEY document (which was written directly to the persistent store the 1st time)
 b) it *cannot find* the {{REPOSITORY_INITIALIZED_AT_FIELD_NAME}} field

In other words, it interprets the information as being in cluster and another node performing the initialization. Therefore, it enters into a waiting state (10 minutes) at the end of which it will crash because no one writes the {{REPOSITORY_INITIALIZED_AT_FIELD_NAME}} field.

I've seen this occur when working with the AS7 kit, in case an integration test fails during Repository init: unless I perform a ""mvn clean"" - to remove the stored documents from the FS, the repository hangs and eventually crashes on restart.
",,,
651,MODE-1840,"The following full text search query using bind variable
{code}
SELECT a.* FROM [my:a] AS a WHERE CONTAINS(a.*,$expression)
{code}
Results in a such exception
{noformat}
The JCR-SQL2 query ""SELECT a.* FROM [my:a] AS a WHERE CONTAINS(a.*,$expression) is not well-formed: Expecting "")"" but found ""expression"" at line1, column x: a.*,$===>> expression)
{noformat}
According to JCR spec usage of bind variable in CONTAINS is allowed.",,,
658,MODE-1836,"I'm having a problem with Modeshape clustering when Infinispan eviction is enabled (and, probably, maxEntries is set lower than the number of objects in the cluster).

I've made a MODE sample app [1] using Modeshape 3.1.3, Infinispan 5.2.1, and Jgroups 3.2.6, with the modeshape config my-repository-config.json [2] and infinispan config infinispan-configuration.xml [3]. Directions for compiling and running the nodes is in the project README.

When run with eviction disabled, replication/modeshape/etc works just fine. When eviction /is/ enabled, any node trying to join the cluster fails to initialize properly. 

Here are some DEBUG-level logs when run with eviction enabled and disabled:
https://gist.github.com/cbeer/69b04052bf9521d42722

When eviction is enabled, the joining node's log has this NPE:

07:31:05,685 ERROR Node types were read from the system content, and appear to be inconsistent or invalid: repo
java.lang.NullPointerException
	at org.modeshape.jcr.SystemContent.first(SystemContent.java:638)
	at org.modeshape.jcr.SystemContent.first(SystemContent.java:632)
	at org.modeshape.jcr.SystemContent.readAllNamespaces(SystemContent.java:651)
	at org.modeshape.jcr.SystemNamespaceRegistry.refreshFromSystem(SystemNamespaceRegistry.java:83)
	at org.modeshape.jcr.JcrRepository$RunningState.<init>(JcrRepository.java:1099)
	at org.modeshape.jcr.JcrRepository$RunningState.<init>(JcrRepository.java:961)
	at org.modeshape.jcr.JcrRepository.doStart(JcrRepository.java:360)
	at org.modeshape.jcr.JcrRepository.login(JcrRepository.java:617)
	at org.modeshape.jcr.JcrRepository.login(JcrRepository.java:586)
	at org.modeshape.jcr.JcrRepository.login(JcrRepository.java:155)
	at org.modeshape.example.clustering.ModeShapeExample.main(ModeShapeExample.java:77)


[1] https://github.com/cbeer/modeshape-examples/blob/clustering-tests/modeshape-clustering-example
[2] https://github.com/cbeer/modeshape-examples/blob/clustering-tests/modeshape-clustering-example/src/main/resources/my-repository-config.json
[3] https://github.com/cbeer/modeshape-examples/blob/clustering-tests/modeshape-clustering-example/src/main/resources/infinispan-configuration.xml

",,,
664,MODE-1834,"enter folder, run:

mvn install
mvn exec:java -Djava.net.preferIPv4Stack=true 
pres 'l' and enter

My program is trying to create new workspace, and then there's a execption like that:

java.lang.IllegalStateException: This is a tx cache!
	at org.infinispan.context.TransactionalInvocationContextContainer.createInvocationContext(TransactionalInvocationContextContainer.java:80)
	at org.infinispan.context.TransactionalInvocationContextContainer.createInvocationContext(TransactionalInvocationContextContainer.java:75)
	at org.infinispan.CacheImpl.getInvocationContextForWrite(CacheImpl.java:418)
	at org.infinispan.CacheImpl.lock(CacheImpl.java:502)
	at org.infinispan.DecoratedCache.lock(DecoratedCache.java:134)
	at org.infinispan.schematic.internal.SchematicEntryProxy.getDeltaValueForWrite(SchematicEntryProxy.java:173)
	at org.infinispan.schematic.internal.SchematicEntryProxy.editDocumentContent(SchematicEntryProxy.java:287)
	at org.modeshape.jcr.cache.RepositoryCache.refreshWorkspaces(RepositoryCache.java:408)
	at org.modeshape.jcr.cache.RepositoryCache.createWorkspace(RepositoryCache.java:707)
	at org.modeshape.jcr.JcrWorkspace.createWorkspace(JcrWorkspace.java:662)
	at org.modeshape.example.filesystem.ModeShapeExample.createWorkspaceIfNotExists(ModeShapeExample.java:129)
	at org.modeshape.example.filesystem.ModeShapeExample.main(ModeShapeExample.java:70)



and configuration is for sure good - Randall Hauch wrote it himself.
If you comment:

createWorkspaceIfNotExists(repository,""1142"");
session = repository.login(""1142"");

and put:

session = repository.login(""default"");


everything works great
",,,
686,MODE-1833,"This is due to the code explicitly checking for ""*"" and not accounting for the fact that the column name can be null (per the JCR spec).

Pull request forthcoming.",,,
691,MODE-1832,"While trying to use the new ModeShape CMIS gear, we found strange exceptions:

java.lang.StringIndexOutOfBoundsException: String index out of range: -1

See longer stack trace below. They appear to come from the following method:

    private String workspace(String repositoryId) {
        return repositoryId.indexOf("":"") > 0 ? null : repositoryId.substring(repositoryId.indexOf("":""), repositoryId.length());
    }

It appears that the test there is backwards. It should be a less-than and not a greater-than. The method above it (private String name(String repositoryId)) appears to suffer from the same bug.

--- login: FedoraRepository
java.lang.StringIndexOutOfBoundsException: String index out of range: -1
	at java.lang.String.substring(String.java:1904)
	at org.modeshape.cmis.JcrService.workspace(JcrService.java:378)
	at org.modeshape.cmis.JcrService.login(JcrService.java:360)
	at org.modeshape.cmis.JcrService.getRepositoryInfos(JcrService.java:103)
	at org.apache.chemistry.opencmis.server.support.CmisServiceWrapper.getRepositoryInfos(CmisServiceWrapper.java:488)
	at org.apache.chemistry.opencmis.server.impl.browser.RepositoryService.getRepositories(RepositoryService.java:65)
	at org.apache.chemistry.opencmis.server.impl.browser.CmisBrowserBindingServlet.dispatch(CmisBrowserBindingServlet.java:288)
	at org.apache.chemistry.opencmis.server.impl.browser.CmisBrowserBindingServlet.service(CmisBrowserBindingServlet.java:248)
...
",,,
696,MODE-1830,"When running in cluster mode, no matter what kind of storage is used (file system, infinispan), modeshape instance doesn't see changes made by other instances until it writes something to storage.

Steps to reproduce:


Download attachment from post:
https://community.jboss.org/message/798947#798947

run main from:
org.modeshape.example.filesystem.ModeShapeExample

with parameters:
-Djava.net.PrefferIPv4Stack=true -Dlog4j.configFile=log4j.properties

Start two instances, in separate console windows.

pres 'l' then enter in both consoles, you should see that there are only two inintial nodes.

add some nodes in  window 1, by pressing ie. 'x' then enter

switch to window 2, pres l then enter for listing, and you still see only 2 nodes.

press 'x' in window 2, and it suddenly sees changes from window 1 + new node, but window 1 doesn't see changes made in window 2.

 ",,,
702,MODE-1829,"I have two nodes with names name1 and name2. I execute full text search on them using JCR-SQL2.

When I look for text name1 or name2 works ok. 
When I look for {noformat}name*{noformat} it finds them both - ok. 
But for {noformat}*name*{noformat} it finds nothing.

If I name these nodes 1name and 2name. {noformat}*name{noformat} also finds nothing. 

Query string:
{noformat}
SELECT a.* FROM [my:type] AS a WHERE CONTAINS(a.*, '*name*')
{noformat}",,,
704,MODE-1828,"Updating a nodeType while a repository is active will not work unless the repository is shutdown and restarted again. I believe once the nodeTypeCache is populated, updates to the same type will *never* be seen.

Scenario:

{code}
session.workspace().getNodeTypeManager().registerNodeTypes(<initial cnd>, true);
{code}

with the CND being:
{code}
[test:nodeTypeA]
- fieldA (STRING)
{code}

and then subsequently updated with:

{code}
[test:nodeTypeA]
- fieldA (STRING)
- fieldB (STRING)
{code}

will cause a CVE when updating a node of type ""nodeTypeA"" in the same session. I believe I have found the culprit, pull request forthcoming.
",,,
708,MODE-1827,"When issuing Repository.login();

{code}
javax.jcr.RepositoryException: Error while starting 'test' repository: null
	at org.modeshape.jcr.JcrRepository.login(JcrRepository.java:613) [modeshape-jcr-3.1.2.Final.jar:3.1.2.Final]
	at org.modeshape.jcr.JcrRepository.login(JcrRepository.java:570) [modeshape-jcr-3.1.2.Final.jar:3.1.2.Final]
	at org.modeshape.jcr.JcrRepository.login(JcrRepository.java:149) [modeshape-jcr-3.1.2.Final.jar:3.1.2.Final]
	at com.sunnylabs.dshell.bootstrap.ApplicationInitializer.importData(ApplicationInitializer.java:93) [classes:]
	at sun.reflect.NativeMethodAccessorImpl.invoke0(Native Method) [rt.jar:1.6.0_24]
	at sun.reflect.NativeMethodAccessorImpl.invoke(NativeMethodAccessorImpl.java:57) [rt.jar:1.6.0_24]
	at sun.reflect.DelegatingMethodAccessorImpl.invoke(DelegatingMethodAccessorImpl.java:43) [rt.jar:1.6.0_24]
	at java.lang.reflect.Method.invoke(Method.java:616) [rt.jar:1.6.0_24]
	at org.jboss.weld.util.reflection.SecureReflections$13.work(SecureReflections.java:264) [weld-core-1.1.5.AS71.Final.jar:2012-02-10 15:31]
	at org.jboss.weld.util.reflection.SecureReflectionAccess.run(SecureReflectionAccess.java:52) [weld-core-1.1.5.AS71.Final.jar:2012-02-10 15:31]
	at org.jboss.weld.util.reflection.SecureReflectionAccess.runAsInvocation(SecureReflectionAccess.java:137) [weld-core-1.1.5.AS71.Final.jar:2012-02-10 15:31]
	at org.jboss.weld.util.reflection.SecureReflections.invoke(SecureReflections.java:260) [weld-core-1.1.5.AS71.Final.jar:2012-02-10 15:31]
	at org.jboss.weld.introspector.jlr.WeldMethodImpl.invokeOnInstance(WeldMethodImpl.java:170) [weld-core-1.1.5.AS71.Final.jar:2012-02-10 15:31]
	at org.jboss.weld.introspector.ForwardingWeldMethod.invokeOnInstance(ForwardingWeldMethod.java:51) [weld-core-1.1.5.AS71.Final.jar:2012-02-10 15:31]
	at org.jboss.weld.injection.MethodInjectionPoint.invokeOnInstanceWithSpecialValue(MethodInjectionPoint.java:154) [weld-core-1.1.5.AS71.Final.jar:2012-02-10 15:31]
	at org.jboss.weld.event.ObserverMethodImpl.sendEvent(ObserverMethodImpl.java:241) [weld-core-1.1.5.AS71.Final.jar:2012-02-10 15:31]
	at org.jboss.weld.event.ObserverMethodImpl.sendEvent(ObserverMethodImpl.java:229) [weld-core-1.1.5.AS71.Final.jar:2012-02-10 15:31]
	at org.jboss.weld.event.ObserverMethodImpl.notify(ObserverMethodImpl.java:207) [weld-core-1.1.5.AS71.Final.jar:2012-02-10 15:31]
	at org.jboss.weld.manager.BeanManagerImpl.notifyObservers(BeanManagerImpl.java:569) [weld-core-1.1.5.AS71.Final.jar:2012-02-10 15:31]
	at org.jboss.weld.manager.BeanManagerImpl.fireEvent(BeanManagerImpl.java:559) [weld-core-1.1.5.AS71.Final.jar:2012-02-10 15:31]
	at org.jboss.weld.manager.BeanManagerImpl.fireEvent(BeanManagerImpl.java:554) [weld-core-1.1.5.AS71.Final.jar:2012-02-10 15:31]
	at org.jboss.solder.servlet.event.AbstractServletEventBridge.fireEvent(AbstractServletEventBridge.java:45) [solder-impl-3.1.0.Final.jar:3.1.0.Final]
	at org.jboss.solder.servlet.event.ServletEventBridgeListener.contextInitialized(ServletEventBridgeListener.java:64) [solder-impl-3.1.0.Final.jar:3.1.0.Final]
	at org.apache.catalina.core.StandardContext.contextListenerStart(StandardContext.java:3392) [jbossweb-7.0.13.Final.jar:]
	at org.apache.catalina.core.StandardContext.start(StandardContext.java:3850) [jbossweb-7.0.13.Final.jar:]
	at org.jboss.as.web.deployment.WebDeploymentService.start(WebDeploymentService.java:90) [jboss-as-web-7.1.1.Final.jar:7.1.1.Final]
	at org.jboss.msc.service.ServiceControllerImpl$StartTask.startService(ServiceControllerImpl.java:1811)
	at org.jboss.msc.service.ServiceControllerImpl$StartTask.run(ServiceControllerImpl.java:1746)
	at java.util.concurrent.ThreadPoolExecutor.runWorker(ThreadPoolExecutor.java:1110) [rt.jar:1.6.0_24]
	at java.util.concurrent.ThreadPoolExecutor$Worker.run(ThreadPoolExecutor.java:603) [rt.jar:1.6.0_24]
	at java.lang.Thread.run(Thread.java:679) [rt.jar:1.6.0_24]
Caused by: java.lang.NullPointerException
	at org.modeshape.jcr.RepositoryQueryManager.reindexContent(RepositoryQueryManager.java:358) [modeshape-jcr-3.1.2.Final.jar:3.1.2.Final]
	at org.modeshape.jcr.RepositoryQueryManager.reindexContent(RepositoryQueryManager.java:236) [modeshape-jcr-3.1.2.Final.jar:3.1.2.Final]
	at org.modeshape.jcr.RepositoryQueryManager.reindexContent(RepositoryQueryManager.java:188) [modeshape-jcr-3.1.2.Final.jar:3.1.2.Final]
	at org.modeshape.jcr.JcrRepository$RunningState.postInitialize(JcrRepository.java:1291) [modeshape-jcr-3.1.2.Final.jar:3.1.2.Final]
	at org.modeshape.jcr.JcrRepository.doStart(JcrRepository.java:358) [modeshape-jcr-3.1.2.Final.jar:3.1.2.Final]
	at org.modeshape.jcr.JcrRepository.login(JcrRepository.java:611) [modeshape-jcr-3.1.2.Final.jar:3.1.2.Final]
	... 30 more
{code}",,,
709,MODE-1826,Trying to set up a JDBC cache-store in infinispan modules used by ModeShape creates some errors.,,,
711,MODE-1825,"Specifying all columns of a selector using the {{QueryObjectModelFactory}} such as {{factory.column(""car"", null, null)}} fails with a NullPointerException in CanonicalPlanner.

The fix seems to be check whether column name is actually given. Note that it is valid to have both columnName and propertyName to be null as per the JCR spec. In fact, if the property name (2nd parameter) is null, the alias (3rd parameter) must be null. (We should also be checking this in ModeShape's {{QueryObjectModelFactory}} class.)",,,
713,MODE-1824,"Queries requesting for 2 columns against two joined selectors using QueryObjectModelFactory will fail at QueryResultColumns.java line 254 with a stack trace similar to:

java.lang.AssertionError
	at org.modeshape.jcr.query.process.QueryResultColumns.<init>(QueryResultColumns.java:254)
	at org.modeshape.jcr.query.process.QueryResultColumns.subSelect(QueryResultColumns.java:317)
	at org.modeshape.jcr.query.process.ProjectComponent.<init>(ProjectComponent.java:38)
	at org.modeshape.jcr.query.process.QueryProcessor.createComponent(QueryProcessor.java:284)
	at org.modeshape.jcr.query.process.QueryProcessor.execute(QueryProcessor.java:88)
	at org.modeshape.jcr.query.process.QueryEngine.execute(QueryEngine.java:140)
	at org.modeshape.jcr.query.lucene.LuceneQueryEngine$1.getResults(LuceneQueryEngine.java:153)
	at org.modeshape.jcr.query.JcrQuery.execute(JcrQuery.java:119)

I have checked in a possible fix by attempting one more time looking up the property name instead of the column name.",,,
715,MODE-1823,"Hi,

 

I create a node that the name contains german character like ä or ü"", Nodes are successfully created but when I tray through webdav or rest to navigate to the node. I can't open it because these characters are coded in others characters:

for example using this link for rest : http://localhost:8080/modeshape-rest/orc/orc/items/patients/

I see lines like this:

 

 

""4_Claudia_BÃ¤cher_1988-12-30"": {
      ""self"": ""http://localhost:8080/modeshape-rest/orc/orc/items/patients/4_Claudia_BÃ¤cher_1988-12-30"",
      ""up"": ""http://localhost:8080/modeshape-rest/orc/orc/items/patients"",
      ""id"": ""3513269c-dc43-41f5-9792-44c7f2ed754b""
    }

As you see  instead of ""Claudia_Bächer"" I see something like ""Claudia_BÃ¤cher"" and cliking in the link of ""self"" I can't navigate there until I correct the link manually, then it works.

using webdav I see the node correctly with the name ""4_Claudia_Bächer_1988-12-30"" but cliking on it, I get the error ""Please check the spelling and try again.""


PS: My Browser works correctly with german characters.
 
Do you have an idea what wrong with the coding, I thought it's UTF-8 supported! ",,,
719,MODE-1822,"The following code will work with DummyTransacationManager but not real JTA transaction manager (Atomisk)
{code}
        @Transactional
        public void createNewNode(JCRSessionHolder sessionHolder) throws ItemExistsException, PathNotFoundException, NoSuchNodeTypeException, LockException, VersionException, ConstraintViolationException, RepositoryException {
            VersionManager vm = sessionHolder.getSession().getWorkspace().getVersionManager();

            Node node = sessionHolder.getSession().getRootNode().addNode(""Test3"", ""pd:product"");
            node.addMixin(""mix:versionable"");
            node.setProperty(""name"", ""lalalal"");
            node.setProperty(""code"", ""lalalal"");
            sessionHolder.getSession().save();
            vm.checkin(node.getPath());
        }
{code}

Exception in thread ""main"" javax.jcr.InvalidItemStateException: This operation cannot be performed when the session has pending changes
	at org.modeshape.jcr.JcrVersionManager.checkin(JcrVersionManager.java:321)
	at org.modeshape.jcr.JcrVersionManager.checkin(JcrVersionManager.java:304)
	at JTATest$JCRTest.createNewNode(JTATest.java:76)
	at JTATest.main(JTATest.java:56)

For VersionManager.checkout, if I call it in the beginning of the method and then make some change to the node, and save(), ModeShape will complain the node is not checkout.",,,
721,MODE-1821,"Refer to: https://community.jboss.org/thread/221483?tstart=0 for more background.

Essentially two threads trying to write to a node that doesn't allow SNS would succeed and SNS nodes would be created which results in a CVE when read (since it can't determine the proper type for the node anymore).

Test-case created in my github repository with the test showing the failure. It works properly when serialized but not so when running in parallel.

https://github.com/panghy/modeshape/commit/4d268ee8369a052fc329e72dc9c4ac33e258e211",,,
729,MODE-1819,"*_UPDATED: This is not restricted to EJB scenarios, and can be replicated in a JavaSE environment when using a real transaction manager and user transactions. The title and description were updated to reflect this._*

The following bit of code works when not using user transactions, but it fails when using a user transaction:

{code:java}
    public static void moveDocument(Session session, String nodeName)
                      throws Exception
    {
        Node section = session.getRootNode().addNode(nodeName, ""inf:section"");
        section.setProperty(""inf:name"", nodeName);

        section.addNode(""temppath"", ""inf:document"");
        session.save();

        String srcAbsPath  = ""/""+nodeName+""/temppath"";
        String destAbsPath = ""/""+nodeName+""/20130104"";

        session.move(srcAbsPath, destAbsPath);
        
        NodeIterator nitr = section.getNodes();

        System.err.println(""Child Nodes of ""+nodeName+"" are:"");
        while(nitr.hasNext())
        {
            Node n = nitr.nextNode();
            System.err.println(""  Node: "" + n.getName());
        }
        session.save();
    }
{code}

Output from the three cases is:

{code}
12:44:40,498 ERROR [stderr] (http--127.0.0.1-8080-2) Child Nodes of TestOutOfContainer are:
12:44:40,499 ERROR [stderr] (http--127.0.0.1-8080-2)   Node: 20130104
12:44:40,642 ERROR [stderr] (http--127.0.0.1-8080-2) Child Nodes of TestInEjbNoTx are:
12:44:40,643 ERROR [stderr] (http--127.0.0.1-8080-2)   Node: 20130104
12:44:40,717 ERROR [stderr] (http--127.0.0.1-8080-2) Child Nodes of TestInEjbWithTx are:
12:44:40,717 ERROR [stderr] (http--127.0.0.1-8080-2)   Node: temppath
{code}

which looks like the move has not occurred or is not visible within the current transaction when present. 

In the third case the session.save() call results in the following exception:

{code}
javax.jcr.InvalidItemStateException: This session tried to save changes to node with key 'Cannot locate child node: 81513257505d641ceb9861-4917-44b1-972f-c444331ee943 within parent: 81513257505d64/', but it was removed by another session.
	at org.modeshape.jcr.JcrSession.save(JcrSession.java:985)
	at au.com.infomedix.modeshapetest.AppTest.moveDocument(AppTest.java:158)
	at au.com.infomedix.modeshapetest.AppBean.testMethodWithTx(AppBean.java:45)
	at sun.reflect.NativeMethodAccessorImpl.invoke0(Native Method)
	at sun.reflect.NativeMethodAccessorImpl.invoke(NativeMethodAccessorImpl.java:39)
	at sun.reflect.DelegatingMethodAccessorImpl.invoke(DelegatingMethodAccessorImpl.java:25)
	at java.lang.reflect.Method.invoke(Method.java:597)
	at org.jboss.as.ee.component.ManagedReferenceMethodInterceptorFactory$ManagedReferenceMethodInterceptor.processInvocation(ManagedReferenceMethodInterceptorFactory.java:72)
	at org.jboss.invocation.InterceptorContext.proceed(InterceptorContext.java:288)
	at org.jboss.invocation.InterceptorContext$Invocation.proceed(InterceptorContext.java:374)
	at org.jboss.as.weld.ejb.Jsr299BindingsInterceptor.doMethodInterception(Jsr299BindingsInterceptor.java:127)
	at org.jboss.as.weld.ejb.Jsr299BindingsInterceptor.processInvocation(Jsr299BindingsInterceptor.java:135)
	at org.jboss.as.ee.component.interceptors.UserInterceptorFactory$1.processInvocation(UserInterceptorFactory.java:36)
	at org.jboss.invocation.InterceptorContext.proceed(InterceptorContext.java:288)
	at org.jboss.invocation.WeavedInterceptor.processInvocation(WeavedInterceptor.java:53)
	at org.jboss.as.ee.component.interceptors.UserInterceptorFactory$1.processInvocation(UserInterceptorFactory.java:36)
	at org.jboss.invocation.InterceptorContext.proceed(InterceptorContext.java:288)
	at org.jboss.as.jpa.interceptor.SBInvocationInterceptor.processInvocation(SBInvocationInterceptor.java:47)
	at org.jboss.invocation.InterceptorContext.proceed(InterceptorContext.java:288)
	at org.jboss.as.weld.ejb.EjbRequestScopeActivationInterceptor.processInvocation(EjbRequestScopeActivationInterceptor.java:82)
	at org.jboss.invocation.InterceptorContext.proceed(InterceptorContext.java:288)
	at org.jboss.invocation.InitialInterceptor.processInvocation(InitialInterceptor.java:21)
	at org.jboss.invocation.InterceptorContext.proceed(InterceptorContext.java:288)
	at org.jboss.invocation.ChainedInterceptor.processInvocation(ChainedInterceptor.java:61)
	at org.jboss.as.ee.component.interceptors.ComponentDispatcherInterceptor.processInvocation(ComponentDispatcherInterceptor.java:53)
	at org.jboss.invocation.InterceptorContext.proceed(InterceptorContext.java:288)
	at org.jboss.as.ejb3.component.pool.PooledInstanceInterceptor.processInvocation(PooledInstanceInterceptor.java:51)
	at org.jboss.invocation.InterceptorContext.proceed(InterceptorContext.java:288)
	at org.jboss.as.ejb3.tx.CMTTxInterceptor.invokeInOurTx(CMTTxInterceptor.java:228)
	at org.jboss.as.ejb3.tx.CMTTxInterceptor.required(CMTTxInterceptor.java:304)
	at org.jboss.as.ejb3.tx.CMTTxInterceptor.processInvocation(CMTTxInterceptor.java:190)
	at org.jboss.invocation.InterceptorContext.proceed(InterceptorContext.java:288)
	at org.jboss.as.ejb3.component.interceptors.CurrentInvocationContextInterceptor.processInvocation(CurrentInvocationContextInterceptor.java:41)
	at org.jboss.invocation.InterceptorContext.proceed(InterceptorContext.java:288)
	at org.jboss.as.ejb3.component.interceptors.LoggingInterceptor.processInvocation(LoggingInterceptor.java:59)
	at org.jboss.invocation.InterceptorContext.proceed(InterceptorContext.java:288)
	at org.jboss.as.ee.component.NamespaceContextInterceptor.processInvocation(NamespaceContextInterceptor.java:50)
	at org.jboss.invocation.InterceptorContext.proceed(InterceptorContext.java:288)
	at org.jboss.as.ejb3.component.interceptors.AdditionalSetupInterceptor.processInvocation(AdditionalSetupInterceptor.java:32)
	at org.jboss.invocation.InterceptorContext.proceed(InterceptorContext.java:288)
	at org.jboss.as.ee.component.TCCLInterceptor.processInvocation(TCCLInterceptor.java:45)
	at org.jboss.invocation.InterceptorContext.proceed(InterceptorContext.java:288)
	at org.jboss.invocation.ChainedInterceptor.processInvocation(ChainedInterceptor.java:61)
	at org.jboss.as.ee.component.ViewService$View.invoke(ViewService.java:165)
	at org.jboss.as.ee.component.ViewDescription$1.processInvocation(ViewDescription.java:173)
	at org.jboss.invocation.InterceptorContext.proceed(InterceptorContext.java:288)
	at org.jboss.invocation.ChainedInterceptor.processInvocation(ChainedInterceptor.java:61)
	at org.jboss.as.ee.component.ProxyInvocationHandler.invoke(ProxyInvocationHandler.java:72)
	at au.com.infomedix.modeshapetest.AppBean$$$view1.testMethodWithTx(Unknown Source)
	at au.com.infomedix.modeshapetest.AppTest.testSessionMoveDocumentInEJBWithTx(AppTest.java:131)
	at sun.reflect.NativeMethodAccessorImpl.invoke0(Native Method)
	at sun.reflect.NativeMethodAccessorImpl.invoke(NativeMethodAccessorImpl.java:39)
	at sun.reflect.DelegatingMethodAccessorImpl.invoke(DelegatingMethodAccessorImpl.java:25)
	at java.lang.reflect.Method.invoke(Method.java:597)
	at org.junit.runners.model.FrameworkMethod$1.runReflectiveCall(FrameworkMethod.java:45)
	at org.junit.internal.runners.model.ReflectiveCallable.run(ReflectiveCallable.java:15)
	at org.junit.runners.model.FrameworkMethod.invokeExplosively(FrameworkMethod.java:42)
	at org.jboss.arquillian.junit.Arquillian$6$1.invoke(Arquillian.java:270)
	at org.jboss.arquillian.container.test.impl.execution.LocalTestExecuter.execute(LocalTestExecuter.java:60)
	at sun.reflect.NativeMethodAccessorImpl.invoke0(Native Method)
	at sun.reflect.NativeMethodAccessorImpl.invoke(NativeMethodAccessorImpl.java:39)
	at sun.reflect.DelegatingMethodAccessorImpl.invoke(DelegatingMethodAccessorImpl.java:25)
	at java.lang.reflect.Method.invoke(Method.java:597)
	at org.jboss.arquillian.core.impl.ObserverImpl.invoke(ObserverImpl.java:94)
	at org.jboss.arquillian.core.impl.EventContextImpl.invokeObservers(EventContextImpl.java:99)
	at org.jboss.arquillian.core.impl.EventContextImpl.proceed(EventContextImpl.java:81)
	at org.jboss.arquillian.core.impl.ManagerImpl.fire(ManagerImpl.java:135)
	at org.jboss.arquillian.core.impl.ManagerImpl.fire(ManagerImpl.java:115)
	at org.jboss.arquillian.core.impl.EventImpl.fire(EventImpl.java:67)
	at org.jboss.arquillian.container.test.impl.execution.ContainerTestExecuter.execute(ContainerTestExecuter.java:38)
	at sun.reflect.NativeMethodAccessorImpl.invoke0(Native Method)
	at sun.reflect.NativeMethodAccessorImpl.invoke(NativeMethodAccessorImpl.java:39)
	at sun.reflect.DelegatingMethodAccessorImpl.invoke(DelegatingMethodAccessorImpl.java:25)
	at java.lang.reflect.Method.invoke(Method.java:597)
	at org.jboss.arquillian.core.impl.ObserverImpl.invoke(ObserverImpl.java:94)
	at org.jboss.arquillian.core.impl.EventContextImpl.invokeObservers(EventContextImpl.java:99)
	at org.jboss.arquillian.core.impl.EventContextImpl.proceed(EventContextImpl.java:81)
	at org.jboss.arquillian.test.impl.TestContextHandler.createTestContext(TestContextHandler.java:89)
	at sun.reflect.NativeMethodAccessorImpl.invoke0(Native Method)
	at sun.reflect.NativeMethodAccessorImpl.invoke(NativeMethodAccessorImpl.java:39)
	at sun.reflect.DelegatingMethodAccessorImpl.invoke(DelegatingMethodAccessorImpl.java:25)
	at java.lang.reflect.Method.invoke(Method.java:597)
	at org.jboss.arquillian.core.impl.ObserverImpl.invoke(ObserverImpl.java:94)
	at org.jboss.arquillian.core.impl.EventContextImpl.proceed(EventContextImpl.java:88)
	at org.jboss.arquillian.test.impl.TestContextHandler.createClassContext(TestContextHandler.java:75)
	at sun.reflect.NativeMethodAccessorImpl.invoke0(Native Method)
	at sun.reflect.NativeMethodAccessorImpl.invoke(NativeMethodAccessorImpl.java:39)
	at sun.reflect.DelegatingMethodAccessorImpl.invoke(DelegatingMethodAccessorImpl.java:25)
	at java.lang.reflect.Method.invoke(Method.java:597)
	at org.jboss.arquillian.core.impl.ObserverImpl.invoke(ObserverImpl.java:94)
	at org.jboss.arquillian.core.impl.EventContextImpl.proceed(EventContextImpl.java:88)
	at org.jboss.arquillian.test.impl.TestContextHandler.createSuiteContext(TestContextHandler.java:60)
	at sun.reflect.GeneratedMethodAccessor61.invoke(Unknown Source)
	at sun.reflect.DelegatingMethodAccessorImpl.invoke(DelegatingMethodAccessorImpl.java:25)
	at java.lang.reflect.Method.invoke(Method.java:597)
	at org.jboss.arquillian.core.impl.ObserverImpl.invoke(ObserverImpl.java:94)
	at org.jboss.arquillian.core.impl.EventContextImpl.proceed(EventContextImpl.java:88)
	at org.jboss.arquillian.core.impl.ManagerImpl.fire(ManagerImpl.java:135)
	at org.jboss.arquillian.test.impl.EventTestRunnerAdaptor.test(EventTestRunnerAdaptor.java:111)
	at org.jboss.arquillian.junit.Arquillian$6.evaluate(Arquillian.java:263)
	at org.jboss.arquillian.junit.Arquillian$4.evaluate(Arquillian.java:226)
	at org.jboss.arquillian.junit.Arquillian.multiExecute(Arquillian.java:314)
	at org.jboss.arquillian.junit.Arquillian.access$100(Arquillian.java:46)
	at org.jboss.arquillian.junit.Arquillian$5.evaluate(Arquillian.java:240)
	at org.junit.runners.ParentRunner.runLeaf(ParentRunner.java:263)
	at org.junit.runners.BlockJUnit4ClassRunner.runChild(BlockJUnit4ClassRunner.java:68)
	at org.junit.runners.BlockJUnit4ClassRunner.runChild(BlockJUnit4ClassRunner.java:47)
	at org.junit.runners.ParentRunner$3.run(ParentRunner.java:231)
	at org.junit.runners.ParentRunner$1.schedule(ParentRunner.java:60)
	at org.junit.runners.ParentRunner.runChildren(ParentRunner.java:229)
	at org.junit.runners.ParentRunner.access$000(ParentRunner.java:50)
	at org.junit.runners.ParentRunner$2.evaluate(ParentRunner.java:222)
	at org.jboss.arquillian.junit.Arquillian$2.evaluate(Arquillian.java:185)
	at org.jboss.arquillian.junit.Arquillian.multiExecute(Arquillian.java:314)
	at org.jboss.arquillian.junit.Arquillian.access$100(Arquillian.java:46)
	at org.jboss.arquillian.junit.Arquillian$3.evaluate(Arquillian.java:199)
	at org.junit.runners.ParentRunner.run(ParentRunner.java:300)
	at org.jboss.arquillian.junit.Arquillian.run(Arquillian.java:147)
	at org.junit.runner.JUnitCore.run(JUnitCore.java:157)
	at org.junit.runner.JUnitCore.run(JUnitCore.java:136)
	at org.jboss.arquillian.junit.container.JUnitTestRunner.execute(JUnitTestRunner.java:65)
	at org.jboss.arquillian.protocol.servlet.runner.ServletTestRunner.executeTest(ServletTestRunner.java:160)
	at org.jboss.arquillian.protocol.servlet.runner.ServletTestRunner.execute(ServletTestRunner.java:126)
	at org.jboss.arquillian.protocol.servlet.runner.ServletTestRunner.doGet(ServletTestRunner.java:90)
	at javax.servlet.http.HttpServlet.service(HttpServlet.java:734)
	at javax.servlet.http.HttpServlet.service(HttpServlet.java:847)
	at org.apache.catalina.core.ApplicationFilterChain.internalDoFilter(ApplicationFilterChain.java:329)
	at org.apache.catalina.core.ApplicationFilterChain.doFilter(ApplicationFilterChain.java:248)
	at org.jboss.weld.servlet.ConversationPropagationFilter.doFilter(ConversationPropagationFilter.java:62)
	at org.apache.catalina.core.ApplicationFilterChain.internalDoFilter(ApplicationFilterChain.java:280)
	at org.apache.catalina.core.ApplicationFilterChain.doFilter(ApplicationFilterChain.java:248)
	at org.apache.catalina.core.StandardWrapperValve.invoke(StandardWrapperValve.java:275)
	at org.apache.catalina.core.StandardContextValve.invoke(StandardContextValve.java:161)
	at org.jboss.as.web.security.SecurityContextAssociationValve.invoke(SecurityContextAssociationValve.java:153)
	at org.apache.catalina.core.StandardHostValve.invoke(StandardHostValve.java:155)
	at org.apache.catalina.valves.ErrorReportValve.invoke(ErrorReportValve.java:102)
	at org.apache.catalina.core.StandardEngineValve.invoke(StandardEngineValve.java:109)
	at org.apache.catalina.connector.CoyoteAdapter.service(CoyoteAdapter.java:368)
	at org.apache.coyote.http11.Http11Processor.process(Http11Processor.java:877)
	at org.apache.coyote.http11.Http11Protocol$Http11ConnectionHandler.process(Http11Protocol.java:671)
	at org.apache.tomcat.util.net.JIoEndpoint$Worker.run(JIoEndpoint.java:930)
	at java.lang.Thread.run(Thread.java:680)
Caused by: org.modeshape.jcr.cache.NodeNotFoundInParentException: Cannot locate child node: 81513257505d641ceb9861-4917-44b1-972f-c444331ee943 within parent: 81513257505d64/
	at org.modeshape.jcr.cache.document.LazyCachedNode.parentReferenceToSelf(LazyCachedNode.java:214)
	at org.modeshape.jcr.cache.document.LazyCachedNode.getSegment(LazyCachedNode.java:252)
	at org.modeshape.jcr.cache.document.LazyCachedNode.getPath(LazyCachedNode.java:278)
	at org.modeshape.jcr.cache.PathCache.getPath(PathCache.java:49)
	at org.modeshape.jcr.cache.document.LazyCachedNode.getPath(LazyCachedNode.java:277)
	at org.modeshape.jcr.cache.PathCache.getPath(PathCache.java:49)
	at org.modeshape.jcr.cache.document.WritableSessionCache.persistChanges(WritableSessionCache.java:974)
	at org.modeshape.jcr.cache.document.WritableSessionCache.save(WritableSessionCache.java:517)
	at org.modeshape.jcr.JcrSession.save(JcrSession.java:978)
	... 141 more
{code}

I'll attach an arquillian test case that shows the problem.
",,,
740,MODE-1817,"When executing session.save(), an NPE results:

Caused by: javax.jcr.RepositoryException: java.lang.NullPointerException
	at org.modeshape.jcr.JcrSession.save(JcrSession.java:995) [modeshape-jcr-3.1.1.Final.jar:3.1.1.Final]
	... 121 more
Caused by: java.lang.NullPointerException
	at org.modeshape.jcr.cache.document.WritableSessionCache.persistChanges(WritableSessionCache.java:1118) [modeshape-jcr-3.1.1.Final.jar:3.1.1.Final]
	at org.modeshape.jcr.cache.document.WritableSessionCache.save(WritableSessionCache.java:517) [modeshape-jcr-3.1.1.Final.jar:3.1.1.Final]
	at org.modeshape.jcr.JcrSession.save(JcrSession.java:978) [modeshape-jcr-3.1.1.Final.jar:3.1.1.Final]
	... 122 more
",,,
743,MODE-1816,"Create node using POST method fails when request data contains jcr:mixinTypes=""..."" after attributes it declares. Below is sample curl which fails, quark:contact doesn't allow to insert any attributes, so quarkmix:contactPostalAddress must be mixed to store street name:

{noformat}
curl -XPOST -HContent-type:application/json --data ""{\""quark:type\"":\""POSTAL_ADDRESS\"",\""jcr:title\"":\""Address\"",\""quark:street\"":\""The Street\"",\""jcr:mixinTypes\"":[\""quarkmix:contactPostalAddress\""],\""jcr:primaryType\"":\""quark:contact\""}"" http://localhost:8080/modeshape-rest/myrepo/default/items/foo
{noformat}

And valid one - same except jcr:mixinTypes has been moved before mentioned attributes it declares - creates node without any problem:

{noformat}
curl -XPOST -HContent-type:application/json --data ""{\""quark:type\"":\""POSTAL_ADDRESS\"",\""jcr:title\"":\""Address\"",\""jcr:mixinTypes\"":[\""quarkmix:contactPostalAddress\""],\""quark:street\"":\""The Street\"",\""jcr:primaryType\"":\""quark:contact\""}"" http://localhost:8080/modeshape-rest/myrepo/default/items/foo
{noformat}

Mixin is defined as:

{noformat}
[quarkmix:contactPostalAddress] mixin
	- quark:street (STRING) COPY
	- quark:streetNumber (STRING) COPY
	- quark:apartment (STRING) COPY
	- quark:zipCode (STRING) COPY
	- quark:city (STRING) COPY
	- quark:province (STRING) COPY
	- quark:country (STRING) COPY
{noformat}

Best regards.",,,
748,MODE-1813,"Using the following code to produce JCR Repository and Session instances causes Weld to throw NoClassDefFoundError when my web application is loaded by JBoss AS.

Stacktrace:

{code}
Caused by: java.lang.ClassNotFoundException: org.xml.sax.ContentHandler from [Module ""javax.jcr:main"" from local module
{code}

CDI Producer Code:

{code}
    @Resource(mappedName=""java:/jcr/myrepo"")
    @Produces
    private Repository repository;

    @RequestScoped
    @Produces
    public Session getCurrentSession(final Repository repository) throws RepositoryException {
        return repository.login();
    }

    public void logoutSession(@Disposes final Session session) {
        session.logout();
    }
{code}

CDI Consumer Code:

{code}
@Inject
private Session session; // ClassNotFoundException occurs when this class is loaded
{code}

On brief inspection, it seems that the JCR Session object has a method that depends on ContentHandler, and thus when Weld tries to access that method by reflection, it was unable to find ContentHandler. (Probably due to the classloader not having loaded the javax.xml dependencies yet)

It seems that the JBoss AS 7 kit is missing the following in jboss/modules/javax/jcr/main/module.xml:

{code}
<dependencies>
  <module name=""javax.api""/>
</dependencies>
{code}

I believe that GTNPORTAL-2593 had the same issue.",,,
752,MODE-1811,"When configuring a ModeShape repository inside AS 7.1 using an Infinispan Binary Store, binary values are stored correctly upon creation.

However, when attempting to retrieve an already persisted binary value from the store, the following exception is raised:

{code}
rg.infinispan.CacheException: org.infinispan.loaders.CacheLoaderException: Error while reading from file
	at org.infinispan.interceptors.InterceptorChain.invoke(InterceptorChain.java:353)
	at org.infinispan.CacheImpl.get(CacheImpl.java:272)
	at org.infinispan.CacheImpl.get(CacheImpl.java:264)
	at org.infinispan.AbstractDelegatingCache.get(AbstractDelegatingCache.java:255)
	at org.modeshape.jcr.value.binary.infinispan.InfinispanBinaryStore.storeValue(InfinispanBinaryStore.java:203)
	at org.modeshape.jcr.value.binary.BinaryStoreValueFactory.create(BinaryStoreValueFactory.java:252)
	at org.modeshape.jcr.value.binary.BinaryStoreValueFactory.create(BinaryStoreValueFactory.java:57)
	at org.modeshape.jcr.JcrValueFactory.createBinary(JcrValueFactory.java:142)
	at org.modeshape.jcr.JcrValueFactory.createBinary(JcrValueFactory.java:47)
	at org.modeshape.jcr.api.JcrTools.uploadFile(JcrTools.java:182)
	at org.modeshape.test.integration.TikaTextExtractorIntegrationTest.uploadFileAndCheckExtraction(TikaTextExtractorIntegrationTest.java:103)
	at org.modeshape.test.integration.TikaTextExtractorIntegrationTest.shouldExtractAndIndexContentFromXlsxFile(TikaTextExtractorIntegrationTest.java:97)
	at sun.reflect.NativeMethodAccessorImpl.invoke0(Native Method)
	at sun.reflect.NativeMethodAccessorImpl.invoke(NativeMethodAccessorImpl.java:39)
	at sun.reflect.DelegatingMethodAccessorImpl.invoke(DelegatingMethodAccessorImpl.java:25)
	at org.junit.runners.model.FrameworkMethod$1.runReflectiveCall(FrameworkMethod.java:45)
	at org.junit.internal.runners.model.ReflectiveCallable.run(ReflectiveCallable.java:15)
	at org.junit.runners.model.FrameworkMethod.invokeExplosively(FrameworkMethod.java:42)
	at org.jboss.arquillian.junit.Arquillian$6$1.invoke(Arquillian.java:270)
	at org.jboss.arquillian.container.test.impl.execution.LocalTestExecuter.execute(LocalTestExecuter.java:60)
	at sun.reflect.NativeMethodAccessorImpl.invoke0(Native Method)
	at sun.reflect.NativeMethodAccessorImpl.invoke(NativeMethodAccessorImpl.java:39)
	at sun.reflect.DelegatingMethodAccessorImpl.invoke(DelegatingMethodAccessorImpl.java:25)
	at org.jboss.arquillian.core.impl.ObserverImpl.invoke(ObserverImpl.java:90)
	at org.jboss.arquillian.core.impl.EventContextImpl.invokeObservers(EventContextImpl.java:99)
	at org.jboss.arquillian.core.impl.EventContextImpl.proceed(EventContextImpl.java:81)
	at org.jboss.arquillian.core.impl.ManagerImpl.fire(ManagerImpl.java:135)
	at org.jboss.arquillian.core.impl.ManagerImpl.fire(ManagerImpl.java:115)
	at org.jboss.arquillian.core.impl.EventImpl.fire(EventImpl.java:67)
	at org.jboss.arquillian.container.test.impl.execution.ContainerTestExecuter.execute(ContainerTestExecuter.java:38)
	at sun.reflect.NativeMethodAccessorImpl.invoke0(Native Method)
	at sun.reflect.NativeMethodAccessorImpl.invoke(NativeMethodAccessorImpl.java:39)
	at sun.reflect.DelegatingMethodAccessorImpl.invoke(DelegatingMethodAccessorImpl.java:25)
	at org.jboss.arquillian.core.impl.ObserverImpl.invoke(ObserverImpl.java:90)
	at org.jboss.arquillian.core.impl.EventContextImpl.invokeObservers(EventContextImpl.java:99)
	at org.jboss.arquillian.core.impl.EventContextImpl.proceed(EventContextImpl.java:81)
	at org.jboss.arquillian.test.impl.TestContextHandler.createTestContext(TestContextHandler.java:89)
	at sun.reflect.NativeMethodAccessorImpl.invoke0(Native Method)
	at sun.reflect.NativeMethodAccessorImpl.invoke(NativeMethodAccessorImpl.java:39)
	at sun.reflect.DelegatingMethodAccessorImpl.invoke(DelegatingMethodAccessorImpl.java:25)
	at org.jboss.arquillian.core.impl.ObserverImpl.invoke(ObserverImpl.java:90)
	at org.jboss.arquillian.core.impl.EventContextImpl.proceed(EventContextImpl.java:88)
	at org.jboss.arquillian.test.impl.TestContextHandler.createClassContext(TestContextHandler.java:75)
	at sun.reflect.NativeMethodAccessorImpl.invoke0(Native Method)
	at sun.reflect.NativeMethodAccessorImpl.invoke(NativeMethodAccessorImpl.java:39)
	at sun.reflect.DelegatingMethodAccessorImpl.invoke(DelegatingMethodAccessorImpl.java:25)
	at org.jboss.arquillian.core.impl.ObserverImpl.invoke(ObserverImpl.java:90)
	at org.jboss.arquillian.core.impl.EventContextImpl.proceed(EventContextImpl.java:88)
	at org.jboss.arquillian.test.impl.TestContextHandler.createSuiteContext(TestContextHandler.java:60)
	at sun.reflect.NativeMethodAccessorImpl.invoke0(Native Method)
	at sun.reflect.NativeMethodAccessorImpl.invoke(NativeMethodAccessorImpl.java:39)
	at sun.reflect.DelegatingMethodAccessorImpl.invoke(DelegatingMethodAccessorImpl.java:25)
	at org.jboss.arquillian.core.impl.ObserverImpl.invoke(ObserverImpl.java:90)
	at org.jboss.arquillian.core.impl.EventContextImpl.proceed(EventContextImpl.java:88)
	at org.jboss.arquillian.core.impl.ManagerImpl.fire(ManagerImpl.java:135)
	at org.jboss.arquillian.test.impl.EventTestRunnerAdaptor.test(EventTestRunnerAdaptor.java:111)
	at org.jboss.arquillian.junit.Arquillian$6.evaluate(Arquillian.java:263)
	at org.jboss.arquillian.junit.Arquillian$4.evaluate(Arquillian.java:226)
	at org.jboss.arquillian.junit.Arquillian.multiExecute(Arquillian.java:314)
	at org.jboss.arquillian.junit.Arquillian.access$100(Arquillian.java:46)
	at org.jboss.arquillian.junit.Arquillian$5.evaluate(Arquillian.java:240)
	at org.junit.runners.ParentRunner.runLeaf(ParentRunner.java:263)
	at org.junit.runners.BlockJUnit4ClassRunner.runChild(BlockJUnit4ClassRunner.java:68)
	at org.junit.runners.BlockJUnit4ClassRunner.runChild(BlockJUnit4ClassRunner.java:47)
	at org.junit.runners.ParentRunner$3.run(ParentRunner.java:231)
	at org.junit.runners.ParentRunner$1.schedule(ParentRunner.java:60)
	at org.junit.runners.ParentRunner.runChildren(ParentRunner.java:229)
	at org.junit.runners.ParentRunner.access$000(ParentRunner.java:50)
	at org.junit.runners.ParentRunner$2.evaluate(ParentRunner.java:222)
	at org.jboss.arquillian.junit.Arquillian$2.evaluate(Arquillian.java:185)
	at org.jboss.arquillian.junit.Arquillian.multiExecute(Arquillian.java:314)
	at org.jboss.arquillian.junit.Arquillian.access$100(Arquillian.java:46)
	at org.jboss.arquillian.junit.Arquillian$3.evaluate(Arquillian.java:199)
	at org.junit.runners.ParentRunner.run(ParentRunner.java:300)
	at org.jboss.arquillian.junit.Arquillian.run(Arquillian.java:147)
	at org.junit.runner.JUnitCore.run(JUnitCore.java:157)
	at org.junit.runner.JUnitCore.run(JUnitCore.java:136)
	at org.jboss.arquillian.junit.container.JUnitTestRunner.execute(JUnitTestRunner.java:65)
	at org.jboss.arquillian.protocol.servlet.runner.ServletTestRunner.executeTest(ServletTestRunner.java:160)
	at org.jboss.arquillian.protocol.servlet.runner.ServletTestRunner.execute(ServletTestRunner.java:126)
	at org.jboss.arquillian.protocol.servlet.runner.ServletTestRunner.doGet(ServletTestRunner.java:90)
	at javax.servlet.http.HttpServlet.service(HttpServlet.java:734)
	at javax.servlet.http.HttpServlet.service(HttpServlet.java:847)
	at org.apache.catalina.core.ApplicationFilterChain.internalDoFilter(ApplicationFilterChain.java:329)
	at org.apache.catalina.core.ApplicationFilterChain.doFilter(ApplicationFilterChain.java:248)
	at org.jboss.weld.servlet.ConversationPropagationFilter.doFilter(ConversationPropagationFilter.java:62)
	at org.apache.catalina.core.ApplicationFilterChain.internalDoFilter(ApplicationFilterChain.java:280)
	at org.apache.catalina.core.ApplicationFilterChain.doFilter(ApplicationFilterChain.java:248)
	at org.apache.catalina.core.StandardWrapperValve.invoke(StandardWrapperValve.java:275)
	at org.apache.catalina.core.StandardContextValve.invoke(StandardContextValve.java:161)
	at org.jboss.as.web.security.SecurityContextAssociationValve.invoke(SecurityContextAssociationValve.java:153)
	at org.apache.catalina.core.StandardHostValve.invoke(StandardHostValve.java:155)
	at org.apache.catalina.valves.ErrorReportValve.invoke(ErrorReportValve.java:102)
	at org.apache.catalina.core.StandardEngineValve.invoke(StandardEngineValve.java:109)
	at org.apache.catalina.connector.CoyoteAdapter.service(CoyoteAdapter.java:368)
	at org.apache.coyote.http11.Http11Processor.process(Http11Processor.java:877)
	at org.apache.coyote.http11.Http11Protocol$Http11ConnectionHandler.process(Http11Protocol.java:671)
	at org.apache.tomcat.util.net.JIoEndpoint$Worker.run(JIoEndpoint.java:930)
	at java.lang.Thread.run(Thread.java:662)
Caused by: org.infinispan.loaders.CacheLoaderException: Error while reading from file
	at org.infinispan.loaders.file.FileCacheStore.loadBucket(FileCacheStore.java:317)
	at org.infinispan.loaders.file.FileCacheStore.loadBucket(FileCacheStore.java:286)
	at org.infinispan.loaders.bucket.BucketBasedCacheStore.loadLockSafe(BucketBasedCacheStore.java:60)
	at org.infinispan.loaders.bucket.BucketBasedCacheStore.loadLockSafe(BucketBasedCacheStore.java:49)
	at org.infinispan.loaders.LockSupportCacheStore.load(LockSupportCacheStore.java:128)
	at org.infinispan.interceptors.CacheLoaderInterceptor.loadIfNeeded(CacheLoaderInterceptor.java:147)
	at org.infinispan.interceptors.CacheLoaderInterceptor.loadIfNeededAndUpdateStats(CacheLoaderInterceptor.java:207)
	at org.infinispan.interceptors.CacheLoaderInterceptor.visitGetKeyValueCommand(CacheLoaderInterceptor.java:97)
	at org.infinispan.commands.read.GetKeyValueCommand.acceptVisitor(GetKeyValueCommand.java:60)
	at org.infinispan.interceptors.base.CommandInterceptor.invokeNextInterceptor(CommandInterceptor.java:116)
	at org.infinispan.interceptors.EntryWrappingInterceptor.visitGetKeyValueCommand(EntryWrappingInterceptor.java:100)
	at org.infinispan.commands.read.GetKeyValueCommand.acceptVisitor(GetKeyValueCommand.java:60)
	at org.infinispan.interceptors.base.CommandInterceptor.invokeNextInterceptor(CommandInterceptor.java:116)
	at org.infinispan.interceptors.base.CommandInterceptor.handleDefault(CommandInterceptor.java:130)
	at org.infinispan.commands.AbstractVisitor.visitGetKeyValueCommand(AbstractVisitor.java:95)
	at org.infinispan.interceptors.locking.AbstractTxLockingInterceptor.visitGetKeyValueCommand(AbstractTxLockingInterceptor.java:93)
	at org.infinispan.commands.read.GetKeyValueCommand.acceptVisitor(GetKeyValueCommand.java:60)
	at org.infinispan.interceptors.base.CommandInterceptor.invokeNextInterceptor(CommandInterceptor.java:116)
	at org.infinispan.interceptors.base.CommandInterceptor.handleDefault(CommandInterceptor.java:130)
	at org.infinispan.commands.AbstractVisitor.visitGetKeyValueCommand(AbstractVisitor.java:95)
	at org.infinispan.commands.read.GetKeyValueCommand.acceptVisitor(GetKeyValueCommand.java:60)
	at org.infinispan.interceptors.base.CommandInterceptor.invokeNextInterceptor(CommandInterceptor.java:116)
	at org.infinispan.interceptors.TxInterceptor.enlistReadAndInvokeNext(TxInterceptor.java:189)
	at org.infinispan.interceptors.TxInterceptor.visitGetKeyValueCommand(TxInterceptor.java:184)
	at org.infinispan.commands.read.GetKeyValueCommand.acceptVisitor(GetKeyValueCommand.java:60)
	at org.infinispan.interceptors.base.CommandInterceptor.invokeNextInterceptor(CommandInterceptor.java:116)
	at org.infinispan.interceptors.CacheMgmtInterceptor.visitGetKeyValueCommand(CacheMgmtInterceptor.java:93)
	at org.infinispan.commands.read.GetKeyValueCommand.acceptVisitor(GetKeyValueCommand.java:60)
	at org.infinispan.interceptors.base.CommandInterceptor.invokeNextInterceptor(CommandInterceptor.java:116)
	at org.infinispan.interceptors.InvocationContextInterceptor.handleAll(InvocationContextInterceptor.java:130)
	at org.infinispan.interceptors.InvocationContextInterceptor.handleDefault(InvocationContextInterceptor.java:89)
	at org.infinispan.commands.AbstractVisitor.visitGetKeyValueCommand(AbstractVisitor.java:95)
	at org.infinispan.commands.read.GetKeyValueCommand.acceptVisitor(GetKeyValueCommand.java:60)
	at org.infinispan.interceptors.InterceptorChain.invoke(InterceptorChain.java:345)
	... 104 more
Caused by: java.lang.ClassNotFoundException: org.modeshape.jcr.value.binary.infinispan.Metadata from [Module ""org.jboss.as.clustering.infinispan:main"" from local module loader @74f30494 (roots: D:\Work\hchiorean.modeshape\integration\modeshape-jbossas-integration-tests\target\jboss-as-7.1.1.Final\modules)]
	at org.jboss.modules.ModuleClassLoader.findClass(ModuleClassLoader.java:190)
	at org.jboss.modules.ConcurrentClassLoader.performLoadClassUnchecked(ConcurrentClassLoader.java:468)
	at org.jboss.modules.ConcurrentClassLoader.performLoadClassChecked(ConcurrentClassLoader.java:456)
	at org.jboss.modules.ConcurrentClassLoader.performLoadClassChecked(ConcurrentClassLoader.java:423)
	at org.jboss.modules.ConcurrentClassLoader.performLoadClass(ConcurrentClassLoader.java:398)
	at org.jboss.modules.ConcurrentClassLoader.loadClass(ConcurrentClassLoader.java:120)
	at java.lang.Class.forName0(Native Method)
	at java.lang.Class.forName(Class.java:247)
	at org.jboss.marshalling.AbstractClassResolver.loadClass(AbstractClassResolver.java:135)
	at org.jboss.marshalling.AbstractClassResolver.resolveClass(AbstractClassResolver.java:116)
	at org.jboss.marshalling.river.RiverUnmarshaller.doReadClassDescriptor(RiverUnmarshaller.java:934)
	at org.jboss.marshalling.river.RiverUnmarshaller.doReadNewObject(RiverUnmarshaller.java:1204)
	at org.jboss.marshalling.river.RiverUnmarshaller.doReadObject(RiverUnmarshaller.java:272)
	at org.jboss.marshalling.river.RiverUnmarshaller.doReadObject(RiverUnmarshaller.java:209)
	at org.jboss.marshalling.AbstractObjectInput.readObject(AbstractObjectInput.java:37)
	at org.infinispan.container.entries.ImmortalCacheEntry$Externalizer.readObject(ImmortalCacheEntry.java:158)
	at org.infinispan.container.entries.ImmortalCacheEntry$Externalizer.readObject(ImmortalCacheEntry.java:148)
	at org.infinispan.marshall.jboss.ExternalizerTable$ExternalizerAdapter.readObject(ExternalizerTable.java:401)
	at org.infinispan.marshall.jboss.ExternalizerTable.readObject(ExternalizerTable.java:290)
	at org.jboss.marshalling.river.RiverUnmarshaller.doReadObject(RiverUnmarshaller.java:351)
	at org.jboss.marshalling.river.RiverUnmarshaller.doReadObject(RiverUnmarshaller.java:209)
	at org.jboss.marshalling.AbstractObjectInput.readObject(AbstractObjectInput.java:37)
	at org.infinispan.loaders.bucket.Bucket$Externalizer.readObject(Bucket.java:157)
	at org.infinispan.loaders.bucket.Bucket$Externalizer.readObject(Bucket.java:139)
	at org.infinispan.marshall.jboss.ExternalizerTable$ExternalizerAdapter.readObject(ExternalizerTable.java:401)
	at org.infinispan.marshall.jboss.ExternalizerTable.readObject(ExternalizerTable.java:290)
	at org.jboss.marshalling.river.RiverUnmarshaller.doReadObject(RiverUnmarshaller.java:351)
	at org.jboss.marshalling.river.RiverUnmarshaller.doReadObject(RiverUnmarshaller.java:209)
	at org.jboss.marshalling.AbstractObjectInput.readObject(AbstractObjectInput.java:37)
	at org.infinispan.marshall.jboss.AbstractJBossMarshaller.objectFromObjectStream(AbstractJBossMarshaller.java:148)
	at org.infinispan.marshall.VersionAwareMarshaller.objectFromObjectStream(VersionAwareMarshaller.java:185)
	at org.infinispan.marshall.AbstractDelegatingMarshaller.objectFromObjectStream(AbstractDelegatingMarshaller.java:59)
	at org.infinispan.loaders.file.FileCacheStore.objectFromInputStreamInReentrantMode(FileCacheStore.java:439)
	at org.infinispan.loaders.file.FileCacheStore.loadBucket(FileCacheStore.java:312)
	... 137 more
{code}

Which reads: the {{org.jboss.as.clustering.infinispan:main}} module cannot load the {{org.modeshape.jcr.value.binary.infinispan.Metadata}} class file.",,,
754,MODE-1809,"Is possible to do a query with JOIN and UNION ? Don't know if is the desired behavior but execution of query:

SELECT a.* FROM [my:node] AS b JOIN [my:node] as a ON b.[ref1] = a.[jcr:uuid] UNION SELECT a.* FROM [my:node] AS b JOIN [my:node] as a ON b.[ref2] = a.[jcr:uuid]

Result:

java.lang.ClassCastException: [Ljava.lang.Object; cannot be cast to org.modeshape.jcr.query.QueryResults$Location
	at org.modeshape.jcr.query.process.ProcessingComponent$20.compare(ProcessingComponent.java:515)
	at org.modeshape.jcr.query.process.ProcessingComponent$20.compare(ProcessingComponent.java:511)
	at java.util.Arrays.mergeSort(Arrays.java:1270)
	at java.util.Arrays.mergeSort(Arrays.java:1281)
	at java.util.Arrays.sort(Arrays.java:1210)
	at java.util.Collections.sort(Collections.java:157)
	at org.modeshape.jcr.query.process.SortLocationsComponent.execute(SortLocationsComponent.java:52)
	at org.modeshape.jcr.query.process.UnionComponent.execute(UnionComponent.java:48)
	at org.modeshape.jcr.query.process.QueryProcessor.execute(QueryProcessor.java:96)
	at org.modeshape.jcr.query.process.QueryEngine.execute(QueryEngine.java:140)
	at org.modeshape.jcr.query.lucene.LuceneQueryEngine$1.getResults(LuceneQueryEngine.java:151)
	at org.modeshape.jcr.query.JcrQuery.execute(JcrQuery.java:119)


(At the specified index position in the tuple there is a collection of uuid strings.)",,,
757,MODE-1807,"When attempting to register the attached CND file, the following exception is raised:

{code}

java.lang.NullPointerException
	at org.modeshape.jcr.RepositoryNodeTypeManager$NodeTypes.validate(RepositoryNodeTypeManager.java:2524)
	at org.modeshape.jcr.RepositoryNodeTypeManager$NodeTypes.validate(RepositoryNodeTypeManager.java:2420)
	at org.modeshape.jcr.RepositoryNodeTypeManager.registerNodeTypes(RepositoryNodeTypeManager.java:500)
	at org.modeshape.jcr.JcrNodeTypeManager.registerNodeTypes(JcrNodeTypeManager.java:519)
	at org.modeshape.jcr.JcrNodeTypeManager.registerNodeTypes(JcrNodeTypeManager.java:898)
	at org.modeshape.jcr.JcrRepositoryTest.shouldRegisterCustomCNDFile(JcrRepositoryTest.java:824)
{code}",,,
764,MODE-1806,"When creating external projections (either via initial configuration or via the {{FederationManager}}), these are stored in an in-memory map inside the {{Connectors}} class. These mappings are then persisted in the repository (in the /jcr:system) only when the repository shuts down. 

On the other hand, federated segments are created and stored on the federated nodes immediately after the {{createProjection}} call.  

This means that for a repository that has not been ""orderly shutdown"", the following corruption happens:
* there are federated nodes (internal nodes) in the repository which have federated segments in their document structure
* there aren't any projections stored in the system area

The above 2 together with the fix for MODE-1798 means that when a repository restarts, an exception will be thrown.

We should fix both those problems:
* projections should be stored in the system area immediately after the {{createProjection}} call
* when attempting to create a preconfigured projection, if there is an internal or federated node at that path, only a warning should be logged.

",,,
768,MODE-1805,"It does not appear that queries/indexing can be disabled in the AS7 kit. The JSON Schema allows this via the ""query/enabled=false"" behavior, but this is not currently an option in the AS7 subsystem schema.",,,
791,MODE-1804,"see : https://raw.github.com/ModeShape/modeshape/master/modeshape-jcr/src/main/resources/org/modeshape/jcr/repository-config-schema.json

query.indexing.backend for type jquery-slave is copied from jms-slave, and look like that:

{code}
{
                                    ""type"" : ""object"",
                                    ""description"" : ""The specification for sending all index updates to the maste through a JGroups channel. This is only useful for clustered repositories, where one other process in the cluster is configured with 'jgroups-master'. "",
                                    ""additionalProperties"" : false,
                                    ""properties"" : {
                                        ""type"" : {
                                            ""type"" : ""string"",
                                            ""enum"" : [""jgroups-slave""],
                                            ""required"" : true,
                                            ""description"" : ""The specification of the Lucene backend for writing all updates directly to Lucene.""
                                        },
                                        ""connectionFactoryJndiName"" : { 
                                            ""type"" : ""string"",
                                            ""required"" : true,
                                            ""description"" : ""Defines the name in JNDI where the JMS connection factory can be found. The value is often '/ConnectionFactory' by default in JBoss AS."",
                                        },
                                        ""queueJndiName"" : { 
                                            ""type"" : ""string"",
                                            ""required"" : true,
                                            ""description"" : ""Defines the name in JNDI where JMS queue can be found. The queue will be used to post work messages."",
                                        },
                                        ""description"" : {
                                            ""type"" : ""string"",
                                            ""description"" : ""The optional description of this section of the configuration. It is unused by ModeShape.""
                                        },
                                    }
                                },

{code}

while it should have properties like jgroups-master, that means:
-channelName
-channelConfiguration

Also when you set those properties they are rewritten to bad hibernate properties, that cause startup error in hibernate 4.1.1.Final

properties set in org.modeshape.jcr.query.lucene.basic.BasicLuceneConfiguration
should be like that (starting line 222):
{code}
 setProperty(""hibernate.search.default.worker.backend"", type);
            setProperty(""hibernate.search.services.jgroups.clusterName"", channel);
            if (isFileOrClasspath(config)) {
                setProperty(""hibernate.search.services.jgroups.configurationFile"", config);
            } else if (isJGroupsXml(config)) {
{code}
",,,
796,MODE-1802,"Subject for issue:
{code}
Node root = session.getNode(""/fs"");
Node folder1 = root.addNode(""test"", ""nt:folder"");
System.out.println(folder1.getIdentifier());
session.save();
Node folder2 = root.getNode(""test"");
System.out.println(folder2.getIdentifier());
{code}

Result:
{quote}
94dd693eaa9871//test
94dd693eaa9871/test
{quote}

Execution of issue code on current state of project:
{code}
Caused by: java.lang.NullPointerException
	at org.modeshape.connector.filesystem.FileSystemConnector.idFor(FileSystemConnector.java:308)
	at org.modeshape.connector.filesystem.FileSystemConnector.updateDocument(FileSystemConnector.java:557)
{code}
",,,
806,MODE-1799,"Executing org.modeshape.jcr.JcrSession.move(""/test1"", ""/test2""), in a in memory repository, throw exception caused by: javax.jcr.ItemNotFoundException
	at org.modeshape.jcr.JcrRootNode.getParent(JcrRootNode.java:88)
	at org.modeshape.jcr.JcrSession.move(JcrSession.java:946)

I'm a newbie of modeshape so I don't know if it's the desired behavior, but to fix is sufficient to check if the node is the root before call getParent().

destAncestor = !destAncestor.isRoot() ? destAncestor.getParent() : destAncestor;
",,,
808,MODE-1798,"{code}
...
""projections"" : [
  ""default:/federation => /"",
]
...
{code}

{code}
Node root1 = session.getNode(""/"");
NodeIterator it = root1.getNodes();
while (it.hasNext()){
   Node node = (Node)it.next();
   System.out.println(node.getName()+"" => ""+node.getIdentifier());
}

{code}

{code}
federation => 94dd693eaa9871/
jcr:system => 9db8771317f1e7jcr:system
federation => 4feed675-bbfe-49a5-af07-83952b778bb2
{code}",,,
817,MODE-1796,"{code}
16:04:00,278 DEBUG [JcrRepository] Finishing lock cleanup in the 'tlk_repo' repository
16:04:00,279 DEBUG [JcrRepository] Starting binary value cleanup in the 'tlk_repo' repository
16:04:00,313 ERROR [JcrRepository] Error during background garbage collection: 1 parameter supplied, but 0 parameters required: ""Error during cleanup of cache loader"" => """"
java.lang.IllegalArgumentException: 1 parameter supplied, but 0 parameters required: ""Error during cleanup of cache loader"" => """"
	at org.modeshape.common.util.StringUtil.createString(StringUtil.java:141)
	at org.modeshape.common.logging.slf4j.SLF4JLoggerImpl.debug(SLF4JLoggerImpl.java:111)
	at org.modeshape.jcr.value.binary.infinispan.InfinispanBinaryStore.removeValuesUnusedLongerThan(InfinispanBinaryStore.java:367)
	at org.modeshape.jcr.JcrRepository$RunningState.cleanUpBinaryValues(JcrRepository.java:1665)
	at org.modeshape.jcr.JcrRepository.cleanUp(JcrRepository.java:880)
	at org.modeshape.jcr.ModeShapeEngine$GarbageCollectionTask.run(ModeShapeEngine.java:135)
	at java.util.concurrent.Executors$RunnableAdapter.call(Executors.java:441)
	at java.util.concurrent.FutureTask$Sync.innerRunAndReset(FutureTask.java:317)
	at java.util.concurrent.FutureTask.runAndReset(FutureTask.java:150)
	at java.util.concurrent.ScheduledThreadPoolExecutor$ScheduledFutureTask.access$101(ScheduledThreadPoolExecutor.java:98)
	at java.util.concurrent.ScheduledThreadPoolExecutor$ScheduledFutureTask.runPeriodic(ScheduledThreadPoolExecutor.java:180)
	at java.util.concurrent.ScheduledThreadPoolExecutor$ScheduledFutureTask.run(ScheduledThreadPoolExecutor.java:204)
	at java.util.concurrent.ThreadPoolExecutor$Worker.runTask(ThreadPoolExecutor.java:886)
	at java.util.concurrent.ThreadPoolExecutor$Worker.run(ThreadPoolExecutor.java:908)
	at java.lang.Thread.run(Thread.java:662)
16:04:00,316 DEBUG [JcrRepository] Finishing binary value cleanup in the 'tlk_repo' repository
{code}

{code}
11:55:50,901 ERROR [RemoteCacheStore] ISPN010001: RemoteCacheStore can only run in shared mode! This method shouldn't be called in shared mode

11:55:50,906 ERROR [JcrRepository] Error during background garbage collection: Error during background garbage collection: RemoteCacheStore can only run in shared mode! This method shouldn't be called in shared mode

org.modeshape.jcr.value.binary.BinaryStoreException: Error during background garbage collection: RemoteCacheStore can only run in shared mode! This method shouldn't be called in shared mode

    at org.modeshape.jcr.value.binary.infinispan.InfinispanBinaryStore.removeValuesUnusedLongerThan(InfinispanBinaryStore.java:368)

    at org.modeshape.jcr.JcrRepository$RunningState.cleanUpBinaryValues(JcrRepository.java:1665)

    at org.modeshape.jcr.JcrRepository.cleanUp(JcrRepository.java:880)

    at org.modeshape.jcr.ModeShapeEngine$GarbageCollectionTask.run(ModeShapeEngine.java:135)

    at java.util.concurrent.Executors$RunnableAdapter.call(Executors.java:441)

    at java.util.concurrent.FutureTask$Sync.innerRunAndReset(FutureTask.java:317)

    at java.util.concurrent.FutureTask.runAndReset(FutureTask.java:150)

    at java.util.concurrent.ScheduledThreadPoolExecutor$ScheduledFutureTask.access$101(ScheduledThreadPoolExecutor.java:98)

    at java.util.concurrent.ScheduledThreadPoolExecutor$ScheduledFutureTask.runPeriodic(ScheduledThreadPoolExecutor.java:180)

    at java.util.concurrent.ScheduledThreadPoolExecutor$ScheduledFutureTask.run(ScheduledThreadPoolExecutor.java:204)

    at java.util.concurrent.ThreadPoolExecutor$Worker.runTask(ThreadPoolExecutor.java:886)

    at java.util.concurrent.ThreadPoolExecutor$Worker.run(ThreadPoolExecutor.java:908)

    at java.lang.Thread.run(Thread.java:662)

12:00:50,927 ERROR [RemoteCacheStore] ISPN010001: RemoteCacheStore can only run in shared mode! This method shouldn't be called in shared mode

12:00:50,929 ERROR [JcrRepository] Error during background garbage collection: Error during background garbage collection: RemoteCacheStore can only run in shared mode! This method shouldn't be called in shared mode

org.modeshape.jcr.value.binary.BinaryStoreException: Error during background garbage collection: RemoteCacheStore can only run in shared mode! This method shouldn't be called in shared mode

    at org.modeshape.jcr.value.binary.infinispan.InfinispanBinaryStore.removeValuesUnusedLongerThan(InfinispanBinaryStore.java:368)

    at org.modeshape.jcr.JcrRepository$RunningState.cleanUpBinaryValues(JcrRepository.java:1665)

    at org.modeshape.jcr.JcrRepository.cleanUp(JcrRepository.java:880)

    at org.modeshape.jcr.ModeShapeEngine$GarbageCollectionTask.run(ModeShapeEngine.java:135)

    at java.util.concurrent.Executors$RunnableAdapter.call(Executors.java:441)

    at java.util.concurrent.FutureTask$Sync.innerRunAndReset(FutureTask.java:317)

    at java.util.concurrent.FutureTask.runAndReset(FutureTask.java:150)

    at java.util.concurrent.ScheduledThreadPoolExecutor$ScheduledFutureTask.access$101(ScheduledThreadPoolExecutor.java:98)

    at java.util.concurrent.ScheduledThreadPoolExecutor$ScheduledFutureTask.runPeriodic(ScheduledThreadPoolExecutor.java:180)

    at java.util.concurrent.ScheduledThreadPoolExecutor$ScheduledFutureTask.run(ScheduledThreadPoolExecutor.java:204)

    at java.util.concurrent.ThreadPoolExecutor$Worker.runTask(ThreadPoolExecutor.java:886)

    at java.util.concurrent.ThreadPoolExecutor$Worker.run(ThreadPoolExecutor.java:908)

    at java.lang.Thread.run(Thread.java:662)

12:05:50,885 ERROR [RemoteCacheStore] ISPN010001: RemoteCacheStore can only run in shared mode! This method shouldn't be called in shared mode
{code}",,,
818,MODE-1795,"When importing a XML file (using the Session.importXML() method) that declares a default namespace (xmlns=""URI""), you get the following error:

{code}
    javax.jcr.RepositoryException: Prefix  is already permanently mapped
{code}

This makes sense since JCR always creates a JCR namespace identified by the empty prefix. And according to the JCR specs:

{quote}
For each XML namespace declaration with prefix P and URI U:
a. If the namespace registry already contains a mapping of some prefix P' to U (where P' may or may not be equal to P) then the namespace registry is left unchanged.""
{quote}

The code should discover that the default namespace does not match a registered namespace and it should therefore register it and use this for the XML default namespace rather than throw the exception.",,,
823,MODE-1794,"Infinispan is attempting to serialize the {{InfinispanBinaryStore}} instance, when it should not.

{code:none}
15:49:01,853 ERROR [JcrRepository] Error during background garbage collection: Could not invoke MapReduce task on remote nodes
org.infinispan.CacheException: Could not invoke MapReduce task on remote nodes
    at org.infinispan.distexec.mapreduce.MapReduceTask.execute(MapReduceTask.java:244)
    at org.modeshape.jcr.value.binary.infinispan.InfinispanBinaryStore.removeValuesUnusedLongerThan(InfinispanBinaryStore.java:321)
    at org.modeshape.jcr.JcrRepository$RunningState.cleanUpBinaryValues(JcrRepository.java:1665)
    at org.modeshape.jcr.JcrRepository.cleanUp(JcrRepository.java:880)
    at org.modeshape.jcr.ModeShapeEngine$GarbageCollectionTask.run(ModeShapeEngine.java:135)
    at java.util.concurrent.Executors$RunnableAdapter.call(Executors.java:441)
    at java.util.concurrent.FutureTask$Sync.innerRunAndReset(FutureTask.java:317)
    at java.util.concurrent.FutureTask.runAndReset(FutureTask.java:150)
    at java.util.concurrent.ScheduledThreadPoolExecutor$ScheduledFutureTask.access$101(ScheduledThreadPoolExecutor.java:98)
    at java.util.concurrent.ScheduledThreadPoolExecutor$ScheduledFutureTask.runPeriodic(ScheduledThreadPoolExecutor.java:180)
    at java.util.concurrent.ScheduledThreadPoolExecutor$ScheduledFutureTask.run(ScheduledThreadPoolExecutor.java:204)
    at java.util.concurrent.ThreadPoolExecutor$Worker.runTask(ThreadPoolExecutor.java:886)
    at java.util.concurrent.ThreadPoolExecutor$Worker.run(ThreadPoolExecutor.java:908)
    at java.lang.Thread.run(Thread.java:662)
Caused by: org.infinispan.CacheException: java.lang.RuntimeException: Failure to marshal argument(s)
    at org.infinispan.util.Util.rewrapAsCacheException(Util.java:524)
    at org.infinispan.remoting.transport.jgroups.CommandAwareRpcDispatcher.invokeRemoteCommand(CommandAwareRpcDispatcher.java:168)
    at org.infinispan.remoting.transport.jgroups.JGroupsTransport.invokeRemotely(JGroupsTransport.java:478)
    at org.infinispan.remoting.rpc.RpcManagerImpl.invokeRemotely(RpcManagerImpl.java:148)
    at org.infinispan.remoting.rpc.RpcManagerImpl.invokeRemotely(RpcManagerImpl.java:169)
    at org.infinispan.remoting.rpc.RpcManagerImpl.invokeRemotely(RpcManagerImpl.java:219)
    at org.infinispan.remoting.rpc.RpcManagerImpl.invokeRemotely(RpcManagerImpl.java:206)
    at org.infinispan.remoting.rpc.RpcManagerImpl.invokeRemotely(RpcManagerImpl.java:201)
    at org.infinispan.distexec.mapreduce.MapReduceTask.execute(MapReduceTask.java:240)
    ... 13 more
Caused by: java.lang.RuntimeException: Failure to marshal argument(s)
    at org.infinispan.remoting.transport.jgroups.CommandAwareRpcDispatcher.marshallCall(CommandAwareRpcDispatcher.java:247)
    at org.infinispan.remoting.transport.jgroups.CommandAwareRpcDispatcher.processSingleCall(CommandAwareRpcDispatcher.java:262)
    at org.infinispan.remoting.transport.jgroups.CommandAwareRpcDispatcher.invokeRemoteCommand(CommandAwareRpcDispatcher.java:163)
    ... 20 more
Caused by: org.infinispan.marshall.NotSerializableException: org.modeshape.jcr.value.binary.infinispan.InfinispanBinaryStore
Caused by: an exception which occurred:
    in field this$0
    in object org.modeshape.jcr.value.binary.infinispan.InfinispanBinaryStore$2@5d15e8
    in object org.infinispan.commands.read.MapReduceCommand@887982c9
15:53:59,558 ERROR [JcrRepository] Error during background garbage collection: Could not invoke MapReduce task on remote nodes
org.infinispan.CacheException: Could not invoke MapReduce task on remote nodes
    at org.infinispan.distexec.mapreduce.MapReduceTask.execute(MapReduceTask.java:244)
    at org.modeshape.jcr.value.binary.infinispan.InfinispanBinaryStore.removeValuesUnusedLongerThan(InfinispanBinaryStore.java:321)
    at org.modeshape.jcr.JcrRepository$RunningState.cleanUpBinaryValues(JcrRepository.java:1665)
    at org.modeshape.jcr.JcrRepository.cleanUp(JcrRepository.java:880)
    at org.modeshape.jcr.ModeShapeEngine$GarbageCollectionTask.run(ModeShapeEngine.java:135)
    at java.util.concurrent.Executors$RunnableAdapter.call(Executors.java:441)
    at java.util.concurrent.FutureTask$Sync.innerRunAndReset(FutureTask.java:317)
    at java.util.concurrent.FutureTask.runAndReset(FutureTask.java:150)
    at java.util.concurrent.ScheduledThreadPoolExecutor$ScheduledFutureTask.access$101(ScheduledThreadPoolExecutor.java:98)
    at java.util.concurrent.ScheduledThreadPoolExecutor$ScheduledFutureTask.runPeriodic(ScheduledThreadPoolExecutor.java:180)
    at java.util.concurrent.ScheduledThreadPoolExecutor$ScheduledFutureTask.run(ScheduledThreadPoolExecutor.java:204)
    at java.util.concurrent.ThreadPoolExecutor$Worker.runTask(ThreadPoolExecutor.java:886)
    at java.util.concurrent.ThreadPoolExecutor$Worker.run(ThreadPoolExecutor.java:908)
    at java.lang.Thread.run(Thread.java:662)
Caused by: org.infinispan.CacheException: java.lang.RuntimeException: Failure to marshal argument(s)
    at org.infinispan.util.Util.rewrapAsCacheException(Util.java:524)
    at org.infinispan.remoting.transport.jgroups.CommandAwareRpcDispatcher.invokeRemoteCommand(CommandAwareRpcDispatcher.java:168)
    at org.infinispan.remoting.transport.jgroups.JGroupsTransport.invokeRemotely(JGroupsTransport.java:478)
    at org.infinispan.remoting.rpc.RpcManagerImpl.invokeRemotely(RpcManagerImpl.java:148)
    at org.infinispan.remoting.rpc.RpcManagerImpl.invokeRemotely(RpcManagerImpl.java:169)
    at org.infinispan.remoting.rpc.RpcManagerImpl.invokeRemotely(RpcManagerImpl.java:219)
    at org.infinispan.remoting.rpc.RpcManagerImpl.invokeRemotely(RpcManagerImpl.java:206)
    at org.infinispan.remoting.rpc.RpcManagerImpl.invokeRemotely(RpcManagerImpl.java:201)
    at org.infinispan.distexec.mapreduce.MapReduceTask.execute(MapReduceTask.java:240)
    ... 13 more
Caused by: java.lang.RuntimeException: Failure to marshal argument(s)
    at org.infinispan.remoting.transport.jgroups.CommandAwareRpcDispatcher.marshallCall(CommandAwareRpcDispatcher.java:247)
    at org.infinispan.remoting.transport.jgroups.CommandAwareRpcDispatcher.processSingleCall(CommandAwareRpcDispatcher.java:262)
    at org.infinispan.remoting.transport.jgroups.CommandAwareRpcDispatcher.invokeRemoteCommand(CommandAwareRpcDispatcher.java:163)
    ... 20 more
Caused by: org.infinispan.marshall.NotSerializableException: org.modeshape.jcr.value.binary.infinispan.InfinispanBinaryStore
Caused by: an exception which occurred:
    in field this$0
    in object org.modeshape.jcr.value.binary.infinispan.InfinispanBinaryStore$2@1600256
    in object org.infinispan.commands.read.MapReduceCommand@e2e2578
15:58:59,555 ERROR [JcrRepository] Error during background garbage collection: Could not invoke MapReduce task on remote nodes
org.infinispan.CacheException: Could not invoke MapReduce task on remote nodes
    at org.infinispan.distexec.mapreduce.MapReduceTask.execute(MapReduceTask.java:244)
    at org.modeshape.jcr.value.binary.infinispan.InfinispanBinaryStore.removeValuesUnusedLongerThan(InfinispanBinaryStore.java:321)
    at org.modeshape.jcr.JcrRepository$RunningState.cleanUpBinaryValues(JcrRepository.java:1665)
    at org.modeshape.jcr.JcrRepository.cleanUp(JcrRepository.java:880)
    at org.modeshape.jcr.ModeShapeEngine$GarbageCollectionTask.run(ModeShapeEngine.java:135)
    at java.util.concurrent.Executors$RunnableAdapter.call(Executors.java:441)
    at java.util.concurrent.FutureTask$Sync.innerRunAndReset(FutureTask.java:317)
    at java.util.concurrent.FutureTask.runAndReset(FutureTask.java:150)
    at java.util.concurrent.ScheduledThreadPoolExecutor$ScheduledFutureTask.access$101(ScheduledThreadPoolExecutor.java:98)
    at java.util.concurrent.ScheduledThreadPoolExecutor$ScheduledFutureTask.runPeriodic(ScheduledThreadPoolExecutor.java:180)
    at java.util.concurrent.ScheduledThreadPoolExecutor$ScheduledFutureTask.run(ScheduledThreadPoolExecutor.java:204)
    at java.util.concurrent.ThreadPoolExecutor$Worker.runTask(ThreadPoolExecutor.java:886)
    at java.util.concurrent.ThreadPoolExecutor$Worker.run(ThreadPoolExecutor.java:908)
    at java.lang.Thread.run(Thread.java:662)
Caused by: org.infinispan.CacheException: java.lang.RuntimeException: Failure to marshal argument(s)
    at org.infinispan.util.Util.rewrapAsCacheException(Util.java:524)
    at org.infinispan.remoting.transport.jgroups.CommandAwareRpcDispatcher.invokeRemoteCommand(CommandAwareRpcDispatcher.java:168)
    at org.infinispan.remoting.transport.jgroups.JGroupsTransport.invokeRemotely(JGroupsTransport.java:478)
    at org.infinispan.remoting.rpc.RpcManagerImpl.invokeRemotely(RpcManagerImpl.java:148)
    at org.infinispan.remoting.rpc.RpcManagerImpl.invokeRemotely(RpcManagerImpl.java:169)
    at org.infinispan.remoting.rpc.RpcManagerImpl.invokeRemotely(RpcManagerImpl.java:219)
    at org.infinispan.remoting.rpc.RpcManagerImpl.invokeRemotely(RpcManagerImpl.java:206)
    at org.infinispan.remoting.rpc.RpcManagerImpl.invokeRemotely(RpcManagerImpl.java:201)
    at org.infinispan.distexec.mapreduce.MapReduceTask.execute(MapReduceTask.java:240)
    ... 13 more
Caused by: java.lang.RuntimeException: Failure to marshal argument(s)
    at org.infinispan.remoting.transport.jgroups.CommandAwareRpcDispatcher.marshallCall(CommandAwareRpcDispatcher.java:247)
    at org.infinispan.remoting.transport.jgroups.CommandAwareRpcDispatcher.processSingleCall(CommandAwareRpcDispatcher.java:262)
    at org.infinispan.remoting.transport.jgroups.CommandAwareRpcDispatcher.invokeRemoteCommand(CommandAwareRpcDispatcher.java:163)
    ... 20 more
Caused by: org.infinispan.marshall.NotSerializableException: org.modeshape.jcr.value.binary.infinispan.InfinispanBinaryStore
Caused by: an exception which occurred:
    in field this$0
    in object org.modeshape.jcr.value.binary.infinispan.InfinispanBinaryStore$2@6fe8a8
    in object org.infinispan.commands.read.MapReduceCommand@d194cc81
16:03:59,556 ERROR [JcrRepository] Error during background garbage collection: Could not invoke MapReduce task on remote nodes
org.infinispan.CacheException: Could not invoke MapReduce task on remote nodes
    at org.infinispan.distexec.mapreduce.MapReduceTask.execute(MapReduceTask.java:244)
    at org.modeshape.jcr.value.binary.infinispan.InfinispanBinaryStore.removeValuesUnusedLongerThan(InfinispanBinaryStore.java:321)
    at org.modeshape.jcr.JcrRepository$RunningState.cleanUpBinaryValues(JcrRepository.java:1665)
    at org.modeshape.jcr.JcrRepository.cleanUp(JcrRepository.java:880)
    at org.modeshape.jcr.ModeShapeEngine$GarbageCollectionTask.run(ModeShapeEngine.java:135)
    at java.util.concurrent.Executors$RunnableAdapter.call(Executors.java:441)
    at java.util.concurrent.FutureTask$Sync.innerRunAndReset(FutureTask.java:317)
    at java.util.concurrent.FutureTask.runAndReset(FutureTask.java:150)
    at java.util.concurrent.ScheduledThreadPoolExecutor$ScheduledFutureTask.access$101(ScheduledThreadPoolExecutor.java:98)
    at java.util.concurrent.ScheduledThreadPoolExecutor$ScheduledFutureTask.runPeriodic(ScheduledThreadPoolExecutor.java:180)
    at java.util.concurrent.ScheduledThreadPoolExecutor$ScheduledFutureTask.run(ScheduledThreadPoolExecutor.java:204)
    at java.util.concurrent.ThreadPoolExecutor$Worker.runTask(ThreadPoolExecutor.java:886)
    at java.util.concurrent.ThreadPoolExecutor$Worker.run(ThreadPoolExecutor.java:908)
    at java.lang.Thread.run(Thread.java:662)
Caused by: org.infinispan.CacheException: java.lang.RuntimeException: Failure to marshal argument(s)
    at org.infinispan.util.Util.rewrapAsCacheException(Util.java:524)
    at org.infinispan.remoting.transport.jgroups.CommandAwareRpcDispatcher.invokeRemoteCommand(CommandAwareRpcDispatcher.java:168)
    at org.infinispan.remoting.transport.jgroups.JGroupsTransport.invokeRemotely(JGroupsTransport.java:478)
    at org.infinispan.remoting.rpc.RpcManagerImpl.invokeRemotely(RpcManagerImpl.java:148)
    at org.infinispan.remoting.rpc.RpcManagerImpl.invokeRemotely(RpcManagerImpl.java:169)
    at org.infinispan.remoting.rpc.RpcManagerImpl.invokeRemotely(RpcManagerImpl.java:219)
    at org.infinispan.remoting.rpc.RpcManagerImpl.invokeRemotely(RpcManagerImpl.java:206)
    at org.infinispan.remoting.rpc.RpcManagerImpl.invokeRemotely(RpcManagerImpl.java:201)
    at org.infinispan.distexec.mapreduce.MapReduceTask.execute(MapReduceTask.java:240)
    ... 13 more
Caused by: java.lang.RuntimeException: Failure to marshal argument(s)
    at org.infinispan.remoting.transport.jgroups.CommandAwareRpcDispatcher.marshallCall(CommandAwareRpcDispatcher.java:247)
    at org.infinispan.remoting.transport.jgroups.CommandAwareRpcDispatcher.processSingleCall(CommandAwareRpcDispatcher.java:262)
    at org.infinispan.remoting.transport.jgroups.CommandAwareRpcDispatcher.invokeRemoteCommand(CommandAwareRpcDispatcher.java:163)
    ... 20 more
Caused by: org.infinispan.marshall.NotSerializableException: org.modeshape.jcr.value.binary.infinispan.InfinispanBinaryStore
Caused by: an exception which occurred:
    in field this$0
    in object org.modeshape.jcr.value.binary.infinispan.InfinispanBinaryStore$2@c9a1b0
    in object org.infinispan.commands.read.MapReduceCommand@3b6daf71
16:08:59,555 ERROR [JcrRepository] Error during background garbage collection: Could not invoke MapReduce task on remote nodes
org.infinispan.CacheException: Could not invoke MapReduce task on remote nodes
    at org.infinispan.distexec.mapreduce.MapReduceTask.execute(MapReduceTask.java:244)
    at org.modeshape.jcr.value.binary.infinispan.InfinispanBinaryStore.removeValuesUnusedLongerThan(InfinispanBinaryStore.java:321)
    at org.modeshape.jcr.JcrRepository$RunningState.cleanUpBinaryValues(JcrRepository.java:1665)
    at org.modeshape.jcr.JcrRepository.cleanUp(JcrRepository.java:880)
    at org.modeshape.jcr.ModeShapeEngine$GarbageCollectionTask.run(ModeShapeEngine.java:135)
    at java.util.concurrent.Executors$RunnableAdapter.call(Executors.java:441)
    at java.util.concurrent.FutureTask$Sync.innerRunAndReset(FutureTask.java:317)
    at java.util.concurrent.FutureTask.runAndReset(FutureTask.java:150)
    at java.util.concurrent.ScheduledThreadPoolExecutor$ScheduledFutureTask.access$101(ScheduledThreadPoolExecutor.java:98)
    at java.util.concurrent.ScheduledThreadPoolExecutor$ScheduledFutureTask.runPeriodic(ScheduledThreadPoolExecutor.java:180)
    at java.util.concurrent.ScheduledThreadPoolExecutor$ScheduledFutureTask.run(ScheduledThreadPoolExecutor.java:204)
    at java.util.concurrent.ThreadPoolExecutor$Worker.runTask(ThreadPoolExecutor.java:886)
    at java.util.concurrent.ThreadPoolExecutor$Worker.run(ThreadPoolExecutor.java:908)
    at java.lang.Thread.run(Thread.java:662)
Caused by: org.infinispan.CacheException: java.lang.RuntimeException: Failure to marshal argument(s)
    at org.infinispan.util.Util.rewrapAsCacheException(Util.java:524)
    at org.infinispan.remoting.transport.jgroups.CommandAwareRpcDispatcher.invokeRemoteCommand(CommandAwareRpcDispatcher.java:168)
    at org.infinispan.remoting.transport.jgroups.JGroupsTransport.invokeRemotely(JGroupsTransport.java:478)
    at org.infinispan.remoting.rpc.RpcManagerImpl.invokeRemotely(RpcManagerImpl.java:148)
    at org.infinispan.remoting.rpc.RpcManagerImpl.invokeRemotely(RpcManagerImpl.java:169)
    at org.infinispan.remoting.rpc.RpcManagerImpl.invokeRemotely(RpcManagerImpl.java:219)
    at org.infinispan.remoting.rpc.RpcManagerImpl.invokeRemotely(RpcManagerImpl.java:206)
    at org.infinispan.remoting.rpc.RpcManagerImpl.invokeRemotely(RpcManagerImpl.java:201)
    at org.infinispan.distexec.mapreduce.MapReduceTask.execute(MapReduceTask.java:240)
    ... 13 more
Caused by: java.lang.RuntimeException: Failure to marshal argument(s)
    at org.infinispan.remoting.transport.jgroups.CommandAwareRpcDispatcher.marshallCall(CommandAwareRpcDispatcher.java:247)
    at org.infinispan.remoting.transport.jgroups.CommandAwareRpcDispatcher.processSingleCall(CommandAwareRpcDispatcher.java:262)
    at org.infinispan.remoting.transport.jgroups.CommandAwareRpcDispatcher.invokeRemoteCommand(CommandAwareRpcDispatcher.java:163)
    ... 20 more
Caused by: org.infinispan.marshall.NotSerializableException: org.modeshape.jcr.value.binary.infinispan.InfinispanBinaryStore
Caused by: an exception which occurred:
    in field this$0
    in object org.modeshape.jcr.value.binary.infinispan.InfinispanBinaryStore$2@14e4f10
    in object org.infinispan.commands.read.MapReduceCommand@db86e950
16:13:59,554 ERROR [JcrRepository] Error during background garbage collection: Could not invoke MapReduce task on remote nodes
org.infinispan.CacheException: Could not invoke MapReduce task on remote nodes
    at org.infinispan.distexec.mapreduce.MapReduceTask.execute(MapReduceTask.java:244)
    at org.modeshape.jcr.value.binary.infinispan.InfinispanBinaryStore.removeValuesUnusedLongerThan(InfinispanBinaryStore.java:321)
    at org.modeshape.jcr.JcrRepository$RunningState.cleanUpBinaryValues(JcrRepository.java:1665)
    at org.modeshape.jcr.JcrRepository.cleanUp(JcrRepository.java:880)
    at org.modeshape.jcr.ModeShapeEngine$GarbageCollectionTask.run(ModeShapeEngine.java:135)
    at java.util.concurrent.Executors$RunnableAdapter.call(Executors.java:441)
    at java.util.concurrent.FutureTask$Sync.innerRunAndReset(FutureTask.java:317)
    at java.util.concurrent.FutureTask.runAndReset(FutureTask.java:150)
    at java.util.concurrent.ScheduledThreadPoolExecutor$ScheduledFutureTask.access$101(ScheduledThreadPoolExecutor.java:98)
    at java.util.concurrent.ScheduledThreadPoolExecutor$ScheduledFutureTask.runPeriodic(ScheduledThreadPoolExecutor.java:180)
    at java.util.concurrent.ScheduledThreadPoolExecutor$ScheduledFutureTask.run(ScheduledThreadPoolExecutor.java:204)
    at java.util.concurrent.ThreadPoolExecutor$Worker.runTask(ThreadPoolExecutor.java:886)
    at java.util.concurrent.ThreadPoolExecutor$Worker.run(ThreadPoolExecutor.java:908)
    at java.lang.Thread.run(Thread.java:662)
Caused by: org.infinispan.CacheException: java.lang.RuntimeException: Failure to marshal argument(s)
    at org.infinispan.util.Util.rewrapAsCacheException(Util.java:524)
    at org.infinispan.remoting.transport.jgroups.CommandAwareRpcDispatcher.invokeRemoteCommand(CommandAwareRpcDispatcher.java:168)
    at org.infinispan.remoting.transport.jgroups.JGroupsTransport.invokeRemotely(JGroupsTransport.java:478)
    at org.infinispan.remoting.rpc.RpcManagerImpl.invokeRemotely(RpcManagerImpl.java:148)
    at org.infinispan.remoting.rpc.RpcManagerImpl.invokeRemotely(RpcManagerImpl.java:169)
    at org.infinispan.remoting.rpc.RpcManagerImpl.invokeRemotely(RpcManagerImpl.java:219)
    at org.infinispan.remoting.rpc.RpcManagerImpl.invokeRemotely(RpcManagerImpl.java:206)
    at org.infinispan.remoting.rpc.RpcManagerImpl.invokeRemotely(RpcManagerImpl.java:201)
    at org.infinispan.distexec.mapreduce.MapReduceTask.execute(MapReduceTask.java:240)
    ... 13 more
Caused by: java.lang.RuntimeException: Failure to marshal argument(s)
    at org.infinispan.remoting.transport.jgroups.CommandAwareRpcDispatcher.marshallCall(CommandAwareRpcDispatcher.java:247)
    at org.infinispan.remoting.transport.jgroups.CommandAwareRpcDispatcher.processSingleCall(CommandAwareRpcDispatcher.java:262)
    at org.infinispan.remoting.transport.jgroups.CommandAwareRpcDispatcher.invokeRemoteCommand(CommandAwareRpcDispatcher.java:163)
    ... 20 more
Caused by: org.infinispan.marshall.NotSerializableException: org.modeshape.jcr.value.binary.infinispan.InfinispanBinaryStore
Caused by: an exception which occurred:
    in field this$0
    in object org.modeshape.jcr.value.binary.infinispan.InfinispanBinaryStore$2@d6882a
    in object org.infinispan.commands.read.MapReduceCommand@826f1a15
16:18:59,554 ERROR [JcrRepository] Error during background garbage collection: Could not invoke MapReduce task on remote nodes
org.infinispan.CacheException: Could not invoke MapReduce task on remote nodes
    at org.infinispan.distexec.mapreduce.MapReduceTask.execute(MapReduceTask.java:244)
    at org.modeshape.jcr.value.binary.infinispan.InfinispanBinaryStore.removeValuesUnusedLongerThan(InfinispanBinaryStore.java:321)
    at org.modeshape.jcr.JcrRepository$RunningState.cleanUpBinaryValues(JcrRepository.java:1665)
    at org.modeshape.jcr.JcrRepository.cleanUp(JcrRepository.java:880)
    at org.modeshape.jcr.ModeShapeEngine$GarbageCollectionTask.run(ModeShapeEngine.java:135)
    at java.util.concurrent.Executors$RunnableAdapter.call(Executors.java:441)
    at java.util.concurrent.FutureTask$Sync.innerRunAndReset(FutureTask.java:317)
    at java.util.concurrent.FutureTask.runAndReset(FutureTask.java:150)
    at java.util.concurrent.ScheduledThreadPoolExecutor$ScheduledFutureTask.access$101(ScheduledThreadPoolExecutor.java:98)
    at java.util.concurrent.ScheduledThreadPoolExecutor$ScheduledFutureTask.runPeriodic(ScheduledThreadPoolExecutor.java:180)
    at java.util.concurrent.ScheduledThreadPoolExecutor$ScheduledFutureTask.run(ScheduledThreadPoolExecutor.java:204)
    at java.util.concurrent.ThreadPoolExecutor$Worker.runTask(ThreadPoolExecutor.java:886)
    at java.util.concurrent.ThreadPoolExecutor$Worker.run(ThreadPoolExecutor.java:908)
    at java.lang.Thread.run(Thread.java:662)
Caused by: org.infinispan.CacheException: java.lang.RuntimeException: Failure to marshal argument(s)
    at org.infinispan.util.Util.rewrapAsCacheException(Util.java:524)
    at org.infinispan.remoting.transport.jgroups.CommandAwareRpcDispatcher.invokeRemoteCommand(CommandAwareRpcDispatcher.java:168)
    at org.infinispan.remoting.transport.jgroups.JGroupsTransport.invokeRemotely(JGroupsTransport.java:478)
    at org.infinispan.remoting.rpc.RpcManagerImpl.invokeRemotely(RpcManagerImpl.java:148)
    at org.infinispan.remoting.rpc.RpcManagerImpl.invokeRemotely(RpcManagerImpl.java:169)
    at org.infinispan.remoting.rpc.RpcManagerImpl.invokeRemotely(RpcManagerImpl.java:219)
    at org.infinispan.remoting.rpc.RpcManagerImpl.invokeRemotely(RpcManagerImpl.java:206)
    at org.infinispan.remoting.rpc.RpcManagerImpl.invokeRemotely(RpcManagerImpl.java:201)
    at org.infinispan.distexec.mapreduce.MapReduceTask.execute(MapReduceTask.java:240)
    ... 13 more
Caused by: java.lang.RuntimeException: Failure to marshal argument(s)
    at org.infinispan.remoting.transport.jgroups.CommandAwareRpcDispatcher.marshallCall(CommandAwareRpcDispatcher.java:247)
    at org.infinispan.remoting.transport.jgroups.CommandAwareRpcDispatcher.processSingleCall(CommandAwareRpcDispatcher.java:262)
    at org.infinispan.remoting.transport.jgroups.CommandAwareRpcDispatcher.invokeRemoteCommand(CommandAwareRpcDispatcher.java:163)
    ... 20 more
Caused by: org.infinispan.marshall.NotSerializableException: org.modeshape.jcr.value.binary.infinispan.InfinispanBinaryStore
Caused by: an exception which occurred:
    in field this$0
    in object org.modeshape.jcr.value.binary.infinispan.InfinispanBinaryStore$2@1eb9805
    in object org.infinispan.commands.read.MapReduceCommand@ca5521a1
{code}",,,
824,MODE-1791,"Our AS7 kit contains an attribute named {{readonly}} which can be set on external sources. 

However, {{Connector}} implementations do not have a corresponding field, because read-only connectors always should subclass {{ReadonlyConnector}}. Therefore, AS7 logs warnings that it's unable to set this attribute on the connector instances when it starts up.",,,
848,MODE-1790,"It looks like the temporary file (used for hashing to get an identifier) is not cleaned up in the InfinispanBinaryStore:

https://github.com/ModeShape/modeshape/blob/master/modeshape-jcr/src/main/java/org/modeshape/jcr/value/binary/infinispan/InfinispanBinaryStore.java#L192

(Or, if it is cleaned up, it isn't until the process terminates, which is undesirable too)",,,
849,MODE-1789," Here is my code https://github.com/eshevchenko/modeshape-examples/tree/modeshape3-federation which shows the problem, when I run ""mvn clean install"" I don't see an issue, but when I run java main from IDE I see this exception:
{code}
INFO: ModeShape version 3.1.1.Final
Shutting down engine ...
Success!
javax.jcr.RepositoryException: Error while starting 'FederatedRepository' repository: No match found
 at org.modeshape.jcr.JcrRepository.login(JcrRepository.java:613)
 at org.modeshape.jcr.JcrRepository.login(JcrRepository.java:580)
 at org.modeshape.jcr.JcrRepository.login(JcrRepository.java:149)
 at org.modeshape.example.filesystem.ModeShapeExample.main(ModeShapeExample.java:66)
 at sun.reflect.NativeMethodAccessorImpl.invoke0(Native Method)
 at sun.reflect.NativeMethodAccessorImpl.invoke(NativeMethodAccessorImpl.java:57)
 at sun.reflect.DelegatingMethodAccessorImpl.invoke(DelegatingMethodAccessorImpl.java:43)
 at java.lang.reflect.Method.invoke(Method.java:601)
 at com.intellij.rt.execution.application.AppMain.main(AppMain.java:120)
Caused by: java.lang.IllegalStateException: No match found
 at java.util.regex.Matcher.group(Matcher.java:485)
 at org.modeshape.jcr.RepositoryConfiguration$Federation$ProjectionConfiguration.<init>(RepositoryConfiguration.java:2016)
 at org.modeshape.jcr.RepositoryConfiguration$Federation.getProjections(RepositoryConfiguration.java:1981)
 at org.modeshape.jcr.JcrRepository$RunningState.<init>(JcrRepository.java:1053)
 at org.modeshape.jcr.JcrRepository$RunningState.<init>(JcrRepository.java:966)
 at org.modeshape.jcr.JcrRepository.doStart(JcrRepository.java:354)
 at org.modeshape.jcr.JcrRepository.login(JcrRepository.java:611)
 ... 8 more
{code}",,,
853,MODE-1786,"
repository-config-schema.json has section for storage:
{code}
	...
 ""binaryStorage"" : {

	...
        ""url"" : {
                 ""type"" : ""string"",
                 ""description"" : ""The URL to be used to establish the database connection."",
                 ""required"" : true,
                },
        },
{code}
But in org.modeshape.jcr.RepositoryConfiguration was read ""connectionURL"" param:
{code}

 		public static final String CONNECTION_URL = ""connectionURL"";
		...

		public AbstractBinaryStore getBinaryStore() throws Exception {
	          ...
	            } else if (type.equalsIgnoreCase(""database"")) {
                String driverClass = binaryStorage.getString(FieldName.JDBC_DRIVER_CLASS);
                String connectionURL = binaryStorage.getString(FieldName.CONNECTION_URL);
		...
		
{code}

So as result :
{code}
javax.jcr.RepositoryException: Error while starting 'FederatedRepository' repository: org.modeshape.jcr.value.binary.BinaryStoreException: java.sql.SQLException: The url cannot be null
	at org.modeshape.jcr.JcrRepository.login(JcrRepository.java:613)
	at org.modeshape.jcr.JcrRepository.login(JcrRepository.java:580)
	at org.modeshape.jcr.JcrRepository.login(JcrRepository.java:149)
	at org.modeshape.example.filesystem.ModeShapeExample.main(ModeShapeExample.java:64)
Caused by: java.lang.RuntimeException: org.modeshape.jcr.value.binary.BinaryStoreException: java.sql.SQLException: The url cannot be null
	at org.modeshape.jcr.value.binary.DatabaseBinaryStore.start(DatabaseBinaryStore.java:222)
	at org.modeshape.jcr.JcrRepository$RunningState.<init>(JcrRepository.java:1071)
	at org.modeshape.jcr.JcrRepository$RunningState.<init>(JcrRepository.java:966)
	at org.modeshape.jcr.JcrRepository.doStart(JcrRepository.java:354)
	at org.modeshape.jcr.JcrRepository.login(JcrRepository.java:611)
	... 3 more
Caused by: org.modeshape.jcr.value.binary.BinaryStoreException: java.sql.SQLException: The url cannot be null
	at org.modeshape.jcr.value.binary.DatabaseBinaryStore.connect(DatabaseBinaryStore.java:332)Shutting down engine ...

	at org.modeshape.jcr.value.binary.DatabaseBinaryStore.start(DatabaseBinaryStore.java:208)
	... 7 more
Caused by: java.sql.SQLException: The url cannot be null
	at java.sql.DriverManager.getConnection(DriverManager.java:554)
	at java.sql.DriverManager.getConnection(DriverManager.java:185)
	at org.modeshape.jcr.value.binary.DatabaseBinaryStore.connect(DatabaseBinaryStore.java:330)
	... 8 more
{code}
",,,
858,MODE-1785,"We currently have 2 options for the query {{rebuildUponStartup}} setting: {{always}} and {{if_missing}}.

It seems that if set to {{always}}, with the default index storage (RAM), when the repository re-starts the indexes aren't rebuilt.",,,
923,MODE-1783,"Property constraints are not checked every time Node.setProperty is called. It seems that it is only checked if the property did not exist already.

This leads to nodes that violate property constraints being persisted. But when the property is retrieved at a later point, it then throws ConstraintViolationException.",,,
926,MODE-1775,"Normally, this code should always work:

{code:java}
Node node = ...
session.getNodeByIdentifier(node.getIdentifier());
if ( node.isNodeType(""mix:referenceable"") {
    session.getNodeByIdentifier(node.getProperty(""jcr:uuid"").getString());
}
{code}

However, the second call to ""getNodeByIdentifier()"" with the ""jcr:uuid"" property value does not work if ""{{node}}"" happens to be under ""/jcr:system"".",,,
932,MODE-1774,"When starting up AS 7.1.1 with ModeShape deployed, the following error messages are logged for each of the configured repositories:

{{11:34:48,866 ERROR [org.modeshape.jcr.JcrRepositoryFactory] (MSC service thread 1-7) The 'sample' repository in the ModeShape engine in JNDI at 'jcr' is not running or has been shutdown}}

They seem to be benign (don't prevent the repository from working), but we should handle these messages which are most likely factory/url related.",,,
935,MODE-1773,"The projection expressions used in a configuration are too constrained: they only allow alpha-numeric and underscore characters within path segments. 

{code}
(\w+):(/([a-zA-Z_0-9]/{0,1})+)\s*=>\s*([/a-zA-Z_0-9]+)
{code}

This is too restrictive.",,,
937,MODE-1772,"UPDATE: I've changed the title to reflect the actual problem. Creating a node within a projection causes the node identifier to be a generated UUID. In this case, the file system connector is not capable of handling such nodes. IMO, the generation of the node key should be delegated to the DocumentStore (though this is a relatively big change).

Here is Ivan's original description:
----

I went to modeshape-examples/modeshape-filesystem-store-example and configured example with federation and here is how  https://github.com/vasilievip/modeshape-examples/tree/federation2

When I run main method - I see issue #1 which is configuration parsing and known issue: see MODE-1765
{code}
javax.jcr.RepositoryException: Error while starting 'FederatedRepository' repository: No match found
          at org.modeshape.jcr.JcrRepository.login(JcrRepository.java:613)
          at org.modeshape.jcr.JcrRepository.login(JcrRepository.java:580)
          at org.modeshape.jcr.JcrRepository.login(JcrRepository.java:149)
          at org.modeshape.example.filesystem.ModeShapeExample.main(ModeShapeExample.java:59)
          at sun.reflect.NativeMethodAccessorImpl.invoke0(Native Method)
          at sun.reflect.NativeMethodAccessorImpl.invoke(NativeMethodAccessorImpl.java:57)
          at sun.reflect.DelegatingMethodAccessorImpl.invoke(DelegatingMethodAccessorImpl.java:43)
          at java.lang.reflect.Method.invoke(Method.java:601)
          at com.intellij.rt.execution.application.AppMain.main(AppMain.java:120)
Caused by: java.lang.IllegalStateException: No match found
          at java.util.regex.Matcher.group(Matcher.java:485)
          at org.modeshape.jcr.RepositoryConfiguration$Federation$ProjectionConfiguration.<init>(RepositoryConfiguration.java:2004)
          at org.modeshape.jcr.RepositoryConfiguration$Federation.getProjections(RepositoryConfiguration.java:1969)
          at org.modeshape.jcr.JcrRepository$RunningState.<init>(JcrRepository.java:1053)
          at org.modeshape.jcr.JcrRepository$RunningState.<init>(JcrRepository.java:966)
          at org.modeshape.jcr.JcrRepository.doStart(JcrRepository.java:354)
          at org.modeshape.jcr.JcrRepository.login(JcrRepository.java:611)
          ... 8 more
{code}
When I run unit test - I see issue #2 which is UUID in filestore and subject for this bug.",,,
949,MODE-1769,"When using cache store with write-behind strategy (async) as backend for infinispan, following exception is thrown while logging into repository:

{noformat}
ISPN000136: Execution error
org.infinispan.marshall.NotSerializableException: Object of type class org.infinispan.schematic.internal.SchematicEntryLiteral expected to be marshallable
Caused by: javax.jcr.RepositoryException: Error while starting 'Database-Persisted-Repository' repository: Object of type class org.infinispan.schematic.internal.SchematicEntryLiteral expected to be marshallable
          at org.modeshape.jcr.JcrRepository.login(JcrRepository.java:613)
          at org.modeshape.jcr.JcrRepository.login(JcrRepository.java:570)
          at org.modeshape.jcr.JcrRepository.login(JcrRepository.java:149)
          ...
          {noformat}

Note that this is only happening when the cache store is configured to use async write (<async enabled=""true"" threadPoolSize=""10"" />). Without this, everything works as expected.

Example standalone Maven reproducer attached (just run ""mvn test"").",,,
954,MODE-1765,"I installed modeshape-3.1.0.Final-jbossas-71-dist.zip into an AS I installed from jboss-as-7.1.1.Final.zip. I ran the server using this command: 

./standalone.sh -c=standalone-modeshape.xml.

Here is the first error from the log:

13:23:26,497 ERROR [org.modeshape.jcr.JcrRepositoryFactory] (MSC service thread 1-1) The 'preconfiguredRepository' repository in the ModeShape engine in JNDI at 'jcr' is not running or has been shutdown.

I will attach logs.",,,
971,MODE-1762,"Some sequencers (e.g. like the image sequencer) may not always be closing the binary value's InputStream, resulting in an unreleased read lock on the binary value.",,,
982,MODE-1760,"In modeshape-jca there is a dependency on ironjacamar-deployers-fungal. Test scoped dependencies should not be needed to compile standard code in src/main/java - if this dependency is commented out then a lot of code modeshape-jca/src/main/java/org/modeshape/jca/ fails to compile.

Should 

{code:xml}
        <dependency>
            <groupId>org.jboss.spec.javax.resource</groupId>
            <artifactId>jboss-connector-api_1.6_spec</artifactId>
            <version>1.0.1.Final</version>
        </dependency>
{code}

be added as an explicit dependency?
",,,
985,MODE-1751,"1. Create node, assing to its (hard) reference property other node.
2. Save node
3. Assign again same node to the same property.
4. Execute update and save
5. Execute remove - leads to - referential integrity exception

When nodes reference property is set to the same value during update operation, in SessionNode class, removeStrongReferrer is executed, it add key to removedStrong; then addStrongReferrer is executed, it adds key to addedStrong and removes from removedStrong value added before (by removeStrongReferrer).
 But in reality state has not changed, but still operations result: addedStrong contains new value.
 
So it seems that node probably might then contain two references to the same object (one invalid). So during delete (of that referenced value) it fails due to that second existing somewhere reference  (first is removed with referrer) which is invalid and 'floats' somewhere in the system?",,,
989,MODE-1750,"1. Defined types
Typ A
property name
property reference 'ref'
 
Type B
property name
property reference 'ref'
 
2. Value in repository

type a, name 'something' , ref =empty (null)
 
3. Query:
 
SELECT a.* FROM [a] LEFT OUTER JOIN [b] ON a.[ref] = b.[jcr:uuid]
  
4. Result of query = empty, should be contained element

In source code:
NestedLoopJoinComponent class  in case LEFT_OUTER/RIGH_OUTER: 

{noformat}
Object leftValue = leftSelector.evaluate(leftTuple);
     if (leftValue == null) {
            continue;
     }
{noformat}
leftValue is null - because my ref is empty. continue is executed so nothing added to results.",,,
991,MODE-1748,"When trying to import XML content into repository, following exception is thrown: {noformat}javax.jcr.version.VersionException: '<node-path>' (or its nearest versionable ancestor) is checked in, preventing this action{noformat}

This seems same or at least related to MODE-1450. Tested with 3.0.1.Final and 3.1-SNAPSHOT

Stacktrace and sample xml attached.

",,,
1008,MODE-1747,"Although ModeShape 3.1 is built to run with Infinispan 5.1.2.FINAL, it is possible to run with later versions of Infinispan, including 5.1.8.Final and even 5.2 (the latest we tested was 5.2.0.Beta6).

However, Infinispan 5.2.x will now report an error if multiple cache containers are started within the same process. Each ModeShape repository uses one cache container for the repository content, but this container is specified in the repository's JSON configuration file and can easily be changed to include the following fragment in the XML:

{code:xml}
<infinispan ...>
    <global>
        <globalJmxStatistics jmsDomain=""myRepository""/>
        <!-- etc. -->
    </global>
    <!-- etc. -->
</infinispan>
{code}

where ""{{myRepository}}"" matches the name of the ModeShape repository.

However, each ModeShape repository also internally uses another cache container for caches of the node objects. This cache container is configured with by the ""{{org.modeshape.jcr.default_workspace_cache-config.xml}}"" file (on the classpath), though a different file can be specified in the repository's JSON configuration file via the ""{{workspaces.cacheContainer}}"" field.

When running with Infinispan 5.2, however, using the built-in ""{{org.modeshape.jcr.default_workspace_cache-config.xml}}"" file results in an exception that prevents the repository from starting.

See the [Infinispan documentation|https://docs.jboss.org/author/display/ISPN/Management+Tooling#ManagementTooling-MultipleJMXDomains] for more detail.",,,
1009,MODE-1746,"It is possible for multiple threads to deadlock after concurrently create a session, modify several nodes, and save the session. For example, assume that two nodes, A and B, exist. Then if thread 1 sets a property on A then a property on B, while thread 2 uses its session to set a property on B then a property on A, the two threads will deadlock. If Infinispan is configured with deadlock detection, then after the configured amount of time (e.g., 10 seconds is the default) one of the threads will fail with a {{org.infinispan.util.concurrent.TimeoutException}} while the other may succeed.",,,
1055,MODE-1745,"We are still having some issues. I am not sure if it is related to the previous issue or not. The problem occurs when we start up two separate servers. When the second server comes up, it appears that the repository from the first server gets corrupted. I have attached another sample application that will exhibit the behavior. The class for the new sample app is com.pb.spring.Main and it takes an integer as a command line input as well as setting up the aspectj weaver. The main difference here is that we are using the atomikos transaction manager.

To run this, just execute one instance with ‘1’ as the command line value and let it run up until it starts looping and reading/creating nodes. Then start the second instance using ‘2’ as the command line value. It will need to run for a couple of minutes before you see the issue. If you look at the time stamps you can see that it appears to be happening on transactional boundaries.

Here is an example command line without the classpath since it is pretty long:

java -XX:MaxPermSize=192m -javaagent:aspectjweaver-1.7.1.jar -classpath ... com.pb.spring.Main 1

Here is the stack trace we are seeing:

{code}
Exception in thread ""main"" java.lang.NullPointerException
                at org.modeshape.jcr.JcrSession.cachedNode(JcrSession.java:524)
                at org.modeshape.jcr.JcrSession.node(JcrSession.java:547)
                at org.modeshape.jcr.AbstractJcrNode.getNode(AbstractJcrNode.java:772)
                at org.modeshape.jcr.AbstractJcrNode.getNode(AbstractJcrNode.java:107)
                at com.pb.spring.Main.readNode(Main.java:40)
                at com.pb.spring.Main.main(Main.java:82)
                at sun.reflect.NativeMethodAccessorImpl.invoke0(Native Method)
                at sun.reflect.NativeMethodAccessorImpl.invoke(NativeMethodAccessorImpl.java:39)
                at sun.reflect.DelegatingMethodAccessorImpl.invoke(DelegatingMethodAccessorImpl.java:25)
                at java.lang.reflect.Method.invoke(Method.java:597)
                at com.intellij.rt.execution.application.AppMain.main(AppMain.java:120)
{code}
",,,
1101,MODE-1743,"Building modeshape gives warnings on using integration-scope in scopes e.g.:

{code:none}
[WARNING] Some problems were encountered while building the effective model for org.modeshape:modeshape-web-jcr-rest-war:war:3.1-SNAPSHOT
[WARNING] 'dependencies.dependency.scope' for org.modeshape:modeshape-jcr:jar must be one of [provided, compile, runtime, test, system] but is 'integration-test'. @ line 36, column 20
[WARNING] 
{code}

While integration-test is a valid phase its not a valid scope and should probably be changed to test.

",,,
1106,MODE-1742,"When parsing certain commits (most likely commits involving 3-way conflict resolution merging) an exception is thrown:

{code}
org.modeshape.jcr.cache.DocumentStoreException: /commit/e2e665fab36a1d35f1399e95433229a0ba27623f
	at org.modeshape.connector.git.GitConnector.getDocumentById(GitConnector.java:228)
	at org.modeshape.jcr.federation.FederatedDocumentStore.get(FederatedDocumentStore.java:230)
	at org.modeshape.jcr.cache.document.WorkspaceCache.documentFor(WorkspaceCache.java:142)
	at org.modeshape.jcr.cache.document.WorkspaceCache.documentFor(WorkspaceCache.java:155)
	at org.modeshape.jcr.cache.document.WorkspaceCache.getNode(WorkspaceCache.java:178)
	at org.modeshape.jcr.cache.document.AbstractSessionCache.getNode(AbstractSessionCache.java:171)
	at org.modeshape.jcr.cache.document.WritableSessionCache.getNode(WritableSessionCache.java:144)
	at org.modeshape.jcr.JcrSession.node(JcrSession.java:412)
	at org.modeshape.jcr.AbstractJcrNode$ChildNodeResolver.nodeFrom(AbstractJcrNode.java:3396)
	at org.modeshape.jcr.JcrChildNodeIterator.nextNode(JcrChildNodeIterator.java:113)
	at org.modeshape.jcr.AbstractJcrRepositoryTest.navigate(AbstractJcrRepositoryTest.java:292)
	at org.modeshape.connector.git.GitConnectorTest.shouldReadCommitSubgraph(GitConnectorTest.java:113)
	at sun.reflect.NativeMethodAccessorImpl.invoke0(Native Method)
	at sun.reflect.NativeMethodAccessorImpl.invoke(NativeMethodAccessorImpl.java:39)
	at sun.reflect.DelegatingMethodAccessorImpl.invoke(DelegatingMethodAccessorImpl.java:25)
	at org.junit.runners.model.FrameworkMethod$1.runReflectiveCall(FrameworkMethod.java:45)
	at org.junit.internal.runners.model.ReflectiveCallable.run(ReflectiveCallable.java:15)
	at org.junit.runners.model.FrameworkMethod.invokeExplosively(FrameworkMethod.java:42)
	at org.junit.internal.runners.statements.InvokeMethod.evaluate(InvokeMethod.java:20)
	at org.junit.internal.runners.statements.RunBefores.evaluate(RunBefores.java:28)
	at org.junit.internal.runners.statements.RunAfters.evaluate(RunAfters.java:30)
	at org.junit.runners.ParentRunner.runLeaf(ParentRunner.java:263)
	at org.junit.runners.BlockJUnit4ClassRunner.runChild(BlockJUnit4ClassRunner.java:68)
	at org.junit.runners.BlockJUnit4ClassRunner.runChild(BlockJUnit4ClassRunner.java:47)
	at org.junit.runners.ParentRunner$3.run(ParentRunner.java:231)
	at org.junit.runners.ParentRunner$1.schedule(ParentRunner.java:60)
	at org.junit.runners.ParentRunner.runChildren(ParentRunner.java:229)
	at org.junit.runners.ParentRunner.access$000(ParentRunner.java:50)
	at org.junit.runners.ParentRunner$2.evaluate(ParentRunner.java:222)
	at org.junit.internal.runners.statements.RunBefores.evaluate(RunBefores.java:28)
	at org.junit.internal.runners.statements.RunAfters.evaluate(RunAfters.java:30)
	at org.junit.runners.ParentRunner.run(ParentRunner.java:300)
	at org.junit.runner.JUnitCore.run(JUnitCore.java:157)
	at com.intellij.junit4.JUnit4IdeaTestRunner.startRunnerWithArgs(JUnit4IdeaTestRunner.java:76)
	at com.intellij.rt.execution.junit.JUnitStarter.prepareStreamsAndStart(JUnitStarter.java:195)
	at com.intellij.rt.execution.junit.JUnitStarter.main(JUnitStarter.java:63)
	at sun.reflect.NativeMethodAccessorImpl.invoke0(Native Method)
	at sun.reflect.NativeMethodAccessorImpl.invoke(NativeMethodAccessorImpl.java:39)
	at com.intellij.rt.execution.application.AppMain.main(AppMain.java:120)
Caused by: java.lang.IllegalArgumentException: TreeWalk should have exactly two trees.
	at org.eclipse.jgit.diff.DiffEntry.scan(DiffEntry.java:138)
	at org.eclipse.jgit.diff.DiffEntry.scan(DiffEntry.java:114)
	at org.modeshape.connector.git.GitCommitDetails.computeDifferences(GitCommitDetails.java:164)
	at org.modeshape.connector.git.GitCommitDetails.execute(GitCommitDetails.java:119)
	at org.modeshape.connector.git.GitConnector.getDocumentById(GitConnector.java:223)
	... 41 more
{code}

The commit on which it fails is: 
{code}
commit e2e665fab36a1d35f1399e95433229a0ba27623f
Merge: 1e63519 85b135a
Author: Randall Hauch <rhauch@gmail.com>
Date:   Wed Dec 5 17:01:10 2012 -0600

    MODE-1513 Merge branch 'federation' into 'master'

    Conflicts:
        modeshape-jcr/src/main/java/org/modeshape/jcr/JcrRepository.java
        modeshape-jcr/src/test/java/org/modeshape/jcr/JcrNodeTypesTest.java
        modeshape-jcr/src/test/java/org/modeshape/jcr/JcrRepositoryStartupTest.java
{code}

This can be reproduced by running the {{shouldReadCommitSubgraph}} test with a large enough number of nodes so that the above commit is part of the result.",,,
1116,MODE-1740,"I see NullPointerException during creation of workspace entity. After debugging I found that apache provided bean validation library used by hibernate on Websphere 8. Exception occurred on preInsert() phase, when BeanValidationEventListener#validate was called.
This exception happends because org.apache.bval.jsr303.GroupValidationContextImpl uses HashMap to execute some validation operations and WorksapaceEntity has hashCode() implementation which assumes that id is not null:
{code}return id.hashCode(){code},  but on preInsert phase id is null.
I see that NodeEntity has ID declared as ""long"" primitive, but WorkspaceEntity, NamespaceEntity and ChangeLogEntity has ID declared as ""Long"" wrapper.
Also there is DNA_CHANGELOG, DNA_WORKSPACES and DNA_NAMESPACES old table names.",,,
1124,MODE-1738,"The following query

{code}
SELECT s.[inf:name] FROM [inf:patient] AS p JOIN [inf:section] AS s ON ISCHILDNODE(s, p) WHERE p.[inf:masterNs] = $ns AND p.[inf:masterId] = $urno ORDER BY s.[inf:name]
{code}

gives a class cast exception

{code}
java.lang.IndexOutOfBoundsException: Index: 19, Size: 1
        at java.util.ArrayList.RangeCheck(ArrayList.java:547)
        at java.util.ArrayList.get(ArrayList.java:322)
        at java.util.Collections$UnmodifiableList.get(Collections.java:1152)
        at org.modeshape.jcr.query.process.ProcessingComponent.createDynamicOperation(ProcessingComponent.java:160)
        at org.modeshape.jcr.query.process.SortValuesComponent.createSortComparator(SortValuesComponent.java:127)
        at org.modeshape.jcr.query.process.SortValuesComponent.createSortComparator(SortValuesComponent.java:83)
        at org.modeshape.jcr.query.process.SortValuesComponent.<init>(SortValuesComponent.java:53)
        at org.modeshape.jcr.query.process.QueryProcessor.createComponent(QueryProcessor.java:346)
        at org.modeshape.jcr.query.process.QueryProcessor.execute(QueryProcessor.java:88)
        at org.modeshape.jcr.query.process.QueryEngine.execute(QueryEngine.java:140)
        at org.modeshape.jcr.query.lucene.LuceneQueryEngine$1.getResults(LuceneQueryEngine.java:151)
        at org.modeshape.jcr.query.JcrQuery.execute(JcrQuery.java:119)
        at au.com.infomedix.modeshapetest.AppTest.testJoinAndOrderBy(AppTest.java:87)
        at sun.reflect.NativeMethodAccessorImpl.invoke0(Native Method)
        at sun.reflect.NativeMethodAccessorImpl.invoke(NativeMethodAccessorImpl.java:39)
        at sun.reflect.DelegatingMethodAccessorImpl.invoke(DelegatingMethodAccessorImpl.java:25)
        at java.lang.reflect.Method.invoke(Method.java:597)
        at org.junit.runners.model.FrameworkMethod$1.runReflectiveCall(FrameworkMethod.java:45)
        at org.junit.internal.runners.model.ReflectiveCallable.run(ReflectiveCallable.java:15)
        at org.junit.runners.model.FrameworkMethod.invokeExplosively(FrameworkMethod.java:42)
        at org.junit.internal.runners.statements.InvokeMethod.evaluate(InvokeMethod.java:20)
        at org.junit.internal.runners.statements.RunBefores.evaluate(RunBefores.java:28)
        at org.junit.internal.runners.statements.RunAfters.evaluate(RunAfters.java:30)
        at org.junit.runners.ParentRunner.runLeaf(ParentRunner.java:263)
        at org.junit.runners.BlockJUnit4ClassRunner.runChild(BlockJUnit4ClassRunner.java:68)
        at org.junit.runners.BlockJUnit4ClassRunner.runChild(BlockJUnit4ClassRunner.java:47)
        at org.junit.runners.ParentRunner$3.run(ParentRunner.java:231)
        at org.junit.runners.ParentRunner$1.schedule(ParentRunner.java:60)
        at org.junit.runners.ParentRunner.runChildren(ParentRunner.java:229)
        at org.junit.runners.ParentRunner.access$000(ParentRunner.java:50)
        at org.junit.runners.ParentRunner$2.evaluate(ParentRunner.java:222)
        at org.junit.runners.ParentRunner.run(ParentRunner.java:300)
        at org.apache.maven.surefire.junit4.JUnit4TestSet.execute(JUnit4TestSet.java:53)
        at org.apache.maven.surefire.junit4.JUnit4Provider.executeTestSet(JUnit4Provider.java:123)
        at org.apache.maven.surefire.junit4.JUnit4Provider.invoke(JUnit4Provider.java:104)
        at sun.reflect.NativeMethodAccessorImpl.invoke0(Native Method)
        at sun.reflect.NativeMethodAccessorImpl.invoke(NativeMethodAccessorImpl.java:39)
        at sun.reflect.DelegatingMethodAccessorImpl.invoke(DelegatingMethodAccessorImpl.java:25)
        at java.lang.reflect.Method.invoke(Method.java:597)
        at org.apache.maven.surefire.util.ReflectionUtils.invokeMethodWithArray(ReflectionUtils.java:164)
        at org.apache.maven.surefire.booter.ProviderFactory$ProviderProxy.invoke(ProviderFactory.java:110)
        at org.apache.maven.surefire.booter.SurefireStarter.invokeProvider(SurefireStarter.java:175)
        at org.apache.maven.surefire.booter.SurefireStarter.runSuitesInProcessWhenForked(SurefireStarter.java:107)
        at org.apache.maven.surefire.booter.ForkedBooter.main(ForkedBooter.java:68)
{code}

See the attached test case that shows a working query without orderby and the same query with an orderby that gets the exception.
",,,
1132,MODE-1737,"Executing the query

{code}
SELECT DISTINCT p.* FROM [inf:patient] AS p JOIN [inf:section] AS s ON ISCHILDNODE(s, p) where s.[inf:name] <> $sectionname
{code}

causes a class cast exception if there is more than one patient node matched.

{code}
java.lang.ClassCastException: java.lang.String cannot be cast to org.modeshape.jcr.query.QueryResults$Location
        at org.modeshape.jcr.query.process.DistinctComponent.execute(DistinctComponent.java:56)
        at org.modeshape.jcr.query.process.QueryProcessor.execute(QueryProcessor.java:96)
        at org.modeshape.jcr.query.process.QueryEngine.execute(QueryEngine.java:140)
        at org.modeshape.jcr.query.lucene.LuceneQueryEngine$1.getResults(LuceneQueryEngine.java:151)
        at org.modeshape.jcr.query.JcrQuery.execute(JcrQuery.java:119)
        at au.com.infomedix.modeshapetest.AppTest.testSelectDistinctTwoResults(AppTest.java:122)
        at sun.reflect.NativeMethodAccessorImpl.invoke0(Native Method)
        at sun.reflect.NativeMethodAccessorImpl.invoke(NativeMethodAccessorImpl.java:39)
        at sun.reflect.DelegatingMethodAccessorImpl.invoke(DelegatingMethodAccessorImpl.java:25)
        at java.lang.reflect.Method.invoke(Method.java:597)
        at org.junit.runners.model.FrameworkMethod$1.runReflectiveCall(FrameworkMethod.java:45)
        at org.junit.internal.runners.model.ReflectiveCallable.run(ReflectiveCallable.java:15)
        at org.junit.runners.model.FrameworkMethod.invokeExplosively(FrameworkMethod.java:42)
        at org.junit.internal.runners.statements.InvokeMethod.evaluate(InvokeMethod.java:20)
        at org.junit.internal.runners.statements.RunBefores.evaluate(RunBefores.java:28)
        at org.junit.internal.runners.statements.RunAfters.evaluate(RunAfters.java:30)
        at org.junit.runners.ParentRunner.runLeaf(ParentRunner.java:263)
        at org.junit.runners.BlockJUnit4ClassRunner.runChild(BlockJUnit4ClassRunner.java:68)
        at org.junit.runners.BlockJUnit4ClassRunner.runChild(BlockJUnit4ClassRunner.java:47)
        at org.junit.runners.ParentRunner$3.run(ParentRunner.java:231)
        at org.junit.runners.ParentRunner$1.schedule(ParentRunner.java:60)
        at org.junit.runners.ParentRunner.runChildren(ParentRunner.java:229)
        at org.junit.runners.ParentRunner.access$000(ParentRunner.java:50)
        at org.junit.runners.ParentRunner$2.evaluate(ParentRunner.java:222)
        at org.junit.runners.ParentRunner.run(ParentRunner.java:300)
        at org.apache.maven.surefire.junit4.JUnit4TestSet.execute(JUnit4TestSet.java:53)
        at org.apache.maven.surefire.junit4.JUnit4Provider.executeTestSet(JUnit4Provider.java:123)
        at org.apache.maven.surefire.junit4.JUnit4Provider.invoke(JUnit4Provider.java:104)
        at sun.reflect.NativeMethodAccessorImpl.invoke0(Native Method)
        at sun.reflect.NativeMethodAccessorImpl.invoke(NativeMethodAccessorImpl.java:39)
        at sun.reflect.DelegatingMethodAccessorImpl.invoke(DelegatingMethodAccessorImpl.java:25)
        at java.lang.reflect.Method.invoke(Method.java:597)
        at org.apache.maven.surefire.util.ReflectionUtils.invokeMethodWithArray(ReflectionUtils.java:164)
        at org.apache.maven.surefire.booter.ProviderFactory$ProviderProxy.invoke(ProviderFactory.java:110)
        at org.apache.maven.surefire.booter.SurefireStarter.invokeProvider(SurefireStarter.java:175)
        at org.apache.maven.surefire.booter.SurefireStarter.runSuitesInProcessWhenForked(SurefireStarter.java:107)
        at org.apache.maven.surefire.booter.ForkedBooter.main(ForkedBooter.java:68)
{code}

If there is only one node matched then the query works and if the DISTINCT is removed from the query then the query works for multiple nodes matched.

Test case attached showing the three cases.
",,,
1144,MODE-1734,"When operating concurrent clients that create lots of nodes, not all nodes are properly saved. There are no problems when using a single client.

We have a created a test web app that receives json as data and saves that json as nodes and node properties. We have reproduced the problem both with infinspan configured with file cache and berkeley db cache. We have reproduced it both with infinispan configured to use OPTIMISTIC and PESSIMISTIC locking mode with a berkeley db cache.

See the comments for the details.",,,
1168,MODE-1733,"We are having a problem running ModeShape in a clustered environment. The issue arises when we attempt to define custom node types (via a .cnd file) in our .json repository configuration file. The first instance of Modeshape comes up fine. The problem is when the second instance comes up. We get a stack trace containing an NPE on both instances. This happens every time at startup. When we remove the reference to the .cnd file from the repository .json file, everything starts up properly.

This may to be related to MODE-1703, which appears to have been fixed back about 24 days ago, but we are still seeing a problem. Any help on this would be greatly appreciated. We are evaluating ModeShape as our repository of choice, and this is currently a blocker for us.",,,
1214,MODE-1731,"Under certain situations, {{AbstractJcrNode}} attempts to create a {{JcrSingleValuedProperty}} object when the property definition is multi-valued.

I ran into this when implementing the Git connector. The {{FederatedDocumentWriter.addProperty(...)}} methods that take an array of values will create an {{SingleValuedProperty}} object even when there is only one value; this is due to the assertions and documentation in the {{MultiValuedProperty}} class that there must be at least 2 values. So when a connector adds a property that has a multi-valued definition but only a single value, a {{SingleValuedProperty}} is used. Then, in {{AbstractJcrNode.createJcrProperty(...)}} method, the number of values is used to determine whether to create a {{JcrSingleValuedProperty}} or a {{JcrMultiValuedProperty}}, even though that same method has already determined the applicable property definition that knows whether it is multi-valued. 

(Note that the property definition is found by looking at the number of values. If the property is single-valued and only a multi-valued definition can be found, then the multi-valued definition will be used.)

Therefore, the {{AbstractJcrNode.createJcrProperty(...)}} method should use the property definition's knowledge about being multi-valued to determine whether to create a {{JcrSingleValuedProperty}} object or {{JcrMultiValuedProperty}} object.

I suspect this hasn't really been a problem because with 3.0.0 and 3.0.1, the values stored in Infinispan always matched the multiplicity of the definition. However, in 3.1 we now have connectors that are producing their own {{Document}} representations, and the multiplicity of the property may not match that of the definition.",,,
1273,MODE-1722,"Create a CND file with the following:

{code:none}
[myNodeType] > nt:hierarchyNode
 - path (uri) mandatory
{code}

Then go check the required type of the ""path"" property of this new node type (e.g. using {{modeshape-rest}}). The type of the ""path"" property is of ""String"" and not ""URI"".

A brief browse through the source of {{CndImporter.parsePropertyType}} method reveals the following:

{{PropertyTypeUtil.jcrPropertyTypeFor}} converts URI type into STRING, whereas the reverse conversion method {{modePropertyTypeFor}} converts it correctly from JCR's URI to Modeshape's URI enum value.

This seems like the method has not been updated to support the new ""URI"" property type for JCR 2.0.",,,
1276,MODE-1721,"When renaming a node (i.e. keeping the same parent) using Session.move(srcPath, destPath), where the parent node doesn't allow same name siblings, the following exception is thrown:

{code:java}
Caused by: javax.jcr.ItemExistsException: A node definition that allows same name siblings could not be found for the node ...
{code}

This seems to be caused by the following line in JcrSession.move:

{code:java}
destParentNode.validateChildNodeDefinition(srcNode.name(), srcNode.getPrimaryTypeName(), true);
{code}

I think it should read the following instead:

{code:java}
destParentNode.validateChildNodeDefinition(destPath.getLastSegment().getName(), srcNode.getPrimaryTypeName(), true);
{code}",,,
1278,MODE-1720,"Create a multi-value property of reference type, then doing the following will give truncated node identifiers:

{code:java}
Property prop = node.getProperty(""propname"");
Value[] values = prop.getValues();

for (Value value : values) {
   String referencedId = value.getString(); // the ID is truncated!
   Node node = session.getNodeByIdentifier(referenceId); // throws ItemNotFoundException
}
{code}

After some brief investigation it seems that the fault might be in DocumentTranslator.createReferenceFromString where valueStr only contains the node identifier with no source or workspace keys. This is passed to the NodeKey(String) constructor, where it expects a key but instead receives an identifier.

When NodeKey.getIdentifier() is called later, the identifier is truncated, as the NodeKey was not constructed correctly.",,,
1331,MODE-1717,"Initialisation of a new repository seems to fail if the initialisation occurs within a running transaction. Running 
{noformat}
mvn clean test -Dtest=org.modeshape.test.integration.StatelessRepositoryProviderIntegrationTest
{noformat}
 in integration/modeshape-jbossas-integration-tests will show the problem. 

There are more details in the linked forum article.
",,,
1336,MODE-1715,"I am trying to use variable replacement in the repository json configuration file to dynamically set the location of the repository files at startup. However, I have found that it is not working. Upon closer inspection of the code, I see the following call in the org.modeshape.jcr.RepositoryConfiguration class:
 
{code:java}
    protected static Document replaceSystemPropertyVariables( Document doc ) {
        if (doc.isEmpty()) return doc;
        Document modified = doc.withVariablesReplacedWithSystemProperties();
        if (modified == doc) return doc;
 
 
        // Otherwise, we changed some values. Note that the system properties can only be used in
        // string values, whereas the schema may expect non-string values. Therefore, we need to validate
        // the document against the schema and possibly perform some conversions of values ...
        return SCHEMA_LIBRARY.convertValues(doc, JSON_SCHEMA_URI);
    }
{code}

From this, it looks like the 'modified' document is created, then it is ignored and not sent back to the caller. This means that the variable replacement is not getting back to the caller. I can see that the variables are properly replaced in the 'modified' document, but they are not replaced in the returned document. It would seem that we should use 'modified' in the call to convertValues().",,,
1338,MODE-1700,The model annotation's annotated object for a model import is not the UUID of the model import; but is the UUID of the model being imported. An exception is thrown when this occurs as the sequencer assumes the UUID to be from the model import object.,,,
1396,MODE-1693,"A JDBC configuration without transactions configured fails with a null pointer exception. 

{code}
javax.jcr.RepositoryException: Error while starting 'DataRepository' repository: null
          at org.modeshape.jcr.JcrRepository.login(JcrRepository.java:611)
          at org.modeshape.jcr.JcrRepository.login(JcrRepository.java:568)
          at org.modeshape.jcr.JcrRepository.login(JcrRepository.java:147)
          at au.com.infomedix.notransaction.TransactionTest.simpleAccess(TransactionTest.java:76)
          at sun.reflect.NativeMethodAccessorImpl.invoke0(Native Method)
          at sun.reflect.NativeMethodAccessorImpl.invoke(NativeMethodAccessorImpl.java:39)
          at sun.reflect.DelegatingMethodAccessorImpl.invoke(DelegatingMethodAccessorImpl.java:25)
          at java.lang.reflect.Method.invoke(Method.java:597)
          at org.junit.runners.model.FrameworkMethod$1.runReflectiveCall(FrameworkMethod.java:44)
          at org.junit.internal.runners.model.ReflectiveCallable.run(ReflectiveCallable.java:15)
          at org.junit.runners.model.FrameworkMethod.invokeExplosively(FrameworkMethod.java:41)
          at org.junit.internal.runners.statements.InvokeMethod.evaluate(InvokeMethod.java:20)
          at org.junit.internal.runners.statements.RunBefores.evaluate(RunBefores.java:28)
          at org.junit.internal.runners.statements.RunAfters.evaluate(RunAfters.java:31)
          at org.junit.runners.BlockJUnit4ClassRunner.runNotIgnored(BlockJUnit4ClassRunner.java:79)
          at org.junit.runners.BlockJUnit4ClassRunner.runChild(BlockJUnit4ClassRunner.java:71)
          at org.junit.runners.BlockJUnit4ClassRunner.runChild(BlockJUnit4ClassRunner.java:49)
          at org.junit.runners.ParentRunner$3.run(ParentRunner.java:193)
          at org.junit.runners.ParentRunner$1.schedule(ParentRunner.java:52)
          at org.junit.runners.ParentRunner.runChildren(ParentRunner.java:191)
          at org.junit.runners.ParentRunner.access$000(ParentRunner.java:42)
          at org.junit.runners.ParentRunner$2.evaluate(ParentRunner.java:184)
          at org.junit.internal.runners.statements.RunBefores.evaluate(RunBefores.java:28)
          at org.junit.runners.ParentRunner.run(ParentRunner.java:236)
          at org.eclipse.jdt.internal.junit4.runner.JUnit4TestReference.run(JUnit4TestReference.java:50)
          at org.eclipse.jdt.internal.junit.runner.TestExecution.run(TestExecution.java:38)
          at org.eclipse.jdt.internal.junit.runner.RemoteTestRunner.runTests(RemoteTestRunner.java:467)
          at org.eclipse.jdt.internal.junit.runner.RemoteTestRunner.runTests(RemoteTestRunner.java:683)
          at org.eclipse.jdt.internal.junit.runner.RemoteTestRunner.run(RemoteTestRunner.java:390)
          at org.eclipse.jdt.internal.junit.runner.RemoteTestRunner.main(RemoteTestRunner.java:197)
Caused by: java.lang.NullPointerException
          at org.modeshape.jcr.txn.SynchronizedTransactions.begin(SynchronizedTransactions.java:60)
          at org.modeshape.jcr.cache.document.WritableSessionCache.save(WritableSessionCache.java:362)
          at org.modeshape.jcr.cache.document.WritableSessionCache.save(WritableSessionCache.java:337)
          at org.modeshape.jcr.cache.RepositoryCache.<init>(RepositoryCache.java:174)
          at org.modeshape.jcr.JcrRepository$RunningState.<init>(JcrRepository.java:1069)
          at org.modeshape.jcr.JcrRepository$RunningState.<init>(JcrRepository.java:960)
          at org.modeshape.jcr.JcrRepository.doStart(JcrRepository.java:352)
          at org.modeshape.jcr.JcrRepository.login(JcrRepository.java:609)
          ... 29 more{code}

See the forum reference for details and a test case.
",,,
1402,MODE-1692,"When configuring the worker properties of the search factory based on the values coming from the JSON configuration, the keys used for those properties aren't valid.

e.g. _hibernate.search.worker.execution_ should be _hibernate.search.default.worker.execution_",,,
1403,MODE-1691,"The repository configuration JSON Schema defines a field for only the JNDI name of the JDBC DataSource, even though the RepositoryConfiguration actually allows alternative properties for the driver classname, username, url, and password.

This should be an easy fix.",,,
1408,MODE-1690,"When AS7 is configured with a custom authentication provider, upon server start-up the provider seems to be ignored(removed) from the XML configuration.",,,
1435,MODE-1689,"When meta data are read from an infinispan cache (data saved in database) an  java.io.InvalidClassException was thrown, because no public default constructor was definied in org.modeshape.jcr.value.binary.infinispan.Metadata.
",,,
1437,MODE-1687,"When importing CND files into a repository at startup, any custom namespaces are ignored from those files.",,,
1441,MODE-1685,"I have the following simple test case for this problem:

1) Create NodeA
2) Create NodeB
3) Create NodeB/Rel with reference property pointing to Node A
4) session.save()
5) Delete NodeB (should delete all its children + refs?)
6) session.save()
7) Delete NodeA (should be ok to do if B was deleted)
8) session.save() ==> results in Referential Integrity Error

It seems that the reference from the property in NodeB/Rel is not deleted when NodeB is deleted.",,,
1449,MODE-1681,"LOCK method can take two forms in WebDAV. One form contains the owner as a nested element, in the second form owner information is inserted directly as text.

{code}
<D:lockinfo xmlns:D='DAV:'>
  <D:lockscope><D:exclusive/></D:lockscope>
  <D:locktype><D:write/></D:locktype>
  <D:owner>
       <D:href>http://www.ics.uci.edu/~ejw/contact.html</D:href>
  </D:owner>
</D:lockinfo>
{code}

{code}
<D:lockinfo xmlns:D='DAV:'>
  <D:lockscope><D:exclusive/></D:lockscope>
  <D:locktype><D:write/></D:locktype>
  <D:owner>username</D:owner>
</D:lockinfo>
{code}

When the second form is used ModeShape tries getting child DOM node from text node. It returns {{null}} and results in NullPointerException:

{code}
java.lang.NullPointerException
	at org.modeshape.webdav.methods.DoLock.getLockInformation(DoLock.java:397)
	at org.modeshape.webdav.methods.DoLock.executeLock(DoLock.java:270)
	at org.modeshape.webdav.methods.DoLock.doLocking(DoLock.java:156)
	at org.modeshape.webdav.methods.DoLock.doLock(DoLock.java:128)
	at org.modeshape.webdav.methods.DoLock.execute(DoLock.java:109)
	at org.modeshape.webdav.WebDavServletBean.service(WebDavServletBean.java:137)
	at org.modeshape.web.jcr.webdav.ModeShapeWebdavServlet.service(ModeShapeWebdavServlet.java:121)
	at javax.servlet.http.HttpServlet.service(HttpServlet.java:848)
{code}",,,
1450,MODE-1679,Trying to do a JOIN using a multi-value reference property as part of the join condition.  Will attach a Maven project that illustrates the problem.,,,
1455,MODE-1674,"The repository restore feature does not appear to be working. The existing {{RepositoryRestoreTest}} isn't helping, because it does not assert anything meaningful in the restore repository, on the restored content.

This can be reproduced with the following steps:
* change RepositoryRestoreTest so that some simple data structure is used (e.g. io/cars-system-view.xml)
* after checking that the restore operation did not have any problems, assert that the actual content is in the repository/ws on which the restore was performed",,,
1474,MODE-1670,"The changes made for MODE-1613, seem to be causing a memory leak inside LazyCachedNode causing nodes from the workspace cache to not be collected by the GC.

One possible explanation is the following: the {{parentReferenceToSelfParent}} is a {{CachedNode}} reference, which, in the case of a parent - child relationship, would cause the parent to still be referenceable even after being evicted/removed from the cache, as long as at least one of the referencing children is still cached.",,,
1475,MODE-1665,"AS7-4784 committed a month ago has removed the method setAlternates (amongst others) from the Builder class in {{controller/src/main/java/org/jboss/as/controller/SimpleListAttributeDefinition.java}} and this method is referenced from {{deploy/jbossas/modeshape-jbossas-subsystem/src/main/java/org/modeshape/jboss/subsystem/MappedListAttributeDefinition.java}}. 

After having built/installed the latest jboss-as-7.2.0.Alpha1-SNAPSHOT, building ModeShape with the ""as72"" profile using

{code}
mvn clean install -s settings.xml -Pintegration,as72
{code} 
 
results in a compilation error:
 
{code}
[ERROR] Failed to execute goal org.apache.maven.plugins:maven-compiler-plugin:2.3.2:compile (default-compile) on project modeshape-jbossas-subsystem: Compilation failure
[ERROR] /users/bwallis/InfoMedix/JBoss/ModeShape/workspace/modeshape-src/modeshape/deploy/jbossas/modeshape-jbossas-subsystem/src/main/java/org/modeshape/jboss/subsystem/MappedListAttributeDefinition.java:[408,19] cannot find symbol
[ERROR] symbol  : method setAlternates(java.lang.String[])
[ERROR] location: class org.jboss.as.controller.SimpleListAttributeDefinition.Builder
{code} 

The method {{setAlternates(String[])}} is now on the superclass of Builder and is renamed to {{setAlternatives(String[])}}.",,,
1488,MODE-1663,"According to the JCR spec (3.7.5.2), if a node is of a custom type and that type is a sub-type of {{mix:referenceable}}, the {{jcr:uuid}} property should be present when that node is created.",,,
1495,MODE-1659,"The new v2 REST API does not seem to return same name siblings. I have:
   /node
   /node[2]

The v1 REST API returns:

{noformat}
GET http://localhost:8080/modeshape-rest/v1/sample/default/items

{
  ""properties"": {
    ""jcr:primaryType"": ""mode:root"",
    ""jcr:uuid"": ""81513257505d64/""
  },
  ""children"": [
    ""jcr:system"",
    ""node"",
    ""node[2]""
  ]
}
{noformat}

However v2 returns:

{noformat}
GET http://localhost:8080/modeshape-rest/sample/default/items

{
  ""self"": ""http://localhost:8080/modeshape-rest/sample/default/items/"",
  ""up"": ""http://localhost:8080/modeshape-rest/sample"",
  ""jcr:primaryType"": ""{http://www.modeshape.org/1.0}root"",
  ""jcr:uuid"": ""81513257505d64/"",
  ""children"": {
    ""jcr:system"": {
      ""self"": ""http://localhost:8080/modeshape-rest/sample/default/items/jcr:system"",
      ""up"": ""http://localhost:8080/modeshape-rest/sample/default/items/""
    },
    ""node"": {
      ""self"": ""http://localhost:8080/modeshape-rest/sample/default/items/node[2]"",
      ""up"": ""http://localhost:8080/modeshape-rest/sample/default/items/""
    }
  }
}

{noformat}

",,,
1501,MODE-1655,"ModeShape currently allows registering node types with prefixes that are not valid JCR names, and thus is not as strict as it needs to be. For example, if a namespace is registered with the prefix {{foo:}} (including the trailing colon character), then the prefix is stored but then ModeShape produces an error when re-starting the repository:

{code}
13:52:32,290 ERROR Node types were read from the system content, and appear to be inconsistent or invalid: S-RAMP-Repository
org.modeshape.jcr.value.ValueFormatException: Error converting ""sramp:"" from String to a Name
	at org.modeshape.jcr.value.basic.NameValueFactory.create(NameValueFactory.java:126)
	at org.modeshape.jcr.value.basic.NameValueFactory.create(NameValueFactory.java:55)
	at org.modeshape.jcr.cache.document.DocumentTranslator.childReferenceFrom(DocumentTranslator.java:805)
	at org.modeshape.jcr.cache.document.DocumentTranslator.getChildReferences(DocumentTranslator.java:744)
	at org.modeshape.jcr.cache.document.LazyCachedNode.getChildReferences(LazyCachedNode.java:370)
	at org.modeshape.jcr.SystemContent.readAllNamespaces(SystemContent.java:648)
	at org.modeshape.jcr.SystemNamespaceRegistry.refreshFromSystem(SystemNamespaceRegistry.java:83)
	at org.modeshape.jcr.JcrRepository$RunningState.<init>(JcrRepository.java:1083)
	at org.modeshape.jcr.JcrRepository$RunningState.<init>(JcrRepository.java:959)
	at org.modeshape.jcr.JcrRepository.doStart(JcrRepository.java:352)
	at org.modeshape.jcr.JcrRepository.start(JcrRepository.java:277)
	at org.modeshape.jcr.JcrRepositoryFactory.getRepositoryFromConfigFile(JcrRepositoryFactory.java:369)
	at org.modeshape.jcr.JcrRepositoryFactory.getRepository(JcrRepositoryFactory.java:219)
	at org.modeshape.jcr.JcrRepositoryFactory.getRepository(JcrRepositoryFactory.java:204)
{code}",,,
1503,MODE-1654,"The results of a query (often) include several pseudo-columns, including ""{{mode:depth}} that represents the depth of the node. However, the value of this column appears to be the local name rather than the depth.",,,
1505,MODE-1653,REST server returns namespace URI instead of prefix in jcr:primaryType,,,
1528,MODE-1651,"JCR exceptions like PathNotFoundException, AccessDeniedException and so must be migrated to Webdav-exception at store impl to provider proper HTTP status codes in error case.

The following cases need handling:

1) AccessDeniedException - try to connect to a repository with a valid user from the perspective of the web-server (webapp authentication) but which is not a valid repository user.
2) when the client uses a path shorter than host/repository_name/workspace_name, some meaningful exceptions should be thrown (instead of the default JCR exceptions)",,,
1531,MODE-1638,"When working with the {{modeshape-web-jcr-webdav-war}} web application, perform the following steps:
* start the server via {{mvn cargo:run}}
* run any of the tests from {{org.modeshape.web.jcr.webdav.ModeShapeWebdavStoreClientTest}}
* shut down the server (CTRL + C)

When Cargo is shut down, via a servlet context listener, a call to {{RepositoryManager.shutdown()}} is made, which in turn shuts down the ModeShape engine. 

The following error is reported during shutdown:
{quote}
[ERROR] [org.modeshape.common.logging.slf4j.SLF4JLoggerImpl] : Failed to shutdown the already-deployed 'webdav_repo' repository prior to redeploying with a new configuration.
 [SLF4JLoggerImpl.java:175]java.util.concurrent.ExecutionException: org.infinispan.CacheException: Error removing cache
        at java.util.concurrent.FutureTask$Sync.innerGet(FutureTask.java:222)
        at java.util.concurrent.FutureTask.get(FutureTask.java:83)
        at org.modeshape.jcr.ModeShapeEngine.doShutdown(ModeShapeEngine.java:240)
        at org.modeshape.jcr.ModeShapeEngine$1.call(ModeShapeEngine.java:201)
        at org.modeshape.jcr.ModeShapeEngine$1.call(ModeShapeEngine.java:198)
        at java.util.concurrent.FutureTask$Sync.innerRun(FutureTask.java:303)
        at java.util.concurrent.FutureTask.run(FutureTask.java:138)
        at java.util.concurrent.ThreadPoolExecutor$Worker.runTask(ThreadPoolExecutor.java:886)
        at java.util.concurrent.ThreadPoolExecutor$Worker.run(ThreadPoolExecutor.java:908)
        at java.lang.Thread.run(Thread.java:662)

Caused by: org.infinispan.CacheException: Error removing cache
        at org.infinispan.manager.DefaultCacheManager.removeCache(DefaultCacheManager.java:572)
        at org.modeshape.jcr.cache.RepositoryCache.completeShutdown(RepositoryCache.java:174)
        at org.modeshape.jcr.JcrRepository$RunningState.shutdown(JcrRepository.java:1457)
        at org.modeshape.jcr.JcrRepository.doShutdown(JcrRepository.java:394)
        at org.modeshape.jcr.JcrRepository$1.call(JcrRepository.java:293)
        at org.modeshape.jcr.JcrRepository$1.call(JcrRepository.java:290)
        ... 5 more

Caused by: java.lang.IllegalStateException: Cache container has been stopped and cannot be reused. Recreate the cache container.
        at org.infinispan.manager.DefaultCacheManager.assertIsNotTerminated(DefaultCacheManager.java:912)
        at org.infinispan.manager.DefaultCacheManager.getCache(DefaultCacheManager.java:507)
        at org.infinispan.commands.RemoveCacheCommand.perform(RemoveCacheCommand.java:59)
        at org.infinispan.manager.DefaultCacheManager.removeCache(DefaultCacheManager.java:570)
        ... 10 more
{quote}

",,,
1532,MODE-1637,"ModeShape uses a background thread for cleaning up binary values. The thread is a cron started at repository startup, but it's never stopped. 
It should, instead, be created via the context {{ThreadPoolFactory}} (if possible) and terminated at repository shutdown.",,,
1533,MODE-1633,"The {{modeshape-common}} and {{modeshape-jcr}} modules both contain a ""{{mime.types}}"" file, but only the one in {{modeshape-common}} file is used. Therefore, we should remove the file that's in {{modeshape-jcr}}.

The two files are not identical; the {{modeshape-jcr}} file is missing ""{{xsd}}"" on the following line:

{code}
application/xml                 xml xsl xsd
{code}

But that line is correct in the {{modeshape-common}} module.",,,
1534,MODE-1631,"The changes made in MODE-1621 neglected to change the dependent code in the {{modeshape-performance-tests}} module. Please correct this as soon as possible.

(The normal and integration builds do not compile or run the tests in this module, but it will be included in the ""{{performance}}"" profile. However, I suggest running a normal integration build and then manually running '{{mvn clean install}}' on this module.)",,,
1549,MODE-1630,"The '{{modeshape-web-jcr-webdav-war}}' module requires the test JAR from the '{{modeshape-webdav-war}}' module, except that it is not being built. This is only found when building the first time on a given machine (or when clearing out the {{~/.m2/repository}} contents).

This is currently preventing the release.",,,
1553,MODE-1629,The ModelSequencerTest in the {{modeshape-sequencer-teiid}} module has some tests (asserts) the check the value of default properties for nodes created by the Teiid model sequencer. These asserts are failing because those default properties do not exist. Currently all those asserts are commented out. If it is the sequencer's responsibility to create those properties then the Teiid model sequencer should be updated.,,,
1568,MODE-1628,"{{JcrConfiguration.storeTo}} method generates not valid xml.
Reading this xml using {{JcrConfiguration.loadFrom}} method changes the file.",,,
1570,MODE-1626,"After adding cache index storage and restarting the server, ""chunk-size"" is written out to the config file as ""undefined"".

09:54:33,350 ERROR [org.jboss.as.controller.management-operation] Operation (""add"") failed - address: ([
    (""subsystem"" => ""modeshape""),
    (""repository"" => ""testRepository""),
    (""configuration"" => ""index-storage""),
    (""storage-type"" => ""cache-index-storage"")
]) - failure description: ""JBAS014688: Wrong type for chunk-size. Expected [EXPRESSION, INT] but was STRING""

",,,
1572,MODE-1623,"Creating a small tree of nodes from multiple threads causes corruption of a repository that is persisted using the JPA based store. I could not reproduce it using an in-memory store (didn't try a file based one).

See the forum reference for details and code.

*UPDATE:* Brian [reports|https://community.jboss.org/message/759324#759324] that it could not be reproduced with a repository that uses a disk store.",,,
1578,MODE-1622,"We have some bootstrap code that sets up sequences (longs stored in properties).

In MS 2.8 this worked, in MS 3 Beta3 it throws an exception if the node path does not exist.

Code:

{code:java}
session.propertyExists(""/some/random/nonexisting/path/to/property"")
{code}

Would return false in MS 2.8, but throws the following exception in MS3 B3:

{code}
java.lang.RuntimeException
Error obtaining root

javax.jcr.PathNotFoundException
No node exists at path '/some/random/nonexisting/path/to' in workspace ""default""

        org.modeshape.jcr.JcrSession.cachedNode(JcrSession.java:509)
        org.modeshape.jcr.JcrSession.cachedNode(JcrSession.java:494)
        org.modeshape.jcr.JcrSession.propertyExists(JcrSession.java:796)
        d.b.t.c.pages.Index.getTestProp(Index.java:63) 
{code}",,,
1580,MODE-1619,"I'm trying to unpublish a file from the repository using rest api. 
I checked that the FileNode.getUrl method returns correct url to node (see attached file: ResearchController.removeNode) and the node exists.
I also checked that local file (which I pass to the unpublish method) is created.

Using method ResearchController.createNode I can create a node, but I can't remove any one.",,,
1589,MODE-1618,"I have enabled clustering in my config,

{code:javascript}
{
    ""name"" : ""webdav_repo"",
    ""jndiName"" : """",
    ""storage"" : {
        ""cacheName"" : ""webdav_repo"",
        ""cacheConfiguration"" : ""infinispan_configuration.xml"",
        ""binaryStorage"" : {
            ""type"" : ""file"",
            ""directory"" : ""/home/palkaj01/repo/binary""
        }
    },
    ""query"" : {
        ""enabled"" : true,
        ""enableFullTextSearch"" : false,
        ""indexStorage"" : {
            ""type"" : ""filesystem"",
            ""location"" : ""/home/palkaj01/repo/index""
        },
        ""indexing"" : {
            ""hibernate.search.default.exclusive_index_use"" : false,
            ""mode"" : ""async"",
            ""asyncMaxQueueSize"" : 10
        },
    },
    ""workspaces"" : {
        ""predefined"" : [""cars""],
        ""default"" : ""default"",
        ""allowCreation"" : true
    },
    ""security"" : {
        ""anonymous"" : {
            ""roles"" : [""readonly"",""readwrite"",""admin"", ""connect""],
            ""useOnFailedLogin"" : false
        },
        ""providers"" : [
            { ""classname"" : ""servlet"" }
        ]
    },
    ""clustering"" : {
        ""clusterName"" : ""modeshape""
    }
}
{code} 

With one node in the cluster adding new nodes to workspace works (simply because there is no communication of JGroups channel), but when I have 2 nodes in the cluster I got following exception:

{code}
Caused by: java.io.NotSerializableException: org.modeshape.jcr.cache.change.NodeAdded
    at java.io.ObjectOutputStream.writeObject0(ObjectOutputStream.java:1164)
    at java.io.ObjectOutputStream.writeObject(ObjectOutputStream.java:330)
    at java.util.concurrent.ConcurrentLinkedQueue.writeObject(ConcurrentLinkedQueue.java:644)
    at sun.reflect.NativeMethodAccessorImpl.invoke0(Native Method)
    at sun.reflect.NativeMethodAccessorImpl.invoke(NativeMethodAccessorImpl.java:39)
    at sun.reflect.DelegatingMethodAccessorImpl.invoke(DelegatingMethodAccessorImpl.java:25)
    at java.lang.reflect.Method.invoke(Method.java:597)
    at java.io.ObjectStreamClass.invokeWriteObject(ObjectStreamClass.java:940)
    at java.io.ObjectOutputStream.writeSerialData(ObjectOutputStream.java:1469)
    at java.io.ObjectOutputStream.writeOrdinaryObject(ObjectOutputStream.java:1400)
    at java.io.ObjectOutputStream.writeObject0(ObjectOutputStream.java:1158)
    at java.io.ObjectOutputStream.defaultWriteFields(ObjectOutputStream.java:1518)
    at java.io.ObjectOutputStream.writeSerialData(ObjectOutputStream.java:1483)
    at java.io.ObjectOutputStream.writeOrdinaryObject(ObjectOutputStream.java:1400)
    at java.io.ObjectOutputStream.writeObject0(ObjectOutputStream.java:1158)
    at java.io.ObjectOutputStream.writeObject(ObjectOutputStream.java:330)
    at org.jgroups.util.Util.objectToByteBuffer(Util.java:476)
    at org.modeshape.jcr.bus.ClusteredRepositoryChangeBus.serialize(ClusteredRepositoryChangeBus.java:296)
    at org.modeshape.jcr.bus.ClusteredRepositoryChangeBus.notify(ClusteredRepositoryChangeBus.java:236)
    ... 5 more
{code}",,,
1601,MODE-1617,"After creating a workspace in a persistent repository via {{workspace.createWorkspace}} and restarting that repository, the newly created workspace cannot be located and therefore {{session.login(workspaceName)}} fails.",,,
1603,MODE-1616,"After recent (unrelated?) changes, several tests in {{ConfigurationTest}} have begun failing on some platforms:

{code}-------------------------------------------------------
 T E S T S
-------------------------------------------------------
Running org.modeshape.test.integration.ConfigurationTest
java.lang.NullPointerException
	at org.hsqldb.scriptio.ScriptWriterText.writeDeleteStatement(Unknown Source)
	at org.hsqldb.persist.Log.writeDeleteStatement(Unknown Source)
	at org.hsqldb.persist.Logger.writeDeleteStatement(Unknown Source)
	at org.hsqldb.Table.deleteNoCheck(Unknown Source)
	at org.hsqldb.Table.deleteNoRefCheck(Unknown Source)
	at org.hsqldb.Table.delete(Unknown Source)
	at org.hsqldb.CompiledStatementExecutor.executeDeleteStatement(Unknown Source)
	at org.hsqldb.CompiledStatementExecutor.executeImpl(Unknown Source)
	at org.hsqldb.CompiledStatementExecutor.execute(Unknown Source)
	at org.hsqldb.Session.sqlExecute(Unknown Source)
	at org.hsqldb.Session.execute(Unknown Source)
	at org.hsqldb.jdbc.jdbcPreparedStatement.executeUpdate(Unknown Source)
	at com.mchange.v2.c3p0.impl.NewProxyPreparedStatement.executeUpdate(NewProxyPreparedStatement.java:105)
	at org.hibernate.hql.ast.exec.BasicExecutor.execute(BasicExecutor.java:101)
	at org.hibernate.hql.ast.QueryTranslatorImpl.executeUpdate(QueryTranslatorImpl.java:421)
	at org.hibernate.engine.query.HQLQueryPlan.performExecuteUpdate(HQLQueryPlan.java:283)
	at org.hibernate.impl.SessionImpl.executeUpdate(SessionImpl.java:1278)
	at org.hibernate.impl.QueryImpl.executeUpdate(QueryImpl.java:117)
	at org.hibernate.ejb.QueryImpl.internalExecuteUpdate(QueryImpl.java:183)
	at org.hibernate.ejb.AbstractQueryImpl.executeUpdate(AbstractQueryImpl.java:99)
	at org.modeshape.connector.store.jpa.model.simple.SubgraphQuery.create(SubgraphQuery.java:95)
	at org.modeshape.connector.store.jpa.model.simple.SimpleJpaRepository$Workspace.removeUuidReference(SimpleJpaRepository.java:418)
	at org.modeshape.graph.connector.map.AbstractMapWorkspace.removeNode(AbstractMapWorkspace.java:268)
	at org.modeshape.graph.connector.map.MapRequestProcessor.process(MapRequestProcessor.java:282)
	at org.modeshape.graph.request.processor.RequestProcessor.process(RequestProcessor.java:250)
	at org.modeshape.graph.request.processor.RequestProcessor.process(RequestProcessor.java:363)
	at org.modeshape.graph.request.processor.RequestProcessor.process(RequestProcessor.java:235)
	at org.modeshape.connector.store.jpa.model.simple.SimpleJpaConnection.execute(SimpleJpaConnection.java:133)
	at org.modeshape.graph.connector.RepositoryConnectionPool$ConnectionWrapper.execute(RepositoryConnectionPool.java:1124)
	at org.modeshape.graph.Graph.execute(Graph.java:288)
	at org.modeshape.graph.Graph$Batch.execute(Graph.java:4970)
	at org.modeshape.jcr.RepositoryNodeTypeManager.registerNodeTypes(RepositoryNodeTypeManager.java:1826)
	at org.modeshape.jcr.RepositoryNodeTypeManager.registerNodeTypes(RepositoryNodeTypeManager.java:1922)
	at org.modeshape.jcr.JcrEngine.doCreateJcrRepository(JcrEngine.java:682)
	at org.modeshape.jcr.JcrEngine$RepositoryInitializer.call(JcrEngine.java:900)
	at org.modeshape.jcr.JcrEngine$RepositoryInitializer.call(JcrEngine.java:883)
	at java.util.concurrent.FutureTask$Sync.innerRun(FutureTask.java:303)
	at java.util.concurrent.FutureTask.run(FutureTask.java:138)
	at java.util.concurrent.ThreadPoolExecutor$Worker.runTask(ThreadPoolExecutor.java:886)
	at java.util.concurrent.ThreadPoolExecutor$Worker.run(ThreadPoolExecutor.java:908)
	at java.lang.Thread.run(Thread.java:680)
java.lang.NullPointerException
	at org.hsqldb.scriptio.ScriptWriterText.writeRow(Unknown Source)
	at org.hsqldb.scriptio.ScriptWriterText.writeInsertStatement(Unknown Source)
	at org.hsqldb.persist.Log.writeInsertStatement(Unknown Source)
	at org.hsqldb.persist.Logger.writeInsertStatement(Unknown Source)
	at org.hsqldb.Table.insertNoCheck(Unknown Source)
	at org.hsqldb.Table.insertRow(Unknown Source)
	at org.hsqldb.Table.insert(Unknown Source)
	at org.hsqldb.CompiledStatementExecutor.executeInsertValuesStatement(Unknown Source)
	at org.hsqldb.CompiledStatementExecutor.executeImpl(Unknown Source)
	at org.hsqldb.CompiledStatementExecutor.execute(Unknown Source)
	at org.hsqldb.Session.sqlExecute(Unknown Source)
	at org.hsqldb.Session.execute(Unknown Source)
	at org.hsqldb.jdbc.jdbcPreparedStatement.executeUpdate(Unknown Source)
	at com.mchange.v2.c3p0.impl.NewProxyPreparedStatement.executeUpdate(NewProxyPreparedStatement.java:105)
	at org.hibernate.id.insert.AbstractSelectingDelegate.performInsert(AbstractSelectingDelegate.java:57)
	at org.hibernate.persister.entity.AbstractEntityPersister.insert(AbstractEntityPersister.java:2329)
	at org.hibernate.persister.entity.AbstractEntityPersister.insert(AbstractEntityPersister.java:2836)
	at org.hibernate.action.EntityIdentityInsertAction.execute(EntityIdentityInsertAction.java:71)
	at org.hibernate.engine.ActionQueue.execute(ActionQueue.java:268)
	at org.hibernate.event.def.AbstractSaveEventListener.performSaveOrReplicate(AbstractSaveEventListener.java:321)
	at org.hibernate.event.def.AbstractSaveEventListener.performSave(AbstractSaveEventListener.java:204)
	at org.hibernate.event.def.AbstractSaveEventListener.saveWithGeneratedId(AbstractSaveEventListener.java:130)
	at org.hibernate.ejb.event.EJB3PersistEventListener.saveWithGeneratedId(EJB3PersistEventListener.java:69)
	at org.hibernate.event.def.DefaultPersistEventListener.entityIsTransient(DefaultPersistEventListener.java:179)
	at org.hibernate.event.def.DefaultPersistEventListener.onPersist(DefaultPersistEventListener.java:135)
	at org.hibernate.event.def.DefaultPersistEventListener.onPersist(DefaultPersistEventListener.java:61)
	at org.hibernate.impl.SessionImpl.firePersist(SessionImpl.java:800)
	at org.hibernate.impl.SessionImpl.persist(SessionImpl.java:774)
	at org.hibernate.impl.SessionImpl.persist(SessionImpl.java:778)
	at org.hibernate.ejb.AbstractEntityManagerImpl.persist(AbstractEntityManagerImpl.java:668)
	at org.modeshape.connector.store.jpa.model.simple.SubgraphQuery.create(SubgraphQuery.java:66)
	at org.modeshape.connector.store.jpa.model.simple.SimpleJpaRepository$Workspace.getBranch(SimpleJpaRepository.java:502)
	at org.modeshape.connector.store.jpa.model.simple.SimpleRequestProcessor.process(SimpleRequestProcessor.java:63)
	at org.modeshape.graph.request.processor.RequestProcessor.process(RequestProcessor.java:291)
	at org.modeshape.graph.request.processor.RequestProcessor.process(RequestProcessor.java:363)
	at org.modeshape.graph.request.processor.RequestProcessor.process(RequestProcessor.java:235)
	at org.modeshape.connector.store.jpa.model.simple.SimpleJpaConnection.execute(SimpleJpaConnection.java:133)
	at org.modeshape.graph.connector.RepositoryConnectionPool$ConnectionWrapper.execute(RepositoryConnectionPool.java:1124)
	at org.modeshape.graph.request.CompositeRequestChannel$2.call(CompositeRequestChannel.java:223)
	at org.modeshape.graph.request.CompositeRequestChannel$2.call(CompositeRequestChannel.java:212)
	at java.util.concurrent.FutureTask$Sync.innerRun(FutureTask.java:303)
	at java.util.concurrent.FutureTask.run(FutureTask.java:138)
	at java.util.concurrent.ThreadPoolExecutor$Worker.runTask(ThreadPoolExecutor.java:886)
	at java.util.concurrent.ThreadPoolExecutor$Worker.run(ThreadPoolExecutor.java:908)
	at java.lang.Thread.run(Thread.java:680)
Tests run: 11, Failures: 0, Errors: 2, Skipped: 0, Time elapsed: 166.127 sec <<< FAILURE!

Results :

Tests in error: 
  shouldStartWithEdsConfigurationAndRestart(org.modeshape.test.integration.ConfigurationTest): Error starting the ""eds"" repository (check the configuration): Error starting the ""eds"" repository (check the configuration): org.hibernate.exception.GenericJDBCException: could not execute update query
  shouldReadNodeTypesUponRestartUsingJpaConnector(org.modeshape.test.integration.ConfigurationTest): Error starting the ""Repo"" repository (check the configuration): Error starting the ""Repo"" repository (check the configuration): org.hibernate.exception.GenericJDBCException: Cannot open connection

Tests run: 11, Failures: 0, Errors: 2, Skipped: 0
{code}

where the JUnit test output shows:

{code}
-------------------------------------------------------------------------------
Test set: org.modeshape.test.integration.ConfigurationTest
-------------------------------------------------------------------------------
Tests run: 11, Failures: 0, Errors: 2, Skipped: 0, Time elapsed: 143.434 sec <<< FAILURE!
shouldStartWithEdsConfigurationAndRestart(org.modeshape.test.integration.ConfigurationTest)  Time elapsed: 40.179 sec  <<< ERROR!
javax.jcr.RepositoryException: Error starting the ""eds"" repository (check the configuration): Error starting the ""eds"" repository (check the configuration): org.hibernate.exception.GenericJDBCException: could not execute update query
	at org.modeshape.jcr.JcrEngine$JcrRepositoryHolder.getRepository(JcrEngine.java:825)
	at org.modeshape.jcr.JcrEngine.getRepository(JcrEngine.java:380)
	at org.modeshape.test.integration.ConfigurationTest.shouldStartWithEdsConfigurationAndRestart(ConfigurationTest.java:281)
	at sun.reflect.NativeMethodAccessorImpl.invoke0(Native Method)
	at sun.reflect.NativeMethodAccessorImpl.invoke(NativeMethodAccessorImpl.java:39)
	at sun.reflect.DelegatingMethodAccessorImpl.invoke(DelegatingMethodAccessorImpl.java:25)
	at java.lang.reflect.Method.invoke(Method.java:597)
	at org.junit.runners.model.FrameworkMethod$1.runReflectiveCall(FrameworkMethod.java:44)
	at org.junit.internal.runners.model.ReflectiveCallable.run(ReflectiveCallable.java:15)
	at org.junit.runners.model.FrameworkMethod.invokeExplosively(FrameworkMethod.java:41)
	at org.junit.internal.runners.statements.InvokeMethod.evaluate(InvokeMethod.java:20)
	at org.junit.internal.runners.statements.RunBefores.evaluate(RunBefores.java:28)
	at org.junit.internal.runners.statements.RunAfters.evaluate(RunAfters.java:31)
	at org.junit.runners.BlockJUnit4ClassRunner.runNotIgnored(BlockJUnit4ClassRunner.java:79)
	at org.junit.runners.BlockJUnit4ClassRunner.runChild(BlockJUnit4ClassRunner.java:71)
	at org.junit.runners.BlockJUnit4ClassRunner.runChild(BlockJUnit4ClassRunner.java:49)
	at org.junit.runners.ParentRunner$3.run(ParentRunner.java:193)
	at org.junit.runners.ParentRunner$1.schedule(ParentRunner.java:52)
	at org.junit.runners.ParentRunner.runChildren(ParentRunner.java:191)
	at org.junit.runners.ParentRunner.access$000(ParentRunner.java:42)
	at org.junit.runners.ParentRunner$2.evaluate(ParentRunner.java:184)
	at org.junit.internal.runners.statements.RunBefores.evaluate(RunBefores.java:28)
	at org.junit.internal.runners.statements.RunAfters.evaluate(RunAfters.java:31)
	at org.junit.runners.ParentRunner.run(ParentRunner.java:236)
	at org.apache.maven.surefire.junit4.JUnit4TestSet.execute(JUnit4TestSet.java:53)
	at org.apache.maven.surefire.junit4.JUnit4Provider.executeTestSet(JUnit4Provider.java:123)
	at org.apache.maven.surefire.junit4.JUnit4Provider.invoke(JUnit4Provider.java:104)
	at sun.reflect.NativeMethodAccessorImpl.invoke0(Native Method)
	at sun.reflect.NativeMethodAccessorImpl.invoke(NativeMethodAccessorImpl.java:39)
	at sun.reflect.DelegatingMethodAccessorImpl.invoke(DelegatingMethodAccessorImpl.java:25)
	at java.lang.reflect.Method.invoke(Method.java:597)
	at org.apache.maven.surefire.util.ReflectionUtils.invokeMethodWithArray(ReflectionUtils.java:164)
	at org.apache.maven.surefire.booter.ProviderFactory$ProviderProxy.invoke(ProviderFactory.java:110)
	at org.apache.maven.surefire.booter.SurefireStarter.invokeProvider(SurefireStarter.java:175)
	at org.apache.maven.surefire.booter.SurefireStarter.runSuitesInProcessWhenForked(SurefireStarter.java:107)
	at org.apache.maven.surefire.booter.ForkedBooter.main(ForkedBooter.java:68)
Caused by: javax.jcr.RepositoryException: Error starting the ""eds"" repository (check the configuration): org.hibernate.exception.GenericJDBCException: could not execute update query
	at org.modeshape.jcr.JcrEngine$RepositoryInitializer.call(JcrEngine.java:911)
	at org.modeshape.jcr.JcrEngine$RepositoryInitializer.call(JcrEngine.java:883)
	at java.util.concurrent.FutureTask$Sync.innerRun(FutureTask.java:303)
	at java.util.concurrent.FutureTask.run(FutureTask.java:138)
	at java.util.concurrent.ThreadPoolExecutor$Worker.runTask(ThreadPoolExecutor.java:886)
	at java.util.concurrent.ThreadPoolExecutor$Worker.run(ThreadPoolExecutor.java:908)
	at java.lang.Thread.run(Thread.java:680)
Caused by: javax.persistence.PersistenceException: org.hibernate.exception.GenericJDBCException: could not execute update query
	at org.hibernate.ejb.AbstractEntityManagerImpl.convert(AbstractEntityManagerImpl.java:1235)
	at org.hibernate.ejb.AbstractEntityManagerImpl.convert(AbstractEntityManagerImpl.java:1168)
	at org.hibernate.ejb.AbstractEntityManagerImpl.throwPersistenceException(AbstractEntityManagerImpl.java:1245)
	at org.hibernate.ejb.AbstractQueryImpl.executeUpdate(AbstractQueryImpl.java:108)
	at org.modeshape.connector.store.jpa.model.simple.SubgraphQuery.create(SubgraphQuery.java:95)
	at org.modeshape.connector.store.jpa.model.simple.SimpleJpaRepository$Workspace.removeUuidReference(SimpleJpaRepository.java:418)
	at org.modeshape.graph.connector.map.AbstractMapWorkspace.removeNode(AbstractMapWorkspace.java:268)
	at org.modeshape.graph.connector.map.MapRequestProcessor.process(MapRequestProcessor.java:282)
	at org.modeshape.graph.request.processor.RequestProcessor.process(RequestProcessor.java:250)
	at org.modeshape.graph.request.processor.RequestProcessor.process(RequestProcessor.java:363)
	at org.modeshape.graph.request.processor.RequestProcessor.process(RequestProcessor.java:235)
	at org.modeshape.connector.store.jpa.model.simple.SimpleJpaConnection.execute(SimpleJpaConnection.java:133)
	at org.modeshape.graph.connector.RepositoryConnectionPool$ConnectionWrapper.execute(RepositoryConnectionPool.java:1124)
	at org.modeshape.graph.Graph.execute(Graph.java:288)
	at org.modeshape.graph.Graph$Batch.execute(Graph.java:4970)
	at org.modeshape.jcr.RepositoryNodeTypeManager.registerNodeTypes(RepositoryNodeTypeManager.java:1826)
	at org.modeshape.jcr.RepositoryNodeTypeManager.registerNodeTypes(RepositoryNodeTypeManager.java:1922)
	at org.modeshape.jcr.JcrEngine.doCreateJcrRepository(JcrEngine.java:682)
	at org.modeshape.jcr.JcrEngine$RepositoryInitializer.call(JcrEngine.java:900)
	... 6 more
Caused by: org.hibernate.exception.GenericJDBCException: could not execute update query
	at org.hibernate.exception.SQLStateConverter.handledNonSpecificException(SQLStateConverter.java:140)
	at org.hibernate.exception.SQLStateConverter.convert(SQLStateConverter.java:128)
	at org.hibernate.exception.JDBCExceptionHelper.convert(JDBCExceptionHelper.java:66)
	at org.hibernate.hql.ast.exec.BasicExecutor.execute(BasicExecutor.java:110)
	at org.hibernate.hql.ast.QueryTranslatorImpl.executeUpdate(QueryTranslatorImpl.java:421)
	at org.hibernate.engine.query.HQLQueryPlan.performExecuteUpdate(HQLQueryPlan.java:283)
	at org.hibernate.impl.SessionImpl.executeUpdate(SessionImpl.java:1278)
	at org.hibernate.impl.QueryImpl.executeUpdate(QueryImpl.java:117)
	at org.hibernate.ejb.QueryImpl.internalExecuteUpdate(QueryImpl.java:183)
	at org.hibernate.ejb.AbstractQueryImpl.executeUpdate(AbstractQueryImpl.java:99)
	... 21 more
Caused by: java.sql.SQLException: S1000 General error java.lang.NullPointerException in statement [delete from MODE_SUBGRAPH_NODES where QUERY_ID=?]
	at org.hsqldb.jdbc.Util.throwError(Unknown Source)
	at org.hsqldb.jdbc.jdbcPreparedStatement.executeUpdate(Unknown Source)
	at com.mchange.v2.c3p0.impl.NewProxyPreparedStatement.executeUpdate(NewProxyPreparedStatement.java:105)
	at org.hibernate.hql.ast.exec.BasicExecutor.execute(BasicExecutor.java:101)
	... 27 more
shouldReadNodeTypesUponRestartUsingJpaConnector(org.modeshape.test.integration.ConfigurationTest)  Time elapsed: 87.255 sec  <<< ERROR!
javax.jcr.RepositoryException: Error starting the ""Repo"" repository (check the configuration): Error starting the ""Repo"" repository (check the configuration): org.hibernate.exception.GenericJDBCException: Cannot open connection
	at org.modeshape.jcr.JcrEngine$JcrRepositoryHolder.getRepository(JcrEngine.java:825)
	at org.modeshape.jcr.JcrEngine.getRepository(JcrEngine.java:380)
	at org.modeshape.test.integration.ConfigurationTest.startEngineThenShutdownThenRestartAndTestForNodeTypes(ConfigurationTest.java:398)
	at org.modeshape.test.integration.ConfigurationTest.shouldReadNodeTypesUponRestartUsingJpaConnector(ConfigurationTest.java:370)
	at sun.reflect.NativeMethodAccessorImpl.invoke0(Native Method)
	at sun.reflect.NativeMethodAccessorImpl.invoke(NativeMethodAccessorImpl.java:39)
	at sun.reflect.DelegatingMethodAccessorImpl.invoke(DelegatingMethodAccessorImpl.java:25)
	at java.lang.reflect.Method.invoke(Method.java:597)
	at org.junit.runners.model.FrameworkMethod$1.runReflectiveCall(FrameworkMethod.java:44)
	at org.junit.internal.runners.model.ReflectiveCallable.run(ReflectiveCallable.java:15)
	at org.junit.runners.model.FrameworkMethod.invokeExplosively(FrameworkMethod.java:41)
	at org.junit.internal.runners.statements.InvokeMethod.evaluate(InvokeMethod.java:20)
	at org.junit.internal.runners.statements.RunBefores.evaluate(RunBefores.java:28)
	at org.junit.internal.runners.statements.RunAfters.evaluate(RunAfters.java:31)
	at org.junit.runners.BlockJUnit4ClassRunner.runNotIgnored(BlockJUnit4ClassRunner.java:79)
	at org.junit.runners.BlockJUnit4ClassRunner.runChild(BlockJUnit4ClassRunner.java:71)
	at org.junit.runners.BlockJUnit4ClassRunner.runChild(BlockJUnit4ClassRunner.java:49)
	at org.junit.runners.ParentRunner$3.run(ParentRunner.java:193)
	at org.junit.runners.ParentRunner$1.schedule(ParentRunner.java:52)
	at org.junit.runners.ParentRunner.runChildren(ParentRunner.java:191)
	at org.junit.runners.ParentRunner.access$000(ParentRunner.java:42)
	at org.junit.runners.ParentRunner$2.evaluate(ParentRunner.java:184)
	at org.junit.internal.runners.statements.RunBefores.evaluate(RunBefores.java:28)
	at org.junit.internal.runners.statements.RunAfters.evaluate(RunAfters.java:31)
	at org.junit.runners.ParentRunner.run(ParentRunner.java:236)
	at org.apache.maven.surefire.junit4.JUnit4TestSet.execute(JUnit4TestSet.java:53)
	at org.apache.maven.surefire.junit4.JUnit4Provider.executeTestSet(JUnit4Provider.java:123)
	at org.apache.maven.surefire.junit4.JUnit4Provider.invoke(JUnit4Provider.java:104)
	at sun.reflect.NativeMethodAccessorImpl.invoke0(Native Method)
	at sun.reflect.NativeMethodAccessorImpl.invoke(NativeMethodAccessorImpl.java:39)
	at sun.reflect.DelegatingMethodAccessorImpl.invoke(DelegatingMethodAccessorImpl.java:25)
	at java.lang.reflect.Method.invoke(Method.java:597)
	at org.apache.maven.surefire.util.ReflectionUtils.invokeMethodWithArray(ReflectionUtils.java:164)
	at org.apache.maven.surefire.booter.ProviderFactory$ProviderProxy.invoke(ProviderFactory.java:110)
	at org.apache.maven.surefire.booter.SurefireStarter.invokeProvider(SurefireStarter.java:175)
	at org.apache.maven.surefire.booter.SurefireStarter.runSuitesInProcessWhenForked(SurefireStarter.java:107)
	at org.apache.maven.surefire.booter.ForkedBooter.main(ForkedBooter.java:68)
Caused by: javax.jcr.RepositoryException: Error starting the ""Repo"" repository (check the configuration): org.hibernate.exception.GenericJDBCException: Cannot open connection
	at org.modeshape.jcr.JcrEngine$RepositoryInitializer.call(JcrEngine.java:911)
	at org.modeshape.jcr.JcrEngine$RepositoryInitializer.call(JcrEngine.java:883)
	at java.util.concurrent.FutureTask$Sync.innerRun(FutureTask.java:303)
	at java.util.concurrent.FutureTask.run(FutureTask.java:138)
	at java.util.concurrent.ThreadPoolExecutor$Worker.runTask(ThreadPoolExecutor.java:886)
	at java.util.concurrent.ThreadPoolExecutor$Worker.run(ThreadPoolExecutor.java:908)
	at java.lang.Thread.run(Thread.java:680)
Caused by: javax.persistence.PersistenceException: org.hibernate.exception.GenericJDBCException: Cannot open connection
	at org.hibernate.ejb.AbstractEntityManagerImpl.convert(AbstractEntityManagerImpl.java:1235)
	at org.hibernate.ejb.AbstractEntityManagerImpl.find(AbstractEntityManagerImpl.java:631)
	at org.hibernate.ejb.AbstractEntityManagerImpl.find(AbstractEntityManagerImpl.java:585)
	at org.modeshape.connector.store.jpa.util.StoreOptions.getOption(StoreOptions.java:107)
	at org.modeshape.connector.store.jpa.util.StoreOptions.getRootNodeUuid(StoreOptions.java:54)
	at org.modeshape.connector.store.jpa.JpaSource.getConnection(JpaSource.java:1344)
	at org.modeshape.graph.connector.RepositoryConnectionPool.newWrappedConnection(RepositoryConnectionPool.java:975)
	at org.modeshape.graph.connector.RepositoryConnectionPool.getConnection(RepositoryConnectionPool.java:831)
	at org.modeshape.repository.RepositoryLibrary.createConnection(RepositoryLibrary.java:566)
	at org.modeshape.jcr.JcrRepository.<init>(JcrRepository.java:714)
	at org.modeshape.jcr.JcrEngine.doCreateJcrRepository(JcrEngine.java:607)
	at org.modeshape.jcr.JcrEngine$RepositoryInitializer.call(JcrEngine.java:900)
	... 6 more
Caused by: org.hibernate.exception.GenericJDBCException: Cannot open connection
	at org.hibernate.exception.SQLStateConverter.handledNonSpecificException(SQLStateConverter.java:140)
	at org.hibernate.exception.SQLStateConverter.convert(SQLStateConverter.java:128)
	at org.hibernate.exception.JDBCExceptionHelper.convert(JDBCExceptionHelper.java:66)
	at org.hibernate.exception.JDBCExceptionHelper.convert(JDBCExceptionHelper.java:52)
	at org.hibernate.jdbc.ConnectionManager.openConnection(ConnectionManager.java:449)
	at org.hibernate.jdbc.ConnectionManager.getConnection(ConnectionManager.java:167)
	at org.hibernate.jdbc.AbstractBatcher.prepareQueryStatement(AbstractBatcher.java:161)
	at org.hibernate.loader.Loader.prepareQueryStatement(Loader.java:1596)
	at org.hibernate.loader.Loader.doQuery(Loader.java:717)
	at org.hibernate.loader.Loader.doQueryAndInitializeNonLazyCollections(Loader.java:270)
	at org.hibernate.loader.Loader.loadEntity(Loader.java:1933)
	at org.hibernate.loader.entity.AbstractEntityLoader.load(AbstractEntityLoader.java:86)
	at org.hibernate.loader.entity.AbstractEntityLoader.load(AbstractEntityLoader.java:76)
	at org.hibernate.persister.entity.AbstractEntityPersister.load(AbstractEntityPersister.java:3270)
	at org.hibernate.event.def.DefaultLoadEventListener.loadFromDatasource(DefaultLoadEventListener.java:496)
	at org.hibernate.event.def.DefaultLoadEventListener.doLoad(DefaultLoadEventListener.java:477)
	at org.hibernate.event.def.DefaultLoadEventListener.load(DefaultLoadEventListener.java:227)
	at org.hibernate.event.def.DefaultLoadEventListener.proxyOrLoad(DefaultLoadEventListener.java:285)
	at org.hibernate.event.def.DefaultLoadEventListener.onLoad(DefaultLoadEventListener.java:152)
	at org.hibernate.impl.SessionImpl.fireLoad(SessionImpl.java:1080)
	at org.hibernate.impl.SessionImpl.get(SessionImpl.java:997)
	at org.hibernate.impl.SessionImpl.get(SessionImpl.java:990)
	at org.hibernate.ejb.AbstractEntityManagerImpl.find(AbstractEntityManagerImpl.java:610)
	... 16 more
Caused by: java.sql.SQLException: Connections could not be acquired from the underlying database!
	at com.mchange.v2.sql.SqlUtils.toSQLException(SqlUtils.java:106)
	at com.mchange.v2.c3p0.impl.C3P0PooledConnectionPool.checkoutPooledConnection(C3P0PooledConnectionPool.java:529)
	at com.mchange.v2.c3p0.impl.AbstractPoolBackedDataSource.getConnection(AbstractPoolBackedDataSource.java:128)
	at org.hibernate.connection.C3P0ConnectionProvider.getConnection(C3P0ConnectionProvider.java:78)
	at org.hibernate.jdbc.ConnectionManager.openConnection(ConnectionManager.java:446)
	... 34 more
Caused by: com.mchange.v2.resourcepool.CannotAcquireResourceException: A ResourcePool could not acquire a resource from its primary factory or source.
	at com.mchange.v2.resourcepool.BasicResourcePool.awaitAvailable(BasicResourcePool.java:1319)
	at com.mchange.v2.resourcepool.BasicResourcePool.prelimCheckoutResource(BasicResourcePool.java:557)
	at com.mchange.v2.resourcepool.BasicResourcePool.checkoutResource(BasicResourcePool.java:477)
	at com.mchange.v2.c3p0.impl.C3P0PooledConnectionPool.checkoutPooledConnection(C3P0PooledConnectionPool.java:525)
	... 37 more
{code}",,,
1604,MODE-1615,"Each workspace cache is currently a simple concurrent map, and because it is shared by multiple sessions it is never cleared nor its contents removed. This is obviously a problem that needs to be addressed.

Perhaps the easiest way to do this is to use an in-memory Infinispan cache for each workspace cache, where the Infinispan cache has no cache store, limited  numbers of entries, with a LRU or LIRS eviction strategy and possibly even a lifespan limit. (Not sure how/whether to expose these settings in the repository configuration; probably a good idea to better support deployment on various sized machines and custom tuning.)",,,
1615,MODE-1614,"org.modeshape.jcr.value.binary.BinaryStoreValueFactory in 

215: public BinaryValue create(byte[] value) and 
229: public BinaryValue create(InputStream stream)

are throwing ValueFormatException(Object value,PropertyType) but have the cause exception as the 1st parameter which should be the value. 

They should be including the cause exception as a third parameter to 
ValueFormatException(Object value,
 PropertyType targetType,Throwable cause)

Not sure what you can pass as the value in this case though since it is a stream.

",,,
1620,MODE-1613,"During high load/volume testing the repository gets into a state where a node can be located via its ID (getNodeByIdentifier) but if you get the path from that node and look that up (getNode) you get a PathNotFoundException. 

See the forum reference for details.",,,
1623,MODE-1612,"The JBoss AS7 configuration is not accepting the JNDI name for the ""db-binary-store"" section, claiming that the datasource jndi name is null. The output looks like this when attempting to set it from the CLI:
 
{code}
[standalone@localhost:9999 /] /subsystem=modeshape/repository=author_repository/configuration=binary-storage/storage-type=db-binary-storage:add(data-source-jndi-name=java:/DezideWebAuthor2DB)
{
    ""outcome"" => ""failed"",
    ""failure-description"" => ""JBAS014746: data-source-jndi-name may not be null"",
    ""rolled-back"" => true
}
{code} 

I use the datasource in an Infinispan cache loader, so it is working (I've also tried stripping the ""java:/"" without success).
 

",,,
1625,MODE-1611,"The following query returns no results (and worked in ModeShape 2.x):

{code:sql}
SELECT * FROM [author:textUnit] AS textUnits 
WHERE (ISCHILDNODE(textUnits,'/author/content/text') 
AND textUnits.[author:deleted] = CAST('false' AS BOOLEAN)) 
ORDER BY textUnits.[author:unitId] ASC LIMIT 10
{code}

The relevant node types are in the attached CND file.",,,
1627,MODE-1609,"Configuring a repository to store its index into an infinispan cache backed by a jdbc cache loader doesn't work. The database tables for the index are not created and used and the index filesystem directory is still created and used. Effectively the cache-index-storage element in the repository configuration is completely ignored.

The configuration I am using (in standalone-modeshape.xml) is as follows:

{code:xml}
        <subsystem xmlns=""urn:jboss:domain:infinispan:1.4"">
            <cache-container name=""hibernate"" default-cache=""local-query"" module=""org.jboss.as.jpa.hibernate:4"">
                <local-cache name=""entity"">
                    <transaction mode=""NON_XA""/>
                    <eviction strategy=""LRU"" max-entries=""10000""/>
                    <expiration max-idle=""100000""/>
                </local-cache>
                <local-cache name=""local-query"">
                    <transaction mode=""NONE""/>
                    <eviction strategy=""LRU"" max-entries=""10000""/>
                    <expiration max-idle=""100000""/>
                </local-cache>
                <local-cache name=""timestamps"">
                    <transaction mode=""NONE""/>
                    <eviction strategy=""NONE""/>
                </local-cache>
            </cache-container>
            <!-- Each ModeShape repository uses one (or more) cache in a cache container. We define a single container
                 named ""modeshape"" (other names require specifying the container names in each repository configuration,
                 with a ""sample"" cache (each repository assumes the cache name matches the repository name). -->
            <cache-container name=""modeshapeCache"">
                <local-cache name=""testRepositoryCache"">
                    <transaction mode=""NON_XA""/>
                    <string-keyed-jdbc-store datasource=""jboss/datasources/JcrDataDS"" passivation=""false"" purge=""false"">
                        <property name=""databaseType"">
                            postgres
                        </property>
                        <property name=""createTableOnStart"">
                            true
                        </property>
                        <string-keyed-table prefix=""stringbased"">
                            <id-column name=""id"" type=""VARCHAR(200)""/>
                            <data-column name=""datum"" type=""BYTEA""/>
                            <timestamp-column name=""version"" type=""BIGINT""/>
                        </string-keyed-table>
                    </string-keyed-jdbc-store>
                </local-cache>
            </cache-container>            
            <cache-container name=""modeshapeIndexCache"">
                <local-cache name=""testRepository-index-locks"">
                    <transaction mode=""NON_XA""/>
                    <string-keyed-jdbc-store datasource=""jboss/datasources/JcrDataDS"" passivation=""false"" purge=""false"">
                        <property name=""databaseType"">
                            postgres
                        </property>
                        <property name=""createTableOnStart"">
                            true
                        </property>
                        <string-keyed-table prefix=""stringbased"">
                            <id-column name=""id"" type=""VARCHAR(200)""/>
                            <data-column name=""datum"" type=""BYTEA""/>
                            <timestamp-column name=""version"" type=""BIGINT""/>
                        </string-keyed-table>
                    </string-keyed-jdbc-store>
                </local-cache>
                <local-cache name=""testRepository-index-data"">
                    <transaction mode=""NON_XA""/>
                    <string-keyed-jdbc-store datasource=""jboss/datasources/JcrDataDS"" passivation=""false"" purge=""false"">
                        <property name=""databaseType"">
                            postgres
                        </property>
                        <property name=""createTableOnStart"">
                            true
                        </property>
                        <string-keyed-table prefix=""stringbased"">
                            <id-column name=""id"" type=""VARCHAR(200)""/>
                            <data-column name=""datum"" type=""BYTEA""/>
                            <timestamp-column name=""version"" type=""BIGINT""/>
                        </string-keyed-table>
                    </string-keyed-jdbc-store>
                </local-cache>
                <local-cache name=""testRepository-index-metadata"">
                    <transaction mode=""NON_XA""/>
                    <string-keyed-jdbc-store datasource=""jboss/datasources/JcrDataDS"" passivation=""false"" purge=""false"">
                        <property name=""databaseType"">
                            postgres
                        </property>
                        <property name=""createTableOnStart"">
                            true
                        </property>
                        <string-keyed-table prefix=""stringbased"">
                            <id-column name=""id"" type=""VARCHAR(200)""/>
                            <data-column name=""datum"" type=""BYTEA""/>
                            <timestamp-column name=""version"" type=""BIGINT""/>
                        </string-keyed-table>
                    </string-keyed-jdbc-store>
                </local-cache>
            </cache-container>
        </subsystem>
        <subsystem xmlns=""urn:jboss:domain:modeshape:1.0"">
            <repository name=""testRepository"" cache-name=""testRepositoryCache"" cache-container=""modeshapeCache"">
                <indexing rebuild-upon-startup=""if_missing"" mode=""sync""/>
                <cache-index-storage cache-container-jndi-name=""modeshapeIndexCache"" 
                             lock-cache-name=""testRepository-index-locks"" 
                             data-cache-name=""testRepository-index-data""
                             metadata-cache-name=""testRepository-index-metadata""/>
            </repository>
        </subsystem>
{code}

The log output on starting to use the repository is:

{code}
�[0m�[0m23:46:20,793 INFO  [org.jboss.resteasy.spi.ResteasyDeployment] (http-localhost/127.0.0.1:8080-1) Deploying javax.ws.rs.core.Application: class au.com.infomedix.jcrloadtest.jcrserver.restapi.JcrLoadTestApplication
�[0m�[0m23:46:21,008 INFO  [org.infinispan.factories.GlobalComponentRegistry] (http-localhost/127.0.0.1:8080-1) ISPN000128: Infinispan version: Infinispan 'Brahma' 5.1.6.FINAL
�[0m�[0m23:46:21,367 INFO  [org.infinispan.jmx.CacheJmxRegistration] (http-localhost/127.0.0.1:8080-1) ISPN000031: MBeans were successfully registered to the platform mbean server.
�[0m�[0m23:46:21,369 INFO  [org.jboss.as.clustering.infinispan] (http-localhost/127.0.0.1:8080-1) JBAS010281: Started testRepositoryCache cache from modeshapeCache container
�[0m�[33m23:46:22,758 WARNING [org.modeshape.jcr.RepositoryConfiguration$Component] (http-localhost/127.0.0.1:8080-1) The field name is not present on org.modeshape.jcr.security.ServletProvider or any of its super types
�[0m�[0m23:46:22,867 INFO  [org.hibernate.search.Version] (http-localhost/127.0.0.1:8080-1) HSEARCH000034: Hibernate Search 4.1.1.Final
�[0m�[0m23:46:22,897 INFO  [org.hibernate.annotations.common.Version] (http-localhost/127.0.0.1:8080-1) HCANN000001: Hibernate Commons Annotations {4.0.1.Final}
�[0m�[33m23:46:22,956 WARN  [org.hibernate.search.store.impl.DirectoryProviderHelper] (http-localhost/127.0.0.1:8080-1) HSEARCH000041: Index directory not found, creating: '/Users/bwallis/InfoMedix/JBoss/ModeShape/jboss-as-7.2.0.Alpha1-SNAPSHOT/standalone/data/modeshape/testRepository/testRepository/indexes'
�[0m�[33m23:46:22,957 WARN  [org.hibernate.search.store.impl.DirectoryProviderHelper] (http-localhost/127.0.0.1:8080-1) HSEARCH000041: Index directory not found, creating: '/Users/bwallis/InfoMedix/JBoss/ModeShape/jboss-as-7.2.0.Alpha1-SNAPSHOT/standalone/data/modeshape/testRepository/testRepository/indexes/nodeinfo'
�[0m�[0m23:46:23,057 INFO  [org.hibernate.search.indexes.serialization.avro.impl.AvroSerializationProvider] (http-localhost/127.0.0.1:8080-1) HSEARCH000079: Serialization protocol version 1.0
�[0m�[0m23:46:23,408 INFO  [au.com.infomedix.jcrloadtest.jcrserver.repo.JcrService] (http-localhost/127.0.0.1:8080-1) Registering the JCR schema.
�[0m�[0m23:46:24,836 INFO  [au.com.infomedix.jcrloadtest.jcrserver.repo.JcrService] (http-localhost/127.0.0.1:8080-1) Completed Registeration the JCR schema.
{code}",,,
1642,MODE-1608,"(See #MODE-1594 for prerequisite fix to get to this issue -- without applying that fix the parser will break before the query executes and triggers this issue)

The INTERSECT and EXCEPT operations (and variants with the ALL flag set) are breaking.

INTERSECT enters an infinite loop upon the first successful compare since it never advances either iterator and the comparison always executes again on the first identical tuples.

EXCEPT throws an InvalidStateException on the _second_ successful compare in a row, since in that state it will call Iterator.remove() a second time without having advanced.

None of the three classes extending SetOperationComponent (ExceptComponent, IntersectComponent, UnionComponent) have any test coverage that I noticed. I'm attaching a patch file with fixes to ExceptComponent and IntersectComponent, as well as a (very) basic testcase in a new file SetOperationComponentsTest.java.",,,
1645,MODE-1607,"Some of the changes to the AS7 subsystem from MODE-1554 included changing the scopes of some dependencies from 'compile' to 'provided'. While that was technically the correct thing to do (because they really should be 'provided'), this change resulted in breaking the JavaDoc builds. For example, running the following command:

{code}
mvn clean install -Passembly
{code}

produces the JavaDoc (as part of the {{modeshape-distribution}} module), but resulted in errors similar to:

{code}
...
[ERROR] /Users/rhauch/dev/java/modeshape/fork-git/modeshape-distribution/target/distro-javadoc-sources/modeshape-jbossas-subsystem-3.0-SNAPSHOT-sources/org/modeshape/jboss/subsystem/ModelAttributes.java:400: cannot find symbol
[ERROR] symbol  : class ModelNode
[ERROR] location: class org.modeshape.jboss.subsystem.ModelAttributes
[ERROR] .setDefaultValue(new ModelNode().set(IndexingMode.SYNC.toString()))
[ERROR] ^
...
{code}

where {{ModelNode}} is {{org.jboss.dmr.ModelNode}} from the ""{{org.jboss:jboss-dmr}}"" Maven artifact, which is brought in as a dependency of the ""{{org.jboss.as:jboss-as-controller}}"" artifact that ModeShape uses with a scope of ""provided"".

As a result, we are not able to build the release artifacts and release Beta3.
",,,
1655,MODE-1605,"There have been a number of changes and improvements in AS7.2 compared with AS7.1.1.Final, and these improvements are proving to be essential (see MODE-1587). Unfortunately, an official stable release of JBoss AS7.2 hasn't been issued (it's current on 7.2.0.Alpha1-SNAPSHOT only, and distributions have to be built locally), so ModeShape cannot switch from 7.1 to 7.2. 

Note that it is not possible to simply install ModeShape's kit for AS7.1 into an AS7.2 installation: there are a number of changes w/r/t Infinispan and Hibernate that affect the modules. Therefore, to make usage in 7.2 easier, ModeShape should provide an interim kit that allows for easy installation of the ModeShape subsystem into AS7.2.

For example, when attempting to deploy the ModeShape kit for AS7.1 into a snapshot of AS7.2.0, the following problems were encountered:

{code}
09:37:18,766 INFO  [org.jboss.modules] JBoss Modules version 1.1.3.GA
09:37:19,026 INFO  [org.jboss.msc] JBoss MSC version 1.0.2.GA
09:37:19,100 INFO  [org.jboss.as] JBAS015899: JBoss AS 7.2.0.Alpha1-SNAPSHOT ""Steropes"" starting
09:37:20,221 ERROR [org.jboss.as.controller.management-operation] JBAS014612: Operation (""parallel-extension-add"") failed - address: ([]): java.lang.RuntimeException: JBAS014670: Failed initializing module org.modeshape
          at org.jboss.as.controller.extension.ParallelExtensionAddHandler$1.execute(ParallelExtensionAddHandler.java:99) [jboss-as-controller-7.2.0.Alpha1-SNAPSHOT.jar:7.2.0.Alpha1-SNAPSHOT]
          at org.jboss.as.controller.AbstractOperationContext.executeStep(AbstractOperationContext.java:397) [jboss-as-controller-7.2.0.Alpha1-SNAPSHOT.jar:7.2.0.Alpha1-SNAPSHOT]
          at org.jboss.as.controller.AbstractOperationContext.doCompleteStep(AbstractOperationContext.java:284) [jboss-as-controller-7.2.0.Alpha1-SNAPSHOT.jar:7.2.0.Alpha1-SNAPSHOT]
          at org.jboss.as.controller.AbstractOperationContext.completeStep(AbstractOperationContext.java:211) [jboss-as-controller-7.2.0.Alpha1-SNAPSHOT.jar:7.2.0.Alpha1-SNAPSHOT]
          at org.jboss.as.controller.ModelControllerImpl.boot(ModelControllerImpl.java:156) [jboss-as-controller-7.2.0.Alpha1-SNAPSHOT.jar:7.2.0.Alpha1-SNAPSHOT]
          at org.jboss.as.controller.AbstractControllerService.boot(AbstractControllerService.java:191) [jboss-as-controller-7.2.0.Alpha1-SNAPSHOT.jar:7.2.0.Alpha1-SNAPSHOT]
          at org.jboss.as.server.ServerService.boot(ServerService.java:314) [jboss-as-server-7.2.0.Alpha1-SNAPSHOT.jar:7.2.0.Alpha1-SNAPSHOT]
          at org.jboss.as.server.ServerService.boot(ServerService.java:289) [jboss-as-server-7.2.0.Alpha1-SNAPSHOT.jar:7.2.0.Alpha1-SNAPSHOT]
          at org.jboss.as.controller.AbstractControllerService$1.run(AbstractControllerService.java:156) [jboss-as-controller-7.2.0.Alpha1-SNAPSHOT.jar:7.2.0.Alpha1-SNAPSHOT]
          at java.lang.Thread.run(Thread.java:680) [classes.jar:1.6.0_33]
Caused by: java.util.concurrent.ExecutionException: java.lang.NoSuchMethodError: org.jboss.as.controller.SimpleListAttributeDefinition$Builder.<init>(Ljava/lang/String;Lorg/jboss/as/controller/SimpleAttributeDefinition;)V
          at java.util.concurrent.FutureTask$Sync.innerGet(FutureTask.java:222) [classes.jar:1.6.0_33]
          at java.util.concurrent.FutureTask.get(FutureTask.java:83) [classes.jar:1.6.0_33]
          at org.jboss.as.controller.extension.ParallelExtensionAddHandler$1.execute(ParallelExtensionAddHandler.java:91) [jboss-as-controller-7.2.0.Alpha1-SNAPSHOT.jar:7.2.0.Alpha1-SNAPSHOT]
          ... 9 more
Caused by: java.lang.NoSuchMethodError: org.jboss.as.controller.SimpleListAttributeDefinition$Builder.<init>(Ljava/lang/String;Lorg/jboss/as/controller/SimpleAttributeDefinition;)V
          at org.modeshape.jboss.subsystem.MappedListAttributeDefinition$Builder.<init>(MappedListAttributeDefinition.java:388)
          at org.modeshape.jboss.subsystem.MappedListAttributeDefinition$Builder.of(MappedListAttributeDefinition.java:393)
          at org.modeshape.jboss.subsystem.ModelAttributes.<clinit>(ModelAttributes.java:149)
          at org.modeshape.jboss.subsystem.RepositoryWriteAttributeHandler.<init>(RepositoryWriteAttributeHandler.java:40)
          at org.modeshape.jboss.subsystem.RepositoryWriteAttributeHandler.<clinit>(RepositoryWriteAttributeHandler.java:37)
          at org.modeshape.jboss.subsystem.ModeShapeExtension.initialize(ModeShapeExtension.java:85)
          at org.jboss.as.controller.extension.ExtensionAddHandler.initializeExtension(ExtensionAddHandler.java:97) [jboss-as-controller-7.2.0.Alpha1-SNAPSHOT.jar:7.2.0.Alpha1-SNAPSHOT]
          at org.jboss.as.controller.extension.ParallelExtensionAddHandler$ExtensionInitializeTask.call(ParallelExtensionAddHandler.java:127) [jboss-as-controller-7.2.0.Alpha1-SNAPSHOT.jar:7.2.0.Alpha1-SNAPSHOT]
          at org.jboss.as.controller.extension.ParallelExtensionAddHandler$ExtensionInitializeTask.call(ParallelExtensionAddHandler.java:113) [jboss-as-controller-7.2.0.Alpha1-SNAPSHOT.jar:7.2.0.Alpha1-SNAPSHOT]
          at java.util.concurrent.FutureTask$Sync.innerRun(FutureTask.java:303) [classes.jar:1.6.0_33]
          at java.util.concurrent.FutureTask.run(FutureTask.java:138) [classes.jar:1.6.0_33]
          at java.util.concurrent.ThreadPoolExecutor$Worker.runTask(ThreadPoolExecutor.java:886) [classes.jar:1.6.0_33]
          at java.util.concurrent.ThreadPoolExecutor$Worker.run(ThreadPoolExecutor.java:908) [classes.jar:1.6.0_33]
          at java.lang.Thread.run(Thread.java:680) [classes.jar:1.6.0_33]
          at org.jboss.threads.JBossThread.run(JBossThread.java:122) [jboss-threads-2.0.0.GA.jar:2.0.0.GA]

09:37:20,232 FATAL [org.jboss.as.server] JBAS015957: Server boot has failed in an unrecoverable manner; exiting. See previous messages for details.
09:37:20,245 INFO  [org.jboss.as] JBAS015950: JBoss AS 7.2.0.Alpha1-SNAPSHOT ""Steropes"" stopped in 6ms
{code}

Even though AS7.2.0.Alpha1 is not even ready, we still should try to do everything we can to keep the kit ready to run in AS7.2.0",,,
1686,MODE-1603,"Store binary value and then mark value as unused. Mark it as unused. Till GC the value actually remains in table and it blocks new insert. The solution suppose to modify ""usage"" flag and make value alive again. ",,,
1688,MODE-1602,"When new node type definitions are registered, they are written to the persistent cache. When the repository is restarted, the node types are read back in to create the NodeType instances. The node type's primary item name is written to persistent storage, but not read.",,,
1689,MODE-1601,"java.lang.AssertionError: 
Expected: is <1>
     got: <0>

	at org.junit.Assert.assertThat(Assert.java:780)
	at org.junit.Assert.assertThat(Assert.java:738)
	at org.modeshape.jcr.bus.ClusteredRepositoryChangeBusTest.shouldSendChangeSetThroughRealJGroupsCluster(ClusteredRepositoryChangeBusTest.java:251)
	

I've shortly looked into source, this can be solved by changing line 241 of the test bus2.notify -> bus3.notify.

The question is: Why this test worked with JGroups 3.0.9?",,,
1690,MODE-1600,"After the addition of the ISPN binary store, the overall build time (clean install) on my machine (Windows 7 x64, JDK 1.6.0_29) went up by about 2_30 minutes. Looking at the test logs both on my machine an on an OS-X machine, there are two problems:

1) an error reported in the following gist(which doesn't cause a test failure however): https://gist.github.com/f6f6b6ed1e760af974a5
2) the default configuration of JGroups is not optimal (and takes too long a time) for a local test suite, judging both from the previous link and the following: https://gist.github.com/3403853",,,
1698,MODE-1599,"The JCR TCK test {{org.apache.jackrabbit.test.api.query.qom.ColumnTest#testExpandColumnsForNodeType}} method performs this query:

{code:sql}
SELECT s.* FROM [nt:unstructured] AS s
{code}

and then attempts to check that the results include columns for each non-residual and single-valued property definition. ""{{jcr:primaryType}}"" is one such single-valued and non-residual property definition, but the test expects the column name to include the source and be named ""{{s.jcr:primaryType}}"" even though the query includes just a single source.

(This was not found earlier because the test was excluded due to [JCR-3313|https://issues.apache.org/jira/browse/JCR-3313]; see MODE-1396.",,,
1711,MODE-1596,Refer to Forum Reference.,,,
1712,MODE-1595,"(See #MODE-1594 for prerequisite fix to get to this issue -- without applying that fix the parser will break before the query executes and triggers this issue)

The INTERSECT and EXCEPT operations (and variants with the ALL flag set) are breaking.

INTERSECT enters an infinite loop upon the first successful compare since it never advances either iterator and the comparison always executes again on the first identical tuples.

EXCEPT throws an InvalidStateException on the _second_ successful compare in a row, since in that state it will call Iterator.remove() a second time without having advanced.

None of the three classes extending SetOperationComponent (ExceptComponent, IntersectComponent, UnionComponent) have any test coverage that I noticed. I'm attaching a patch file with fixes to ExceptComponent and IntersectComponent, as well as a (very) basic testcase in a new file SetOperationComponentsTest.java.",,,
1715,MODE-1594,"The JcrSql2QueryParser breaks if it is passed a query containing a set operation (UNION, INTERSECT, EXCEPT) with the following stack trace:
{code}
java.lang.ClassCastException: org.modeshape.graph.query.model.Limit cannot be cast to org.modeshape.jcr.query.qom.JcrLimit
	at org.modeshape.jcr.query.qom.JcrSetQuery.limits(JcrSetQuery.java:125)
	at org.modeshape.jcr.query.qom.JcrSetQuery.limits(JcrSetQuery.java:1)
	at org.modeshape.jcr.query.JcrSql2QueryParser.parseSetQuery(JcrSql2QueryParser.java:197)
	at org.modeshape.graph.query.parse.SqlQueryParser.parseQueryCommand(SqlQueryParser.java:514)
	at org.modeshape.graph.query.parse.SqlQueryParser.parseQuery(SqlQueryParser.java:504)
	at org.modeshape.jcr.query.JcrSql2QueryParserTest.parseSetQuery(JcrSql2QueryParserTest.java:618)
	at org.modeshape.jcr.query.JcrSql2QueryParserTest.shouldParseSetQuery(JcrSql2QueryParserTest.java:527)
... (trace after the testcase elided)
{code}

The sequence of events here is a little more complicated than the trace indicates, so for clarity's sake --

# JcrSql2QueryParser.parseSetQuery() fires its superimplementation to setup.
# SqlQueryParser.parseSetQuery() determines the set operation being used and calls setQuery() to create the SetQuery object.
# Since JcrSql2QueryParser overrides the setQuery() method, the subimplementation is executed rather than the super.
# JcrSql2QueryParser.setQuery() creates and returns a new object of type JcrSetQuery using the four-argument constructor (parameters are left, operation, right, and all).
# The four-arg JcrSetQuery constructor calls its super in SetQuery.
# The SetQuery constructor initializes the ""limits"" field to Limit.NONE.
# Back in JcrSql2QueryParser.parseSetQuery(), the parser tries to cast query.limits() to the type JcrLimit. Since JcrLimit is a subclass of Limit, it throws a ClassCastException.

JcrSetQuery expects its limits field to be specifically the JcrLimit type, but the four-arg SetQuery constructor is instead setting it to an instance of JcrLimit's parent class. This can be fixed pretty easily by using the six-argument JcrSetQuery constructor from JcrSql2QueryParser.setQuery(), which specifies the limits field. Since the value would have been some variant of NONE in all cases (there is another setQuery() method for queries having a limit), JcrLimit.NONE fits perfectly well.

This bug affects 2.8.2.Final at least (I haven't gone back to see how far it extends), and is still present in the 2.9 snapshot. I'm attaching a patch to the 2.x branch that contains this fix and a unit test in JcrSql2QueryParserTest.",,,
1716,MODE-1593,"the issue is the same as MODE-1536.
It was reproduced in a Dual-Core AMD Opterom  with Windows XP OS. 
The exception we got is :

{code}
Caused by: java.lang.IllegalArgumentException: The resultFormulationNanos argument value, -1302752, may not be negative
      at org.modeshape.common.util.CheckArg.isNonNegative(CheckArg.java:225)
      at org.modeshape.graph.query.QueryResults$Statistics.withResultsFormulationTime(QueryResults.java:509)
      at org.modeshape.graph.query.process.QueryProcessor.execute(QueryProcessor.java:92)
      at org.modeshape.graph.query.QueryEngine.execute(QueryEngine.java:124)
      at org.modeshape.jcr.RepositoryQueryManager$SelfContained.query(RepositoryQueryManager.java:435)
      at org.modeshape.jcr.JcrQueryManager$SessionQueryContext.execute(JcrQueryManager.java:1423)
      at org.modeshape.jcr.query.JcrQuery.execute(JcrQuery.java:109)
{code}",,,
1717,MODE-1592,"Working on MODE-1582, I've noticed that there is, in the 2.x branch, a test suite {{ShareableNodesTest}} which has not been ported to 3.x

After porting it to 3.x and changing the repository startup procedure, the test suite has 5 failures and 1 error. 

We should investigate if these expose potential problems with the current shareable nodes implementation, or the tests themselves need updating ",,,
1728,MODE-1585,"Here is my configuration file.

{code:xml}
<mode:sources jcr:primaryType=""nt:unstructured"">
        <mode:source jcr:name=""systemSource"" mode:classname=""org.modeshape.connector.store.jpa.JpaSource""
             mode:defaultWorkspaceName=""system""
             mode:autoGenerateSchema=""update""
             dialect=""org.hibernate.dialect.MySQLDialect""
             driverClassName=""com.mysql.jdbc.Driver""
             username=""root""
             password=""""
             url=""jdbc:mysql://localhost:3306/esp_systemsource"">
        </mode:source>
 
        <mode:source jcr:name=""metaData"" mode:classname=""org.modeshape.connector.store.jpa.JpaSource""
             mode:defaultWorkspaceName=""meta""
             mode:autoGenerateSchema=""update""
             dialect=""org.hibernate.dialect.MySQLDialect""
             driverClassName=""com.mysql.jdbc.Driver""
             username=""root""
             password=""""
             url=""jdbc:mysql://localhost:3306/meta"">
        </mode:source>
        
        <mode:source jcr:name=""gometaFS"" mode:classname=""org.modeshape.connector.filesystem.FileSystemSource""
            mode:workspaceRootPath=""/tmp/full""
            mode:defaultWorkspaceName=""go""
            mode:creatingWorkspacesAllowed=""true""
            mode:updatesAllowed=""true"">
            <mode:cachePolicy jcr:name=""nodeCachePolicy"" 
                mode:classname=""org.modeshape.graph.connector.base.cache.InMemoryNodeCache$PathCachePolicy""
                mode:timeToLive=""300"" />
        </mode:source>
        
        <mode:source jcr:name=""federationSource""
            mode:classname=""org.modeshape.graph.connector.federation.FederatedRepositorySource"">
             <mode:workspaces>
                <mode:workspace jcr:name=""default"">
                    <mode:projections>
                        <mode:projection jcr:name=""File projection""
                                mode:source=""gometaFS""
                                mode:workspaceName=""go"">
                            <mode:projectionRules>/filesystem => /</mode:projectionRules>
                        </mode:projection>
                        
                        <mode:projection jcr:name=""Meta projection""
                                mode:source=""metaData""
                                mode:workspaceName=""meta"">
                            <mode:projectionRules>/metasystem => /</mode:projectionRules>
                        </mode:projection>
                    
                    </mode:projections>
                </mode:workspace>
            </mode:workspaces>
        </mode:source>
    </mode:sources>
 
    <mode:mimeTypeDetectors>
        <mode:mimeTypeDetector jcr:name=""Detector"">
            <mode:description>Standard extension-based MIME type detector</mode:description>
            <mode:classname>org.modeshape.graph.mimetype.ExtensionBasedMimeTypeDetector</mode:classname>
        </mode:mimeTypeDetector>
     </mode:mimeTypeDetectors>
 
    <mode:repositories>
     <mode:repository jcr:name=""federationRepo"" repositoryJndiLocation=""jndi:federationRepo"">
            <mode:source>federationSource</mode:source>            
            <mode:options jcr:primaryType=""mode:options"">
                <queryIndexDirectory jcr:primaryType=""mode:option"" mode:value=""/tmp/full/index"" />
                <systemSourceName jcr:primaryType=""mode:option"" mode:value=""system@systemSource""/>
            </mode:options>
      </mode:repository>
    </mode:repositories>
{code}
 

Here is my simple test case

{code:java}
public static void testCheckIn(Session session, File file) throws Exception{
        String fileName = file.getName();
        String filePath = ""/metasystem/"" + fileName;
        JcrTools tools = new JcrTools();
        Node fileNode = tools.findOrCreateNode(session, filePath, ""nt:folder"", ""nt:file"");
        Node resourceNode = fileNode.addNode(""jcr:content"", ""nt:resource"");
        InputStream is = new FileInputStream(file);
        Binary binaryValue = session.getValueFactory().createBinary(is);
        resourceNode.setProperty(""jcr:data"", binaryValue);
        resourceNode.addMixin(""mix:versionable"");
        session.save();
        session.getWorkspace().getVersionManager().checkin(resourceNode.getPath());
    }
    
    public static void testCheckOut(Session session, File file) throws Exception{
        String fileName = file.getName();
        String filePath = ""/metasystem/"" + fileName;
        Node resourceNode = session.getNode(filePath + ""/jcr:content"");
        System.out.println(""1"");
        session.getWorkspace().getVersionManager().checkout(resourceNode.getPath()); //wrong here
        System.out.println(""2"");
        session.getWorkspace().getVersionManager().checkin(resourceNode.getPath());
    }
 
     
public static void main(String[] args) throws Exception {
        RepositoryFactory rFactory = null;
        SecurityFactory.prepare();
        try {
            ClassPathResource cr = new ClassPathResource(""modeshape-repositories-full.xml"");
            
            Properties fedParameters = new Properties();
            fedParameters.put(""org.modeshape.jcr.URL"", cr.getURL());
            fedParameters.put(""org.modeshape.jcr.RepositoryName"", ""federationRepo"");
            Repository fedRepository = null;
            for (RepositoryFactory factory : ServiceLoader.load(RepositoryFactory.class)) {
                fedRepository = factory.getRepository(fedParameters);
                if (fedRepository != null)
                    rFactory = factory;
                    break;
            }
            Session fedSession = createSession(fedRepository, ""default"");
 
            File file = new File(""C://222.txt"");
 
            testCheckIn(fedSession, file);
            testCheckOut(fedSession, file);
       } finally {
            if (rFactory instanceof JcrRepositoryFactory) {
                //((JcrRepositoryFactory) rFactory).shutdown();
            }
        }
    }
{code}

Here is the error:

{code}
Exception in thread main org.modeshape.graph.property.PathNotFoundException: Unable to find [{http://www.modeshape.org/1.0}uuid = 6a085534-b9ac-4a33-a377-bfd64f527532]; lowest existing path is /
    at org.modeshape.graph.connector.base.PathTransaction.getNode(PathTransaction.java:151)
    at org.modeshape.graph.connector.base.PathTransaction.getNode(PathTransaction.java:59)
    at org.modeshape.graph.connector.base.Processor.getTargetNode(Processor.java:658)
    at org.modeshape.graph.connector.base.Processor.process(Processor.java:414)
    at org.modeshape.graph.request.processor.RequestProcessor.process(RequestProcessor.java:315)
    at org.modeshape.graph.request.processor.RequestProcessor.process(RequestProcessor.java:363)
    at org.modeshape.graph.request.processor.RequestProcessor.process(RequestProcessor.java:235)
    at org.modeshape.graph.connector.base.Connection.execute(Connection.java:115)
    at org.modeshape.graph.connector.RepositoryConnectionPool$ConnectionWrapper.execute(RepositoryConnectionPool.java:1124)
    at org.modeshape.graph.request.CompositeRequestChannel$2.call(CompositeRequestChannel.java:223)
    at org.modeshape.graph.request.CompositeRequestChannel$2.call(CompositeRequestChannel.java:212)
    at java.util.concurrent.FutureTask$Sync.innerRun(FutureTask.java:303)
    at java.util.concurrent.FutureTask.run(FutureTask.java:138)
    at java.util.concurrent.ThreadPoolExecutor$Worker.runTask(ThreadPoolExecutor.java:886)
    at java.util.concurrent.ThreadPoolExecutor$Worker.run(ThreadPoolExecutor.java:908)
    at java.lang.Thread.run(Thread.java:662)

{code}

It didn't work. Is there anything wrong?",,,
1730,MODE-1582,"Binary values are exported as Base64 string when exporting a document view. When importing such a view, the values aren't decoded back and the binary value that is created will contain, de facto, the Base64 string, instead of the real binary value.",,,
1733,MODE-1577,"- Consider introduction of simple switch over different query types like org.infinispan.loaders.jdbc.TableManipulation. The current impl will fail e.g. on Oracle.
Here is also a good source for sql datatypes:
http://www.castor.org/ddlgen-mapping.html

- getContentLength, at storing the blob, store also the size. query it in this method.

- Database.tableExists change select * at least to select count(1) or count ( * ). Faster would be to try to create a table and check the errors.

- In case of non-JNDI: connection opened, but not closed

- Configuration of table name prefix (When using one DB account for different products, its always better, that tables have component-related prefixes.)",,,
1738,MODE-1575,"After creating some initial content in the repository, accessing the nodes, and making changes results in a number of exceptions (see the first comment), but they basically all stem from the following exception:

{code}
Caused by: java.io.EOFException
	at org.infinispan.schematic.internal.io.BsonDataInput.readFully(BsonDataInput.java:159) [modeshape-schematic-3.0.0.Beta1.jar:3.0.0.Beta1]
	at org.infinispan.schematic.internal.io.BsonDataInput.readFully(BsonDataInput.java:149) [modeshape-schematic-3.0.0.Beta1.jar:3.0.0.Beta1]
	at org.infinispan.schematic.internal.document.BsonReader$Reader.readElement(BsonReader.java:134) [modeshape-schematic-3.0.0.Beta1.jar:3.0.0.Beta1]
	at org.infinispan.schematic.internal.document.BsonReader$Reader.readDocument(BsonReader.java:112) [modeshape-schematic-3.0.0.Beta1.jar:3.0.0.Beta1]
	at org.infinispan.schematic.internal.document.BsonReader$Reader.readElement(BsonReader.java:148) [modeshape-schematic-3.0.0.Beta1.jar:3.0.0.Beta1]
	at org.infinispan.schematic.internal.document.BsonReader$Reader.readDocument(BsonReader.java:112) [modeshape-schematic-3.0.0.Beta1.jar:3.0.0.Beta1]
	at org.infinispan.schematic.internal.document.BsonReader$Reader.readElement(BsonReader.java:148) [modeshape-schematic-3.0.0.Beta1.jar:3.0.0.Beta1]
	at org.infinispan.schematic.internal.document.BsonReader$Reader.readDocument(BsonReader.java:112) [modeshape-schematic-3.0.0.Beta1.jar:3.0.0.Beta1]
	at org.infinispan.schematic.internal.document.BsonReader$Reader.readElement(BsonReader.java:148) [modeshape-schematic-3.0.0.Beta1.jar:3.0.0.Beta1]
	at org.infinispan.schematic.internal.document.BsonReader$Reader.readDocument(BsonReader.java:112) [modeshape-schematic-3.0.0.Beta1.jar:3.0.0.Beta1]
	at org.infinispan.schematic.internal.document.BsonReader$Reader.startDocument(BsonReader.java:99) [modeshape-schematic-3.0.0.Beta1.jar:3.0.0.Beta1]
	at org.infinispan.schematic.internal.document.BsonReader.read(BsonReader.java:81) [modeshape-schematic-3.0.0.Beta1.jar:3.0.0.Beta1]
	at org.infinispan.schematic.document.Bson.read(Bson.java:208) [modeshape-schematic-3.0.0.Beta1.jar:3.0.0.Beta1]
	at org.infinispan.schematic.internal.document.DocumentExternalizer.readObject(DocumentExternalizer.java:55) [modeshape-schematic-3.0.0.Beta1.jar:3.0.0.Beta1]
	at org.infinispan.schematic.internal.document.DocumentExternalizer.readObject(DocumentExternalizer.java:34) [modeshape-schematic-3.0.0.Beta1.jar:3.0.0.Beta1]
	at org.infinispan.marshall.jboss.JBossExternalizerAdapter.createExternal(JBossExternalizerAdapter.java:48) [infinispan-core-5.1.2.FINAL.jar:5.1.2.FINAL]
	at org.jboss.marshalling.river.RiverUnmarshaller.doReadNewObject(RiverUnmarshaller.java:1277)
	at org.jboss.marshalling.river.RiverUnmarshaller.doReadObject(RiverUnmarshaller.java:272)
	at org.jboss.marshalling.river.BlockUnmarshaller.readObject(BlockUnmarshaller.java:153)
	at org.jboss.marshalling.river.BlockUnmarshaller.readObject(BlockUnmarshaller.java:139)
	at org.infinispan.schematic.internal.SchematicEntryLiteral$Externalizer.readObject(SchematicEntryLiteral.java:306) [modeshape-schematic-3.0.0.Beta1.jar:3.0.0.Beta1]
	at org.infinispan.schematic.internal.SchematicEntryLiteral$Externalizer.readObject(SchematicEntryLiteral.java:295) [modeshape-schematic-3.0.0.Beta1.jar:3.0.0.Beta1]
	at org.infinispan.marshall.jboss.JBossExternalizerAdapter.createExternal(JBossExternalizerAdapter.java:48) [infinispan-core-5.1.2.FINAL.jar:5.1.2.FINAL]
{code}

This problem is caused by the fact that schematic Binary instances, used when for InMemoryBinaryValues, aren't deserialized (read) correctly.",,,
1740,MODE-1573,"Binary values are exported as Base64 string when exporting a document view. When importing such a view, the values aren't decoded back and the binary value that is created will contain, de facto, the Base64 string, instead of the real binary value.",,,
1742,MODE-1572,"As per jcr spec, whenever a system view is being exported and there are non-binary properties which contain illegal xml characters, they should be exported as: {{xsd:base64Binary}}

However, the ""xsd"" prefix is just a hint :
{quote}
The namespace mappings for xsi and xsd are added to the exported XML document so that the xsi:type attribute is within their scope. 
The namespace declarations required are xmlns:xsd=“http://www.w3.org/2001/XMLSchema” and xmlns:xsi=“http://www.w3.org/2001/XMLSchemainstance”. 

Note that the prefixes representing these two namespaces need not be literally “xsd” and “xsi”. Any two prefixes are permitted as long as the corresponding
namespace declarations are changed accordingly.
{quote}

Currently, when exporting, we're hardcoding the ""xsd"" & ""xsi"" prefixes (regardless of what the namespaces uris are mapped to) and when importing, we're not really looking for the {{xsd:base64Binary}} type to decode from Base64. However, we are looking for {{xs:base64Binary}}, due to MODE-1026.",,,
1744,MODE-1570,"If enabling the preferIpv6 profile, the org.modeshape.jcr.bus.ClusteredRepositoryChangeBusTest#shouldSendChangeSetThroughRealJGroupsCluster fails.",,,
1745,MODE-1568,"After the fix for MODE-1555, a new bug was introduced through which Surefire ignores our preferIpv4 and preferIpv6 settings. 

This causes the unit tests that use JGroups (e.g. clustered bus tests) to fail.",,,
1746,MODE-1566,"When having for example the webdav war deployed in Tomcat, during shutdown the thread pool mentioned above is not closed. This causes Tomcat shutdown to hang.

SEVERE: The web application [/webdav] appears to have started a thread named [modeshape-cron-2-thread-1] but has failed to stop it. This is very likely to create a memory leak.",,,
1747,MODE-1562,"This causing jvm to keep handlers and may cause issues.

Correct implementation may be:
{code}
    public long getResourceLength(Node node) 
           throws RepositoryException, IOException {
        InputStream is = null;
        long size = 0;
        int bytesRead;
        byte[] buff = new byte[255];
        try {
            is = getResourceContent(node);
            while (-1 != (bytesRead = is.read(buff, 0, 255))) {
                size += bytesRead;
            }
        } finally {
            if (is != null) {
                try {
                    is.close();
                } catch (IOException e) {
                    e.printStackTrace();
                }
            }
        }
        return size;
    }
{code}",,,
1748,MODE-1560,"When configuring a repository with a MsOfficeSequencer and a TikaTextExtractor, the tika extractor cannot extract content from MsOffice files.

This is caused by the fact that the MsOffice sequencer enforces an apache-poi dependency version of 3.7, while the tika-parsers_1.0 library needs at least a beta version of 3.8 to be able to extract content from office documents. (this uses the NPOIFS* classes from POI, which aren't present in 3.7)

The downside of this, is that the error is well hidden, because any potential problems during text extraction (see org.modeshape.search.lucene.LuceneSearchSession) are silently ignored.",,,
1750,MODE-1559,Nodes for sequenced MS Office files do not get mode:derived mixin added.,,,
1752,MODE-1556,"Using a criteria such as ""{{<> 3}}"" (that is, ""not equal to"" some literal value) on numeric fields does not return the correct results.",,,
1763,MODE-1553,"When working with referenceable nodes, the jcr:uuid property is not stored as a node property and therefore cannot be searched after, if a subsequent update has been performed on the node's properties.

Consider the following scenario:

1. create a referenceable node N with some properties & save
2. execute a search against N.[jcr:uuid]
3. update some of the properties of the referenceable node & save
4. execute the same search as 2.

The effect is that the search at 2 is successful while the search at 4 is not.

The reason is that when first creating the transient node, the actual graph CreateNodeRequest contains among the node properties the jcr:uuid property, which gets indexed by the lucene indexer.

After the update is performed (effectively an UpdatePropertiesRequest is processed), because the jcr:uuid was not stored as a property when the first save was executed, the lucene indexer does not get this property anymore and therefore does not store it in the document (document which gets created anew each time)
",,,
1767,MODE-1552,"Consider the case where a node N1 is shared to another node N2, and where a session is used to change the descendants of N1, but then {{Node.save()}} is called on one of the ancestors of N2. In this case, the save operation does not
save the changes to the descendants of N1. Of course, the changes are still in the transient state of the session and will be saved upon the next {{Session.save()}} (so no information is lost nor is the persisted state corrupted in any way). For details, see the {{testModifyDescendantAndSave()}} and {{testModifyDescendantAndRemoveShareAndSave()}} tests in the {{ShareableNodeTest}} in the TCK.

Note that {{Node.save()}} has been deprecated in JCR 2.0, so the workaround is to simply call {{Session.save()}}.",,,
1789,MODE-1550,"The query

{code:sql}
select * from [nt:base] where ischildnode('/')
{code}

and equivalent QOM query return no results (should return at least {{/jcr:system}}). The query

{code:sql}
select * from [nt:base] where ischildnode('/jcr:system')
{code}

only returns {{/jcr:/system/mode:locks}}, but not {{jcr:nodeTypes}}, {{jcr:versionStorage}}, {{mode:namespaces}}

May be related to or duplicate of MODE-1469?",,,
1792,MODE-1549,"It was an oversight that support for this ""not-equal-to"" operator was not included with the rest of JCR-SQL2. 

(Note that we already support the non-standard ""\!="" operator, so we should be able to pretty easily add support for another operator with equivalent semantics. However, we should convert the non-standard ""!="" to the standard ""<>"" in all queries.)",,,
1803,MODE-1547,"When FTS is enabled and text extractors are configured, and when those extractors extract text for a Binary property, the extracted text cannot be searched after using full-text-search.

The tests which expose this behavior (and are ignored currently) are:
* org.modeshape.extractor.tika.TikaTextExtractorRepositoryTest
* org.modeshape.test.integration.TikaTextExtractorIntegrationTest",,,
1808,MODE-1546,"NPE encountered when invoking an SQL2 query via the REST service, while an asynchronous EJB, with BMT, is updating the repository. Specifically, it appears that the EJB is executing either Session.save() or UserTransaction.commit() when the exception is encountered. If the EJB is not executing save() or commit(), but doing other things, the query works correctly.

The exception is below:

{code:none}
17:02:19,826 ERROR [org.apache.catalina.core.ContainerBase.[jboss.web].[default-host].[/modeshape-rest].[Resteasy]] (http-localhost-127.0.0.1-8080-1) Servlet.service() for servlet Resteasy threw exception: org.jboss.resteasy.spi.UnhandledException: java.lang.NullPointerException
    at org.jboss.resteasy.core.SynchronousDispatcher.handleApplicationException(SynchronousDispatcher.java:340) [resteasy-jaxrs-2.3.2.Final.jar:]
    at org.jboss.resteasy.core.SynchronousDispatcher.handleException(SynchronousDispatcher.java:214) [resteasy-jaxrs-2.3.2.Final.jar:]
    at org.jboss.resteasy.core.SynchronousDispatcher.handleInvokerException(SynchronousDispatcher.java:190) [resteasy-jaxrs-2.3.2.Final.jar:]
    at org.jboss.resteasy.core.SynchronousDispatcher.getResponse(SynchronousDispatcher.java:540) [resteasy-jaxrs-2.3.2.Final.jar:]
    at org.jboss.resteasy.core.SynchronousDispatcher.invoke(SynchronousDispatcher.java:502) [resteasy-jaxrs-2.3.2.Final.jar:]
    at org.jboss.resteasy.core.SynchronousDispatcher.invoke(SynchronousDispatcher.java:119) [resteasy-jaxrs-2.3.2.Final.jar:]
    at org.jboss.resteasy.plugins.server.servlet.ServletContainerDispatcher.service(ServletContainerDispatcher.java:208) [resteasy-jaxrs-2.3.2.Final.jar:]
    at org.jboss.resteasy.plugins.server.servlet.HttpServletDispatcher.service(HttpServletDispatcher.java:55) [resteasy-jaxrs-2.3.2.Final.jar:]
    at org.jboss.resteasy.plugins.server.servlet.HttpServletDispatcher.service(HttpServletDispatcher.java:50) [resteasy-jaxrs-2.3.2.Final.jar:]
    at javax.servlet.http.HttpServlet.service(HttpServlet.java:847) [jboss-servlet-api_3.0_spec-1.0.0.Final.jar:1.0.0.Final]
    at org.apache.catalina.core.ApplicationFilterChain.internalDoFilter(ApplicationFilterChain.java:329) [jbossweb-7.0.13.Final.jar:]
    at org.apache.catalina.core.ApplicationFilterChain.doFilter(ApplicationFilterChain.java:248) [jbossweb-7.0.13.Final.jar:]
    at org.apache.catalina.core.StandardWrapperValve.invoke(StandardWrapperValve.java:275) [jbossweb-7.0.13.Final.jar:]
    at org.apache.catalina.core.StandardContextValve.invoke(StandardContextValve.java:161) [jbossweb-7.0.13.Final.jar:]
    at org.apache.catalina.authenticator.AuthenticatorBase.invoke(AuthenticatorBase.java:489) [jbossweb-7.0.13.Final.jar:]
    at org.jboss.as.web.security.SecurityContextAssociationValve.invoke(SecurityContextAssociationValve.java:153) [jboss-as-web-7.1.1.Final.jar:7.1.1.Final]
    at org.apache.catalina.core.StandardHostValve.invoke(StandardHostValve.java:155) [jbossweb-7.0.13.Final.jar:]
    at org.apache.catalina.valves.ErrorReportValve.invoke(ErrorReportValve.java:102) [jbossweb-7.0.13.Final.jar:]
    at org.apache.catalina.core.StandardEngineValve.invoke(StandardEngineValve.java:109) [jbossweb-7.0.13.Final.jar:]
    at org.apache.catalina.connector.CoyoteAdapter.service(CoyoteAdapter.java:368) [jbossweb-7.0.13.Final.jar:]
    at org.apache.coyote.http11.Http11Processor.process(Http11Processor.java:877) [jbossweb-7.0.13.Final.jar:]
    at org.apache.coyote.http11.Http11Protocol$Http11ConnectionHandler.process(Http11Protocol.java:671) [jbossweb-7.0.13.Final.jar:]
    at org.apache.tomcat.util.net.JIoEndpoint$Worker.run(JIoEndpoint.java:930) [jbossweb-7.0.13.Final.jar:]
    at java.lang.Thread.run(Thread.java:662) [rt.jar:1.6.0_27]
Caused by: java.lang.NullPointerException
    at org.modeshape.jcr.cache.document.LazyCachedNode.getSegment(LazyCachedNode.java:172) [modeshape-jcr-3.0.0.Alpha6.jar:3.0.0.Alpha6]
    at org.modeshape.jcr.cache.document.LazyCachedNode.getPath(LazyCachedNode.java:181) [modeshape-jcr-3.0.0.Alpha6.jar:3.0.0.Alpha6]
    at org.modeshape.jcr.cache.PathCache.getPath(PathCache.java:45) [modeshape-jcr-3.0.0.Alpha6.jar:3.0.0.Alpha6]
    at org.modeshape.jcr.query.lucene.basic.BasicTupleCollector.doCollect(BasicTupleCollector.java:187) [modeshape-jcr-3.0.0.Alpha6.jar:3.0.0.Alpha6]
    at org.modeshape.jcr.query.lucene.LuceneQueryEngine$TupleCollector.collect(LuceneQueryEngine.java:378) [modeshape-jcr-3.0.0.Alpha6.jar:3.0.0.Alpha6]
    at org.apache.lucene.search.BooleanScorer2.score(BooleanScorer2.java:281)
    at org.apache.lucene.search.IndexSearcher.search(IndexSearcher.java:581)
    at org.apache.lucene.search.IndexSearcher.search(IndexSearcher.java:383)
    at org.modeshape.jcr.query.lucene.LuceneQueryEngine$LuceneAccessQuery.execute(LuceneQueryEngine.java:314) [modeshape-jcr-3.0.0.Alpha6.jar:3.0.0.Alpha6]
    at org.modeshape.jcr.query.process.QueryProcessor.execute(QueryProcessor.java:96) [modeshape-jcr-3.0.0.Alpha6.jar:3.0.0.Alpha6]
    at org.modeshape.jcr.query.process.QueryEngine.execute(QueryEngine.java:140) [modeshape-jcr-3.0.0.Alpha6.jar:3.0.0.Alpha6]
    at org.modeshape.jcr.query.lucene.LuceneQueryEngine$1.getResults(LuceneQueryEngine.java:149) [modeshape-jcr-3.0.0.Alpha6.jar:3.0.0.Alpha6]
    at org.modeshape.jcr.query.JcrQuery.execute(JcrQuery.java:119) [modeshape-jcr-3.0.0.Alpha6.jar:3.0.0.Alpha6]
    at org.modeshape.web.jcr.rest.QueryHandler.postItem(QueryHandler.java:78) [modeshape-web-jcr-rest-3.0.0.Alpha6.jar:3.0.0.Alpha6]
    at org.modeshape.web.jcr.rest.JcrResources.postJcrSql2Query(JcrResources.java:441) [modeshape-web-jcr-rest-3.0.0.Alpha6.jar:3.0.0.Alpha6]
    at sun.reflect.NativeMethodAccessorImpl.invoke0(Native Method) [rt.jar:1.6.0_27]
    at sun.reflect.NativeMethodAccessorImpl.invoke(NativeMethodAccessorImpl.java:39) [rt.jar:1.6.0_27]
    at sun.reflect.DelegatingMethodAccessorImpl.invoke(DelegatingMethodAccessorImpl.java:25) [rt.jar:1.6.0_27]
    at java.lang.reflect.Method.invoke(Method.java:597) [rt.jar:1.6.0_27]
    at org.jboss.resteasy.core.MethodInjectorImpl.invoke(MethodInjectorImpl.java:155) [resteasy-jaxrs-2.3.2.Final.jar:]
    at org.jboss.resteasy.core.ResourceMethod.invokeOnTarget(ResourceMethod.java:257) [resteasy-jaxrs-2.3.2.Final.jar:]
    at org.jboss.resteasy.core.ResourceMethod.invoke(ResourceMethod.java:222) [resteasy-jaxrs-2.3.2.Final.jar:]
    at org.jboss.resteasy.core.ResourceMethod.invoke(ResourceMethod.java:211) [resteasy-jaxrs-2.3.2.Final.jar:]
    at org.jboss.resteasy.core.SynchronousDispatcher.getResponse(SynchronousDispatcher.java:525) [resteasy-jaxrs-2.3.2.Final.jar:]
    ... 20 more
{code}",,,
1814,MODE-1537,Using a Stateless Session Bean (SLSB) with Bean Managed Transactions (BMT) to create nodes (using multiple transactions) results in only the nodes created with the first transaction being visible; the nodes created in subsequent transactions are not visible until the server is restarted.,,,
1824,MODE-1526,"Using the AS7 kit, creating & saving some nodes, restarting the server and attempting to read those nodes, doesn't yield any results.

Our current AS7 configuration uses ISPN cache managers which persist the data on disk, so somehow the information cannot be retrieved after a restart.",,,
1835,MODE-1525,"addNode(""er:gp"") fails with error:

{code:none}
javax.jcr.nodetype.ConstraintViolationException: Unable to determine a valid node definition for the node ""/inf:documentGroup/er:gp"" in workspace ""default"" of ""Document Store Repository""
{code}

See forum post and attached schema and testcase for details",,,
1841,MODE-1524,"For our schematic classes, we use ISPN _advanced_ externalizers for marshaling  & unmarshaling. Those externalizers get set in the global ISPN configuration (for a local environment).

However, when running in AS7, those should be registered with the ISPN AS7 subsystem. Currently it seems that this isn't supported by ISPN (see forum ref).

The current workaround is to use user-friendly (non-advanced) externalizers or to make the Schematic classes implement {{Serializable}}.",,,
1842,MODE-1521,"In AS7, each sequencer is added to the repository configuration via the Editor framework, but this is not properly working when multiple sequencers are being added at the same time.",,,
1861,MODE-1518,"The following sequencer path expression is valid, but is not considered valid by the repository:

{code:none}
/files(//)*.xsd[*]/jcr:content[@jcr:data] => /derived/xsd/$1
{code}

The error was:

{code}
Invalid match expression \""/files((?:/[^/]*)*/)[^/.][^/]*.xsd)(?:\\[\\d+\\])?)/jcr:content => /derived/xsd/$1\"" in the path expression \""/files(//)*.xsd)[*])/jcr:content[@jcr:data] => /derived/xsd/$1\""""
{code}",,,
1866,MODE-1515,"We recently (for Alpha5) changed the AS7 kit to move the sequencer JARs (which were intended to be the 'jar-with-dependencies' artifact) into the 'org.modeshape' (slot=main) module. However, this creates other issues, primarily that all of the sequencers' 3rd-party dependencies are exposed to the rest of ModeShape; any clashes in the libraries would cause a problem. Therefore, we need to go back to the Alpha4-style AS7 kit that had a separate module for each sequencer (see the [Alpha4 AS7 assembly descriptor|https://github.com/ModeShape/modeshape/blob/modeshape-3.0.0.Alpha4/deploy/jbossas/assembly/kit-as7.xml#L31] and the old [sequencer module.xml files|https://github.com/ModeShape/modeshape/tree/modeshape-3.0.0.Alpha4/deploy/jbossas/kit/jboss-as7/modules/org/modeshape/sequencer]).

There are some fixes that need to be done to what we had in Alpah4, however:

* Each sequencer module need to be dependent upon the ""javax.jcr"" module, the ""org.modeshape.jcr.api"" module, and a new ""org.modeshape.common"" module.
* The ""org.modeshape"" module needs to be dependent upon all of the ModeShape-provided sequencer modules.
* Each sequencer module needs to include all 3rd-party transitive dependencies (that is, all dependencies except those from ModeShape and JCR). That likely means the [""fileSet"" used in Alpha4's AS7 assembly descriptor|https://github.com/ModeShape/modeshape/blob/modeshape-3.0.0.Alpha4/deploy/jbossas/assembly/kit-as7.xml#L31] will likely need to be replaced with ""dependencySet"" (with some exclusions).
",,,
1963,MODE-1512,"A lucene lock file write.lock is left in the index directory after shutdown JcrEngine, it prevents more updates after restart JcrEngine. Below is the error:

{code:none}
Jun 11, 2012 1:22:00 PM org.hibernate.search.exception.impl.LogErrorHandler handleException
ERROR: HSEARCH000058: Exception occurred org.apache.lucene.store.LockObtainFailedException: Lock obtain timed out: SimpleFSLock@\dev\index\nodeinfo\write.lock
Primary Failure:
    Entity org.modeshape.jcr.query.lucene.basic.NodeInfo  Id 07c17757505d64f99f7a54-dff5-4fa6-b97f-a0f9e18baf16  Work Type  org.hibernate.search.backend.UpdateLuceneWork
Subsequent failures:
    Entity org.modeshape.jcr.query.lucene.basic.NodeInfo  Id 07c17757505d641aa38eb1-de6f-400b-933c-3ea343de9466  Work Type  org.hibernate.search.backend.AddLuceneWork
    Entity org.modeshape.jcr.query.lucene.basic.NodeInfo  Id 07c17757505d6409a0d17a-8902-40d7-9b22-289827d5fdff  Work Type  org.hibernate.search.backend.AddLuceneWork

org.apache.lucene.store.LockObtainFailedException: Lock obtain timed out: SimpleFSLock@\dev\index\nodeinfo\write.lock
    at org.apache.lucene.store.Lock.obtain(Lock.java:84)
    at org.apache.lucene.index.IndexWriter.<init>(IndexWriter.java:1108)
    at org.hibernate.search.backend.impl.lucene.IndexWriterHolder.createNewIndexWriter(IndexWriterHolder.java:127)
    at org.hibernate.search.backend.impl.lucene.IndexWriterHolder.getIndexWriter(IndexWriterHolder.java:102)
    at org.hibernate.search.backend.impl.lucene.AbstractWorkspaceImpl.getIndexWriter(AbstractWorkspaceImpl.java:119)
    at org.hibernate.search.backend.impl.lucene.LuceneBackendQueueTask.applyUpdates(LuceneBackendQueueTask.java:99)
    at org.hibernate.search.backend.impl.lucene.LuceneBackendQueueTask.run(LuceneBackendQueueTask.java:67)
    at java.util.concurrent.Executors$RunnableAdapter.call(Executors.java:441)
    at java.util.concurrent.FutureTask$Sync.innerRun(FutureTask.java:303)
    at java.util.concurrent.FutureTask.run(FutureTask.java:138)
    at java.util.concurrent.ThreadPoolExecutor$Worker.runTask(ThreadPoolExecutor.java:886)
    at java.util.concurrent.ThreadPoolExecutor$Worker.run(ThreadPoolExecutor.java:908)
    at java.lang.Thread.run(Thread.java:662)
Jun 11, 2012 1:22:00 PM org.hibernate.search.backend.impl.lucene.LuceneBackendQueueTask applyUpdates
ERROR: HSEARCH000072: Couldn't open the IndexWriter because of previous error: operation skipped, index ouf of sync!
{code}",,,
1968,MODE-1510,"The default value for the ""/query/indexStorage/cacheConfiguration"" field (when the ""/query/indexStorage/type"" field is set to ""infinispan"") is not correctly set. For example, if the ""/cacheContainer"" field for the top-level content storage points to a file, then the ""/query/indexStorage/cacheContainer"" should use the same value for the default.",,,
1970,MODE-1502,"When sequencing a Microsoft Office document which does not have a thumbnail (or whose thumbnail cannot be extracted by POI) the sequencer fails with:
{code}
org.modeshape.repository.sequencer.SequencerException: java.lang.IllegalArgumentException: The bytes argument may not be null
	at org.modeshape.repository.sequencer.StreamSequencerAdapter.execute(StreamSequencerAdapter.java:198)
	at org.modeshape.repository.sequencer.SequencingService.processChange(SequencingService.java:498)
	at org.modeshape.repository.sequencer.SequencingService$RepositoryObserver$1.run(SequencingService.java:666)
	at java.util.concurrent.ThreadPoolExecutor$Worker.runTask(ThreadPoolExecutor.java:886)
	at java.util.concurrent.ThreadPoolExecutor$Worker.run(ThreadPoolExecutor.java:908)
	at java.lang.Thread.run(Thread.java:662)
Caused by: java.lang.IllegalArgumentException: The bytes argument may not be null
	at org.modeshape.common.util.CheckArg.isNotNull(CheckArg.java:387)
	at org.modeshape.graph.property.basic.InMemoryBinary.<init>(InMemoryBinary.java:49)
	at org.modeshape.graph.property.basic.InMemoryBinaryValueFactory.create(InMemoryBinaryValueFactory.java:50)
	at org.modeshape.graph.property.basic.InMemoryBinaryValueFactory.create(InMemoryBinaryValueFactory.java:38)
	at org.modeshape.sequencer.msoffice.MSOfficeMetadataSequencer.recordMetadata(MSOfficeMetadataSequencer.java:202)
	at org.modeshape.sequencer.msoffice.MSOfficeMetadataSequencer.sequence(MSOfficeMetadataSequencer.java:143)
	at org.modeshape.repository.sequencer.StreamSequencerAdapter.execute(StreamSequencerAdapter.java:180)
	... 5 more

javax.jcr.PathNotFoundException: Unable to find ""{}sequenced""; lowest existing path is ""/""
	at org.modeshape.jcr.JcrSession.getNode(JcrSession.java:840)
	at org.modeshape.jcr.JcrSession.getNode(JcrSession.java:703)
	at org.modeshape.jcr.JcrSession.getNode(JcrSession.java:96)
	at org.modeshape.test.integration.sequencer.MSOfficeSequencerIntegrationTest.uploadAndAssertSequencedNode(MSOfficeSequencerIntegrationTest.java:92)
	at org.modeshape.test.integration.sequencer.MSOfficeSequencerIntegrationTest.shouldSequenceDoc(MSOfficeSequencerIntegrationTest.java:82)
	at sun.reflect.NativeMethodAccessorImpl.invoke0(Native Method)
	at sun.reflect.NativeMethodAccessorImpl.invoke(NativeMethodAccessorImpl.java:39)
	at sun.reflect.DelegatingMethodAccessorImpl.invoke(DelegatingMethodAccessorImpl.java:25)
	at org.junit.runners.model.FrameworkMethod$1.runReflectiveCall(FrameworkMethod.java:44)
	at org.junit.internal.runners.model.ReflectiveCallable.run(ReflectiveCallable.java:15)
	at org.junit.runners.model.FrameworkMethod.invokeExplosively(FrameworkMethod.java:41)
	at org.junit.internal.runners.statements.InvokeMethod.evaluate(InvokeMethod.java:20)
	at org.junit.internal.runners.statements.RunBefores.evaluate(RunBefores.java:28)
	at org.junit.internal.runners.statements.RunAfters.evaluate(RunAfters.java:31)
	at org.junit.runners.BlockJUnit4ClassRunner.runNotIgnored(BlockJUnit4ClassRunner.java:79)
	at org.junit.runners.BlockJUnit4ClassRunner.runChild(BlockJUnit4ClassRunner.java:71)
	at org.junit.runners.BlockJUnit4ClassRunner.runChild(BlockJUnit4ClassRunner.java:49)
	at org.junit.runners.ParentRunner$3.run(ParentRunner.java:193)
	at org.junit.runners.ParentRunner$1.schedule(ParentRunner.java:52)
	at org.junit.runners.ParentRunner.runChildren(ParentRunner.java:191)
	at org.junit.runners.ParentRunner.access$000(ParentRunner.java:42)
	at org.junit.runners.ParentRunner$2.evaluate(ParentRunner.java:184)
	at org.junit.runners.ParentRunner.run(ParentRunner.java:236)
	at org.junit.runner.JUnitCore.run(JUnitCore.java:157)
	at com.intellij.junit4.JUnit4IdeaTestRunner.startRunnerWithArgs(JUnit4IdeaTestRunner.java:76)
	at com.intellij.rt.execution.junit.JUnitStarter.prepareStreamsAndStart(JUnitStarter.java:182)
	at com.intellij.rt.execution.junit.JUnitStarter.main(JUnitStarter.java:62)
	at sun.reflect.NativeMethodAccessorImpl.invoke0(Native Method)
	at sun.reflect.NativeMethodAccessorImpl.invoke(NativeMethodAccessorImpl.java:39)
	at com.intellij.rt.execution.application.AppMain.main(AppMain.java:120)
{code}",,,
1972,MODE-1501,"The Repository.login is working fine for the REST client, but within a @javax.ejb.Singleton bean, the login could not be performed. A NullPointerException is thrown during the initialization of RepositoryCache (L:135). I tried to initialize the repository within a @PostConstruct method.

I debugged the code a little bit: Triggered by the REST client (RepositoryManager of example) we have the following (working) scenario in class RepositoryCache (constructor):
* Line 119: Get root node (1.) of system workspace
* root node's child reference is null, so a new one is created and saved at line 128
* the root node's child reference (2.) is looked up again at line 130
* root node (1.) and root node (2.) are different object references
* the systemRef in line 131 is resolved to a valid ChildReference
* -> the repository session is created

Triggered by the @javax.ejb.Singleton bean (@PostConstruct) the scenario in RepositoryCache changes to:
* Line 119: Get root node (1.) of system workspace
* root node's child reference is null, so a new one is created and saved at line 128
* the root node's child reference (2.) is looked up again at line 130
* root node (1.) and root node (2.) are *THE SAME* object references
* the systemRef in line 131 is resolved to null
* -> a NullPointerException occurs at line 135

Used in a non-startup bean, the repository can be obtained successfully as described for the REST client. There is a different behavior between Startup and ""normal"" execution. Might be a transaction problem, regarding to system.save() and re-lookup of root node?

See forum https://community.jboss.org/message/739667 for the problem thread.

",,,
1980,MODE-1496,"When a query contains a SELECT clause with a wildcard in it (e.g., ""{{SELECT * ...}}"" or ""{{SELECT s.* ...}}"", the columns in the tabular results are to be named ""{{selectorName.propertyName}}"" (see Section 6.7.39 of the JSR-283 specification). ModeShape doesn't follow this requirement.

The ""{{ColumnTest.testExpandColumnsForNodeType}}"" TCK test method verifies this behavior, but ModeShape doesn't pass the test because of JCR-3313.",,,
1991,MODE-1494," sramp:contentType=""application/xsd"" should probably be sramp:contentType=""application/xml""",,,
1997,MODE-1490,"In Modeshape 3.0-Alpha4 calling orderBefore on a checked-out node multiple times causes a hang in org.modeshape.jcr.cache.document.AbstractChildReferences from lines 119 - 128 unless each call is followed by save().

It also fails on Modeshape 2.7, but throws an Exception (""No item exists at path {}Child 0 in workspace ""workspace1"""")

This code runs fine on Jackrabbit 1.6 and 2.3.

You have my permission to include the attached tests in your test suite if you find them useful.

The following test will exercise the bug:

{code:java}
package com.mom.jcrperf.tests;

import javax.jcr.Node;
import javax.jcr.NodeIterator;
import javax.jcr.RepositoryException;
import javax.jcr.Session;

/**
 * Measure the speed of reordering child nodes.
 * 
 * Create 10 parents Give each one 100 children Reorder the children in reverse
 * order
 */
public class ReorderChildNodesTest extends PerformanceTest {

     private static final int PARENT_COUNT = 10;
     private static final int CHILD_COUNT = 100;

     private Session session;

     private Node node;

     private String bigProperty = ""this is a nice big string"";

     public void beforeSuite() throws RepositoryException {

          for (int i = 0; i < 8; i++) {
               bigProperty = bigProperty + bigProperty + i;
          }

          session = getRepository().login(getCredentials());
          node = session.getRootNode().addNode(""testnode"", ""nt:unstructured"");
          for (int i = 0; i < PARENT_COUNT; i++) {

               Node parent = node.addNode(""node"" + i, ""nt:unstructured"");
               parent.addMixin(""mix:versionable"");
               parent.setProperty(""prop_"" + i, bigProperty + i);
               
               session.save();
               
               parent.checkout();

               for (int j = 0; j < CHILD_COUNT; j++) {
                    Node child = parent.addNode(""Child "" + j, ""nt:unstructured"");
                    child.addMixin(""mix:versionable"");
                    child.setProperty(""prop_"" + j, bigProperty + j);
               }
               parent.save();
               parent.checkin();
          }
          session.save();
     }

     public void beforeTest() throws RepositoryException {
          //
     }

     public void runTest() throws Exception {

          for (NodeIterator i = node.getNodes(); i.hasNext();) {

               Node parent = i.nextNode();
               parent.checkout();
               
               int kid = 0;

               for (NodeIterator j = parent.getNodes(); j.hasNext();) {
                    Node child = j.nextNode();
                    parent.orderBefore(""Child "" + kid, ""Child 0"");
                    kid++;
               }
               parent.save(); // !!!! Moving this code up into the loop eliminates the problem !!!!
               parent.checkin();
          }
          session.save();
     }

     public void afterTest() throws RepositoryException {
          session.save();
     }

     public void afterSuite() throws RepositoryException {
          session.getRootNode().getNode(""testnode"").remove();
          session.save();
          session.logout();
     }

}
{code}",,,
2001,MODE-1489,"In Modeshape 3.0-Alpha4 calling orderBefore on a checked-out node multiple times causes a hang in org.modeshape.jcr.cache.document.AbstractChildReferences from lines 119 - 128 unless each call is followed by save().

It also fails on Modeshape 2.7, but throws an Exception (""No item exists at path {}Child 0 in workspace ""workspace1"""")

This code runs fine on Jackrabbit 1.6 and 2.3.

You have my permission to include the attached tests in your test suite if you find them useful.

The following test will exercise the bug:

{code:java}
package com.mom.jcrperf.tests;

import javax.jcr.Node;
import javax.jcr.NodeIterator;
import javax.jcr.RepositoryException;
import javax.jcr.Session;

/**
 * Measure the speed of reordering child nodes.
 * 
 * Create 10 parents Give each one 100 children Reorder the children in reverse
 * order
 */
public class ReorderChildNodesTest extends PerformanceTest {

     private static final int PARENT_COUNT = 10;
     private static final int CHILD_COUNT = 100;

     private Session session;

     private Node node;

     private String bigProperty = ""this is a nice big string"";

     public void beforeSuite() throws RepositoryException {

          for (int i = 0; i < 8; i++) {
               bigProperty = bigProperty + bigProperty + i;
          }

          session = getRepository().login(getCredentials());
          node = session.getRootNode().addNode(""testnode"", ""nt:unstructured"");
          for (int i = 0; i < PARENT_COUNT; i++) {

               Node parent = node.addNode(""node"" + i, ""nt:unstructured"");
               parent.addMixin(""mix:versionable"");
               parent.setProperty(""prop_"" + i, bigProperty + i);
               
               session.save();
               
               parent.checkout();

               for (int j = 0; j < CHILD_COUNT; j++) {
                    Node child = parent.addNode(""Child "" + j, ""nt:unstructured"");
                    child.addMixin(""mix:versionable"");
                    child.setProperty(""prop_"" + j, bigProperty + j);
               }
               parent.save();
               parent.checkin();
          }
          session.save();
     }

     public void beforeTest() throws RepositoryException {
          //
     }

     public void runTest() throws Exception {

          for (NodeIterator i = node.getNodes(); i.hasNext();) {

               Node parent = i.nextNode();
               parent.checkout();
               
               int kid = 0;

               for (NodeIterator j = parent.getNodes(); j.hasNext();) {
                    Node child = j.nextNode();
                    parent.orderBefore(""Child "" + kid, ""Child 0"");
                    kid++;
               }
               parent.save(); // !!!! Moving this code up into the loop eliminates the problem !!!!
               parent.checkin();
          }
          session.save();
     }

     public void afterTest() throws RepositoryException {
          session.save();
     }

     public void afterSuite() throws RepositoryException {
          session.getRootNode().getNode(""testnode"").remove();
          session.save();
          session.logout();
     }

}
{code}",,,
2005,MODE-1486,"I am using Modeshape 2.8.0.Final within a WAR file which is being deployed to JBoss AS 7.1.1 Final.  Modeshape is configured to use a JDBC connection retrieved by JNDI.  On startup, the container does not log any errors or stacktraces but once I try to add new nodes to the repository, I get the following exception:

{noformat}
11:33:53,171 ERROR [org.hibernate.event.def.AbstractFlushingEventListener] (JCR testSource-3-thread-2) Could not synchronize database state with session: org.hibernate.exception.SQLGrammarException: Could not execute JDBC batch update
          at org.hibernate.exception.SQLStateConverter.convert(SQLStateConverter.java:92) [hibernate-core-3.5.2-Final.jar:3.5.2-Final]
          at org.hibernate.exception.JDBCExceptionHelper.convert(JDBCExceptionHelper.java:66) [hibernate-core-3.5.2-Final.jar:3.5.2-Final]
          at org.hibernate.jdbc.AbstractBatcher.executeBatch(AbstractBatcher.java:275) [hibernate-core-3.5.2-Final.jar:3.5.2-Final]
          at org.hibernate.engine.ActionQueue.executeActions(ActionQueue.java:263) [hibernate-core-3.5.2-Final.jar:3.5.2-Final]
          at org.hibernate.engine.ActionQueue.executeActions(ActionQueue.java:179) [hibernate-core-3.5.2-Final.jar:3.5.2-Final]
          at org.hibernate.event.def.AbstractFlushingEventListener.performExecutions(AbstractFlushingEventListener.java:321) [hibernate-core-3.5.2-Final.jar:3.5.2-Final]
          at org.hibernate.event.def.DefaultAutoFlushEventListener.onAutoFlush(DefaultAutoFlushEventListener.java:64) [hibernate-core-3.5.2-Final.jar:3.5.2-Final]
          at org.hibernate.impl.SessionImpl.autoFlushIfRequired(SessionImpl.java:1175) [hibernate-core-3.5.2-Final.jar:3.5.2-Final]
          at org.hibernate.impl.SessionImpl.list(SessionImpl.java:1251) [hibernate-core-3.5.2-Final.jar:3.5.2-Final]
          at org.hibernate.impl.QueryImpl.list(QueryImpl.java:102) [hibernate-core-3.5.2-Final.jar:3.5.2-Final]
          at org.hibernate.ejb.QueryImpl.getSingleResult(QueryImpl.java:269) [hibernate-entitymanager-3.5.2-Final.jar:3.5.2-Final]
          at org.modeshape.connector.store.jpa.model.simple.SimpleJpaRepository$Workspace.getNode(SimpleJpaRepository.java:461) [modeshape-connector-store-jpa-2.8.0.Final.jar:2.8.0.Final]
          at org.modeshape.connector.store.jpa.model.simple.SimpleJpaRepository$Workspace.getNode(SimpleJpaRepository.java:265) [modeshape-connector-store-jpa-2.8.0.Final.jar:2.8.0.Final]
          at org.modeshape.graph.connector.map.MapRequestProcessor.getTargetNode(MapRequestProcessor.java:616) [modeshape-graph-2.8.0.Final.jar:2.8.0.Final]
          at org.modeshape.graph.connector.map.MapRequestProcessor.process(MapRequestProcessor.java:382) [modeshape-graph-2.8.0.Final.jar:2.8.0.Final]
          at org.modeshape.graph.request.processor.RequestProcessor.process(RequestProcessor.java:315) [modeshape-graph-2.8.0.Final.jar:2.8.0.Final]
          at org.modeshape.graph.request.processor.RequestProcessor.process(RequestProcessor.java:363) [modeshape-graph-2.8.0.Final.jar:2.8.0.Final]
          at org.modeshape.graph.request.processor.RequestProcessor.process(RequestProcessor.java:235) [modeshape-graph-2.8.0.Final.jar:2.8.0.Final]
          at org.modeshape.connector.store.jpa.model.simple.SimpleJpaConnection.execute(SimpleJpaConnection.java:133) [modeshape-connector-store-jpa-2.8.0.Final.jar:2.8.0.Final]
          at org.modeshape.graph.connector.RepositoryConnectionPool$ConnectionWrapper.execute(RepositoryConnectionPool.java:1124) [modeshape-graph-2.8.0.Final.jar:2.8.0.Final]
          at org.modeshape.graph.request.CompositeRequestChannel$2.call(CompositeRequestChannel.java:213) [modeshape-graph-2.8.0.Final.jar:2.8.0.Final]
          at org.modeshape.graph.request.CompositeRequestChannel$2.call(CompositeRequestChannel.java:202) [modeshape-graph-2.8.0.Final.jar:2.8.0.Final]
          at java.util.concurrent.FutureTask$Sync.innerRun(FutureTask.java:303) [rt.jar:1.6.0_29]
          at java.util.concurrent.FutureTask.run(FutureTask.java:138) [rt.jar:1.6.0_29]
          at java.util.concurrent.ThreadPoolExecutor$Worker.runTask(ThreadPoolExecutor.java:886) [rt.jar:1.6.0_29]
          at java.util.concurrent.ThreadPoolExecutor$Worker.run(ThreadPoolExecutor.java:908) [rt.jar:1.6.0_29]
          at java.lang.Thread.run(Thread.java:662) [rt.jar:1.6.0_29]
Caused by: java.sql.BatchUpdateException: Batch entry 0 /* insert org.modeshape.connector.store.jpa.model.simple.NodeEntity */ insert into MODE_SIMPLE_NODE (ALLOWS_SNS, CHILD_NAME_LOCAL, CHILD_NAME_NS_ID, COMPRESSED, DATA, CHILD_INDEX, NODE_UUID, PARENT_ID, NUM_PROPS, ENFORCEREFINTEG, SNS_INDEX, WORKSPACE_ID, ID) values ('0', 'patient', '5', NULL, '<stream of 260 bytes>', '0', '34aafcb4-d020-4923-9ffd-a3598bd86c7f', '2', '3', '0', '1', '1', '6') was aborted.  Call getNextException to see the cause.
          at org.postgresql.jdbc2.AbstractJdbc2Statement$BatchResultHandler.handleError(AbstractJdbc2Statement.java:2619)
          at org.postgresql.core.v3.QueryExecutorImpl.processResults(QueryExecutorImpl.java:1835)
          at org.postgresql.core.v3.QueryExecutorImpl.execute(QueryExecutorImpl.java:405)
          at org.postgresql.jdbc2.AbstractJdbc2Statement.executeBatch(AbstractJdbc2Statement.java:2752)
          at org.jboss.jca.adapters.jdbc.CachedPreparedStatement.executeBatch(CachedPreparedStatement.java:708)
          at org.jboss.jca.adapters.jdbc.WrappedStatement.executeBatch(WrappedStatement.java:1072)
          at org.hibernate.jdbc.BatchingBatcher.doExecuteBatch(BatchingBatcher.java:70) [hibernate-core-3.5.2-Final.jar:3.5.2-Final]
          at org.hibernate.jdbc.AbstractBatcher.executeBatch(AbstractBatcher.java:268) [hibernate-core-3.5.2-Final.jar:3.5.2-Final]
          ... 24 more


11:33:53,191 ERROR [org.apache.catalina.core.ContainerBase.[jboss.web].[default-host].[/JcrServer].[au.com.infomedix.jcrloadtest.jcrserver.restapi.JcrLoadTestApplication]] (http--127.0.0.1-8080-1) Servlet.service() for servlet au.com.infomedix.jcrloadtest.jcrserver.restapi.JcrLoadTestApplication threw exception: org.jboss.resteasy.spi.UnhandledException: java.lang.RuntimeException: Could not perform operation over the repository
          at org.jboss.resteasy.core.SynchronousDispatcher.handleApplicationException(SynchronousDispatcher.java:340) [resteasy-jaxrs-2.3.2.Final.jar:]
          at org.jboss.resteasy.core.SynchronousDispatcher.handleException(SynchronousDispatcher.java:214) [resteasy-jaxrs-2.3.2.Final.jar:]
          at org.jboss.resteasy.core.SynchronousDispatcher.handleInvokerException(SynchronousDispatcher.java:190) [resteasy-jaxrs-2.3.2.Final.jar:]
          at org.jboss.resteasy.core.SynchronousDispatcher.getResponse(SynchronousDispatcher.java:540) [resteasy-jaxrs-2.3.2.Final.jar:]
          at org.jboss.resteasy.core.SynchronousDispatcher.invoke(SynchronousDispatcher.java:502) [resteasy-jaxrs-2.3.2.Final.jar:]
          at org.jboss.resteasy.core.SynchronousDispatcher.invoke(SynchronousDispatcher.java:119) [resteasy-jaxrs-2.3.2.Final.jar:]
          at org.jboss.resteasy.plugins.server.servlet.ServletContainerDispatcher.service(ServletContainerDispatcher.java:208) [resteasy-jaxrs-2.3.2.Final.jar:]
          at org.jboss.resteasy.plugins.server.servlet.HttpServletDispatcher.service(HttpServletDispatcher.java:55) [resteasy-jaxrs-2.3.2.Final.jar:]
          at org.jboss.resteasy.plugins.server.servlet.HttpServletDispatcher.service(HttpServletDispatcher.java:50) [resteasy-jaxrs-2.3.2.Final.jar:]
          at javax.servlet.http.HttpServlet.service(HttpServlet.java:847) [jboss-servlet-api_3.0_spec-1.0.0.Final.jar:1.0.0.Final]
          at org.apache.catalina.core.ApplicationFilterChain.internalDoFilter(ApplicationFilterChain.java:329) [jbossweb-7.0.13.Final.jar:]
          at org.apache.catalina.core.ApplicationFilterChain.doFilter(ApplicationFilterChain.java:248) [jbossweb-7.0.13.Final.jar:]
          at org.apache.catalina.core.StandardWrapperValve.invoke(StandardWrapperValve.java:275) [jbossweb-7.0.13.Final.jar:]
          at org.apache.catalina.core.StandardContextValve.invoke(StandardContextValve.java:161) [jbossweb-7.0.13.Final.jar:]
          at org.jboss.as.web.security.SecurityContextAssociationValve.invoke(SecurityContextAssociationValve.java:153) [jboss-as-web-7.1.1.Final.jar:7.1.1.Final]
          at org.apache.catalina.core.StandardHostValve.invoke(StandardHostValve.java:155) [jbossweb-7.0.13.Final.jar:]
          at org.apache.catalina.valves.ErrorReportValve.invoke(ErrorReportValve.java:102) [jbossweb-7.0.13.Final.jar:]
          at org.apache.catalina.core.StandardEngineValve.invoke(StandardEngineValve.java:109) [jbossweb-7.0.13.Final.jar:]
          at org.apache.catalina.connector.CoyoteAdapter.service(CoyoteAdapter.java:368) [jbossweb-7.0.13.Final.jar:]
          at org.apache.coyote.http11.Http11Processor.process(Http11Processor.java:877) [jbossweb-7.0.13.Final.jar:]
          at org.apache.coyote.http11.Http11Protocol$Http11ConnectionHandler.process(Http11Protocol.java:671) [jbossweb-7.0.13.Final.jar:]
          at org.apache.tomcat.util.net.JIoEndpoint$Worker.run(JIoEndpoint.java:930) [jbossweb-7.0.13.Final.jar:]
          at java.lang.Thread.run(Thread.java:662) [rt.jar:1.6.0_29]
Caused by: java.lang.RuntimeException: Could not perform operation over the repository
          at au.com.infomedix.jcrloadtest.jcrserver.repo.JcrService.executeCommand(JcrService.java:92) [classes:]
          at au.com.infomedix.jcrloadtest.jcrserver.restapi.NodeCrudMethods.create(NodeCrudMethods.java:53) [classes:]
          at sun.reflect.NativeMethodAccessorImpl.invoke0(Native Method) [rt.jar:1.6.0_29]
          at sun.reflect.NativeMethodAccessorImpl.invoke(NativeMethodAccessorImpl.java:39) [rt.jar:1.6.0_29]
          at sun.reflect.DelegatingMethodAccessorImpl.invoke(DelegatingMethodAccessorImpl.java:25) [rt.jar:1.6.0_29]
          at java.lang.reflect.Method.invoke(Method.java:597) [rt.jar:1.6.0_29]
          at org.jboss.resteasy.core.MethodInjectorImpl.invoke(MethodInjectorImpl.java:155) [resteasy-jaxrs-2.3.2.Final.jar:]
          at org.jboss.resteasy.core.ResourceMethod.invokeOnTarget(ResourceMethod.java:257) [resteasy-jaxrs-2.3.2.Final.jar:]
          at org.jboss.resteasy.core.ResourceMethod.invoke(ResourceMethod.java:222) [resteasy-jaxrs-2.3.2.Final.jar:]
          at org.jboss.resteasy.core.ResourceMethod.invoke(ResourceMethod.java:211) [resteasy-jaxrs-2.3.2.Final.jar:]
          at org.jboss.resteasy.core.SynchronousDispatcher.getResponse(SynchronousDispatcher.java:525) [resteasy-jaxrs-2.3.2.Final.jar:]
          ... 19 more
Caused by: javax.jcr.RepositoryException: javax.persistence.PersistenceException: org.hibernate.exception.SQLGrammarException: Could not execute JDBC batch update
          at org.modeshape.jcr.SessionCache.save(SessionCache.java:482) [modeshape-jcr-2.8.0.Final.jar:2.8.0.Final]
          at org.modeshape.jcr.JcrSession.save(JcrSession.java:1313) [modeshape-jcr-2.8.0.Final.jar:2.8.0.Final]
          at au.com.infomedix.jcrloadtest.jcrserver.operations.CreateNodeOperation.performOperation(CreateNodeOperation.java:55) [classes:]
          at au.com.infomedix.jcrloadtest.jcrserver.operations.CreateNodeOperation.performOperation(CreateNodeOperation.java:1) [classes:]
          at au.com.infomedix.jcrloadtest.jcrserver.repo.AbstractJcrOperation.execute(AbstractJcrOperation.java:44) [classes:]
          at au.com.infomedix.jcrloadtest.jcrserver.repo.JcrService.executeCommand(JcrService.java:84) [classes:]
          ... 29 more
Caused by: org.modeshape.graph.connector.RepositorySourceException: javax.persistence.PersistenceException: org.hibernate.exception.SQLGrammarException: Could not execute JDBC batch update
          at org.modeshape.graph.session.GraphSession.save(GraphSession.java:1052) [modeshape-graph-2.8.0.Final.jar:2.8.0.Final]
          at org.modeshape.jcr.SessionCache.save(SessionCache.java:476) [modeshape-jcr-2.8.0.Final.jar:2.8.0.Final]
          ... 34 more
Caused by: javax.persistence.PersistenceException: org.hibernate.exception.SQLGrammarException: Could not execute JDBC batch update
          at org.hibernate.ejb.AbstractEntityManagerImpl.convert(AbstractEntityManagerImpl.java:1235) [hibernate-entitymanager-3.5.2-Final.jar:3.5.2-Final]
          at org.hibernate.ejb.AbstractEntityManagerImpl.convert(AbstractEntityManagerImpl.java:1168) [hibernate-entitymanager-3.5.2-Final.jar:3.5.2-Final]
          at org.hibernate.ejb.QueryImpl.getSingleResult(QueryImpl.java:302) [hibernate-entitymanager-3.5.2-Final.jar:3.5.2-Final]
          at org.modeshape.connector.store.jpa.model.simple.SimpleJpaRepository$Workspace.getNode(SimpleJpaRepository.java:461) [modeshape-connector-store-jpa-2.8.0.Final.jar:2.8.0.Final]
          at org.modeshape.connector.store.jpa.model.simple.SimpleJpaRepository$Workspace.getNode(SimpleJpaRepository.java:265) [modeshape-connector-store-jpa-2.8.0.Final.jar:2.8.0.Final]
          at org.modeshape.graph.connector.map.MapRequestProcessor.getTargetNode(MapRequestProcessor.java:616) [modeshape-graph-2.8.0.Final.jar:2.8.0.Final]
          at org.modeshape.graph.connector.map.MapRequestProcessor.process(MapRequestProcessor.java:382) [modeshape-graph-2.8.0.Final.jar:2.8.0.Final]
          at org.modeshape.graph.request.processor.RequestProcessor.process(RequestProcessor.java:315) [modeshape-graph-2.8.0.Final.jar:2.8.0.Final]
          at org.modeshape.graph.request.processor.RequestProcessor.process(RequestProcessor.java:363) [modeshape-graph-2.8.0.Final.jar:2.8.0.Final]
          at org.modeshape.graph.request.processor.RequestProcessor.process(RequestProcessor.java:235) [modeshape-graph-2.8.0.Final.jar:2.8.0.Final]
          at org.modeshape.connector.store.jpa.model.simple.SimpleJpaConnection.execute(SimpleJpaConnection.java:133) [modeshape-connector-store-jpa-2.8.0.Final.jar:2.8.0.Final]
          at org.modeshape.graph.connector.RepositoryConnectionPool$ConnectionWrapper.execute(RepositoryConnectionPool.java:1124) [modeshape-graph-2.8.0.Final.jar:2.8.0.Final]
          at org.modeshape.graph.request.CompositeRequestChannel$2.call(CompositeRequestChannel.java:213) [modeshape-graph-2.8.0.Final.jar:2.8.0.Final]
          at org.modeshape.graph.request.CompositeRequestChannel$2.call(CompositeRequestChannel.java:202) [modeshape-graph-2.8.0.Final.jar:2.8.0.Final]
          at java.util.concurrent.FutureTask$Sync.innerRun(FutureTask.java:303) [rt.jar:1.6.0_29]
          at java.util.concurrent.FutureTask.run(FutureTask.java:138) [rt.jar:1.6.0_29]
          at java.util.concurrent.ThreadPoolExecutor$Worker.runTask(ThreadPoolExecutor.java:886) [rt.jar:1.6.0_29]
          at java.util.concurrent.ThreadPoolExecutor$Worker.run(ThreadPoolExecutor.java:908) [rt.jar:1.6.0_29]
          ... 1 more
Caused by: org.hibernate.exception.SQLGrammarException: Could not execute JDBC batch update
          at org.hibernate.exception.SQLStateConverter.convert(SQLStateConverter.java:92) [hibernate-core-3.5.2-Final.jar:3.5.2-Final]
          at org.hibernate.exception.JDBCExceptionHelper.convert(JDBCExceptionHelper.java:66) [hibernate-core-3.5.2-Final.jar:3.5.2-Final]
          at org.hibernate.jdbc.AbstractBatcher.executeBatch(AbstractBatcher.java:275) [hibernate-core-3.5.2-Final.jar:3.5.2-Final]
          at org.hibernate.engine.ActionQueue.executeActions(ActionQueue.java:263) [hibernate-core-3.5.2-Final.jar:3.5.2-Final]
          at org.hibernate.engine.ActionQueue.executeActions(ActionQueue.java:179) [hibernate-core-3.5.2-Final.jar:3.5.2-Final]
          at org.hibernate.event.def.AbstractFlushingEventListener.performExecutions(AbstractFlushingEventListener.java:321) [hibernate-core-3.5.2-Final.jar:3.5.2-Final]
          at org.hibernate.event.def.DefaultAutoFlushEventListener.onAutoFlush(DefaultAutoFlushEventListener.java:64) [hibernate-core-3.5.2-Final.jar:3.5.2-Final]
          at org.hibernate.impl.SessionImpl.autoFlushIfRequired(SessionImpl.java:1175) [hibernate-core-3.5.2-Final.jar:3.5.2-Final]
          at org.hibernate.impl.SessionImpl.list(SessionImpl.java:1251) [hibernate-core-3.5.2-Final.jar:3.5.2-Final]
          at org.hibernate.impl.QueryImpl.list(QueryImpl.java:102) [hibernate-core-3.5.2-Final.jar:3.5.2-Final]
          at org.hibernate.ejb.QueryImpl.getSingleResult(QueryImpl.java:269) [hibernate-entitymanager-3.5.2-Final.jar:3.5.2-Final]
          ... 16 more
Caused by: java.sql.BatchUpdateException: Batch entry 0 /* insert org.modeshape.connector.store.jpa.model.simple.NodeEntity */ insert into MODE_SIMPLE_NODE (ALLOWS_SNS, CHILD_NAME_LOCAL, CHILD_NAME_NS_ID, COMPRESSED, DATA, CHILD_INDEX, NODE_UUID, PARENT_ID, NUM_PROPS, ENFORCEREFINTEG, SNS_INDEX, WORKSPACE_ID, ID) values ('0', 'patient', '5', NULL, '<stream of 260 bytes>', '0', '34aafcb4-d020-4923-9ffd-a3598bd86c7f', '2', '3', '0', '1', '1', '6') was aborted.  Call getNextException to see the cause.
          at org.postgresql.jdbc2.AbstractJdbc2Statement$BatchResultHandler.handleError(AbstractJdbc2Statement.java:2619)
          at org.postgresql.core.v3.QueryExecutorImpl.processResults(QueryExecutorImpl.java:1835)
          at org.postgresql.core.v3.QueryExecutorImpl.execute(QueryExecutorImpl.java:405)
          at org.postgresql.jdbc2.AbstractJdbc2Statement.executeBatch(AbstractJdbc2Statement.java:2752)
          at org.jboss.jca.adapters.jdbc.CachedPreparedStatement.executeBatch(CachedPreparedStatement.java:708)
          at org.jboss.jca.adapters.jdbc.WrappedStatement.executeBatch(WrappedStatement.java:1072)
          at org.hibernate.jdbc.BatchingBatcher.doExecuteBatch(BatchingBatcher.java:70) [hibernate-core-3.5.2-Final.jar:3.5.2-Final]
          at org.hibernate.jdbc.AbstractBatcher.executeBatch(AbstractBatcher.java:268) [hibernate-core-3.5.2-Final.jar:3.5.2-Final]
          ... 24 more
{noformat}

I have manually logged into the database to ensure that it was working and I have observed that Modeshape was able to create the database tables.  I have tried updating to Modeshape 2.8.1 FINAL but still encountered the same problem.

The next thing I did was check out the source of Modeshape 2.8.1.FINAL and turn off bulk updates.  In doing so, I no longer got the bulk update exception.  Instead, I got the following when I tried saving nodes:

{noformat}
14:51:01,008 ERROR [org.apache.catalina.core.ContainerBase.[jboss.web].[default-host].[/JcrServer].[au.com.infomedix.jcrloadtest.jcrserver.restapi.JcrLoadTestApplication]] (http--127.0.0.1-8080-1) Servlet.service() for servlet au.com.infomedix.jcrloadtest.jcrserver.restapi.JcrLoadTestApplication threw exception: org.jboss.resteasy.spi.UnhandledException: java.lang.RuntimeException: Could not perform operation over the repository
          at org.jboss.resteasy.core.SynchronousDispatcher.handleApplicationException(SynchronousDispatcher.java:340) [resteasy-jaxrs-2.3.2.Final.jar:]
          at org.jboss.resteasy.core.SynchronousDispatcher.handleException(SynchronousDispatcher.java:214) [resteasy-jaxrs-2.3.2.Final.jar:]
          at org.jboss.resteasy.core.SynchronousDispatcher.handleInvokerException(SynchronousDispatcher.java:190) [resteasy-jaxrs-2.3.2.Final.jar:]
          at org.jboss.resteasy.core.SynchronousDispatcher.getResponse(SynchronousDispatcher.java:540) [resteasy-jaxrs-2.3.2.Final.jar:]
          at org.jboss.resteasy.core.SynchronousDispatcher.invoke(SynchronousDispatcher.java:502) [resteasy-jaxrs-2.3.2.Final.jar:]
          at org.jboss.resteasy.core.SynchronousDispatcher.invoke(SynchronousDispatcher.java:119) [resteasy-jaxrs-2.3.2.Final.jar:]
          at org.jboss.resteasy.plugins.server.servlet.ServletContainerDispatcher.service(ServletContainerDispatcher.java:208) [resteasy-jaxrs-2.3.2.Final.jar:]
          at org.jboss.resteasy.plugins.server.servlet.HttpServletDispatcher.service(HttpServletDispatcher.java:55) [resteasy-jaxrs-2.3.2.Final.jar:]
          at org.jboss.resteasy.plugins.server.servlet.HttpServletDispatcher.service(HttpServletDispatcher.java:50) [resteasy-jaxrs-2.3.2.Final.jar:]
          at javax.servlet.http.HttpServlet.service(HttpServlet.java:847) [jboss-servlet-api_3.0_spec-1.0.0.Final.jar:1.0.0.Final]
          at org.apache.catalina.core.ApplicationFilterChain.internalDoFilter(ApplicationFilterChain.java:329) [jbossweb-7.0.13.Final.jar:]
          at org.apache.catalina.core.ApplicationFilterChain.doFilter(ApplicationFilterChain.java:248) [jbossweb-7.0.13.Final.jar:]
          at org.apache.catalina.core.StandardWrapperValve.invoke(StandardWrapperValve.java:275) [jbossweb-7.0.13.Final.jar:]
          at org.apache.catalina.core.StandardContextValve.invoke(StandardContextValve.java:161) [jbossweb-7.0.13.Final.jar:]
          at org.jboss.as.web.security.SecurityContextAssociationValve.invoke(SecurityContextAssociationValve.java:153) [jboss-as-web-7.1.1.Final.jar:7.1.1.Final]
          at org.apache.catalina.core.StandardHostValve.invoke(StandardHostValve.java:155) [jbossweb-7.0.13.Final.jar:]
          at org.apache.catalina.valves.ErrorReportValve.invoke(ErrorReportValve.java:102) [jbossweb-7.0.13.Final.jar:]
          at org.apache.catalina.core.StandardEngineValve.invoke(StandardEngineValve.java:109) [jbossweb-7.0.13.Final.jar:]
          at org.apache.catalina.connector.CoyoteAdapter.service(CoyoteAdapter.java:368) [jbossweb-7.0.13.Final.jar:]
          at org.apache.coyote.http11.Http11Processor.process(Http11Processor.java:877) [jbossweb-7.0.13.Final.jar:]
          at org.apache.coyote.http11.Http11Protocol$Http11ConnectionHandler.process(Http11Protocol.java:671) [jbossweb-7.0.13.Final.jar:]
          at org.apache.tomcat.util.net.JIoEndpoint$Worker.run(JIoEndpoint.java:930) [jbossweb-7.0.13.Final.jar:]
          at java.lang.Thread.run(Thread.java:662) [rt.jar:1.6.0_29]
Caused by: java.lang.RuntimeException: Could not perform operation over the repository
          at au.com.infomedix.jcrloadtest.jcrserver.repo.JcrService.executeCommand(JcrService.java:92) [classes:]
          at au.com.infomedix.jcrloadtest.jcrserver.restapi.NodeCrudMethods.create(NodeCrudMethods.java:53) [classes:]
          at sun.reflect.NativeMethodAccessorImpl.invoke0(Native Method) [rt.jar:1.6.0_29]
          at sun.reflect.NativeMethodAccessorImpl.invoke(NativeMethodAccessorImpl.java:39) [rt.jar:1.6.0_29]
          at sun.reflect.DelegatingMethodAccessorImpl.invoke(DelegatingMethodAccessorImpl.java:25) [rt.jar:1.6.0_29]
          at java.lang.reflect.Method.invoke(Method.java:597) [rt.jar:1.6.0_29]
          at org.jboss.resteasy.core.MethodInjectorImpl.invoke(MethodInjectorImpl.java:155) [resteasy-jaxrs-2.3.2.Final.jar:]
          at org.jboss.resteasy.core.ResourceMethod.invokeOnTarget(ResourceMethod.java:257) [resteasy-jaxrs-2.3.2.Final.jar:]
          at org.jboss.resteasy.core.ResourceMethod.invoke(ResourceMethod.java:222) [resteasy-jaxrs-2.3.2.Final.jar:]
          at org.jboss.resteasy.core.ResourceMethod.invoke(ResourceMethod.java:211) [resteasy-jaxrs-2.3.2.Final.jar:]
          at org.jboss.resteasy.core.SynchronousDispatcher.getResponse(SynchronousDispatcher.java:525) [resteasy-jaxrs-2.3.2.Final.jar:]
          ... 19 more
Caused by: javax.jcr.RepositoryException: javax.persistence.PersistenceException: org.hibernate.exception.SQLGrammarException: could not insert: [org.modeshape.connector.store.jpa.model.simple.NodeEntity]
          at org.modeshape.jcr.SessionCache.save(SessionCache.java:482) [modeshape-jcr-2.8.1.Final.jar:2.8.1.Final]
          at org.modeshape.jcr.JcrSession.save(JcrSession.java:1312) [modeshape-jcr-2.8.1.Final.jar:2.8.1.Final]
          at au.com.infomedix.jcrloadtest.jcrserver.operations.CreateNodeOperation.performOperation(CreateNodeOperation.java:55) [classes:]
          at au.com.infomedix.jcrloadtest.jcrserver.operations.CreateNodeOperation.performOperation(CreateNodeOperation.java:23) [classes:]
          at au.com.infomedix.jcrloadtest.jcrserver.repo.AbstractJcrOperation.execute(AbstractJcrOperation.java:44) [classes:]
          at au.com.infomedix.jcrloadtest.jcrserver.repo.JcrService.executeCommand(JcrService.java:84) [classes:]
          ... 29 more
Caused by: org.modeshape.graph.connector.RepositorySourceException: javax.persistence.PersistenceException: org.hibernate.exception.SQLGrammarException: could not insert: [org.modeshape.connector.store.jpa.model.simple.NodeEntity]
          at org.modeshape.graph.session.GraphSession.save(GraphSession.java:1052) [modeshape-graph-2.8.1.Final.jar:2.8.1.Final]
          at org.modeshape.jcr.SessionCache.save(SessionCache.java:476) [modeshape-jcr-2.8.1.Final.jar:2.8.1.Final]
          ... 34 more
Caused by: javax.persistence.PersistenceException: org.hibernate.exception.SQLGrammarException: could not insert: [org.modeshape.connector.store.jpa.model.simple.NodeEntity]
          at org.hibernate.ejb.AbstractEntityManagerImpl.convert(AbstractEntityManagerImpl.java:1235) [hibernate-entitymanager-3.5.2-Final.jar:3.5.2-Final]
          at org.hibernate.ejb.AbstractEntityManagerImpl.convert(AbstractEntityManagerImpl.java:1168) [hibernate-entitymanager-3.5.2-Final.jar:3.5.2-Final]
          at org.hibernate.ejb.QueryImpl.getSingleResult(QueryImpl.java:302) [hibernate-entitymanager-3.5.2-Final.jar:3.5.2-Final]
          at org.modeshape.connector.store.jpa.model.simple.SimpleJpaRepository$Workspace.getNode(SimpleJpaRepository.java:461) [modeshape-connector-store-jpa-2.8.1.Final.jar:2.8.1.Final]
          at org.modeshape.connector.store.jpa.model.simple.SimpleJpaRepository$Workspace.getNode(SimpleJpaRepository.java:265) [modeshape-connector-store-jpa-2.8.1.Final.jar:2.8.1.Final]
          at org.modeshape.graph.connector.map.MapRequestProcessor.getTargetNode(MapRequestProcessor.java:616) [modeshape-graph-2.8.1.Final.jar:2.8.1.Final]
          at org.modeshape.graph.connector.map.MapRequestProcessor.process(MapRequestProcessor.java:382) [modeshape-graph-2.8.1.Final.jar:2.8.1.Final]
          at org.modeshape.graph.request.processor.RequestProcessor.process(RequestProcessor.java:315) [modeshape-graph-2.8.1.Final.jar:2.8.1.Final]
          at org.modeshape.graph.request.processor.RequestProcessor.process(RequestProcessor.java:363) [modeshape-graph-2.8.1.Final.jar:2.8.1.Final]
          at org.modeshape.graph.request.processor.RequestProcessor.process(RequestProcessor.java:235) [modeshape-graph-2.8.1.Final.jar:2.8.1.Final]
          at org.modeshape.connector.store.jpa.model.simple.SimpleJpaConnection.execute(SimpleJpaConnection.java:133) [modeshape-connector-store-jpa-2.8.1.Final.jar:2.8.1.Final]
          at org.modeshape.graph.connector.RepositoryConnectionPool$ConnectionWrapper.execute(RepositoryConnectionPool.java:1124) [modeshape-graph-2.8.1.Final.jar:2.8.1.Final]
          at org.modeshape.graph.request.CompositeRequestChannel$2.call(CompositeRequestChannel.java:222) [modeshape-graph-2.8.1.Final.jar:2.8.1.Final]
          at org.modeshape.graph.request.CompositeRequestChannel$2.call(CompositeRequestChannel.java:211) [modeshape-graph-2.8.1.Final.jar:2.8.1.Final]
          at java.util.concurrent.FutureTask$Sync.innerRun(FutureTask.java:303) [rt.jar:1.6.0_29]
          at java.util.concurrent.FutureTask.run(FutureTask.java:138) [rt.jar:1.6.0_29]
          at java.util.concurrent.ThreadPoolExecutor$Worker.runTask(ThreadPoolExecutor.java:886) [rt.jar:1.6.0_29]
          at java.util.concurrent.ThreadPoolExecutor$Worker.run(ThreadPoolExecutor.java:908) [rt.jar:1.6.0_29]
          ... 1 more
Caused by: org.hibernate.exception.SQLGrammarException: could not insert: [org.modeshape.connector.store.jpa.model.simple.NodeEntity]
          at org.hibernate.exception.SQLStateConverter.convert(SQLStateConverter.java:92) [hibernate-core-3.5.2-Final.jar:3.5.2-Final]
          at org.hibernate.exception.JDBCExceptionHelper.convert(JDBCExceptionHelper.java:66) [hibernate-core-3.5.2-Final.jar:3.5.2-Final]
          at org.hibernate.persister.entity.AbstractEntityPersister.insert(AbstractEntityPersister.java:2438) [hibernate-core-3.5.2-Final.jar:3.5.2-Final]
          at org.hibernate.persister.entity.AbstractEntityPersister.insert(AbstractEntityPersister.java:2858) [hibernate-core-3.5.2-Final.jar:3.5.2-Final]
          at org.hibernate.action.EntityInsertAction.execute(EntityInsertAction.java:79) [hibernate-core-3.5.2-Final.jar:3.5.2-Final]
          at org.hibernate.engine.ActionQueue.execute(ActionQueue.java:268) [hibernate-core-3.5.2-Final.jar:3.5.2-Final]
          at org.hibernate.engine.ActionQueue.executeActions(ActionQueue.java:260) [hibernate-core-3.5.2-Final.jar:3.5.2-Final]
          at org.hibernate.engine.ActionQueue.executeActions(ActionQueue.java:179) [hibernate-core-3.5.2-Final.jar:3.5.2-Final]
          at org.hibernate.event.def.AbstractFlushingEventListener.performExecutions(AbstractFlushingEventListener.java:321) [hibernate-core-3.5.2-Final.jar:3.5.2-Final]
          at org.hibernate.event.def.DefaultAutoFlushEventListener.onAutoFlush(DefaultAutoFlushEventListener.java:64) [hibernate-core-3.5.2-Final.jar:3.5.2-Final]
          at org.hibernate.impl.SessionImpl.autoFlushIfRequired(SessionImpl.java:1175) [hibernate-core-3.5.2-Final.jar:3.5.2-Final]
          at org.hibernate.impl.SessionImpl.list(SessionImpl.java:1251) [hibernate-core-3.5.2-Final.jar:3.5.2-Final]
          at org.hibernate.impl.QueryImpl.list(QueryImpl.java:102) [hibernate-core-3.5.2-Final.jar:3.5.2-Final]
          at org.hibernate.ejb.QueryImpl.getSingleResult(QueryImpl.java:269) [hibernate-entitymanager-3.5.2-Final.jar:3.5.2-Final]
          ... 16 more
Caused by: org.postgresql.util.PSQLException: ERROR: column ""data"" is of type oid but expression is of type bytea
  Hint: You will need to rewrite or cast the expression.
  Position: 213
          at org.postgresql.core.v3.QueryExecutorImpl.receiveErrorResponse(QueryExecutorImpl.java:2102)
          at org.postgresql.core.v3.QueryExecutorImpl.processResults(QueryExecutorImpl.java:1835)
          at org.postgresql.core.v3.QueryExecutorImpl.execute(QueryExecutorImpl.java:257)
          at org.postgresql.jdbc2.AbstractJdbc2Statement.execute(AbstractJdbc2Statement.java:512)
          at org.postgresql.jdbc2.AbstractJdbc2Statement.executeWithFlags(AbstractJdbc2Statement.java:388)
          at org.postgresql.jdbc2.AbstractJdbc2Statement.executeUpdate(AbstractJdbc2Statement.java:334)
          at org.jboss.jca.adapters.jdbc.CachedPreparedStatement.executeUpdate(CachedPreparedStatement.java:115)
          at org.jboss.jca.adapters.jdbc.WrappedPreparedStatement.executeUpdate(WrappedPreparedStatement.java:493)
          at org.hibernate.jdbc.NonBatchingBatcher.addToBatch(NonBatchingBatcher.java:46) [hibernate-core-3.5.2-Final.jar:3.5.2-Final]
          at org.hibernate.persister.entity.AbstractEntityPersister.insert(AbstractEntityPersister.java:2418) [hibernate-core-3.5.2-Final.jar:3.5.2-Final]
          ... 27 more
{noformat}

A few articles I looked at ([this|https://hibernate.onjira.com/browse/HHH-4876] and [this|http://stackoverflow.com/questions/4488693/hibernate-postgresql-column-x-is-of-type-oid-but-expression-is-of-type-byte]) suggested that this is a problem with how Hibernate maps byte arrays to PostgreSQL types.  After posting this on the forum, Randall posted this issue: [HHH-4876|https://hibernate.onjira.com/browse/HHH-4876].

h3. Workaround

I have managed to temporarily resolved the problem by adding the {{@Type}} annotation to the {{data}} field of {{NodeEntity.java}} within _modeshape-connector-store-jpa_:

{code:java}
// NodeEntry.java:128
@Lob
@Column( name = ""DATA"", nullable = true, unique = false, length = 1048576 )
@Type( type=""org.hibernate.type.PrimitiveByteArrayBlobType"" )  // new annotation added.
private byte[] data;
{code}

This resolved the node saving issue; however I am not aware of any impacts, performance or otherwise, that this fix might have.",,,
2008,MODE-1485,"Several of the TCK QOM tests perform outer joins, and we're getting incorrect results. They are currently excluded, and one JcrQueryManagerTest test method is ignored using @Ignore(""MODE-1485"").",,,
2009,MODE-1484,"When using the file system connector to access files and directories that include NFS-mounted directories and files, the following exception may occur:

{code:none}
javax.jcr.RepositoryException: Error starting the ""filesystem"" repository (check the configuration): Error starting the ""filesystem"" repository (check the configuration): null
	at org.modeshape.jcr.JcrEngine$JcrRepositoryHolder.getRepository(JcrEngine.java:833)
	at org.modeshape.jcr.JcrEngine.getRepository(JcrEngine.java:365)
	at org.modeshape.jboss.managed.JNDIManagedRepositories.getRepository(JNDIManagedRepositories.java:87)
	at org.jboss.community.magnolia.services.modeshape.RepositoryServlet.doGet(RepositoryServlet.java:133)
	at javax.servlet.http.HttpServlet.service(HttpServlet.java:617)
	at javax.servlet.http.HttpServlet.service(HttpServlet.java:717)
	at org.apache.catalina.core.ApplicationFilterChain.internalDoFilter(ApplicationFilterChain.java:290)
	at org.apache.catalina.core.ApplicationFilterChain.doFilter(ApplicationFilterChain.java:206)
	at org.jboss.web.tomcat.filters.ReplyHeaderFilter.doFilter(ReplyHeaderFilter.java:96)
	at org.apache.catalina.core.ApplicationFilterChain.internalDoFilter(ApplicationFilterChain.java:235)
	at org.apache.catalina.core.ApplicationFilterChain.doFilter(ApplicationFilterChain.java:206)
	at org.apache.catalina.core.StandardWrapperValve.invoke(StandardWrapperValve.java:230)
	at org.apache.catalina.core.StandardContextValve.invoke(StandardContextValve.java:173)
	at org.jboss.web.tomcat.security.SecurityAssociationValve.invoke(SecurityAssociationValve.java:182)
	at org.jboss.web.tomcat.security.JaccContextValve.invoke(JaccContextValve.java:84)
	at org.apache.catalina.core.StandardHostValve.invoke(StandardHostValve.java:128)
	at org.apache.catalina.valves.ErrorReportValve.invoke(ErrorReportValve.java:104)
	at org.jboss.web.tomcat.service.jca.CachedConnectionValve.invoke(CachedConnectionValve.java:157)
	at org.apache.catalina.core.StandardEngineValve.invoke(StandardEngineValve.java:109)
	at org.apache.catalina.connector.CoyoteAdapter.service(CoyoteAdapter.java:241)
	at org.apache.coyote.http11.Http11Processor.process(Http11Processor.java:844)
	at org.apache.coyote.http11.Http11Protocol$Http11ConnectionHandler.process(Http11Protocol.java:583)
	at org.apache.tomcat.util.net.JIoEndpoint$Worker.run(JIoEndpoint.java:447)
	at java.lang.Thread.run(Thread.java:662)
Caused by: javax.jcr.RepositoryException: Error starting the ""filesystem"" repository (check the configuration): null
	at org.modeshape.jcr.JcrEngine$RepositoryInitializer.call(JcrEngine.java:911)
	at org.modeshape.jcr.JcrEngine$RepositoryInitializer.call(JcrEngine.java:883)
	at java.util.concurrent.FutureTask$Sync.innerRun(FutureTask.java:303)
	at java.util.concurrent.FutureTask.run(FutureTask.java:138)
	at java.util.concurrent.ThreadPoolExecutor$Worker.runTask(ThreadPoolExecutor.java:886)
	at java.util.concurrent.ThreadPoolExecutor$Worker.run(ThreadPoolExecutor.java:908)
	... 1 more
Caused by: java.lang.NullPointerException
	at java.util.Arrays.sort(Arrays.java:1078)
	at org.modeshape.connector.filesystem.FileSystemWorkspace.getNode(FileSystemWorkspace.java:531)
	at org.modeshape.graph.connector.base.PathTransaction.getNode(PathTransaction.java:166)
	at org.modeshape.graph.connector.base.PathTransaction.getNode(PathTransaction.java:141)
	at org.modeshape.graph.connector.base.PathTransaction.getNode(PathTransaction.java:59)
	at org.modeshape.graph.connector.base.Processor.getTargetNode(Processor.java:657)
	at org.modeshape.graph.connector.base.Processor.process(Processor.java:107)
	at org.modeshape.graph.request.processor.RequestProcessor.process(RequestProcessor.java:668)
	at org.modeshape.graph.request.processor.RequestProcessor.process(RequestProcessor.java:291)
	at org.modeshape.graph.request.processor.RequestProcessor.process(RequestProcessor.java:363)
	at org.modeshape.graph.request.processor.RequestProcessor.process(RequestProcessor.java:235)
	at org.modeshape.graph.connector.base.Connection.execute(Connection.java:115)
	at org.modeshape.graph.connector.RepositoryConnectionPool$ConnectionWrapper.execute(RepositoryConnectionPool.java:1129)
	at org.modeshape.graph.request.CompositeRequestChannel$2.call(CompositeRequestChannel.java:193)
	at org.modeshape.graph.request.CompositeRequestChannel$2.call(CompositeRequestChannel.java:183)
	... 5 more
{code}",,,
2012,MODE-1483,"After remove nodes from repository still remain files ""file_name.modeshape"" with content:

modeint:nodeDefinition (string) ""{httpwww.modeshape.org1.0}root//{httpwww.jcp.orgjcrnt1.0}base""

To reproduce this issue run RepositoryClientTest test. After succesfully test execution in ""fileSystemSource/fileSystemWorkspace"" directory remain file ""test.file.modeshape"". ",,,
2021,MODE-1480,The ModeShape subsystem for AS7 does not currently allow configuration of the JGroups channel used for the repository's event channel.,,,
2043,MODE-1479,"Attempting to apply a change to the path expressions for a sequencer in the configuration of a running repository results in the following exception:

{code:none}
java.lang.NullPointerException
	at org.infinispan.schematic.internal.delta.PutOperation.replay(PutOperation.java:82) [modeshape-schematic-3.0-SNAPSHOT.jar:3.0-SNAPSHOT]
	at org.infinispan.schematic.Schematic$EditorImpl.apply(Schematic.java:322) [modeshape-schematic-3.0-SNAPSHOT.jar:3.0-SNAPSHOT]
	at org.infinispan.schematic.Schematic$EditorImpl.apply(Schematic.java:306) [modeshape-schematic-3.0-SNAPSHOT.jar:3.0-SNAPSHOT]
	at org.modeshape.jcr.RepositoryConfiguration.validate(RepositoryConfiguration.java:1601) [modeshape-jcr-3.0-SNAPSHOT.jar:3.0-SNAPSHOT]
	at org.modeshape.jcr.JcrEngine.update(JcrEngine.java:600) [modeshape-jcr-3.0-SNAPSHOT.jar:3.0-SNAPSHOT]
{code}

",,,
2105,MODE-1475,"The result of Query Object Model containing multiple JOINs delivers a wrong result resp. nodes of a wrong type.
Moreover if a Query Object Model create with a column which is created via Query Object Model Factory whereby prameter name and column name are null, the execution of QOM fails.
See code sample in attachment.",,,
2106,MODE-1474,"If a repository is configured to use a non-standard analyzer for Lucene, an exception is thrown:

{code:none}
Caused by: org.hibernate.search.SearchException: Analyzer found with an unknown definition: org.apache.lucene.analysis.standard.StandardAnalyzer
   at org.hibernate.search.impl.ConfigContext.initLazyAnalyzers(ConfigContext.java:252)
   at org.hibernate.search.spi.SearchFactoryBuilder.initDocumentBuilders(SearchFactoryBuilder.java:434)
   at org.hibernate.search.spi.SearchFactoryBuilder.buildNewSearchFactory(SearchFactoryBuilder.java:221)
   at org.hibernate.search.spi.SearchFactoryBuilder.buildSearchFactory(SearchFactoryBuilder.java:145)
   ...
{code}

This is a problem within Hibernate Search (see [HSEARCH-1115|https://hibernate.onjira.com/browse/HSEARCH-1115]).",,,
2116,MODE-1473,"There is a bug in the method {{org.modeshape.jcr.query.qom.JcrQueryObjectModelFactory.equiJoinCondition(String, String, String, String)}}:
 
{code:java}
public EquiJoinCondition equiJoinCondition( String selector1Name,
                                            String property1Name,
                                            String selector2Name,
                                            String property2Name ) {
    CheckArg.isNotNull(selector1Name, ""selector1Name"");
    CheckArg.isNotNull(property1Name, ""property1Name"");
    CheckArg.isNotNull(selector2Name, ""selector2Name"");
    CheckArg.isNotNull(selector2Name, ""selector2Name"");
    return new JcrEquiJoinCondition(selectorName(selector1Name), property1Name, selectorName(selector2Name), selector2Name);
}
{code}

where {{selector2Name}} is used as the 4th parameter to the {{JcrEquiJoinCondition}} constructor, but should be {{property2Name}}.",,,
2117,MODE-1469,"The issue is exposed by the tck tests: SQLPathTest#testChildAxisRoot

The test scenario involves using a readonly session and executing the following query:  SELECT * FROM nt:base WHERE jcr:path LIKE '/%' AND NOT jcr:path LIKE '/%/%'. The results are asserted against session.getRootNode.getNodes().

The result is that only ""/"" (mode:root) is found, instead of /testroot and /jcr:system. Using a directory to store the indexes and looking with Luke at the indexed content, it does appear as if the above mentioned paths aren't stored in any document.",,,
2166,MODE-1468,"This issue is exposed by the TCK tests (org.apache.jackrabbit.test.api.query.qom.*) and is related to the fact that QueryObjectModel.getStatement doesn't get converted to a SQL2 statement in the case of queryManager.createQuery(qomQuery.getStatement(), Query.JCR_SQL2)",,,
2223,MODE-1466,"When sequencing an xsd the sequencer is not using the user who uploaded the file but instead it uses '<modeshape-worker>'

{code:xml}
...
     - xmlns:xsd=""http://www.w3.org/2001/XMLSchema""
     purchaseOrder jcr:primaryType=xs:elementDeclaration jcr:uuid=21b9f143-1bf5-4aad-af94-1f59bd03f606
       - jcr:baseVersion=3fe918a317f1e7805270ac-c409-4465-b0e7-be978cdac8e6
       - jcr:created=2012-04-19T13:46:14.208-04:00
       - jcr:createdBy=""<modeshape-worker>""
...
{code}",,,
2229,MODE-1464,"Unsigned Longs can be too long for Long, so the Session's {{javax.jcr.ValueFactory}} instance used by the sequencer should be able to convert these values into BigDecimal values (which is the only option given the JCR property types).

The sequencer chokes on this part of the xsd:

{code:xml}
<xs:restriction base=""xs:nonNegativeInteger"">
  <xs:maxInclusive value=""18446744073709551615""
        id=""unsignedLong.maxInclusive""/>
</xs:restriction>
{code}

Here's the log:

{code}
13:36:17,740 ERROR The 'org.modeshape.sequencer.xsd.XsdSequencer' sequencer of repository 'S-RAMP Repository' had an error while processing '/xsdfiles/XMLSchema.xsd/jcr:content/jcr:data' in workspace 'default' and generating output '/derived/xsd/XMLSchema.xsd'
javax.jcr.ValueFormatException: org.modeshape.jcr.value.ValueFormatException: Error converting String to a Long: 18446744073709551615
	at org.modeshape.jcr.JcrValueFactory.convertValueToType(JcrValueFactory.java:222)
	at org.modeshape.jcr.JcrValueFactory.createValue(JcrValueFactory.java:77)
	at org.modeshape.jcr.JcrValueFactory.createValue(JcrValueFactory.java:43)
	at org.modeshape.sequencer.xsd.XsdReader.processFacet(XsdReader.java:743)
	at org.modeshape.sequencer.xsd.XsdReader.processTypeFacets(XsdReader.java:286)
	at org.modeshape.sequencer.xsd.XsdReader.processSimpleTypeDefinition(XsdReader.java:252)
	at org.modeshape.sequencer.xsd.XsdReader.process(XsdReader.java:189)
	at org.modeshape.sequencer.xsd.XsdReader.read(XsdReader.java:141)
	at org.modeshape.sequencer.sramp.AbstractResolvingReader.read(AbstractResolvingReader.java:83)
	at org.modeshape.sequencer.xsd.XsdSequencer.execute(XsdSequencer.java:61)
	at org.modeshape.jcr.SequencingRunner.run(SequencingRunner.java:132)
	at java.util.concurrent.ThreadPoolExecutor$Worker.runTask(ThreadPoolExecutor.java:886)
	at java.util.concurrent.ThreadPoolExecutor$Worker.run(ThreadPoolExecutor.java:908)
	at java.lang.Thread.run(Thread.java:680)
Caused by: org.modeshape.jcr.value.ValueFormatException: Error converting String to a Long: 18446744073709551615
	at org.modeshape.jcr.value.basic.LongValueFactory.create(LongValueFactory.java:63)
	at org.modeshape.jcr.value.basic.LongValueFactory.create(LongValueFactory.java:49)
	at org.modeshape.jcr.value.basic.AbstractValueFactory.create(AbstractValueFactory.java:103)
	at org.modeshape.jcr.JcrValueFactory.convertValueToType(JcrValueFactory.java:220)
	... 13 more
Caused by: java.lang.NumberFormatException: For input string: ""18446744073709551615""
	at java.lang.NumberFormatException.forInputString(NumberFormatException.java:48)
	at java.lang.Long.parseLong(Long.java:422)
	at java.lang.Long.valueOf(Long.java:525)
	at org.modeshape.jcr.value.basic.LongValueFactory.create(LongValueFactory.java:61)
	... 16 more
{code}

Please find the xsd attached.",,,
2232,MODE-1456,"The current node.remove implementation doesn't support some JCR required validations. To name a few:
* removing mandatory nodes should throw ConstraintViolationException
* removing a node already deleted in another session should throw InvalidItemStateException on save

All of these are ""exposed"" when running the tck tests.

Implementation notes:

Due to the way the cache is changed on remove, imo we have a major problem when working with a couple of sessions (single threaded) and removing a node from one of them which is referenced in the other prior to the removal. When the session which removes the node is saved, that node is removed from the document and the workspace cache, which makes it impossible for the other session (which now has a ""stale node"") to do anything with it because it won't find it anymore. I've added a TODO in the part of the code where this should be handled. 

The above mentioned problem, causes all sorts of weird side effects: e.g. the path of the node cannot be correctly determined (because its parent can't be determined) and defaults to the root path.
",,,
2242,MODE-1455,"We need to implement the node cloning functionality, for a hierarchy of nodes, in order for the node.update method to work.",,,
2246,MODE-1453,"We need to implement the mechanism for handling (adding/removing) node references. A few implementation points:

* atm there are 2 methods: addReferrer and removeRefferrer on the MutableCachedNode  interface, but they aren't used
* the original idea was to update the AbstractJcrNode #set/remove property methods and manage references from there, but this is not viable in the context of transactions and multiple threads
* given the above, the correct place to implement this, probably is WritableSessionCache#persistChanges, since the DocumentTranslator does have enough information about the properties, to be able to tell whether they are reference properties or not (the runtime value of the properties should be a Reference instance)
* also, to handle the case when multiple properties reference the same node, we probably need a referenceCount field which would be used to check whether a reference actually needs removing or not",,,
2265,MODE-1451,"Iteration over providers _starts_ with anonymousProvider even if there is a custom provider.

This means if an anonymousProvider with empty ACL value is specified in the config, a non-null result will get returned by org.modeshape.jcr.security.AuthenticationProviders.authenticate().

Therefore configuration is fragile, in that you need to either use custom OR anonymous, and specifying <anonymousUserRoles jcr:primaryType=""mode:option""  mode:value="""" /> causes the custom provider to be ignored (commenting out fixes the problem).

I believe the code that populates the providers array should push the anonymous provider to the bottom.  I think this can be done in org.modeshape.jcr.JcrRepository constructor (line 984: // Set up any custom AuthenticationProvider classes ...) by moving that statement block to run before anonymousprovider (line 962), however there is also an issue where if no anonymousProvider is specified in the config, one seems to get created anyway (with 'admin' privileges) so it doesn't look like it is possible to actually authenticate _as_ the user, and therefore any custom SecurityContext is never used.

Removes ambiguity in configuration: I discovered if I commented out the anonymous provider then the 'null' result moves onto custom, but I'd expect Modeshape to try custom _then_ anonymous before throwing a login exception.

Could be documented but think having custom read/write + anonymous readonly access is a feature Modeshape should provide, and I believe this prevents that from happening.

",,,
2267,MODE-1450,Importing the attached XML file into a workspace fails with a javax.jcr.version.VersionException (see attached for full stack trace),,,
2270,MODE-1442,"The 'admin' username does not have the 'admin' role in the JBoss AS kit; see [this line|https://github.com/ModeShape/modeshape/blob/modeshape-2.8.0.Final/deploy/jbossas/kit/conf/props/modeshape-roles.properties#L2]. The line should be:

{code}
admin=connect,readonly,readwrite,admin
{code}",,,
2272,MODE-1436,"When running the org.modeshape.jcr.bus.ClusteredRepositoryChangeBusTest test, JGroups uses the ""default"" configuration (nothing explicit). This causes to it, in certain cases, to pick an IP the wrong IP address (e.g. public facing VPN address) when starting the local clusters.

Ideally, it should always use the loopback interface to avoid these problems",,,
2276,MODE-1431,"According to forum discussion it looks like Modeshape JCR 2.8 is not able to load the correct logger bundle for default Locale en_US.

{noformat}
10:35:10,153 INFO  [org.modeshape.jcr.RepositoryQueryManager] (modeshape-start-repo-4-thread-1) <Problems were encountered while localizing internationalization class org.modeshape.jcr.JcrI18n to locale ""en_US"" >
{noformat}

This doesn't have any affect on the Jcr Repository itself under read/write/query operations.
",,,
2281,MODE-1424,"When running the integration tests using ""clean install"", the org.modeshape.test.integration.sequencer.ddl.DdlSequencer2IntegrationTest hangs because of a deadlock during the indexing process.
Attached are several thread-dump, from various point in time.",,,
2289,MODE-1423,"Excpetion on login to a s3 backed repository :  

{code}
2:38:04,970 ERROR ISPN000136: Execution error
org.infinispan.marshall.NotSerializableException: org.infinispan.schematic.internal.SchematicEntryLiteral
Caused by: an exception which occurred:
	in object org.infinispan.schematic.internal.SchematicEntryLiteral@16365c90
	in object org.infinispan.container.entries.ImmortalCacheEntry@5cb0a022
	in object org.infinispan.loaders.bucket.Bucket@64135f0a
javax.jcr.RepositoryException: Error while starting 'RPC-Repository' repository: org.infinispan.schematic.internal.SchematicEntryLiteral

	at org.modeshape.jcr.JcrRepository.login(JcrRepository.java:557)
	at org.modeshape.jcr.JcrRepository.login(JcrRepository.java:524)
	at org.modeshape.jcr.JcrRepository.login(JcrRepository.java:138)
{code}",,,
2299,MODE-1422,"2 nodes are created, node 1 & 2. Then node 1 is set to reference node 2, and vice versa. Then the session is saved. Afterwards, node 1 is retrieved by it's uuid, all references to node 1 are searched and each reference (the 1 reference from node 2 to node 1) is removed. After this, node 1 is removed and the session is saved.

If this is done, the test runs successfully.

If we create a 3rd node at the very beginning, but avoid creating references from/to this node, we get a javax.jcr.ReferentialIntegrityException.
Even if we create the 3rd node, but don't create a reference from node 2 to 1, the problem also can not be reproduced.



",,,
2314,MODE-1421,"Using a JPA connector, with the standard HSQLDB configuration, executing the following test crashes with: 

{code}
    @Test
    public void removeItemAfterRegisteringSessionNamespace() throws Exception {
        NamespaceRegistry namespaceRegistry = session.getWorkspace().getNamespaceRegistry();
        namespaceRegistry.registerNamespace(""rh"", ""http://www.redhat.com"");
        session.setNamespacePrefix(""rh"", ""http://www.redhat.com"");

        assertNotNull(namespaceRegistry.getURI(""rh""));
        Node rootNode = session.getRootNode();
        rootNode.addNode(""folder"", ""nt:folder"");
        session.save();
        
        session.removeItem(""/folder"");
        session.save();
    }
{code}

{code} org.modeshape.graph.query.parse.InvalidQueryException: The view references a non-existant column 'jcr:score' in '__ALLNODES__' {code}

The full stacktrace is attached.",,,
2318,MODE-1420,"Reindexing content (via ModeShape's public API) produces a lot of log messages such as the following:

{code}
WARN HSEARCH000050: It appears changes are being pushed to the index out of a transaction. 
Register the IndexWorkFlushEventListener listener on flush to correctly manage Collections!
{code}

These messages are being logged by Hibernate Search; See ISPN-1218 (which is marked as WONTFIX), but I think we need to address this.

I think the problem is because we're not in a transaction when re-indexing, but the code is stating that we are.",,,
2321,MODE-1418,"I am experiencing unexpected results when using CONTAINS() in JCR-SQL2 queries, and when using Modeshape Search queries.

I believe that I am doing everything correctly, if not please let me know.",,,
2324,MODE-1417,"When the {{JsonRestClient.publish(...)}} method is called with a {{true}} value for ""{{versionable}}"", the JsonRestClient method creates a {{FileNode}} object that only sets the '{{jcr:mixinTypes}}' property to '{{mix:versionable}}' _on the ""{{jcr:content}}"" child node. It needs to instead make the '{{nt:file}}' node versionable instead, and have the ""{{jcr:content}}"" child node be versioned via the (default) OPV value of {{COPY}}.

Basically, [lines 117-119|https://github.com/ModeShape/modeshape/blob/d17316ffd1eb83cc2811f66204ddd58c1b0c9ff1/web/modeshape-web-jcr-rest-client/src/main/java/org/modeshape/web/jcr/rest/client/json/FileNode.java#L117] need to move after [line 103|https://github.com/ModeShape/modeshape/blob/d17316ffd1eb83cc2811f66204ddd58c1b0c9ff1/web/modeshape-web-jcr-rest-client/src/main/java/org/modeshape/web/jcr/rest/client/json/FileNode.java#L103].",,,
2325,MODE-1416,"When performing a JCR SQL2 query using the REST service, the results have content-type text/html instead of application/json.

This does not cause a problem per-se, but when using REST client tools (like the FireFox RESTClient add-on), it prevents the tool from formatting the result as JSON which helps readability.",,,
2326,MODE-1414,"Sequencing a project that contains a model with a model annotation on the model itself (not sure when this happens in the Designer) may cause a NullPointerException:

{code}
2012-03-05 14:49:31,124 ERROR [org.modeshape.repository.sequencer.SequencingService (modeshape-1-thread-9) Problem(s) while sequencer Teiid VDB Sequencer is sequencing node default=></{}files/{}oracle_func/{}func.vdb/{http://www.jcp.org/jcr/1.0}content && [{http://www.modeshape.org/1.0}uuid = 2ee08b6a-54a9-4efb-8833-6a71ab437c25]>
2012-03-05 14:49:33,061 ERROR [org.modeshape.repository.sequencer.SequencingService] (modeshape-1-thread-9) Error reading VDB file ""/files/oracle_func/func.vdb/jcr:content"": null
2012-03-05 14:49:33,795 ERROR [org.modeshape.repository.sequencer.SequencingService] (modeshape-1-thread-10) Error while sequencer Teiid Model Sequencer is sequencing node default=></{}files/{}oracle_func/{}oraclev.xmi/{http://www.jcp.org/jcr/1.0}content && [{http://www.modeshape.org/1.0}uuid = eb45d45a-a977-49ec-ac53-00b31627b4a4]>
org.modeshape.repository.sequencer.SequencerException: java.lang.NullPointerException
	at org.modeshape.repository.sequencer.StreamSequencerAdapter.execute(StreamSequencerAdapter.java:198)
	at org.modeshape.repository.sequencer.SequencingService.processChange(SequencingService.java:498)
	at org.modeshape.repository.sequencer.SequencingService$RepositoryObserver$1.run(SequencingService.java:666)
	at java.util.concurrent.ThreadPoolExecutor$Worker.runTask(UnknownSource)
	at java.util.concurrent.ThreadPoolExecutor$Worker.run(UnknownSource)
	at java.lang.Thread.run(Unknown Source) Caused by: java.lang.NullPointerException
	at org.modeshape.sequencer.teiid.XmiGraphReader.references(XmiGraphReader.java:459)
	at org.modeshape.sequencer.teiid.XmiModelReader$AnnotationHandler.process(XmiModelReader.java:723)
	at org.modeshape.sequencer.teiid.XmiModelReader.processObject(XmiModelReader.java:373)
	at org.modeshape.sequencer.teiid.XmiModelReader.writePhase1(XmiModelReader.java:227)
	at org.modeshape.sequencer.teiid.XmiModelReader.write(XmiModelReader.java:186)
	at org.modeshape.sequencer.teiid.ModelSequencer.sequence(ModelSequencer.java:149)
	at org.modeshape.repository.sequencer.StreamSequencerAdapter.execute(StreamSequencerAdapter.java:180)
	... 5 more
{code}",,,
2333,MODE-1413,"Similar to https://issues.jboss.org/browse/MODE-1251, the same change has to be done for 2.8.1",,,
2339,MODE-1410,"The workspace.move operation does not trigger cache events in the following cases:

* when a rename is being performed - see JcrObservationManagerTest#shouldTestWorkspaceOperationTest_testRename
* when a subgraph is being moved: given root/node1/node2 and root/node3, the workspace.move(/root/node1, root/node3) is interpreted by the current code as rename operation and no event is fired. This is actually a secondary bug, as in this case it should be interpreted as a move. See JcrObservationManagerTest#shouldTestNodeMovedTest_testMoveTree",,,
2340,MODE-1408,"Changing/registering a namespace with the namespace registry does not trigger any internal events (and therefore doesn't trigger any observation events)

This has come up while porting the JcrObservationManagerTest#shouldReceiveEventsForChangesToRepositoryNamespacesInSystemContent test. If this test case does not apply to 3.x anymore, it should be removed.",,,
2347,MODE-1406,"Using the following node definitions
{noformat}
[A] > mix:versionable
  - name (string) copy
  + b (B) multiple copy
  + c (C) multiple copy

[B]
  - name (string) copy
  + c (C) multiple copy

[C] > mix:shareable
  - name (string) copy
{noformat}
When I run the following bit of code (full code in the forum post) with an existing simple tree of nodes that is /a/b/c I get a ConstraintViolationException.
{code}
71:  versionManager.checkout(a.getPath());
72:  workspace.clone(workspace.getName(), c.getPath(), ""/a/c"", false);
73:  versionManager.checkin(a.getPath());
{code}


The code is trying to clone the node at /a/b/c to /a/c which should create a shared node that is at both /a/b/c and at /a/c. The clone operation works fine but I get the exception at the line that does the checkin.
 
The error is:
 
{noformat}
javax.jcr.nodetype.ConstraintViolationException: Cannot find a definition for the child node named 'c' on the node at '/a' with primary type 'A' and mixin types: []
          at org.modeshape.jcr.SessionCache.save(SessionCache.java:509)
          at org.modeshape.jcr.AbstractJcrNode.save(AbstractJcrNode.java:2256)
          at org.modeshape.jcr.JcrVersionManager.checkin(JcrVersionManager.java:384)
          at org.modeshape.jcr.JcrVersionManager.checkin(JcrVersionManager.java:1738)
          at au.com.infomedix.documentstore.cnd.TestSharedVersioned.main(TestSharedVersioned.java:73)
Caused by: org.modeshape.graph.session.ValidationException: Cannot find a definition for the child node named 'c' on the node at '/a' with primary type 'A' and mixin types: []
          at org.modeshape.jcr.SessionCache$JcrNodeOperations.preSave(SessionCache.java:2930)
          at org.modeshape.graph.session.GraphSession$4.finishParentAfterLoading(GraphSession.java:1115)
          at org.modeshape.graph.session.GraphSession$LoadAllChildrenVisitor.finish(GraphSession.java:3449)
          at org.modeshape.graph.session.GraphSession$Node.onChangedNodes(GraphSession.java:3182)
          at org.modeshape.graph.session.GraphSession.save(GraphSession.java:1112)
          at org.modeshape.jcr.SessionCache.save(SessionCache.java:507)
          ... 4 more
{noformat}

If I change the type of the child node c in node A to ""nt:base"" then the error goes away and it works as expected.
ie:
 
{noformat}
[A] > mix:versionable
  - name (string) copy
  + b (B) multiple copy
  + c (nt:base) multiple copy
{noformat}
",,,
2350,MODE-1405,"Hello,

i tried ModeShape 3.0.0.Alpha1 today, but got stuck by an error I cant seem to solve. I set up a quite easy repo:

{code:javascript}
{
    ""name"":""wwRepo"",
    ""jndiName"":"""",
    ""security"":{
        ""jaas"":{
            ""policyName"":""""
        },
        ""anonymous"":{
            ""roles"":[""readonly"", ""readwrite"", ""admin""],
            ""username"":""<anonymous>"",
            ""useOnFailedLogin"":true
        }
    },
    ""sequencing"":{
        ""removeDerivedContentWithOriginal"":true,
        ""sequencers"":[
            {
                ""description"":""CND Sequencer Same Location"",
                ""type"":""CNDSequencer"",
                ""pathExpressions"":[ ""default://(*.cnd)/jcr:content[@jcr:data]"" ]
            }
        ]
    }
}
{code}

Beside this, I startup my default app an registering nods via CND:

{code}
[#|2012-02-28T15:02:40.192+0100|INFO|glassfish3.1.1|javax.enterprise.system.std.com.sun.enterprise.server.logging|_ThreadID=17;_ThreadName=Thread-4;|INFO  - JcrRepository              - Initializing ModeShape version 3.0.0.Alpha1|#]
[#|2012-02-28T15:02:40.221+0100|INFO|glassfish3.1.1|javax.enterprise.system.std.com.sun.enterprise.server.logging|_ThreadID=17;_ThreadName=Thread-4;|INFO  - TransientBinaryStore       - ModeShape is using the following directory for transient storage of binary values: /var/folders/ql/9xg715td53s6prn53sj9szkw0000gn/T|#]
[#|2012-02-28T15:02:41.429+0100|INFO|glassfish3.1.1|javax.enterprise.system.std.com.sun.enterprise.server.logging|_ThreadID=17;_ThreadName=Thread-4;|INFO  - GlobalComponentRegistry    - ISPN000128: Infinispan version: Infinispan 'Brahma' 5.1.0.BETA3|#]
[#|2012-02-28T15:02:41.429+0100|INFO|glassfish3.1.1|javax.enterprise.system.std.com.sun.enterprise.server.logging|_ThreadID=17;_ThreadName=Thread-4;|INFO  - GlobalComponentRegistry    - ISPN000128: Infinispan version: Infinispan 'Brahma' 5.1.0.BETA3|#]
...
[#|2012-02-28T15:02:42.501+0100|INFO|glassfish3.1.1|javax.enterprise.system.std.com.sun.enterprise.server.logging|_ThreadID=17;_ThreadName=Thread-4;|INFO  - BrixRepositoryInitializer  - Registering Brix JCR Namespace: brix|#]
[#|2012-02-28T15:02:42.539+0100|INFO|glassfish3.1.1|javax.enterprise.system.std.com.sun.enterprise.server.logging|_ThreadID=17;_ThreadName=Thread-4;|INFO  - Brix                       - Registering node type: brix:node in workspace default|#]
[#|2012-02-28T15:02:42.569+0100|INFO|glassfish3.1.1|javax.enterprise.system.std.com.sun.enterprise.server.logging|_ThreadID=17;_ThreadName=Thread-4;|INFO  - Brix                       - Registering node type: brix:folder in workspace default|#]
[#|2012-02-28T15:02:42.572+0100|INFO|glassfish3.1.1|javax.enterprise.system.std.com.sun.enterprise.server.logging|_ThreadID=17;_ThreadName=Thread-4;|INFO  - Brix                       - Registering node type: brix:tile in workspace default|#]
[#|2012-02-28T15:02:42.573+0100|INFO|glassfish3.1.1|javax.enterprise.system.std.com.sun.enterprise.server.logging|_ThreadID=17;_ThreadName=Thread-4;|INFO  - Brix                       - Registering node type: brix:hidden in workspace default|#]
[#|2012-02-28T15:02:42.575+0100|INFO|glassfish3.1.1|javax.enterprise.system.std.com.sun.enterprise.server.logging|_ThreadID=17;_ThreadName=Thread-4;|INFO  - Brix                       - Registering node type: brix:globalContainer in workspace default|#]
[#|2012-02-28T15:02:42.577+0100|INFO|glassfish3.1.1|javax.enterprise.system.std.com.sun.enterprise.server.logging|_ThreadID=17;_ThreadName=Thread-4;|INFO  - Brix                       - Registering node type: brix:tilePage in workspace default|#]
[#|2012-02-28T15:02:42.580+0100|INFO|glassfish3.1.1|javax.enterprise.system.std.com.sun.enterprise.server.logging|_ThreadID=17;_ThreadName=Thread-4;|INFO  - Brix                       - Registering node type: brix:tileTemplate in workspace default|#]
[#|2012-02-28T15:02:42.581+0100|INFO|glassfish3.1.1|javax.enterprise.system.std.com.sun.enterprise.server.logging|_ThreadID=17;_ThreadName=Thread-4;|INFO  - Brix                       - Registering node type: brix:webDavContainer in workspace default|#]
[#|2012-02-28T15:02:42.610+0100|INFO|glassfish3.1.1|javax.enterprise.system.std.com.sun.enterprise.server.logging|_ThreadID=17;_ThreadName=Thread-4;|INFO  - WicketApplication          - try to import into: bx_ZbsPajcasCzwuZNlkmGmKWqKq|#]
...
{code}

but then I get an error when I try to import an XML file into a new Repository:

{code}
[#|2012-02-28T15:02:42.716+0100|INFO|glassfish3.1.1|javax.enterprise.system.std.com.sun.enterprise.server.logging|_ThreadID=17;_ThreadName=Thread-4;|ERROR - WicketApplication      	- Exception in WicketApplication init()java.lang.RuntimeException: Could not initialize workspace with Brix
.....
Caused by: org.brixcms.jcr.exception.JcrException: javax.jcr.nodetype.ConstraintViolationException: Cannot find a definition for the property named 'jcr:createdBy' on the node at '/brix:root' with primary type 'nt:folder' and mixin types: [brix:node]
    at org.brixcms.jcr.SessionBehavior.handleException(SessionBehavior.java:78)
    at org.brixcms.jcr.api.wrapper.AbstractWrapper.handleException(AbstractWrapper.java:91)
    at org.brixcms.jcr.api.wrapper.AbstractWrapper.executeCallback(AbstractWrapper.java:108)
    at org.brixcms.jcr.api.wrapper.SessionWrapper.importXML(SessionWrapper.java:338)
    at de.whiskyworld.shop.web.WicketApplication.initDefaultWorkspace(WicketApplication.java:182)
    ... 44 more
Caused by: javax.jcr.nodetype.ConstraintViolationException: Cannot find a definition for the property named 'jcr:createdBy' on the node at '/brix:root' with primary type 'nt:folder' and mixin types: [brix:node]
    at org.modeshape.jcr.AbstractJcrNode.setProperty(AbstractJcrNode.java:1515)
    at org.modeshape.jcr.JcrContentHandler$BasicNodeHandler.create(JcrContentHandler.java:732)
    at org.modeshape.jcr.JcrContentHandler$BasicNodeHandler.node(JcrContentHandler.java:567)
    at org.modeshape.jcr.JcrContentHandler$BasicNodeHandler.finish(JcrContentHandler.java:552)
    at org.modeshape.jcr.JcrContentHandler$SystemViewContentHandler.startElement(JcrContentHandler.java:923)
    at org.modeshape.jcr.JcrContentHandler.startElement(JcrContentHandler.java:359)
    at com.sun.org.apache.xerces.internal.parsers.AbstractSAXParser.startElement(AbstractSAXParser.java:501)
    at com.sun.org.apache.xerces.internal.impl.XMLNSDocumentScannerImpl.scanStartElement(XMLNSDocumentScannerImpl.java:400)
    at com.sun.org.apache.xerces.internal.impl.XMLDocumentFragmentScannerImpl$FragmentContentDriver.next(XMLDocumentFragmentScannerImpl.java:2756)
    at com.sun.org.apache.xerces.internal.impl.XMLDocumentScannerImpl.next(XMLDocumentScannerImpl.java:648)
    at com.sun.org.apache.xerces.internal.impl.XMLNSDocumentScannerImpl.next(XMLNSDocumentScannerImpl.java:140)
    at com.sun.org.apache.xerces.internal.impl.XMLDocumentFragmentScannerImpl.scanDocument(XMLDocumentFragmentScannerImpl.java:511)
    at com.sun.org.apache.xerces.internal.parsers.XML11Configuration.parse(XML11Configuration.java:808)
    at com.sun.org.apache.xerces.internal.parsers.XML11Configuration.parse(XML11Configuration.java:737)
    at com.sun.org.apache.xerces.internal.parsers.XMLParser.parse(XMLParser.java:119)
    at com.sun.org.apache.xerces.internal.parsers.AbstractSAXParser.parse(AbstractSAXParser.java:1205)
    at org.modeshape.jcr.JcrSession.importXML(JcrSession.java:1091)
    at org.brixcms.jcr.base.wrapper.SessionWrapper.importXML(SessionWrapper.java:241)
    at org.brixcms.jcr.api.wrapper.SessionWrapper$26.execute(SessionWrapper.java:340)
    at org.brixcms.jcr.api.wrapper.AbstractWrapper.executeCallback(AbstractWrapper.java:106)
    ... 46 more
{code}

So, ModeShape complains about jcr:createdBy elements that got specified by the CND just 5 loglines ago;",,,
2355,MODE-1404,"Executing TestModeShapeConfiguration, I receive the following exception:

{code}
10:59:20,814 ERROR MSC00001: Failed to start service jboss.modeshape.repository.sample1
org.jboss.msc.service.StartException in service jboss.modeshape.repository.sample1: Failed to start service
	at org.jboss.msc.service.ServiceControllerImpl$StartTask.run(ServiceControllerImpl.java:1786)
	at org.jboss.msc.service.ServiceControllerImpl$ClearTCCLTask.run(ServiceControllerImpl.java:2291)
	at java.util.concurrent.ThreadPoolExecutor$Worker.runTask(ThreadPoolExecutor.java:886)
	at java.util.concurrent.ThreadPoolExecutor$Worker.run(ThreadPoolExecutor.java:908)
	at java.lang.Thread.run(Thread.java:680)
Caused by: java.lang.ExceptionInInitializerError
	at org.modeshape.jcr.value.binary.AbstractBinaryStore.<init>(AbstractBinaryStore.java:61)
	at org.modeshape.jcr.value.binary.FileSystemBinaryStore.<init>(FileSystemBinaryStore.java:90)
	at org.modeshape.jcr.value.binary.TransientBinaryStore.<init>(TransientBinaryStore.java:77)
	at org.modeshape.jcr.value.binary.TransientBinaryStore.<clinit>(TransientBinaryStore.java:42)
	at org.modeshape.jcr.ExecutionContext.<init>(ExecutionContext.java:186)
	at org.modeshape.jcr.ExecutionContext.<init>(ExecutionContext.java:105)
	at org.modeshape.jcr.ExecutionContext.<clinit>(ExecutionContext.java:74)
	at org.modeshape.jcr.JcrRepository.initializeDescriptors(JcrRepository.java:695)
	at org.modeshape.jcr.JcrRepository.<init>(JcrRepository.java:209)
	at org.modeshape.jcr.JcrEngine.deploy(JcrEngine.java:503)
	at org.modeshape.jcr.JcrEngine.deploy(JcrEngine.java:462)
	at org.modeshape.jboss.service.RepositoryService.start(RepositoryService.java:62)
	at org.jboss.msc.service.ServiceControllerImpl$StartTask.run(ServiceControllerImpl.java:1765)
	... 4 more
Caused by: java.lang.NullPointerException
	at org.modeshape.common.util.MimeTypeUtil.getDefaultMappings(MimeTypeUtil.java:145)
	at org.modeshape.common.util.MimeTypeUtil.<init>(MimeTypeUtil.java:99)
	at org.modeshape.common.util.MimeTypeUtil.<init>(MimeTypeUtil.java:72)
	at org.modeshape.jcr.mimetype.ExtensionBasedMimeTypeDetector.<init>(ExtensionBasedMimeTypeDetector.java:37)
	at org.modeshape.jcr.mimetype.ExtensionBasedMimeTypeDetector.<clinit>(ExtensionBasedMimeTypeDetector.java:39)
	... 17 more
{code}",,,
2382,MODE-1401,"When checking in a versionable node, that node and its subgraph should be read-only. In particular, Section 15.2.2 of the JCR 2.0 specification has the relevant bits:

{quote}
When a versionable node is checked in, it and its subgraph become read-only. The effect of read-only status on a node depends on the on-parent-version (OPV) status of each of its child items.

When a node {{N}} becomes read-only:
* No property of {{N}} can be added, removed or have its value changed unless it has an on-parent-version setting of {{IGNORE}}.
* No child node of {{N}} can be added or removed unless it has an on-parent-version setting of {{IGNORE}}.
* Every existing child node of {{N}} becomes read-only unless it has an on- parent-version setting of {{IGNORE}} or has an on-parent-version setting of {{VERSION}} and is itself versionable.
{quote}

Apparently we restrict the adding/modification/removal of properties (tho we should verify that with additional tests), but we do not restrict the adding or removal of nodes. Additionally, even when the OPV setting of a child node definition is {{VERSION}}, the expected behavior differs depending upon whether the actual child node is versionable.

Consider these node types:

{code}
[A] > mix:versionable
  - name (string) copy
  + b (B) multiple version

[B]
  - name (string) copy
{code}

and this code:

{code:java}
Node root = session.getRootNode();
Node a    = root.addNode(""node"", ""A"");
a.setProperty(""name"", ""aaa"");
session.save();
versionManager.checkin(a.getPath());
// The next call is correctly prevented ...
// a.setProperty(""name"", ""aaa"");

// But the next call should result in an exception, but doesn't
Node b = a.addNode(""b"", ""B"");
session.save();

// This shouldn't be possible either ...
b.remove();

session.save();
{code}

The {{a.setProperty(""name"", ""aaa"")}} statement (commented out) is not possible without an exception:

{code}
javax.jcr.version.VersionException: '/node' (or its nearest versionable ancestor) is checked in, preventing this action
          at org.modeshape.jcr.JcrNode.doRemove(JcrNode.java:118)
          at org.modeshape.jcr.AbstractJcrNode.removeShare(AbstractJcrNode.java:2415)
          at org.modeshape.jcr.AbstractJcrNode.remove(AbstractJcrNode.java:2458)
          at au.com.infomedix.documentstore.cnd.TestLoadCND.main(TestLoadCND.java:88)
{code}

However, the {{a.addNode(""b"", ""B"")}} should not be possible either without an exception. And once there is a child named 'b', whether its properties can be changed depends on whether 'b' is versionable. Currently, setting a property on 'b' when 'a' is checked out is not currently possible, even when 'b' is versionable.

See the forum post for more context and detail.",,,
2388,MODE-1400,When NodeTypeManager.registerNodeTypes() is called with a CND file that contains a syntax error then the error is not reported and no nodes are registered. A full description of the problem is given in [this thread|https://community.jboss.org/thread/195097],,,
2391,MODE-1391,This was an oversight. The JSON Schema for the repository configuration does not allow the location of the filesystem binary store to be specified.,,,
2397,MODE-1377,"I created a straightforward WAR having the ModeShape WebDAV Servlet, configured one repository ""bolehaja"" with a few workspaces.

Accessing via WebDAV is OK, however via plain HTTP there is a slight problem.

This URL is working well:

{code}
http://localhost:8080/bolehaja-dav/bolehaja
{code}

However this URL throws 500 error:

{code}
http://localhost:8080/bolehaja-dav/bolehaja/
{code}

{code}
$ curl -v 'http://localhost:8080/bolehaja-d                 
* About to connect() to localhost port 8080 (#0)
*   Trying 127.0.0.1... connected
* Connected to localhost (127.0.0.1) port 8080 (#0)
> GET /bolehaja-dav/bolehaja/ HTTP/1.1
> User-Agent: curl/7.21.6 (x86_64-pc-linux-gnu) libcurl/7.21.6 OpenSSL/1.0.0e zlib/1.2.3.4 libidn/1.22 librtmp/2.3
> Host: localhost:8080
> Accept: */*
> 
< HTTP/1.1 500 Internal Server Error
< Server: Apache-Coyote/1.1
< Content-Type: text/html;charset=utf-8
< Content-Length: 1002
< Date: Mon, 23 Jan 2012 13:28:52 GMT
< Connection: close
< 
* Closing connection #0
<html><head><title>JBoss Web/7.0.7.Final - Error report</title><style><!--H1 {font-family:Tahoma,Arial,sans-serif;color:white;background-color:#525D76;font-size:22px;} H2 {font-family:Tahoma,Arial,sans-serif;color:white;background-color:#525D76;font-size:16px;} H3 {font-family:Tahoma,Arial,sans-serif;color:white;background-color:#525D76;font-size:14px;} BODY {font-family:Tahoma,Arial,sans-serif;color:black;background-color:white;} B {font-family:Tahoma,Arial,sans-serif;color:white;background-color:#525D76;} P {font-family:Tahoma,Arial,sans-serif;background:white;color:black;font-size:12px;}A {color : black;}A.name {color : black;}HR {color : #525D76;}--></style> </head><body><h1>HTTP Status 500 - </h1><HR size=""1"" noshade=""noshade""><p><b>type</b> Status report</p><p><b>message</b> <u></u></p><p><b>description</b> <u>The server encountered an internal error () that prevented it from fulfilling this request.</u></p><HR size=""1"" noshade=""noshade""><h3>JBoss Web/7.0.7.Final</h3></body></html>
{code}

The log when access is OK (no trailing slash):

{code}
20:33:09,000 FINE  [org.modeshape.web.jcr.webdav.ModeShapeWebdavStore] (http--127.0.0.1-8080-2) WebDAV getStoredObject at ""/bolehaja"" resolved to ""/bolehaja/nullnull""
20:33:09,002 FINE  [org.modeshape.web.jcr.webdav.ModeShapeWebdavStore] (http--127.0.0.1-8080-2) WebDAV getStoredObject at ""/bolehaja"" resolved to ""/bolehaja/nullnull""
20:33:09,008 FINE  [org.modeshape.web.jcr.webdav.ModeShapeWebdavStore] (http--127.0.0.1-8080-2) WebDAV getStoredObject at ""/bolehaja/dev"" resolved to ""/bolehaja/dev/""
20:33:09,012 FINE  [org.modeshape.web.jcr.webdav.ModeShapeWebdavStore] (http--127.0.0.1-8080-2) WebDAV getStoredObject at ""/bolehaja/staging"" resolved to ""/bolehaja/staging/""
20:33:09,015 FINE  [org.modeshape.web.jcr.webdav.ModeShapeWebdavStore] (http--127.0.0.1-8080-2) WebDAV getStoredObject at ""/bolehaja/prod"" resolved to ""/bolehaja/prod/""
{code}

Log when error (with trailing slash):

{code}
20:33:18,348 FINE  [org.modeshape.web.jcr.webdav.ModeShapeWebdavStore] (http--127.0.0.1-8080-2) WebDAV getStoredObject at ""/bolehaja/"" resolved to ""/bolehaja/nullnull""
20:33:18,351 FINE  [org.modeshape.web.jcr.webdav.ModeShapeWebdavStore] (http--127.0.0.1-8080-2) WebDAV getStoredObject at ""/bolehaja/"" resolved to ""/bolehaja/nullnull""
20:33:18,357 FINE  [org.modeshape.web.jcr.webdav.ModeShapeWebdavStore] (http--127.0.0.1-8080-2) WebDAV getStoredObject at ""/bolehaja//dev"" resolved to ""/bolehaja//dev""
{code}

Note that accessing workspaces work either way:

http://localhost:8080/bolehaja-dav/bolehaja/prod
http://localhost:8080/bolehaja-dav/bolehaja/prod/
",,,
2407,MODE-1374,"I am working on a ""resource"" controller using the latest Spring3 and JBoss Modeshape (pointing to a federated repository using the Filesystem connectors) to retrieve an asset.

When I access any webpage, using the controller, it returns most of the images then throws a NullPointerException in the ""getNode"" call at various other ones...

On my end, I am not doing anything special (my test cases work fine):

# Create/configure the engine (only once)
# Login and get a session
# Try to find the node
# Logout from the session

The code pretty much looks like (no custom CND is being used):

{code:java}
session = createSession(); 
Node node = session.getNode(path); 
{code}

After the first hit to the page (with errors), every hit after that works perfect and everything loads fine from then out.

I am following this link Heavy Concurrency: A better way to manage JCR Sessions for the session creation/management.

It appears as if I have multiple threads trying to configure the JcrNodeDefinition in Modeshape. If i mark the enureRequirePrimaryTypesLoaded() method as synchronized then I do not get the error ever.

The stack trace is:

{code}
java.lang.NullPointerException
          at org.modeshape.jcr.JcrNodeDefinition.ensureRequiredPrimaryTypesLoaded(JcrNodeDefinition.java:121)
          at org.modeshape.jcr.JcrNodeDefinition.allowsChildWithType(JcrNodeDefinition.java:249)
          at org.modeshape.jcr.RepositoryNodeTypeManager.findChildNodeDefinition(RepositoryNodeTypeManager.java:1142)
          at org.modeshape.jcr.RepositoryNodeTypeManager.findChildNodeDefinition(RepositoryNodeTypeManager.java:1161)
          at org.modeshape.jcr.JcrNodeTypeManager.findChildNodeDefinition(JcrNodeTypeManager.java:433)
          at org.modeshape.jcr.SessionCache$JcrNodeOperations.materialize(SessionCache.java:2711)
          at org.modeshape.graph.session.GraphSession.findNodeRelativeTo(GraphSession.java:535)
          at org.modeshape.graph.session.GraphSession.findNodeWith(GraphSession.java:398)
          at org.modeshape.graph.session.GraphSession.findNodeWith(GraphSession.java:381)
          at org.modeshape.jcr.SessionCache.findNode(SessionCache.java:532)
          at org.modeshape.jcr.SessionCache.findJcrNode(SessionCache.java:643)
          at org.modeshape.jcr.JcrSession.getNode(JcrSession.java:838)
          at org.modeshape.jcr.JcrSession.getNode(JcrSession.java:703)
          at org.modeshape.jcr.JcrSession.getNode(JcrSession.java:96)
          at com.acme.contents.ModeshapeManagerBean.findNode(ModeshapeManagerBean.java:67)
          at com.acme.contents.ModeshapeManagerBean.findNode(ModeshapeManagerBean.java:50)
          at com.acme.views.ResourceController.getStream(ResourceController.java:69)
          at comacme.views.ResourceController.handleResource(ResourceController.java:46)
          at sun.reflect.NativeMethodAccessorImpl.invoke0(Native Method)
          at sun.reflect.NativeMethodAccessorImpl.invoke(NativeMethodAccessorImpl.java:39)
          at sun.reflect.DelegatingMethodAccessorImpl.invoke(DelegatingMethodAccessorImpl.java:25)
          at java.lang.reflect.Method.invoke(Method.java:597)
          at org.springframework.web.method.support.InvocableHandlerMethod.invoke(InvocableHandlerMethod.java:212)
          at org.springframework.web.method.support.InvocableHandlerMethod.invokeForRequest(InvocableHandlerMethod.java:126)
          at org.springframework.web.servlet.mvc.method.annotation.ServletInvocableHandlerMethod.invokeAndHandle(ServletInvocableHandlerMethod.java:96)
          at org.springframework.web.servlet.mvc.method.annotation.RequestMappingHandlerAdapter.invokeHandlerMethod(RequestMappingHandlerAdapter.java:6
{code}",,,
2409,MODE-1373,The MS Office sequencer's CND file does not reflect the actual output generated by the sequencer.,,,
2417,MODE-1366,"In JCR-SQL2, the standard way to quote an identifier (e.g., selector name, literal name, or literal path) is to use square brackets. (See section 6.7.23 in the JCR 2.0 specification.) However, when a path contains a same-name-sibling index, then the path literal also contains square brackets, and our parser gets confused. So this works:

{code:sql}
SELECT * FROM [car:Car] WHERE ISDESCENDANTNODE([car:Car],[/foo/bar])
{code}

while this does not work (but should):

{code:sql}
SELECT * FROM [car:Car] WHERE ISDESCENDANTNODE([car:Car],[/foo/bar[2]])
{code}

Note the confusing use of square brackets.",,,
2420,MODE-1364,"A JCR-SQL2 join that uses a REFERENCE property in the join clause returns 0 records, even when it should return some records. A good test case is given in the forum.

Unfortunately, no workaround exists.",,,
2422,MODE-1362,"The DDL sequencer code does generate graph output, but the graph does not adhere to the structured defined in the CND node types. IOW, the generated output is not valid JCR output. Some of these problems are errors in the CND, but other problems are issues in the sequencer code.

BTW, this was not caught in our tests for a couple of reasons. First, the sequencers use the graph API to generate content, and tho this is expected to adhere to the types, the sequencing framework doesn't actually verify this (since the graph API doesn't know about types). Instead, we've relied upon integration tests to run the sequencers in the context of JCR, and we do have some integration tests for the DDL sequencer. However, none of the DDL sequencer integration tests appear to work; they're all looking for a node and only continuing if that node exists -- of course the tests never find that node, so the meat of the integration tests are never run.

Another complicating factor that might help explain why this issue was not noticed is because of the way the sequencing framework and the JCR layer validation both work. Since the sequencers *do* parse the DDL and generate output, that output *is* persisted in the store. Reading that output via JCR might work actually work, depending upon how much the JCR layer validates the *already-persisted* content. The content might also be accessible via querying, since processing the query doesn't require JCR validation.

In short, we have to fix the DDL sequencer code so that it produces output that IS valid per the CND types. Note that this is likely to require changes to both the sequencer code and the CND node types.",,,
2447,MODE-1361,"The following path expressions aren't being parsed & interpreted correctly:

1) ""default://(*.cnd)[/jcr:content@jcr:data]"" will not match (i.e. will not be triggered) for ""default://images.cnd/jcr:content@jcr:data""
2) ""default://(*.class)/jcr:content[@jcr:data] => /classes/$1"" will create for a matched input of: default:/TestClass.class the following output: default://classes/TestClass.class/TestClass.class",,,
2465,MODE-1360,"When there are multiple sessions reading a node (e.g., reading the child references) while other sessions modify that node (e.g., add a child node), the reading sessions occasionally get a ConcurrentModificationException. This is happening because the Documents stored in Infinispan are being modified within a transaction, but the cached nodes in the workspace still have a reference to the now-changing Document content.

I created a test that submits 100 runnables to an executor (with a max of 50 threads), where each runnable obtains a session, adds a new uniquely-named node under the root node, saves the change, and then logs out. During most runs, one or two of the 100 threads get the following exception:

{code}
java.util.ConcurrentModificationException
	at java.util.AbstractList$Itr.checkForComodification(AbstractList.java:372)
	at java.util.AbstractList$Itr.next(AbstractList.java:343)
	at org.infinispan.schematic.internal.document.BasicArray$2.next(BasicArray.java:277)
	at org.modeshape.jcr.cache.document.DocumentTranslator.getChildReferences(DocumentTranslator.java:738)
	at org.modeshape.jcr.cache.document.LazyCachedNode.getChildReferences(LazyCachedNode.java:281)
	at org.modeshape.jcr.AbstractJcrNode.addChildNode(AbstractJcrNode.java:989)
	at org.modeshape.jcr.AbstractJcrNode.addNode(AbstractJcrNode.java:953)
	at org.modeshape.jcr.AbstractJcrNode.addNode(AbstractJcrNode.java:874)
	at org.modeshape.jcr.AbstractJcrNode.addNode(AbstractJcrNode.java:1)
	at org.modeshape.jcr.ModeShapeTckTest$1.run(ModeShapeTckTest.java:2541)
	at java.util.concurrent.ThreadPoolExecutor$Worker.runTask(ThreadPoolExecutor.java:886)
	at java.util.concurrent.ThreadPoolExecutor$Worker.run(ThreadPoolExecutor.java:908)
	at java.lang.Thread.run(Thread.java:680)
{code}",,,
2467,MODE-1359,"Using a join query with a join condition that may involve a null value (because the property isn't a mandatory property), and this causes the nested loop merge logic to throw a NullPointerException:

{code}
java.lang.NullPointerException
  at org.modeshape.graph.query.process.JoinComponent$6.evaluate(JoinComponent.java:359)
  at org.modeshape.graph.query.process.NestedLoopJoinComponent.execute(NestedLoopJoinComponent.java:68)
  at org.modeshape.graph.query.process.ProjectComponent.execute(ProjectComponent.java:48)
  at org.modeshape.graph.query.process.QueryProcessor.execute(QueryProcessor.java:100)
  at org.modeshape.graph.query.QueryEngine.execute(QueryEngine.java:124)
  at org.modeshape.jcr.RepositoryQueryManager$SelfContained.query(RepositoryQueryManager.java:435)
  at org.modeshape.jcr.JcrQueryManager$SessionQueryContext.execute(JcrQueryManager.java:1422)
  at org.modeshape.jcr.query.JcrQuery.execute(JcrQuery.java:103)
  ...
{code}

Here is a sample query:

{code:sql}
SELECT grantee.* 
FROM [tt:friendly] as grantor INNER JOIN [tt:friendly] as grantee 
ON grantor.[tt:friend] = grantee.[jcr:uuid] 
{code}

Note that any {{tt:friendly}} nodes that don't have a {{tt:friend}} property will cause the left-hand side for that tuple to be null, and this causes the NPE when the join criteria is evaluated.",,,
2469,MODE-1358,"The problem is manifesting itself on Windows, but only because the FileSystemBinaryStore tries to rename a temporary file to move it into the FileSystemBinaryStore's storage area. Thus, because the rename doesn't work on Windows, the FileSystemBinaryStore reverts to copying via streaming. This copying process works, but is taking far too long.

We need separate tests that verify the copy logic we're using is fast enough, and that we're correctly buffering the content when streaming.",,,
2471,MODE-1357,"When running multiple binary stores tests in one batch (at least on windows), if there are open file locks between tests, the garbage collection thread will block (and an exception is thrown).
See attached file for a couple of thread dumps.",,,
2475,MODE-1356,"The current java.nio.FileLock based implementation doesn't work on Windows, because on this platform all the filelocks are exclusive and are related to the file descriptors.",,,
2512,MODE-1350,"When re-indexing an entire workspace, the SearchIndexer walks through the content by reading subgraphs, where each subgraph depth is dictated by the ""indexReadDepth"" repository option. The SearchIndexer code is structured to not hold onto the subgraphs longer than needed, to allow garbage collection to reclaim memory as the indexer walks through the content.

However, the SearchIndexer is inadvertently holding onto all of the requests, preventing them from being garbage collected. Normally this isn't a problem, except for very large repositories or repositories that contain large binary values. The result is an OutOfMemoryError.

The culprit turns out to be the SearchIndexer's use of CompositeRequestChannel, which is actually keeping all processed requests in a list; this is necessary in other situations, like the federation connector, where not a significant number of requests are processed. In the case of the SearchIndexer, the number of requests could be very significant. Since the SearchIndexer never re-processes the requests, in this case the CompositeRequestChannel can be configured to not accumulate the processed requests.",,,
2514,MODE-1349,"LargeValueEntity can be, well, large. If cached they may lead to OOM situation",,,
2515,MODE-1348,"Exporting a workspace that has a lot of large binary values can result in out-of-memory errors, since the binary values are held in memory. (See MODE-1346 for improvements within the 3.x codebase.) While it'd be very difficult to change how the binary values are handled in 2.x, it should still be possible to modify the export logic to prevent holding *all* workspace content in-memory. ",,,
2521,MODE-1347," 
Setup: jboss as 6, latest modeshape.

Started 30 requests in parallel in got stuck (nothing is happening)

Taking a threads dump and looking at the code, it seems to me that we have a race condition in RepositoryConnectionPool.

 
When we try to get a connection we do first (only the interesting part is shown):

{code:java}
mainLock.lock();

// Peek to see if there is a connection available ...
else if (this.availableConnections.peek() != null) {
    // There is, so take it and return it ...
    try {
        connection = this.availableConnections.take();
    } catch (InterruptedException e) {
        LOGGER.trace(""Cancelled obtaining a repository connection from pool {0}"", getSourceName());
        Thread.interrupted();
        throw new RepositorySourceException(getSourceName(), e);
    }
}
{code}

The race condition is between the 'peek' and the 'take'.

Reason is further down the same method we do:

{code:java}
if (connection == null) {
   // There are not enough connections, so wait in line for the
   // next available connection ...
   LOGGER.trace(""Waiting for a repository connection from pool {0}"", getSourceName());
   try {
       connection = this.availableConnections.take();
   } catch (InterruptedException e) {
       LOGGER.trace(""Cancelled obtaining a repository connection from pool {0}"", getSourceName());
       Thread.interrupted();
       throw new RepositorySourceException(getSourceName(), e);
   }
mainLock = this.mainLock;
mainLock.lock();
{code}
 
So we call 'take' here without holding the mainLock.

And this is IMO what happened.

I have a thread that is blocked in the first 'take' (after the 'peek') and another one that is stuck while trying to get the lock after calling 'take'.

This is this 'take' that went between the 'peek' and the 'take'.

Note I have 9 other threads that are trying to release the connections but are also blocked was tryng to get the lock and
this also explains why the first thread is stuck in 'take' as all the connections are taken.
",,,
2523,MODE-1327,"The {{JpsSource.setAllowsUpdates(boolean)}} method creates a new RepositorySourceCapabilities, but it uses a constructor that does not copy the {{RepositorySourceCapabilities.supportsAutomaticGarbageCollection()}} capability.",,,
2524,MODE-1326,"When using the Oracle DDL parser directly (not from within the DDL sequencer), parsing the attached DDL file results in an exception.  (This exception is no longer available.)

See TEIIDDES-1176 for the original issue reported against Teiid Designer.
",,,
2526,MODE-1322,"Running {{mvn test}} in the {{modeshape-2.x-tests}} module resulted in an error for each of the tests. Here's the start of the Maven output (up until the JUnit part of the stacktrace):

{code}
[INFO] : Started rebuilding indexes for repository 'My repository'
 [SLF4JLoggerImpl.java:190][INFO] : Completed rebuilding indexes for repository 'My repository'
 [SLF4JLoggerImpl.java:190][WARN] : The JAAS policy named 'modeshape-jcr' (nor the policy named 'other') could not be found; check the value of the 'JAAS_LOGIN_CONFIG_NAME' repository option in the configuration for the 'My repository' repository (or ignore this message if JAAS authentication is not being used)
 [SLF4JLoggerImpl.java:94][INFO] : Completed starting the ""My repository"" repository
 [SLF4JLoggerImpl.java:190][INFO] : JcrRepositoryFactory#Initialization : 1201556000 (ns)
 [TestData.java:39][ERROR] : could not create Vfs.Dir from url. ignoring the exception and continuing
 [Reflections.java:203]org.reflections.ReflectionsException: could not create Dir using org.reflections.vfs.Vfs$DefaultUrlTypes$2 from url jar:file:/Users/rhauch/.m2/repository/org/modeshape/perf-tests-api/1.0.0-SNAPSHOT/perf-tests-api-1.0.0-SNAPSHOT.jar!/org/modeshape/jcr/perftests/query
	at org.reflections.vfs.Vfs.fromURL(Vfs.java:98)
	at org.reflections.vfs.Vfs.fromURL(Vfs.java:88)
	at org.reflections.Reflections.scan(Reflections.java:199)
	at org.reflections.Reflections.<init>(Reflections.java:91)
	at org.modeshape.jcr.perftests.PerformanceTestSuiteRunner.loadPerformanceTestSuites(PerformanceTestSuiteRunner.java:179)
	at org.modeshape.jcr.perftests.PerformanceTestSuiteRunner.runPerformanceTests(PerformanceTestSuiteRunner.java:82)
	at org.modeshape.ModeShape2xPerformanceTest.testModeShapeInMemory(ModeShape2xPerformanceTest.java:55)
	at sun.reflect.NativeMethodAccessorImpl.invoke0(Native Method)
	at sun.reflect.NativeMethodAccessorImpl.invoke(NativeMethodAccessorImpl.java:39)
	at sun.reflect.DelegatingMethodAccessorImpl.invoke(DelegatingMethodAccessorImpl.java:25)
	at java.lang.reflect.Method.invoke(Method.java:597)
	at org.junit.runners.model.FrameworkMethod$1.runReflectiveCall(FrameworkMethod.java:44)
	at org.junit.internal.runners.model.ReflectiveCallable.run(ReflectiveCallable.java:15)
	at org.junit.runners.model.FrameworkMethod.invokeExplosively(FrameworkMethod.java:41)
{code}",,,
2532,MODE-1315,"An  NPE occurs in a background thread when listening for Event.PROPERTY_REMOVED events, the watched nodes are restricted by a node type, and a property on the watched node type is deleted. The EvenListener is never called after the property deletion.

",,,
2534,MODE-1314,"Hibernate 3.3 (and later) uses a different mechanism to configure the 2nd level cache, using the {{hibernate.cache.region.factory_class}} instead of the {{hibernate.cache.provider_class}} that was used prior to Hibernate 3.3. For example, see the [Ehcache documentation|http://www.ehcache.org/documentation/user-guide/hibernate] and the [Infinispan documentation|https://docs.jboss.org/author/display/ISPN/Using+Infinispan+as+JPA-Hibernate+Second+Level+Cache+Provider].

Also, the Infinispan 2nd level cache has an additional optional property when looking in JNDI for the cache manager.",,,
2538,MODE-1313,"So if I call getNodeByIdentifier(""aaaa"") this is the exception stack trace:
 
{code}
17:12:22,020 ERROR [STDERR] org.modeshape.graph.property.InvalidPathException: The path {}aaaa is not an absolute path
17:12:22,022 ERROR [STDERR]     at org.modeshape.graph.property.basic.AbstractPath.relativeTo(AbstractPath.java:480)
17:12:22,022 ERROR [STDERR]     at org.modeshape.graph.session.GraphSession.findNodeWith(GraphSession.java:398)
17:12:22,022 ERROR [STDERR]     at org.modeshape.graph.session.GraphSession.findNodeWith(GraphSession.java:381)
17:12:22,022 ERROR [STDERR]     at org.modeshape.jcr.SessionCache.findNode(SessionCache.java:532)
17:12:22,022 ERROR [STDERR]     at org.modeshape.jcr.SessionCache.findJcrNode(SessionCache.java:643)
17:12:22,022 ERROR [STDERR]     at org.modeshape.jcr.JcrSession.getNode(JcrSession.java:838)
17:12:22,022 ERROR [STDERR]     at org.modeshape.jcr.JcrSession.getNodeByIdentifier(JcrSession.java:872)
17:12:22,022 ERROR [STDERR]     at org.modeshape.jcr.JcrSession.getNodeByIdentifier(JcrSession.java:96)
{code}

This exception should be wrapped in a RepositoryException.",,,
2540,MODE-1309,"1) Create a 2-level hierarchy of nodes with 2 int properties - foo & bar.
The following query should work:
{code}
""SELECT a.foo AS aVal, b.bar AS bVal 
FROM [nt:unstructured] AS a INNER JOIN [nt:unstructured] AS b ON a.foo = b.bar 
WHERE a.foo = "" + fooValue;
{code}
but results in the following error: 
{code}
javax.jcr.RepositoryException: Column 'foo' does not exist on the table '__ALLNODES__'
{code}

2) Create a 3-level hierarchy of nodes with 3 int properties - foo , bar & baz
The following query should work:
{code}
""SELECT a.foo AS aVal, b.bar AS bVal, c.baz AS cVal 
FROM [nt:unstructured] AS a INNER JOIN [nt:unstructured] AS b 
  ON a.foo = b.bar INNER JOIN [nt:unstructured] AS c ON b.bar = c.baz 
WHERE a.foo = "" + randFooValue;
{code}
but results in the following error:
{code}
javax.jcr.RepositoryException: Column 'foo' does not exist on the table '__ALLNODES__'
{code}",,,
2548,MODE-1306,"If one grabs current modeshape 2.7 from trunk and does: mvn clean install -s settings.xml -DskipTests 
then jetty is startet in many moduls even no tests are run and after saying ""test skipped"" again shut down - increases time required for build process (it took 3:34 mins on my machine)",,,
2553,MODE-1302,"Following code fragment will produce javax.jcr.PathNotFoundException: Unable to find ""{}outerFolder[2]/{}innerFolder/{}testFile.dat""; lowest existing path is ""/"". 
Occurs for inmemory and jpa repositories.

{code}
Repository repository = RepositoryReferenceFactory.getRepository(""test-inmemory"");
Session session = repository.login();
VersionManager vm = session.getWorkspace().getVersionManager();
		
Node outer = session.getRootNode().addNode(""outerFolder"");
Node inner = outer.addNode(""innerFolder"");
Node file  = inner.addNode(""testFile.dat"");
file.setProperty(""jcr:mimeType"", ""text/plain"");
file.setProperty(""jcr:data"", ""Original content"");
session.save();
		
isVersionable(vm, file);
file.addMixin(""mix:versionable"");
session.refresh(true);
isVersionable(vm, file);
{code}

{code}
boolean isVersionable(VersionManager vm, Node node) throws RepositoryException {
    try {
        vm.getVersionHistory(node.getPath());
        return true;
    } catch (UnsupportedRepositoryOperationException e) {
        return false;
    }
}
{code}",,,
2557,MODE-1298,"Suddenly today this error gets up everytime repo is started, nothing bad else so far. Repo is in usage for over 2 weeks now, in dev' and regularly started/ shut down, never saw this before. No clue what it does and where its traced to:

{code}
....
[#|2011-11-08T12:12:10.697+0100|INFO|glassfish3.1.1|org.hibernate.validator.engine.resolver.DefaultTraversableResolver|_ThreadID=18;_ThreadName=Thread-6;|Instantiated an instance of org.hibernate.validator.engine.resolver.JPATraversableResolver.|#]
[#|2011-11-08T12:12:10.747+0100|INFO|glassfish3.1.1|javax.enterprise.system.std.com.sun.enterprise.server.logging|_ThreadID=18;_ThreadName=Thread-6;|INFO  - Version                    - Seam Solder 3.0.0.Final (build id: 3.0.0.Final)|#]
[#|2011-11-08T12:12:10.798+0100|INFO|glassfish3.1.1|javax.enterprise.system.std.com.sun.enterprise.server.logging|_ThreadID=18;_ThreadName=Thread-6;|INFO  - CoreExtension              - Preventing class org.jboss.seam.solder.resourceLoader.ResourceProvider from being installed as bean due to @Veto annotation|#]
[#|2011-11-08T12:12:10.805+0100|INFO|glassfish3.1.1|javax.enterprise.system.std.com.sun.enterprise.server.logging|_ThreadID=18;_ThreadName=Thread-6;|INFO  - CoreExtension              - Preventing class org.jboss.seam.solder.core.VersionLoggerUtil from being installed as bean due to @Veto annotation|#]
[#|2011-11-08T12:12:11.996+0100|INFO|glassfish3.1.1|javax.enterprise.system.std.com.sun.enterprise.server.logging|_ThreadID=18;_ThreadName=Thread-6;|JRebel-GlassFish: Watching 'org.jboss.seam.solder.resourceLoader.servlet.ResourceListener' for changes|#]
[#|2011-11-08T12:12:11.998+0100|INFO|glassfish3.1.1|javax.enterprise.system.std.com.sun.enterprise.server.logging|_ThreadID=18;_ThreadName=Thread-6;|JRebel-GlassFish: Watching 'org.jboss.weld.servlet.WeldListener' for changes|#]
[#|2011-11-08T12:12:11.999+0100|INFO|glassfish3.1.1|javax.enterprise.system.std.com.sun.enterprise.server.logging|_ThreadID=18;_ThreadName=Thread-6;|JRebel-GlassFish: Watching 'org.glassfish.weld.WeldContextListener' for changes|#]
[#|2011-11-08T12:12:12.711+0100|INFO|glassfish3.1.1|javax.enterprise.system.std.com.sun.enterprise.server.logging|_ThreadID=18;_ThreadName=Thread-6;|JRebel-GlassFish: Watching 'org.apache.wicket.protocol.http.WicketFilter' for changes|#]
[#|2011-11-08T12:12:13.025+0100|INFO|glassfish3.1.1|javax.enterprise.system.std.com.sun.enterprise.server.logging|_ThreadID=18;_ThreadName=Thread-6;|INFO  - AbstractWicketApplication  - Creating JCR Repository |#]
[#|2011-11-08T12:12:13.026+0100|INFO|glassfish3.1.1|javax.enterprise.system.std.com.sun.enterprise.server.logging|_ThreadID=18;_ThreadName=Thread-6;|INFO  - JcrService                 - JCR...|#]
[#|2011-11-08T12:12:14.756+0100|INFO|glassfish3.1.1|javax.enterprise.system.std.com.sun.enterprise.server.logging|_ThreadID=19;_ThreadName=Thread-6;|INFO  - RepositoryQueryManager     - Started rebuilding indexes for repository 'wwRepo'|#]

ERROR - FileSystemBinary           - The ""SHA-1"" message digest algorithm could not be foundjava.io.FileNotFoundException: /z-modeshape/app-shop/jcr/largeValues/LngcdK4ZJBscYnKeQKRezG1cX7Y=.dat (No such file or directory)
	at java.io.FileInputStream.open(Native Method)
	at java.io.FileInputStream.<init>(FileInputStream.java:120)
	at org.modeshape.common.util.SecureHash.getHash(SecureHash.java:164)
	at org.modeshape.common.util.SecureHash.getHash(SecureHash.java:116)
	at org.modeshape.graph.property.basic.AbstractBinary.computeHash(AbstractBinary.java:73)
	at org.modeshape.graph.property.basic.FileSystemBinary.getHash(FileSystemBinary.java:90)
	at org.modeshape.connector.disk.DiskNode.calculateLargeValueKeys(DiskNode.java:126)
	at org.modeshape.connector.disk.DiskNode.<init>(DiskNode.java:64)
	at org.modeshape.connector.disk.DiskWorkspace.nodeFor(DiskWorkspace.java:245)
	at org.modeshape.connector.disk.DiskWorkspace.getNode(DiskWorkspace.java:177)
	at org.modeshape.connector.disk.DiskWorkspace.getNode(DiskWorkspace.java:63)
	at org.modeshape.graph.connector.base.MapTransaction.getNode(MapTransaction.java:136)
	at org.modeshape.graph.connector.base.MapTransaction.findNode(MapTransaction.java:243)
	at org.modeshape.graph.connector.base.MapTransaction.getChildrenLocations(MapTransaction.java:509)
	at org.modeshape.graph.connector.base.MapTransaction.getChildrenLocations(MapTransaction.java:66)
	at org.modeshape.graph.connector.base.Processor.process(Processor.java:117)
	at org.modeshape.graph.request.processor.RequestProcessor.process(RequestProcessor.java:668)
	at org.modeshape.graph.request.processor.RequestProcessor.process(RequestProcessor.java:291)
	at org.modeshape.graph.request.processor.RequestProcessor.process(RequestProcessor.java:363)
	at org.modeshape.graph.request.processor.RequestProcessor.process(RequestProcessor.java:235)
	at org.modeshape.graph.connector.base.Connection.execute(Connection.java:115)
	at org.modeshape.graph.connector.RepositoryConnectionPool$ConnectionWrapper.execute(RepositoryConnectionPool.java:1129)
	at org.modeshape.graph.request.CompositeRequestChannel$2.call(CompositeRequestChannel.java:193)
	at org.modeshape.graph.request.CompositeRequestChannel$2.call(CompositeRequestChannel.java:183)
	at java.util.concurrent.FutureTask$Sync.innerRun(FutureTask.java:303)
	at java.util.concurrent.FutureTask.run(FutureTask.java:138)
	at java.util.concurrent.ThreadPoolExecutor$Worker.runTask(ThreadPoolExecutor.java:886)
	at java.util.concurrent.ThreadPoolExecutor$Worker.run(ThreadPoolExecutor.java:908)
	at java.lang.Thread.run(Thread.java:680)
{code}

",,,
2558,MODE-1296,"Using the PartsVirtual.xmi model that used in the unit test for the teiid sequencer.

1)  attached is the test.log that prints when ModelSequencerTest.shouldSequencePartsSupplierVirtualRelationalModel test is run.   It shows the transformation thats defined for SupplierInfo

2)  published the model to a SOA server, used the jdbc.war, using jndi name java:ModeShapeDS, issue query: select * from [transform:withSql]         and it returned zero rows.

3)  used the FireFox json plugin to view Supplier info:  http://localhost:8080/modeshape-rest/eds/default/items/sequenced/teiid/models/teiid/PartsVirtual/SupplierInfo
(see attachment)  and its there:

{code}
""transform:selectSql"": ""SELECT PartSupplier_Oracle.SUPPLIER_PARTS.SUPPLIER_ID, PartSupplier_Oracle.SUPPLIER_PARTS.PART_ID, PartSupplier_Oracle.SUPPLIER_PARTS.QUANTITY, PartSupplier_Oracle.SUPPLIER_PARTS.SHIPPER_ID, PartsSupplier_SQLServer.SUPPLIER.SUPPLIER_NAME, PartsSupplier_SQLServer.SUPPLIER.SUPPLIER_STATUS, PartsSupplier_SQLServer.SUPPLIER.SUPPLIER_CITY, PartsSupplier_SQLServer.SUPPLIER.SUPPLIER_STATE FROM PartSupplier_Oracle.SUPPLIER_PARTS, PartsSupplier_SQLServer.SUPPLIER WHERE PartSupplier_Oracle.SUPPLIER_PARTS.SUPPLIER_ID = PartsSupplier_SQLServer.SUPPLIER.SUPPLIER_ID"",
{code}

Not sure why its not coming thru the jdbc interface. ",,,
2559,MODE-1282,"Infinispan connector produce NullPointerException when CacheManager is loaded from JNDI.

NPE occurs in line 193 of InfinispanSource:
object = super.getContext().lookup(jndiName);
super.getContext() returns null
also setContext() method is never called.",,,
2560,MODE-1281,"When 
{code}
versionManager.checkin(contentNode.getPath());
{code}
{noformat}
org.modeshape.graph.property.ValueFormatException: Error converting String to a Name: jcr:predecessorsjcr:lastModified
        at org.modeshape.graph.property.basic.NameValueFactory.create(NameValueFactory.java:135)                                                             
        at org.modeshape.graph.property.basic.NameValueFactory.create(NameValueFactory.java:83)                                                              
        at org.modeshape.graph.property.basic.NameValueFactory.create(NameValueFactory.java:55)                                                              
        at org.modeshape.connector.filesystem.StoreProperties.parse(StoreProperties.java:374)                                                                
        at org.modeshape.connector.filesystem.StoreProperties.load(StoreProperties.java:258)                                                                 
        at org.modeshape.connector.filesystem.StoreProperties.getResourceProperties(StoreProperties.java:192)                                                
        at org.modeshape.connector.filesystem.FileSystemWorkspace.getNode(FileSystemWorkspace.java:464)                                                      
        at org.modeshape.connector.filesystem.FileSystemWorkspace.putNode(FileSystemWorkspace.java:385)                                                      
        at org.modeshape.graph.connector.base.PathWorkspace$PutCommand.apply(PathWorkspace.java:292)                                                         
        at org.modeshape.graph.connector.base.PathWorkspace.commit(PathWorkspace.java:225)                                                                   
        at org.modeshape.graph.connector.base.PathTransaction$WorkspaceChanges.commit(PathTransaction.java:926)                                              
        at org.modeshape.graph.connector.base.PathTransaction.commit(PathTransaction.java:817)                                                               
        at org.modeshape.graph.connector.base.Connection.execute(Connection.java:130)                                                                        
        at org.modeshape.graph.connector.RepositoryConnectionPool$ConnectionWrapper.execute(RepositoryConnectionPool.java:1129)                              
        at org.modeshape.graph.request.CompositeRequestChannel$2.call(CompositeRequestChannel.java:193)                                                      
        at org.modeshape.graph.request.CompositeRequestChannel$2.call(CompositeRequestChannel.java:183)                                                      
        at java.util.concurrent.FutureTask$Sync.innerRun(FutureTask.java:303)                                                                                
        at java.util.concurrent.FutureTask.run(FutureTask.java:138)                                                                                          
        at java.util.concurrent.ThreadPoolExecutor$Worker.runTask(ThreadPoolExecutor.java:886)                                                               
        at java.util.concurrent.ThreadPoolExecutor$Worker.run(ThreadPoolExecutor.java:908)                                                                   
        at java.lang.Thread.run(Thread.java:662)         
{noformat}

When debugging, I found that it happens when storing a property 
 {http://www.jcp.org/jcr/1.0}predecessors = null  

it is the only property with null value


{code:title=Bar.java|borderStyle=solid}
session = JCRFactoryUtil.createSession();

Workspace workspace = session.getWorkspace();

VersionManager versionManager = workspace.getVersionManager();

Node rootNode = getRootNode(session, companyId);

Node repositoryNode = getFolderNode(rootNode, repositoryId);

if (repositoryNode.hasNode(fileName)) {
	throw new DuplicateFileException(fileName);
}
else {
	Node fileNode = repositoryNode.addNode(
		fileName, JCRConstants.NT_FILE);

	Node contentNode = fileNode.addNode(
		JCRConstants.JCR_CONTENT, JCRConstants.NT_RESOURCE);

	contentNode.addMixin(JCRConstants.MIX_VERSIONABLE);
	contentNode.setProperty(
		JCRConstants.JCR_MIME_TYPE, ""text/plain"");

	ValueFactory valueFactory = session.getValueFactory();

	Binary binary = valueFactory.createBinary(is);

	contentNode.setProperty(JCRConstants.JCR_DATA, binary);

	contentNode.setProperty(
		JCRConstants.JCR_LAST_MODIFIED, Calendar.getInstance());

	session.save();

	Version version = versionManager.checkin(contentNode.getPath());

	VersionHistory versionHistory =
		versionManager.getVersionHistory(contentNode.getPath());

	versionHistory.addVersionLabel(
		version.getName(), VERSION_DEFAULT, false);
{code}

{code}
<configuration xmlns:mode=""http://www.modeshape.org/1.0""
	xmlns:jcr=""http://www.jcp.org/jcr/1.0"">

	<mode:sources jcr:primaryType=""nt:unstructured"">
		<mode:source jcr:name=""fileSystemSource""
			mode:classname=""org.modeshape.connector.filesystem.FileSystemSource""
			mode:workspaceRootPath=""/opt/liferay/bundles/data/modeshape/home""
			mode:creatingWorkspacesAllowed=""true"" mode:updatesAllowed=""true""
			mode:extraPropertiesBehavior=""store"">
			<defaultWorkspaceName>liferay</defaultWorkspaceName>
			<predefinedWorkspaceNames>system</predefinedWorkspaceNames>
			<predefinedWorkspaceNames>liferay</predefinedWorkspaceNames>
		</mode:source>
	</mode:sources>

	<!-- Define the JCR repositories -->
	<mode:repositories>
		<mode:repository jcr:name=""fileSystemRepo"">
			<mode:source>fileSystemSource</mode:source>
			<!-- Define any custom node types. Importing CND files via JcrConfiguration 
				is equivalent to specifying here. -->
			<mode:option jcr:name=""systemSourceName"" mode:value=""system@fileSystemSource"" />
		</mode:repository>
	</mode:repositories>
</configuration>
{code}
",,,
2563,MODE-1279,"I am running a simple test that does fulltext search in the default EDS repository.

The code is executed inside the container. For the first time the test passes without any issues. If test is executed for the second time then it blocks indefinitely when in tries to access repository.

There is no such issue with other searches supported with ModeShape.

The log file contains
First run
11:53:27,940 INFO  [STDOUT] [TestNG] Running:
  InContainer
11:53:27,954 INFO  [STDOUT] Retrieving server repository: eds
11:53:28,363 INFO  [STDOUT] Retrieving server repository: eds
11:53:28,469 INFO  [STDOUT] /queryNode {query_property=testvalue, jcr:primaryType=nt:unstructured, }
11:53:28,480 INFO  [STDOUT]
===============================================
InContainer
Total tests run: 1, Failures: 0, Skips: 0
===============================================

Second run
11:53:35,802 INFO  [STDOUT] [TestNG] Running:
  InContainer
11:53:35,802 INFO  [STDOUT] Retrieving server repository: eds



The code is attached, configuration file is pristine SOA-P.",,,
2577,MODE-1277,"I'm trying to do is to query some properties of parent and child node together, below is the JCR_SQL2:

{code:sql}
SELECT parent.title, child.age 
FROM [nt:unstructured] as parent
FULL OUTER JOIN [nt:unstructured] as child ON ISCHILDNODE(child, parent)
WHERE child.age =10
{code}
 
the QueryResult.getColumnName() returns [""title"", ""age""], but I got the follow exception while I try to call Row.getValue(""title"") method

{code}
java.lang.ArrayIndexOutOfBoundsException: 14
          at org.modeshape.jcr.query.JcrQueryResult$MultiSelectorQueryResultRow.getValue(JcrQueryResult.java:651)
          at javax.jcr.query.Row$getValue.call(Unknown Source)
{code}
",,,
2581,MODE-1270,"When using JAAS authentication and not supplying credentials, ModeShape's Repository.login(...) methods result in a session that does not contain the proper user ID. This is because ModeShape uses the following call to obtain the Subject:

{code:java}
Subject subject = Subject.getSubject(AccessController.getContext());
{code}

However, when running within a J2EE container, the resulting 'subject' is null! 

The fact that the standard Java API to access the Subject from the JAAS LoginContext does *not* work within J2EE and the app server is very troubling, but apparently this is a problem that is well-known in J2EE circles (of which I am clearly not a member).

According to Kurt, the Guvnor code obtains the Subject from the Seam context. If this is true (and acceptable), perhaps the easiest way to fix this is to enhance ModeShape to define an additional JCR Credentials class that allows this Subject to be passed into ModeShape. This new Credentials class should then be used in J2EE applications that use ModeShape with JAAS security.

I still have not heard back from Anil or Shane as to the ""proper"" way to grab the Subject. If there's no other way than the Seam context, we may have to add the new Credentials implementation.",,,
2587,MODE-1269,"The [JcrSession.reindex(...)|https://github.com/ModeShape/modeshape/blob/master/modeshape-jcr/src/main/java/org/modeshape/jcr/JcrSession.java#L1312] methods are public, but the JcrSession class is package protected, which means the methods are not visible or usable by callers.  These need to be made public by adding them to the ModeShape JCR API interfaces.

I also wonder if these methods should be moved to JcrWorkspace instead. Plus, we probably need forms that are asynchronous.",,,
2594,MODE-1267,"I published CND file into default repository. Publishing went fine, but when try to look at file's content (jcr:content node) I received NPE.

I queried file content through REST interface (using curl utility), I issued this command: 

{code}
curl -u admin:admin -X GET http://127.0.0.1:8080/modeshape-rest/eds/default/items/test.cnd/jcr:content
{code}
and I got this exception:

{code}
16:34:14,500 ERROR [[Resteasy]] Servlet.service() for servlet Resteasy threw exception
org.jboss.resteasy.spi.UnhandledException: java.lang.NullPointerException
	at org.jboss.resteasy.core.SynchronousDispatcher.handleApplicationException(SynchronousDispatcher.java:263)
	at org.jboss.resteasy.core.SynchronousDispatcher.handleException(SynchronousDispatcher.java:169)
	at org.jboss.resteasy.core.SynchronousDispatcher.handleInvokerException(SynchronousDispatcher.java:146)
	at org.jboss.resteasy.core.SynchronousDispatcher.getResponse(SynchronousDispatcher.java:456)
	at org.jboss.resteasy.core.SynchronousDispatcher.invoke(SynchronousDispatcher.java:418)
	at org.jboss.resteasy.core.SynchronousDispatcher.invoke(SynchronousDispatcher.java:111)
	at org.jboss.resteasy.plugins.server.servlet.HttpServletDispatcher.service(HttpServletDispatcher.java:217)
	at org.jboss.resteasy.plugins.server.servlet.HttpServletDispatcher.service(HttpServletDispatcher.java:159)
	at javax.servlet.http.HttpServlet.service(HttpServlet.java:717)
	at org.apache.catalina.core.ApplicationFilterChain.internalDoFilter(ApplicationFilterChain.java:290)
	at org.apache.catalina.core.ApplicationFilterChain.doFilter(ApplicationFilterChain.java:206)
	at org.jboss.web.tomcat.filters.ReplyHeaderFilter.doFilter(ReplyHeaderFilter.java:96)
	at org.apache.catalina.core.ApplicationFilterChain.internalDoFilter(ApplicationFilterChain.java:235)
	at org.apache.catalina.core.ApplicationFilterChain.doFilter(ApplicationFilterChain.java:206)
	at org.apache.catalina.core.StandardWrapperValve.invoke(StandardWrapperValve.java:235)
	at org.apache.catalina.core.StandardContextValve.invoke(StandardContextValve.java:191)
	at org.jboss.web.tomcat.security.SecurityAssociationValve.invoke(SecurityAssociationValve.java:183)
	at org.apache.catalina.authenticator.AuthenticatorBase.invoke(AuthenticatorBase.java:525)
	at org.jboss.web.tomcat.security.JaccContextValve.invoke(JaccContextValve.java:95)
	at org.jboss.web.tomcat.security.SecurityContextEstablishmentValve.process(SecurityContextEstablishmentValve.java:126)
	at org.jboss.web.tomcat.security.SecurityContextEstablishmentValve.invoke(SecurityContextEstablishmentValve.java:70)
	at org.apache.catalina.core.StandardHostValve.invoke(StandardHostValve.java:127)
	at org.apache.catalina.valves.ErrorReportValve.invoke(ErrorReportValve.java:102)
	at org.jboss.web.tomcat.service.jca.CachedConnectionValve.invoke(CachedConnectionValve.java:158)
	at org.apache.catalina.core.StandardEngineValve.invoke(StandardEngineValve.java:109)
	at org.apache.catalina.connector.CoyoteAdapter.service(CoyoteAdapter.java:330)
	at org.apache.coyote.http11.Http11Processor.process(Http11Processor.java:829)
	at org.apache.coyote.http11.Http11Protocol$Http11ConnectionHandler.process(Http11Protocol.java:599)
	at org.apache.tomcat.util.net.JIoEndpoint$Worker.run(JIoEndpoint.java:451)
	at java.lang.Thread.run(Thread.java:662)
Caused by: java.lang.NullPointerException
	at org.modeshape.jcr.SelfClosingInputStream.<init>(SelfClosingInputStream.java:58)
	at org.modeshape.jcr.JcrBinary.getStream(JcrBinary.java:75)
	at org.modeshape.web.jcr.rest.AbstractHandler.jsonEncodedStringFor(AbstractHandler.java:75)
	at org.modeshape.web.jcr.rest.ItemHandler.jsonFor(ItemHandler.java:194)
	at org.modeshape.web.jcr.rest.ItemHandler.getItem(ItemHandler.java:97)
	at org.modeshape.web.jcr.rest.JcrResources.getItem(JcrResources.java:223)
	at sun.reflect.NativeMethodAccessorImpl.invoke0(Native Method)
	at sun.reflect.NativeMethodAccessorImpl.invoke(NativeMethodAccessorImpl.java:39)
	at sun.reflect.DelegatingMethodAccessorImpl.invoke(DelegatingMethodAccessorImpl.java:25)
	at java.lang.reflect.Method.invoke(Method.java:597)
	at org.jboss.resteasy.core.MethodInjectorImpl.invoke(MethodInjectorImpl.java:124)
	at org.jboss.resteasy.core.ResourceMethod.invokeOnTarget(ResourceMethod.java:247)
	at org.jboss.resteasy.core.ResourceMethod.invoke(ResourceMethod.java:212)
	at org.jboss.resteasy.core.ResourceMethod.invoke(ResourceMethod.java:202)
	at org.jboss.resteasy.core.SynchronousDispatcher.getResponse(SynchronousDispatcher.java:441)
	... 26 more
{code}

Steps to reproduce:

* unzip reproducer and invoke mvn package
* deploy webapp into server
* run http://localhost:8080/wsdl-reproducer/wsdl?repository=eds&workspace=default",,,
2601,MODE-1266,"When running http://www.webdav.org/neon/litmus/, I had 500 webdav server errors my first hunch was to look if there was a newer webdav-servlet, so I proposed an upgrade to 2.0.1

turned out it didn't solve my problem. even worse, is webdav-servlet not giving me any logs in jboss (i've tried setting to DEBUG, ... but webdav-servlet is silent, modeshape is also DEBUG but not giving enough clue)

i will try to fix the problem if when i revisit it it's still there (as I need the security). what I know is that on ModeShape 2.6.0.Beta2 if webdav-servlet is protected under jboss container security it pretty much 500 error on everything. without the security, i can upload files and list but not creating dirs/collections.",,,
2605,MODE-1263,"- The Query is not addressing those existing nodes inside the FileSystem Connector's repository before the Session start. So, the query will just return Root node even though the repository already have multiple folder or files. 
- The Query is only address those nodes created (save or not saved) after Session start. 
- This Query problem confirmed happen to FileSystem connector (as tested so far using Standalone or App Server), whereas for Disk,Database,InMemory connectors, the Query is working just fine. Not tested with other type of connector yet.
- Putting Thread.sleep(3000) before Query.execute won't help.
- Related unit @Test is at \modeshape-integration-tests\src\test\java\org\modeshape\test\integration\filesystem\FileSystemRepositoryIntegrationTest.java
 ",,,
2608,MODE-1262,"Seeing the following failures when the junit tests are run for modeshape-web-jcr-rest-client:

Failed tests: 
  shouldPublishDdlResource(org.modeshape.web.jcr.rest.client.json.JsonRestClientTest): 
  shouldPublishNonVersionableResourceMultipleTimes(org.modeshape.web.jcr.rest.client.json.JsonRestClientTest): 
  shouldPublishMVersionableResourceMultipleTimes(org.modeshape.web.jcr.rest.client.json.JsonRestClientTest): ",,,
2609,MODE-1261,"Following tests are failing on Solaris 9 machines:
 * org.modeshape.jcr.JackrabbitXmlNodeTypeRegistrationTest.shouldLoadOwfeNodeTypes
 * org.modeshape.jcr.JackrabbitXmlNodeTypeRegistrationTest.shouldLoadAllMagnoliaTypes

Error message:
{code:none} 
 Problems reading node types:org.modeshape.jcr.JackrabbitXmlNodeTypeReader@e45b5e
 ERROR: Error importing node types from ""/xmlNodeTypeRegistration/owfe_nodetypes.xml"": Content is not allowed in prolog. (threw Content is not allowed in prolog.)
{code}

There is a BOM (Byte Order Mark) at the start of owfe_nodetypes.xml file. This is why the tests are failing. However I am not sure why the tests are failing _only_ on Solaris 9.",,,
2610,MODE-1257,"When attempting to delete a property by setting it to null, Modeshape throws an exception when ModeShape is configured to use the federation connector:

{code}
Caused by: javax.jcr.RepositoryException: java.lang.ClassCastException: org.modeshape.graph.request.RemovePropertyRequest cannot be cast to org.modeshape.graph.request.SetPropertyRequest
    at org.modeshape.jcr.SessionCache.save(SessionCache.java:480)
    at org.modeshape.jcr.JcrSession.save(JcrSession.java:1309)
    at com.montanesolutions.mcr.component.NodeAction.deleteProperty(NodeAction.java:119)

Caused by: org.modeshape.graph.connector.RepositorySourceException: java.lang.ClassCastException: org.modeshape.graph.request.RemovePropertyRequest cannot be cast to org.modeshape.graph.request.SetPropertyRequest
    at org.modeshape.graph.session.GraphSession.save(GraphSession.java:1052)
    at org.modeshape.jcr.SessionCache.save(SessionCache.java:474)
    ... 88 more

Caused by: java.lang.ClassCastException: org.modeshape.graph.request.RemovePropertyRequest cannot be cast to org.modeshape.graph.request.SetPropertyRequest
    at org.modeshape.graph.connector.federation.JoinRequestProcessor.process(JoinRequestProcessor.java:924)
    at org.modeshape.graph.request.processor.RequestProcessor.process(RequestProcessor.java:303)
    at org.modeshape.graph.connector.federation.JoinRequestProcessor.process(JoinRequestProcessor.java:195)
    at org.modeshape.graph.connector.federation.JoinRequestProcessor.process(JoinRequestProcessor.java:145)
    at org.modeshape.graph.connector.federation.FederatedRepositoryConnection.execute(FederatedRepositoryConnection.java:225)
    at org.modeshape.graph.connector.RepositoryConnectionPool$ConnectionWrapper.execute(RepositoryConnectionPool.java:1129)
    at org.modeshape.graph.request.CompositeRequestChannel$2.call(CompositeRequestChannel.java:193)
    at org.modeshape.graph.request.CompositeRequestChannel$2.call(CompositeRequestChannel.java:183)
    at java.util.concurrent.FutureTask$Sync.innerRun(FutureTask.java:303)
    at java.util.concurrent.FutureTask.run(FutureTask.java:138)
    at java.util.concurrent.ThreadPoolExecutor$Worker.runTask(ThreadPoolExecutor.java:886)
    at java.util.concurrent.ThreadPoolExecutor$Worker.run(ThreadPoolExecutor.java:908)
    ... 1 more
{code}
",,,
2611,MODE-1256,"An exception is thrown in session.save() after a call to session.move(""/path/to/a"", ""/path/to/b"").

The exception: 
{code}
Caused by: javax.jcr.RepositoryException: java.lang.IllegalArgumentException: The actual location of </{}infinispan/{}node1 && [{http://www.modeshape.org/1.0}uuid = 535660a4-0f8b-49fc-ae5f-ea7ae61ce02e]> is not equal to the current location of </{}infinispan && [{http://www.modeshape.org/1.0}uuid = cafebabe-cafe-babe-cafe-babecafebabe]>
    at org.modeshape.jcr.SessionCache.save(SessionCache.java:480)
    at org.modeshape.jcr.JcrSession.save(JcrSession.java:1309)
    at com.montanesolutions.mcr.component.NodeAction.renameNode(NodeAction.java:126)
    ... more

Caused by: org.modeshape.graph.connector.RepositorySourceException: java.lang.IllegalArgumentException: The actual location of </{}infinispan/{}node1 && [{http://www.modeshape.org/1.0}uuid = 535660a4-0f8b-49fc-ae5f-ea7ae61ce02e]> is not equal to the current location of </{}infinispan && [{http://www.modeshape.org/1.0}uuid = cafebabe-cafe-babe-cafe-babecafebabe]>
    at org.modeshape.graph.session.GraphSession.save(GraphSession.java:1052)
    at org.modeshape.jcr.SessionCache.save(SessionCache.java:474)
    ... 86 more

Caused by: java.lang.IllegalArgumentException: The actual location of </{}infinispan/{}node1 && [{http://www.modeshape.org/1.0}uuid = 535660a4-0f8b-49fc-ae5f-ea7ae61ce02e]> is not equal to the current location of </{}infinispan && [{http://www.modeshape.org/1.0}uuid = cafebabe-cafe-babe-cafe-babecafebabe]>
    at org.modeshape.graph.request.MoveBranchRequest.setActualLocations(MoveBranchRequest.java:245)
    at org.modeshape.graph.connector.federation.JoinRequestProcessor.process(JoinRequestProcessor.java:1109)
    at org.modeshape.graph.request.processor.RequestProcessor.process(RequestProcessor.java:279)
    at org.modeshape.graph.connector.federation.JoinRequestProcessor.process(JoinRequestProcessor.java:195)
    at org.modeshape.graph.connector.federation.JoinRequestProcessor.process(JoinRequestProcessor.java:145)
    at org.modeshape.graph.connector.federation.FederatedRepositoryConnection.execute(FederatedRepositoryConnection.java:225)
    at org.modeshape.graph.connector.RepositoryConnectionPool$ConnectionWrapper.execute(RepositoryConnectionPool.java:1129)
    at org.modeshape.graph.request.CompositeRequestChannel$2.call(CompositeRequestChannel.java:193)
    at org.modeshape.graph.request.CompositeRequestChannel$2.call(CompositeRequestChannel.java:183)
    at java.util.concurrent.FutureTask$Sync.innerRun(FutureTask.java:303)
    at java.util.concurrent.FutureTask.run(FutureTask.java:138)
    at java.util.concurrent.ThreadPoolExecutor$Worker.runTask(ThreadPoolExecutor.java:886)
    at java.util.concurrent.ThreadPoolExecutor$Worker.run(ThreadPoolExecutor.java:908)
    ... 1 more
{code}

The modeshape configuration is:

{code:xml}
<?xml version=""2.0"" encoding=""UTF-8""?>
<configuration xmlns:mode=""http://www.modeshape.org/1.0"" xmlns:jcr=""http://www.jcp.org/jcr/1.0"">
    <mode:repositories>
        <mode:repository jcr:name=""repository"" >
            <mode:source>federated</mode:source>
            <mode:options jcr:primaryType=""options"">
                <mode:option jcr:name=""projectNodeTypes"" mode:value=""true""/>
                <mode:option jcr:name=""jaasLoginConfigName"" mode:value=""modeshape""/>
                <mode:option jcr:name=""queryIndexDirectory"" mode:value=""${jboss.server.data.dir}/modeshape/repositories/store/indexes""/>
                <mode:option jcr:name=""queryIndexesUpdatedSynchronously"" mode:value=""true""/>
                <mode:option jcr:name=""queryIndexesRebuiltSynchronously"" mode:value=""true""/>
                <mode:option jcr:name=""rebuildQueryIndexOnStartup"" mode:value=""always""/>
            </mode:options>
        </mode:repository>
    </mode:repositories>

    <mode:sources jcr:primaryType=""nt:unstructured"">
        <mode:source jcr:name=""infinispan"" 
            mode:classname=""org.modeshape.connector.infinispan.RemoteInfinispanSource"" 
            mode:defaultWorkspaceName=""default"">
       </mode:source>
        <mode:source jcr:name=""filesystem"" 
            mode:classname=""org.modeshape.connector.filesystem.FileSystemSource""
            mode:description=""File System Source""
            mode:workspaceRootPath=""/home/mcr/content""
            mode:defaultWorkspaceName=""default""
            mode:creatingWorkspacesAllowed=""false""
            mode:rootNodeUuid=""a9bb5d79-f6c7-4bbc-a016-9453035b1b87""
            mode:updatesAllowed=""true"" 
            mode:exclusionPattern=""^.*\.modeshape$""
            mode:extraPropertiesBehavior=""store""/>
        <mode:source jcr:name=""federated"">
            <mode:classname>org.modeshape.graph.connector.federation.FederatedRepositorySource</mode:classname>
            <mode:workspaces>
                <mode:workspace jcr:name=""default"">
                    <mode:projections>
                    <mode:projection jcr:name=""infinispan projection"" mode:source=""infinispan"" mode:workspaceName=""default"">
                        <mode:projectionRules>/infinispan => /</mode:projectionRules>
                    </mode:projection>
                    <mode:projection jcr:name=""filesystem projection"" mode:source=""filesystem"" mode:workspaceName=""default"">
                        <mode:projectionRules>/filesystem => /</mode:projectionRules>
                    </mode:projection>
                    </mode:projections>
                </mode:workspace>
            </mode:workspaces>
        </mode:source>
    </mode:sources>
</configuration>
{code}",,,
2614,MODE-1255,"After checking in a subgraph (resulting in a new version in the history) where the OPV of a node in the subgraph used COPY, removing a 'mix:referenceable' node that is a child of a node that was COPIED into the version history, and then restoring the version noted, an exception occurs during the restore.

{code}
17:22:41,478 ERROR [STDERR] Caused by: javax.jcr.nodetype.ConstraintViolationException: Unable to determine a valid node definition for the node ""/{}VersionStorage/{}VersionedDocumentSections/{}DocumentSection[16]/{}Field"" in workspace ""workspace"" of ""JCR Portal""
17:22:41,479 ERROR [STDERR]     at org.modeshape.jcr.SessionCache$NodeEditor.createChild(SessionCache.java:1738)
17:22:41,479 ERROR [STDERR]     at org.modeshape.jcr.JcrVersionManager$RestoreCommand.restoreNode(JcrVersionManager.java:1116)
17:22:41,479 ERROR [STDERR]     at org.modeshape.jcr.JcrVersionManager$RestoreCommand.execute(JcrVersionManager.java:969)
17:22:41,479 ERROR [STDERR]     at org.modeshape.jcr.JcrVersionManager.restore(JcrVersionManager.java:698)
17:22:41,481 ERROR [STDERR]     at org.modeshape.jcr.JcrVersionManager.restore(JcrVersionManager.java:1826)
17:22:41,481 ERROR [STDERR]     at org.oea.jcr.management.impl.JCRManagerImpl.restoreNodeVersion(JCRManagerImpl.java:578)
{code}

where the primary types of the nodes are:

{code}
/oea:ignoreUnstructured/oea:ignoreUnstructured/oea:ignoreUnstructured/oea:copyUnstructured
{code}

and the node types are defined as:

{code}

<oea=""http://www.oea.org/ns/oea/1.0"">
[oea:unstructured]
orderable
- * (UNDEFINED) multiple
- * (UNDEFINED)
+ * (oea:ignoreUnstructured) = oea:ignoreUnstructured sns IGNORE
+ * (oea:versionUnstructured) = oea:versionUnstructured sns VERSION
+ * (oea:copyUnstructured) = oea:copyUnstructured sns COPY
+ * (oea:unstructured) = oea:unstructured sns
+ * (nt:file) = nt:file sns IGNORE
 
[oea:versionUnstructured]
orderable
- * (UNDEFINED) multiple
- * (UNDEFINED)
+ * (oea:ignoreUnstructured) = oea:ignoreUnstructured sns IGNORE
+ * (oea:versionUnstructured) = oea:versionUnstructured sns VERSION
+ * (nt:file) = nt:file sns
 
[oea:ignoreUnstructured]
orderable
- * (UNDEFINED) multiple
- * (UNDEFINED)
+ * (oea:ignoreUnstructured) = oea:ignoreUnstructured sns IGNORE
+ * (oea:versionUnstructured) = oea:versionUnstructured sns VERSION
+ * (oea:copyUnstructured) = oea:copyUnstructured sns COPY
+ * (nt:file) = nt:file sns IGNORE
 
[oea:copyUnstructured]
orderable
- * (UNDEFINED) multiple
- * (UNDEFINED)
+ * (oea:copyUnstructured) = oea:copyUnstructured sns COPY
+ * (oea:ignoreUnstructured) = oea:ignoreUnstructured sns IGNORE
+ * (nt:file) = nt:file sns IGNORE
{code}",,,
2615,MODE-1254,"org.modeshape.jcr.AbstractJcrNode.toString() causes out of memory if node contains large binary property, because it is trying to include the value of the property in the string representation.

Here is the partial stack trace:

{code}
Caused by: java.lang.OutOfMemoryError: Java heap space
	at java.util.Arrays.copyOf(Arrays.java:2786)
	at java.io.ByteArrayOutputStream.write(ByteArrayOutputStream.java:94)
	at org.modeshape.common.util.IoUtil.readBytes(IoUtil.java:66)
	at org.modeshape.graph.property.basic.StringValueFactory.create(StringValueFactory.java:287)
	at org.modeshape.graph.property.basic.StringValueFactory.create(StringValueFactory.java:266)
	at org.modeshape.graph.property.basic.StringValueFactory.create(StringValueFactory.java:56)
	at org.modeshape.graph.property.basic.AbstractValueFactory.create(AbstractValueFactory.java:121)
	at org.modeshape.jcr.AbstractJcrProperty.toString(AbstractJcrProperty.java:322)
	at java.lang.String.valueOf(String.java:2826)
	at java.lang.StringBuffer.append(StringBuffer.java:219)
	at org.modeshape.jcr.AbstractJcrNode.toString(AbstractJcrNode.java:2235)
{code}

This node has a large Binary property. ",,,
2618,MODE-1249,"the maxPathLength is not being picked up because DEFAULT_MAX_PATH_LENGTH, instead of MAX_PATH_LENGTH, is being used in the values.get(..) method.

{code}
String maxPathLength = (String)values.get(DEFAULT_MAX_PATH_LENGTH);
{code}",,,
2674,MODE-1248,"JcrEngine passes incorrect property values to custom AuthenticationProviders,
given the following configuration in configRepository.xml:

{code:xml}
<mode:authenticationProvider jcr:name=""CustomProviderA"" 
                 mode:classname=""org.example.MyAppAuthorizationProvider"">
  <mode:appName>MyAppName</mode:appName>
</mode:authenticationProvider>
{code}

instead of ""MyAppName"" MyAppAuthorizationProvider.setAppName( ) is passed the name of the repository source.",,,
2675,MODE-1247,"This code works fine (note that ""in"" is a FileInputStream):
{code}
   Node file = root.addNode(filename, ""nt:file"");
   Node content = file.addNode(""jcr:content"", ""nt:resource"");
   content.setProperty(""jcr:data"", in);
{code}
 
But this code does not:
{code}
   Node file = root.addNode(filename, ""nt:file"");
   Node content = file.addNode(""jcr:content"", ""nt:resource"");
   Binary binary = session.getValueFactory().createBinary(in);
   content.setProperty(""jcr:data"", binary);
{code}
 
Reading the source code  it seems that the problem is in AbstractJcrNode.java:
{code}
    final JcrValue valueFrom( Binary value ) {
       ValueFactories factories = cache.factories();
        org.modeshape.graph.property.Binary binary = ((JcrBinary)value).binary();
        return new JcrValue(factories, cache, PropertyType.DATE, binary);
    }
{code}
DATE is wrong. No ?

Here's a link to the offending line: https://github.com/ModeShape/modeshape/blob/617b3ed4b24b55f97df8/modeshape-jcr/src/main/java/org/modeshape/jcr/AbstractJcrNode.java#L228",,,
2676,MODE-1246,"FileSystemConnectorCreateWorkspacesTest.shouldBeAbleToCreateThenDestroyThenRecreateWorkspace
is failing on Windows machines with following exception:

{code:java}

org.modeshape.graph.request.InvalidWorkspaceException: Could not create the
directory
""w:\workspace\brms-modeshape-single\modeshape\extensions\modeshape-connector-filesystem\something
bogus2011-08-23T09:29:12.920-04:00"" for the file system source ""Test
Repository""
 at
org.modeshape.connector.filesystem.FileSystemRepository.createDirectory(FileSystemRepository.java:112)
 at
org.modeshape.connector.filesystem.FileSystemRepository.getWorkspaceDirectory(FileSystemRepository.java:126)
 at
org.modeshape.connector.filesystem.FileSystemWorkspace.<init>(FileSystemWorkspace.java:100)
 at
org.modeshape.connector.filesystem.FileSystemRepository$FileSystemTransaction.getWorkspace(FileSystemRepository.java:192)
 at
org.modeshape.connector.filesystem.FileSystemRepository$FileSystemTransaction.getWorkspace(FileSystemRepository.java:165)
 at
org.modeshape.graph.connector.base.Repository.createWorkspace(Repository.java:236)
 at org.modeshape.graph.connector.base.Processor.process(Processor.java:452)
 at
org.modeshape.graph.request.processor.RequestProcessor.process(RequestProcessor.java:253)
 at org.modeshape.graph.connector.base.Connection.execute(Connection.java:115)
 at org.modeshape.graph.Graph.execute(Graph.java:288)
 at org.modeshape.graph.Graph$5.process(Graph.java:231)
 at
org.modeshape.graph.request.RequestBuilder.createWorkspace(RequestBuilder.java:89)
 at org.modeshape.graph.Graph$6.named(Graph.java:401)
 at
org.modeshape.graph.connector.test.WorkspaceConnectorTest.shouldBeAbleToCreateThenDestroyThenRecreateWorkspace(WorkspaceConnectorTest.java:300)

{code} 

I think that the problem is caused by directory name, because colons are not
allowed in directory name on Windows.",,,
2678,MODE-1245,"When using BRMS, ModeShape and a MySQL database, the server doesn't start, with the following exception appearing in the server log:


Caused by: org.drools.repository.RulesRepositoryException: Unable to checkin.
	at org.drools.repository.VersionableItem.checkin(VersionableItem.java:591)
	at org.drools.repository.RulesRepository.createPackage(RulesRepository.java:860)
	at org.drools.repository.RulesRepository.createPackage(RulesRepository.java:813)
	at org.drools.repository.RulesRepository.listPackages(RulesRepository.java:1379)
	at org.drools.repository.migration.MigrateDroolsPackage.migrate(MigrateDroolsPackage.java:43)
	at org.drools.repository.RulesRepository.checkForDataMigration(RulesRepository.java:148)
	at org.drools.repository.RulesRepository.<init>(RulesRepository.java:139)
	at org.drools.guvnor.server.repository.RepositoryStartupService.create(RepositoryStartupService.java:155)
	at org.drools.guvnor.server.repository.RepositoryStartupService.create(RepositoryStartupService.java:94)
	at sun.reflect.NativeMethodAccessorImpl.invoke0(Native Method)
	at sun.reflect.NativeMethodAccessorImpl.invoke(NativeMethodAccessorImpl.java:39)
	at sun.reflect.DelegatingMethodAccessorImpl.invoke(DelegatingMethodAccessorImpl.java:25)
	at java.lang.reflect.Method.invoke(Method.java:597)
	at org.jboss.seam.util.Reflections.invoke(Reflections.java:22)
	at org.jboss.seam.intercept.RootInvocationContext.proceed(RootInvocationContext.java:31)
	at org.jboss.seam.intercept.SeamInvocationContext.proceed(SeamInvocationContext.java:56)
	at org.jboss.seam.transaction.RollbackInterceptor.aroundInvoke(RollbackInterceptor.java:28)
	at org.jboss.seam.intercept.SeamInvocationContext.proceed(SeamInvocationContext.java:68)
	at org.jboss.seam.core.MethodContextInterceptor.aroundInvoke(MethodContextInterceptor.java:44)
	at org.jboss.seam.intercept.SeamInvocationContext.proceed(SeamInvocationContext.java:68)
	at org.jboss.seam.intercept.RootInterceptor.invoke(RootInterceptor.java:107)
	at org.jboss.seam.intercept.JavaBeanInterceptor.interceptInvocation(JavaBeanInterceptor.java:166)
	at org.jboss.seam.intercept.JavaBeanInterceptor.invoke(JavaBeanInterceptor.java:102)
	at org.drools.guvnor.server.repository.RepositoryStartupService_$$_javassist_1.create(RepositoryStartupService_$$_javassist_1.java)
	at sun.reflect.NativeMethodAccessorImpl.invoke0(Native Method)
	at sun.reflect.NativeMethodAccessorImpl.invoke(NativeMethodAccessorImpl.java:39)
	at sun.reflect.DelegatingMethodAccessorImpl.invoke(DelegatingMethodAccessorImpl.java:25)
	at java.lang.reflect.Method.invoke(Method.java:597)
	at org.jboss.seam.util.Reflections.invoke(Reflections.java:22)
	at org.jboss.seam.util.Reflections.invokeAndWrap(Reflections.java:138)
	at org.jboss.seam.Component.callComponentMethod(Component.java:2171)
	at org.jboss.seam.Component.callCreateMethod(Component.java:2094)
	at org.jboss.seam.Component.newInstance(Component.java:2054)
	... 74 more
Caused by: javax.jcr.ItemNotFoundException: Unable to find ""/{http://www.jcp.org/jcr/1.0}system/{http://www.jcp.org/jcr/1.0}versionStorage/{}49/{}c9/{}09/{}6f/{}02dc-4c69-ba72-41459f67293c/{}2011-08-23T23?03?07.194-05?00""; lowest existing path is ""/{http://www.jcp.org/jcr/1.0}system/{http://www.jcp.org/jcr/1.0}versionStorage/{}49/{}c9/{}09/{}6f/{}02dc-4c69-ba72-41459f67293c""
	at org.modeshape.jcr.SessionCache.findJcrNode(SessionCache.java:621)
	at org.modeshape.jcr.JcrVersionManager.checkin(JcrVersionManager.java:374)
	at org.modeshape.jcr.JcrVersionManager.checkin(JcrVersionManager.java:1722)
	at org.drools.repository.VersionableItem.checkin(VersionableItem.java:581)
	... 106 more

This works with the default H2 repo and postgres.
",,,
2679,MODE-1244,"In the admin-console, executing start/restart for Modeshape Engine produces the following NPE in the server log:

{code}
10:47:05,013 ERROR [modeshape] Exception in getAvailability
java.lang.NullPointerException
	at org.modeshape.rhq.plugin.util.ModeShapeManagementView.executeManagedOperation(ModeShapeManagementView.java:188)
	at org.modeshape.rhq.plugin.EngineComponent.getAvailability(EngineComponent.java:70)
	at sun.reflect.GeneratedMethodAccessor528.invoke(Unknown Source)
	at sun.reflect.DelegatingMethodAccessorImpl.invoke(DelegatingMethodAccessorImpl.java:25)
	at java.lang.reflect.Method.invoke(Method.java:597)
	at org.rhq.core.pc.inventory.ResourceContainer$ComponentInvocationThread.call(ResourceContainer.java:525)
	at java.util.concurrent.FutureTask$Sync.innerRun(FutureTask.java:303)
	at java.util.concurrent.FutureTask.run(FutureTask.java:138)
	at java.util.concurrent.ThreadPoolExecutor$Worker.runTask(ThreadPoolExecutor.java:886)
	at java.util.concurrent.ThreadPoolExecutor$Worker.run(ThreadPoolExecutor.java:908)
	at java.lang.Thread.run(Thread.java:680)
{code}",,,
2684,MODE-1242,"JCR 1.0 suggested finding Repository instances in JNDI directly, using something like this:

{code}
InitialContext initCtx = new InitialContext();
Context envCtx = (Context) initCtx.lookup(""java:comp/env"");
Repository repository = (Repository) envCtx.lookup(""jcr/local"");
{code}

ModeShape's JndiRepositoryFactory can be used within web servers to deploy a ModeShape engine instance and register a particular Repository instance in JNDI.

However, JCR 2.0 changed this and instead uses the ServiceLoader mechanism and introduced a RepositoryFactory interface that allowed a different way to find a Repository instance:

{code}
Map<String, String> parameters = ...
for (RepositoryFactory factory : ServiceLoader.load(RepositoryFactory.class)) {
    repository = factory.getRepository(parameters);
    if (repository != null) break;
}
{code}

where the parameters are implementation-dependent. ModeShape expects a single ""{{org.modeshape.jcr.URL}}"" parameter whose value is a URL of several forms. However, the only JNDI form expects the **ModeShape engine** to be found in JNDI, and thus this is not compatible with the JndiRepositoryFactory approach described above.

Therefore, the RepositoryFactory should be changed to look for a JNDI URL that points directly to a Repository instance.",,,
2685,MODE-1241,"Calling jcrSession.getValueFactory().createBinary(is)) to upload a text file causes:

java.nio.channels.ClosedChannelException
	at sun.nio.ch.FileChannelImpl.ensureOpen(FileChannelImpl.java:88)
	at sun.nio.ch.FileChannelImpl.size(FileChannelImpl.java:289)
	at org.modeshape.graph.property.basic.FileInputStreamBinary.getSize(FileInputStreamBinary.java:81)
	at org.modeshape.connector.store.jpa.util.Serializer.serializeProperty(Serializer.java:315)
	at org.modeshape.connector.store.jpa.util.Serializer.serializeProperties(Serializer.java:186)
	at org.modeshape.connector.store.jpa.model.simple.SimpleJpaRepository$JpaNode.serializeProperties(SimpleJpaRepository.java:650)
	at org.modeshape.connector.store.jpa.model.simple.SimpleJpaRepository$JpaNode.setProperty(SimpleJpaRepository.java:784)
	at org.modeshape.graph.connector.map.MapRequestProcessor.process(MapRequestProcessor.java:397)


It appears the stream is being closed at:  org.modeshape.connector.store.jpa.util.Serializer.serializeProperty(Serializer.java:315)",,,
2692,MODE-1238,"In a simple JBoss Seam web app, using a Modeshape federated repository, and JBoss AS kit, new nodes/properties are not reflected in the query index until the server is restarted.",,,
2696,MODE-1237,"Executing a query with a subquery will result in an exception if the subquery happens to return no results. This is because subquery are transformed by the optimizer into a dependent query where the subquery is executed first and the results placed into the variables map (by a method in DependendentQueryComponent). However, an error in DependentQueryComponent will not add the empty results into the variables map.",,,
2700,MODE-1235,"(See: MODE-1232)

When creating a REFERENCE property from a JPA node to a filesystem node, in a federated repository, the reference appears to be created correctly, but attempt to de-reference it using Property.getNode() results in a javax.jcr.ItemNotFoundException.
",,,
2706,MODE-1234,"ModeShape uses an internal rule set to build the internal indexes used by the query engine to answer queries and searches. These rules are based upon the registered node types and determine how property values are to be treated, including (among other things) whether the value is to be treated as a string, an integer/float numeric value, a date, etc. For example, property definitions of type BOOLEAN result in the corresponding values being treated as numeric values with a range of [0,1]. Any property for which there is no rule (e.g., there is no property definition) is treated as a string.

So when custom node types are registered, ModeShape internally updates its indexing rule set. However, the problem is that the indexing logic was not using the new indexing rule sets. As a result, any nodes that used custom node types might have their properties stored in a non-ideal manner within the indexes.

In many cases, the query logic would still work, simply because of how the values are stored in the indexes. But the case of BOOLEAN property definitions is complicated by another error in the query processing logic that incorrectly converted the boolean value in criteria into a string value for comparison against the indexes.

Thus, for custom BOOLEAN property definitions, the two errors resulted in the *correct* query behavior, but for built-in BOOLEAN property definitions, queries using 'true' or 'false' for criteria values would not match the expected nodes.

For example, the following query would work:

{code}
SELECT * FROM [my:type] WHERE [my:type].[my:booleanProperty] = true
{code} 

whereas the following query would not:

{code}
SELECT * FROM [mix:versionable] WHERE [mix:versionable].[jcr:isCheckedIn] = true
{code}",,,
2719,MODE-1229,"I have a repository that has a disabled anonymous access using <anonymousUserRoles jcr:PrimaryType=""mode:option"" mode:value=""""/> as described in documentation. The attempt to obtain such repository ends with exception
{code}
2011-07-21 13:08:55,303 DEBUG [org.modeshape.jcr.JcrRepositoryFactory] (Thread-35) Could not load repository named 'test-secured'
javax.jcr.RepositoryException: Error starting the ""test-secured"" repository (check the configuration): Error starting the ""test-secured"" repository (check the configuration): null
        at org.modeshape.jcr.JcrEngine$JcrRepositoryHolder.getRepository(JcrEngine.java:824)
        at org.modeshape.jcr.JcrEngine.getRepository(JcrEngine.java:365)
        at org.modeshape.jboss.managed.JNDIManagedRepositories.getRepository(JNDIManagedRepositories.java:87)
        at org.modeshape.jcr.JcrRepositoryFactory.getRepository(JcrRepositoryFactory.java:153)
        at org.jboss.soa.modeshape.factory.RepositoryReferenceFactory.getServerRepository(RepositoryReferenceFactory.java:79)
        at org.jboss.soa.modeshape.factory.RepositoryReferenceFactory.getRepository(RepositoryReferenceFactory.java:31)
        at org.jboss.soa.modeshape.qa.tests.AuthenticationTest.logWithoutCredentials(AuthenticationTest.java:27)
        at sun.reflect.NativeMethodAccessorImpl.invoke0(Native Method)
        at sun.reflect.NativeMethodAccessorImpl.invoke(NativeMethodAccessorImpl.java:57)
        at sun.reflect.DelegatingMethodAccessorImpl.invoke(DelegatingMethodAccessorImpl.java:43)
        at java.lang.reflect.Method.invoke(Method.java:616)
        at org.testng.internal.MethodHelper.invokeMethod(MethodHelper.java:641)
        at org.testng.internal.Invoker.invokeMethod(Invoker.java:677)
        at org.testng.internal.Invoker.invokeTestMethod(Invoker.java:850)
        at org.testng.internal.Invoker.invokeTestMethods(Invoker.java:1154)
        at org.testng.internal.TestMethodWorker.invokeTestMethods(TestMethodWorker.java:137)
        at org.testng.internal.TestMethodWorker.run(TestMethodWorker.java:121)
        at org.testng.TestRunner.runWorkers(TestRunner.java:1108)
        at org.testng.TestRunner.privateRun(TestRunner.java:737)
        at org.testng.TestRunner.run(TestRunner.java:596)
        at org.testng.SuiteRunner.runTest(SuiteRunner.java:315)
        at org.testng.SuiteRunner.runSequentially(SuiteRunner.java:310)
        at org.testng.SuiteRunner.privateRun(SuiteRunner.java:272)
        at org.testng.SuiteRunner.run(SuiteRunner.java:221)
        at org.testng.SuiteRunnerWorker.runSuite(SuiteRunnerWorker.java:52)
        at org.testng.SuiteRunnerWorker.run(SuiteRunnerWorker.java:86)
        at org.testng.TestNG.runSuitesSequentially(TestNG.java:1027)
        at org.testng.TestNG.runSuitesLocally(TestNG.java:964)
        at org.testng.TestNG.run(TestNG.java:896)
        at org.jboss.soa.esb.qa.framework.incontainer.TestNGRunner.runTestsWithConfigFile(TestNGRunner.java:67)
        at org.jboss.soa.esb.qa.framework.incontainer.TestNGRunner.run(TestNGRunner.java:77)
        at java.lang.Thread.run(Thread.java:636)
Caused by: javax.jcr.RepositoryException: Error starting the ""test-secured"" repository (check the configuration): null
        at org.modeshape.jcr.JcrEngine$RepositoryInitializer.call(JcrEngine.java:902)
        at org.modeshape.jcr.JcrEngine$RepositoryInitializer.call(JcrEngine.java:874)
        at java.util.concurrent.FutureTask$Sync.innerRun(FutureTask.java:334)
        at java.util.concurrent.FutureTask.run(FutureTask.java:166)
        at java.util.concurrent.ThreadPoolExecutor.runWorker(ThreadPoolExecutor.java:1110)
        at java.util.concurrent.ThreadPoolExecutor$Worker.run(ThreadPoolExecutor.java:603)
        ... 1 more
Caused by: java.lang.NullPointerException
        at org.modeshape.jcr.JcrEngine.doCreateJcrRepository(JcrEngine.java:433)
        at org.modeshape.jcr.JcrEngine$RepositoryInitializer.call(JcrEngine.java:891)
        ... 6 more
{code}
Whenever I put any string into value attribute, then the repository can be accessed.",,,
2722,MODE-1228,"I have a node N, mix:versionable, with children OPV COPY.
The versions of N are correct, including the children of the frozen node.

The trouble happens when restoring, using VersionManager.restore(Version arg0, boolean arg1): the frozen node is properly restored, but the children have no mixins, and no UUID anymore.
This happens because of shouldRestoreMixinsAndUuid==false on line 1095 of JcrVersionManager.java. 
This variable equals false because the children's primaryType isn't jcr:frozenNode (line 1072 of the same file). 
So in my opinion, either the children has to be frozen like the root, and old primaryType has to be frozen like the root, either the test of the line 1072 has to change its condition.

As asked by Randall Hauch, here is the path taken to reach the buggy code: 

Daemon Thread [http-localhost%2F127.0.0.1-8080-3] (Suspended (breakpoint at line 1095 in JcrVersionManager$RestoreCommand))	
	JcrVersionManager$RestoreCommand.restoreNode(AbstractJcrNode, AbstractJcrNode, DateTime) line: 1095	
	JcrVersionManager$RestoreCommand.execute() line: 941	
	JcrVersionManager.restore(Path, Version, String, boolean) line: 670	
	JcrVersionManager.restore(Version, boolean) line: 1792	
	JCRManagerImpl.restoreNodeVersion(Session, Location, Location) line: 578 //My code.	",,,
2727,MODE-1225,"This issue was originally logged as a feature request for MySQL 5.5 in: SOA-3170

But - the same error is being seen with RHEL6 and MySQL 5.1 - as installed by RHEL6

2011-07-20 12:51:48,892 ERROR [org.hibernate.tool.hbm2ddl.SchemaUpdate] (modeshape-start-repo-2-thread-1) Unsuccessful: create table DNA_CHANGELOG (ID bigint not null auto_increment, CHANGES longblob not null, CHANGE_COUNT integer not null, UTC_TIMESTAMP bigint not null, USERNAME varchar(64) not null, primary key (ID)) ENGINE=InnoDB
2011-07-20 12:51:48,892 ERROR [org.hibernate.tool.hbm2ddl.SchemaUpdate] (modeshape-start-repo-2-thread-1) You have an error in your SQL syntax; check the manual that corresponds to your MySQL server version for the right syntax to use near 'UTC_TIMESTAMP bigint not null, USERNAME varchar(64) not null, primary key (ID)) ' at line 1
2011-07-20 12:51:49,702 ERROR [org.hibernate.tool.hbm2ddl.SchemaUpdate] (modeshape-start-repo-2-thread-1) Unsuccessful: create index NS_CHANGE_TS_INX on DNA_CHANGELOG (UTC_TIMESTAMP)
2011-07-20 12:51:49,702 ERROR [org.hibernate.tool.hbm2ddl.SchemaUpdate] (modeshape-start-repo-2-thread-1) You have an error in your SQL syntax; check the manual that corresponds to your MySQL server version for the right syntax to use near 'UTC_TIMESTAMP)' at line 1
2011-07-20 12:51:52,941 ERROR [org.hibernate.tool.hbm2ddl.SchemaUpdate] (modeshape-start-repo-2-thread-1) Unsuccessful: create table DNA_CHANGELOG (ID bigint not null auto_increment, CHANGES longblob not null, CHANGE_COUNT integer not null, UTC_TIMESTAMP bigint not null, USERNAME varchar(64) not null, primary key (ID)) ENGINE=InnoDB
2011-07-20 12:51:52,941 ERROR [org.hibernate.tool.hbm2ddl.SchemaUpdate] (modeshape-start-repo-2-thread-1) You have an error in your SQL syntax; check the manual that corresponds to your MySQL server version for the right syntax to use near 'UTC_TIMESTAMP bigint not null, USERNAME varchar(64) not null, primary key (ID)) ' at line 1
2011-07-20 12:51:52,941 ERROR [org.hibernate.tool.hbm2ddl.SchemaUpdate] (modeshape-start-repo-2-thread-1) Unsuccessful: create index NS_CHANGE_TS_INX on DNA_CHANGELOG (UTC_TIMESTAMP)
2011-07-20 12:51:52,941 ERROR [org.hibernate.tool.hbm2ddl.SchemaUpdate] (modeshape-start-repo-2-thread-1) You have an error in your SQL syntax; check the manual that corresponds to your MySQL server version for the right syntax to use near 'UTC_TIMESTAMP)' at line 1
",,,
2729,MODE-1224,"I have SOA-P 5.2 ER1 build with Modeshape installed and configured to use PostgreSQL 8.4 as backend database. First start-up of the server - with clean database schema - went quick, it took approximately 2 minutes. Then I shutdown server and started it again. During the startup, server hung at these lines:

{code}
17:08:30,400 INFO  [SchemaUpdate] Running hbm2ddl schema update
17:08:30,400 INFO  [SchemaUpdate] fetching database metadata
17:08:30,401 INFO  [SchemaUpdate] updating schema
17:08:30,441 INFO  [TableMetadata] table found: public.dna_changelog
17:08:30,441 INFO  [TableMetadata] columns: [id, username, change_count, utc_timestamp, changes]
17:08:30,441 INFO  [TableMetadata] foreign keys: []
17:08:30,441 INFO  [TableMetadata] indexes: [dna_changelog_pkey, ns_change_ts_inx]
17:08:30,464 INFO  [TableMetadata] table found: public.dna_namespaces
17:08:30,464 INFO  [TableMetadata] columns: [id, uri]
17:08:30,464 INFO  [TableMetadata] foreign keys: []
17:08:30,464 INFO  [TableMetadata] indexes: [ns_uri_inx, dna_namespaces_pkey]
17:08:30,486 INFO  [TableMetadata] table found: public.dna_workspaces
17:08:30,486 INFO  [TableMetadata] columns: [id, name]
17:08:30,486 INFO  [TableMetadata] foreign keys: []
17:08:30,486 INFO  [TableMetadata] indexes: [ws_name_inx, dna_workspaces_pkey]
17:08:30,510 INFO  [TableMetadata] table found: public.mode_options
17:08:30,510 INFO  [TableMetadata] columns: [name, value]
17:08:30,510 INFO  [TableMetadata] foreign keys: []
17:08:30,510 INFO  [TableMetadata] indexes: [mode_options_pkey]
17:08:30,533 INFO  [TableMetadata] table found: public.mode_simple_large_values
17:08:30,533 INFO  [TableMetadata] columns: [compressed, length, data, sha1, type]
17:08:30,533 INFO  [TableMetadata] foreign keys: []
17:08:30,533 INFO  [TableMetadata] indexes: [mode_simple_large_values_pkey]
17:08:30,562 INFO  [TableMetadata] table found: public.mode_simple_node
17:08:30,562 INFO  [TableMetadata] columns: [child_name_local, child_name_ns_id, node_uuid, data, workspace_id, allows_sns, id, compressed, child_index, num_props, sns_index, enforcerefinteg, parent_id]
17:08:30,562 INFO  [TableMetadata] foreign keys: [fke43e2bd346ef783f, fke43e2bd360f39011]
17:08:30,562 INFO  [TableMetadata] indexes: [mode_simple_node_pkey, nodeuuid_inx, childindex_inx, childname_inx]
17:08:30,588 INFO  [TableMetadata] table found: public.mode_subgraph_nodes
17:08:30,588 INFO  [TableMetadata] columns: [id, child_num, parent_num, uuid, query_id, depth]
17:08:30,588 INFO  [TableMetadata] foreign keys: []
17:08:30,588 INFO  [TableMetadata] indexes: [queryid_inx, mode_subgraph_nodes_pkey]
17:08:30,615 INFO  [TableMetadata] table found: public.mode_subgraph_queries
17:08:30,615 INFO  [TableMetadata] columns: [id, workspace_id, root_uuid]
17:08:30,615 INFO  [TableMetadata] foreign keys: []
17:08:30,615 INFO  [TableMetadata] indexes: [mode_subgraph_queries_pkey]
17:08:30,640 INFO  [TableMetadata] table found: public.modeshape_largevalue_usages
17:08:30,640 INFO  [TableMetadata] columns: [id, largevalues_sha1]
17:08:30,640 INFO  [TableMetadata] foreign keys: [fk4b54e5da1b6fbc1c, fk4b54e5dae58cec5c]
17:08:30,640 INFO  [TableMetadata] indexes: [modeshape_largevalue_usages_pkey]
17:08:30,641 INFO  [SchemaUpdate] schema update complete
{code}

Then server stayed here for 5 or 6 minutes and then continued in startup: 

{code}
17:14:45,804 INFO  [ModeShapeEngine] Completed starting the ""eds"" repository
17:14:45,845 INFO  [JNDIManagedRepositories] ModeShape Repositories bound to JNDI at name ""jcr/local"".
{code}

This happened also in third startup attempt. So, first start with clean DB schema went OK - it took usual starting time - no hanging.

Second, third and every other startup hung on ""schema update complete"" line, stayed there 5 minutes and then continued. Schema update with production DB shouldn't take such amount of time.",,,
2734,MODE-1216,"Due to the MODE-1215 problem, the jdbc util classes (which were copies of the common classes) should be removed and instead use the common-core classes, since common-core is already included in the modeshade client jar. This will also take care of the changes to logger that were not replicated.",,,
2757,MODE-1215,"Trying to execute query:  select * from nt_file   thru Teiid (using SQuirrel), and the server StackOverflowError is seen.

[JDBCExecutionException] 0: Error Code:0 Message:'Error; - nested throwable: (java.lang.StackOverflowError)' error executing statement(s): [SQL: SELECT g_0.""jcr:created"", g_0.""jcr:createdBy"", g_0.""jcr:name"", g_0.""jcr:path"", g_0.""jcr:primaryType"", g_0.""jcr:score"", g_0.""mode:depth"", g_0.""mode:localName"" FROM ""nt:file"" AS g_0]
1 [NestedSQLException]Error; - nested throwable: (java.lang.StackOverflowError)
2 [StackOverflowError]


Caused by: org.jboss.util.NestedSQLException: Error; - nested throwable: (java.lang.StackOverflowError)
	at org.jboss.resource.adapter.jdbc.WrappedConnection.checkException(WrappedConnection.java:889)
	at org.jboss.resource.adapter.jdbc.WrappedStatement.checkException(WrappedStatement.java:852)
	at org.jboss.resource.adapter.jdbc.WrappedStatement.executeQuery(WrappedStatement.java:231)
	at org.teiid.translator.jdbc.JDBCQueryExecution.execute(JDBCQueryExecution.java:82)
	... 14 more
Caused by: java.lang.StackOverflowError
	at java.util.Locale.equals(Locale.java:910)
	at java.util.concurrent.ConcurrentHashMap$Segment.put(ConcurrentHashMap.java:426)
	at java.util.concurrent.ConcurrentHashMap.putIfAbsent(ConcurrentHashMap.java:897)
	at org.modeshape.jdbc.util.I18n.localize(I18n.java:206)
	at org.modeshape.jdbc.util.I18n.rawText(I18n.java:383)
	at org.modeshape.jdbc.util.I18n.text(I18n.java:415)
	at org.modeshape.jdbc.util.I18n.text(I18n.java:402)
	at org.modeshape.jdbc.util.StringUtil.createString(StringUtil.java:86)
	at org.modeshape.jdbc.util.I18n.text(I18n.java:416)
	at org.modeshape.jdbc.util.I18n.text(I18n.java:402)
	at org.modeshape.jdbc.util.StringUtil.createString(StringUtil.java:86)
	at org.modeshape.jdbc.util.I18n.text(I18n.java:416)
	at org.modeshape.jdbc.util.I18n.text(I18n.java:402)
......",,,
2759,MODE-1214,"When starting the jboss as 5 server, seeing the following exception for each persistent unit in the modeshape-connector-store-jpa connector:

21:34:59,334 INFO  [PersistenceUnitDeployment] Starting persistence unit persistence.unit:unitName=modeshape-connector-store-jpa-2.6-SNAPSHOT.jar#modeshape-connector-jpa-nocache
21:34:59,363 ERROR [AbstractKernelController] Error installing to Start: name=persistence.unit:unitName=modeshape-connector-store-jpa-2.6-SNAPSHOT.jar#modeshape-connector-jpa-nocache state=Create
java.lang.RuntimeException: Specification violation [EJB3 JPA 6.2.1.2] - You have not defined a jta-data-source for a JTA enabled persistence context named: modeshape-connector-jpa-nocache
	at org.jboss.jpa.deployment.PersistenceUnitInfoImpl.<init>(PersistenceUnitInfoImpl.java:115)
	at org.jboss.jpa.deployment.PersistenceUnitDeployment.start(PersistenceUnitDeployment.java:275)
	at sun.reflect.NativeMethodAccessorImpl.invoke0(Native Method)
	at 
...
21:34:59,395 ERROR [AbstractKernelController] Error installing to Start: name=persistence.unit:unitName=modeshape-connector-store-jpa-2.6-SNAPSHOT.jar#modeshape-connector-jpa-bootstrap state=Create
java.lang.RuntimeException: Specification violation [EJB3 JPA 6.2.1.2] - You have not defined a jta-data-source for a JTA enabled persistence context named: modeshape-connector-jpa-bootstrap
....
21:34:59,423 ERROR [AbstractKernelController] Error installing to Start: name=persistence.unit:unitName=modeshape-connector-store-jpa-2.6-SNAPSHOT.jar#modeshape-connector-jpa-simple state=Create
java.lang.RuntimeException: Specification violation [EJB3 JPA 6.2.1.2] - You have not defined a jta-data-source for a JTA enabled persistence context named: modeshape-connector-jpa-simple
....
21:34:59,439 ERROR [AbstractKernelController] Error installing to Start: name=persistence.unit:unitName=modeshape-connector-store-jpa-2.6-SNAPSHOT.jar#modeshape-connector-jpa-ehcache state=Create
java.lang.RuntimeException: Specification violation [EJB3 JPA 6.2.1.2] - You have not defined a jta-data-source for a JTA enabled persistence context named: modeshape-connector-jpa-ehcache

.....
21:34:59,476 ERROR [AbstractKernelController] Error installing to Start: name=persistence.unit:unitName=modeshape-connector-store-jpa-2.6-SNAPSHOT.jar#modeshape-connector-jpa-infinispan state=Create
java.lang.RuntimeException: Specification violation [EJB3 JPA 6.2.1.2] - You have not defined a jta-data-source for a JTA enabled persistence context named: modeshape-connector-jpa-infinispan



",,,
2761,MODE-1211,"Columns of type 'Name' are returned as type 'String' in resultset metadata, but returned as type 'Name' in database metadata",,,
2768,MODE-1207,"Using a default configuration for WSDL sequencer, I published a WSDL document under /files. Document with name test.wsdl was published under /files/test.wsdl. Sequencer framework created only the node /sequenced/wsdl/test.wsdl with correct properties but with no child nodes. Child nodes should contain information about particular WSDL elements (message, portType, binding etc.) ",,,
2774,MODE-1201,"Using FileSystemSource:

Inserting a large file into a repository causes the JVM to run out of memory. It seems like the whole file is loaded into memory.

{code}
java.lang.OutOfMemoryError: Java heap space
          at java.util.Arrays.copyOf(Arrays.java:2786)
          at java.io.ByteArrayOutputStream.write(ByteArrayOutputStream.java:94)
          at org.modeshape.common.util.IoUtil.readBytes(IoUtil.java:66)
          at org.modeshape.graph.property.basic.AbstractBinaryValueFactory.create(AbstractBinaryValueFactory.java:229)
          at org.modeshape.graph.property.basic.AbstractBinaryValueFactory.create(AbstractBinaryValueFactory.java:55)
          at org.modeshape.graph.property.basic.AbstractValueFactory.create(AbstractValueFactory.java:123)
          at org.modeshape.jcr.JcrValueFactory.createBinary(JcrValueFactory.java:111)
          at org.modeshape.jcr.JcrValueFactory.createBinary(JcrValueFactory.java:45)
          at com.nextgen.core.repository.ModeShapeLargeFileInsertTest.testInsert(RespositoryTest.java:132)
          at sun.reflect.NativeMethodAccessorImpl.invoke0(Native Method)
          at sun.reflect.NativeMethodAccessorImpl.invoke(NativeMethodAccessorImpl.java:39)
          at sun.reflect.DelegatingMethodAccessorImpl.invoke(DelegatingMethodAccessorImpl.java:25)
          at java.lang.reflect.Method.invoke(Method.java:597)
          at org.junit.runners.model.FrameworkMethod$1.runReflectiveCall(FrameworkMethod.java:44)
          at org.junit.internal.runners.model.ReflectiveCallable.run(ReflectiveCallable.java:15)
          at org.junit.runners.model.FrameworkMethod.invokeExplosively(FrameworkMethod.java:41)
          at org.junit.internal.runners.statements.InvokeMethod.evaluate(InvokeMethod.java:20)
          at org.junit.internal.runners.statements.RunBefores.evaluate(RunBefores.java:28)
          at org.junit.internal.runners.statements.RunAfters.evaluate(RunAfters.java:31)
          at org.junit.runners.BlockJUnit4ClassRunner.runNotIgnored(BlockJUnit4ClassRunner.java:79)
          at org.junit.runners.BlockJUnit4ClassRunner.runChild(BlockJUnit4ClassRunner.java:71)
          at org.junit.runners.BlockJUnit4ClassRunner.runChild(BlockJUnit4ClassRunner.java:49)
          at org.junit.runners.ParentRunner$3.run(ParentRunner.java:193)
          at org.junit.runners.ParentRunner$1.schedule(ParentRunner.java:52)
          at org.junit.runners.ParentRunner.runChildren(ParentRunner.java:191)
          at org.junit.runners.ParentRunner.access$000(ParentRunner.java:42)
          at org.junit.runners.ParentRunner$2.evaluate(ParentRunner.java:184)
          at org.junit.runners.ParentRunner.run(ParentRunner.java:236)
          at org.eclipse.jdt.internal.junit4.runner.JUnit4TestReference.run(JUnit4TestReference.java:49)
          at org.eclipse.jdt.internal.junit.runner.TestExecution.run(TestExecution.java:38)
          at org.eclipse.jdt.internal.junit.runner.RemoteTestRunner.runTests(RemoteTestRunner.java:467)
          at org.eclipse.jdt.internal.junit.runner.RemoteTestRunner.runTests(RemoteTestRunner.java:683)
{code}",,,
2781,MODE-1199,"The tag holding the user name information on modeshape / deploy / jbossas / modeshape-jbossas-service / src / kit / modeshape-jdbc-ds.xml is wrong. 

It´s 
{code:xml} 
    <user>admin</user>
{code}

It should be:
{code:xml}
    <user-name>admin</user-name>
{code}

",,,
2782,MODE-1198,"The license header in the following classes is not updated to ModeShape, it still refers to DNA.

* extensions/modeshape-connector-jcr/src/main/java/org/modeshape/connector/jcr/JcrNamespaceRegistry.java
* extensions/modeshape-connector-jcr/src/main/java/org/modeshape/connector/jcr/JcrRepositoryConnection.java
* extensions/modeshape-connector-jcr/src/main/java/org/modeshape/connector/jcr/JcrRequestProcessor.java
* extensions/modeshape-connector-jcr/src/test/java/org/modeshape/connector/jcr/JcrConnectorTestUtil.java
* extensions/modeshape-sequencer-ddl/src/main/java/org/modeshape/sequencer/ddl/DdlParserScorer.java
* modeshape-graph/src/main/java/org/modeshape/graph/property/basic/NamespaceRegistryWithAliases.java
* modeshape-integration-tests/src/test/java/org/modeshape/test/integration/svn/JcrAndLocalSvnRepositoryTest.jav
* modeshape-jcr-tck/src/test/java/org/modeshape/jcr/ResetRepositoryInstanceTest.java
* modeshape-jcr/src/main/java/org/modeshape/jcr/ModeShapePermissions.java
* modeshape-jcr/src/main/java/org/modeshape/jcr/ModeShapeRoles.java
* modeshape-jcr/src/main/java/org/modeshape/jcr/query/JcrSql2QueryParser.java



",,,
2793,MODE-1195,"In the page http://docs.jboss.org/modeshape/2.5.0.Final/manuals/reference/html/introduction.html#modules the paragraph modeshape-jcr-api seems to have some typos. e.g. the line ""including more criteria options (such as , , , ), a formal clause, and a for unions, intersects, and difference queries. ""

Also the paragraph abruptly ends with "" repositories by name without having to depend on the "". ",,,
2795,MODE-1194,modeshape-jdbc-ds.xml driver class should be changed to be org.modeshape.jdbc.LocalJcrDriver,,,
2796,MODE-1193,"The issue comes from the inability to use modeshape-jdbc-2.5-SNAPSHOT-jar-with-dependencies.jar (modeshape-client.jar) from a client applicatiion outside of JBDS.  It requires the org.slf4j.impl.StaticLoggerBinder.class and produces the following exception if not:

Exception in thread ""main"" java.lang.NoClassDefFoundError: org/slf4j/impl/StaticLoggerBinder
	at org.slf4j.LoggerFactory.getSingleton(LoggerFactory.java:230)
	at org.slf4j.LoggerFactory.bind(LoggerFactory.java:121)
	at org.slf4j.LoggerFactory.performInitialization(LoggerFactory.java:112)
	at org.slf4j.LoggerFactory.getILoggerFactory(LoggerFactory.java:275)
	at org.slf4j.LoggerFactory.getLogger(LoggerFactory.java:248)
	at org.slf4j.LoggerFactory.getLogger(LoggerFactory.java:261)
	at org.modeshape.common.util.Logger.getLogger(Logger.java:82)
	at org.modeshape.web.jcr.rest.client.json.JsonRestClient.<clinit>(JsonRestClient.java:66)
Caused by: java.lang.ClassNotFoundException: org.slf4j.impl.StaticLoggerBinder

This is made a blocker because if this isn't fixed, then other options have to be looked in order to meet deadline.
",,,
2805,MODE-1192,"At about line 117 of InfinispanRepository, the code does this:

// Remove all cache names that are not valid workspaces ...
if (!nonWorkspaceCacheNames.isEmpty()) cacheNames.removeAll(nowWorkspaceCacheNames);

But cacheNames is returned (earlier in the method) from one of the two CacheManager implementations and turns out to be immutable, making the removeAll method throw an UnsupportedOperationException.  The fix is:

        // Remove all cache names that are not valid workspaces ...
        if (!nonWorkspaceCacheNames.isEmpty()) {
            // the returned set from CacheContainer#getCacheNames() is immutable
            cacheNames = new HashSet<String>(cacheNames);
            cacheNames.removeAll(nonWorkspaceCacheNames);
        }

I had a test case that triggered it, but forgot to save it off.  Here's a reference to the ISPN source code though that documents the immutability of the returned value:

https://github.com/infinispan/infinispan/blob/master/core/src/main/java/org/infinispan/manager/EmbeddedCacheManager.java#L164
",,,
2806,MODE-1191,"useage of source: 

<mode:source jcr:name=""sourceRepo""
                     mode:classname=""org.modeshape.connector.store.jpa.JpaSource""
                     mode:description=""The database store for our content""
                     mode:dataSourceJndiName=""jdbc/mode""
                     mode:defaultWorkspaceName=""default""
                     mode:dialect=""org.hibernate.dialect.MySQLInnoDBDialect""
                     mode:autoGenerateSchema=""create"">

partially fails according to logs:

...
[#|2011-06-07T12:18:45.863+0200|INFO|glassfish3.1|javax.enterprise.system.std.com.sun.enterprise.server.logging|_ThreadID=54;_ThreadName=Thread-2;|INFO  - taSourceConnectionProvider - Using provided datasource|#]
[#|2011-06-07T12:18:45.863+0200|INFO|glassfish3.1|javax.enterprise.system.std.com.sun.enterprise.server.logging|_ThreadID=54;_ThreadName=Thread-2;|INFO  - SettingsFactory            - RDBMS: MySQL, version: 5.1.50|#]
[#|2011-06-07T12:18:45.863+0200|INFO|glassfish3.1|javax.enterprise.system.std.com.sun.enterprise.server.logging|_ThreadID=54;_ThreadName=Thread-2;|INFO  - SettingsFactory            - JDBC driver: MySQL-AB JDBC Driver, version: mysql-connector-java-5.1.15 ( Revision: ${bzr.revision-id} )|#]
[#|2011-06-07T12:18:45.863+0200|INFO|glassfish3.1|javax.enterprise.system.std.com.sun.enterprise.server.logging|_ThreadID=54;_ThreadName=Thread-2;|INFO  - Dialect                    - Using dialect: org.hibernate.dialect.MySQLInnoDBDialect|#]
[#|2011-06-07T12:18:45.864+0200|INFO|glassfish3.1|javax.enterprise.system.std.com.sun.enterprise.server.logging|_ThreadID=54;_ThreadName=Thread-2;|INFO  - TransactionFactoryFactory  - Transaction strategy: org.hibernate.transaction.JDBCTransactionFactory|#]
[#|2011-06-07T12:18:45.864+0200|INFO|glassfish3.1|javax.enterprise.system.std.com.sun.enterprise.server.logging|_ThreadID=54;_ThreadName=Thread-2;|INFO  - actionManagerLookupFactory - No TransactionManagerLookup configured (in JTA environment, use of read-write or transactional second-level cache is not recommended)|#]

... 

[#|2011-06-07T12:18:45.960+0200|INFO|glassfish3.1|javax.enterprise.system.std.com.sun.enterprise.server.logging|_ThreadID=54;_ThreadName=Thread-2;|INFO  - SchemaExport               - Running hbm2ddl schema export|#]
[#|2011-06-07T12:18:45.960+0200|INFO|glassfish3.1|javax.enterprise.system.std.com.sun.enterprise.server.logging|_ThreadID=54;_ThreadName=Thread-2;|INFO  - SchemaExport               - exporting generated schema to database|#]
[#|2011-06-07T12:18:47.298+0200|INFO|glassfish3.1|javax.enterprise.system.std.com.sun.enterprise.server.logging|_ThreadID=54;_ThreadName=Thread-2;|ERROR - SchemaExport               - Unsuccessful: create index NS_URI_INX on DNA_NAMESPACES (URI)|#]
[#|2011-06-07T12:18:47.298+0200|INFO|glassfish3.1|javax.enterprise.system.std.com.sun.enterprise.server.logging|_ThreadID=54;_ThreadName=Thread-2;|ERROR - SchemaExport               - BLOB/TEXT column 'URI' used in key specification without a key length|#]
[#|2011-06-07T12:18:47.534+0200|INFO|glassfish3.1|javax.enterprise.system.std.com.sun.enterprise.server.logging|_ThreadID=54;_ThreadName=Thread-2;|ERROR - SchemaExport               - Unsuccessful: create index CHILDNAME_INX on MODE_SIMPLE_NODE (WORKSPACE_ID, PARENT_ID, CHILD_NAME_NS_ID, CHILD_NAME_LOCAL, SNS_INDEX)|#]
[#|2011-06-07T12:18:47.534+0200|INFO|glassfish3.1|javax.enterprise.system.std.com.sun.enterprise.server.logging|_ThreadID=54;_ThreadName=Thread-2;|ERROR - SchemaExport               - BLOB/TEXT column 'CHILD_NAME_LOCAL' used in key specification without a key length|#]
INFO  - SchemaExport               - schema export complete|#]
...

this results in ERRORs in log and bad performance as necessary indexes are not created; The system however is running fine beside performance;


NOTE: As noted below in the comments, the problem stems from improper configuration, and now involves improving our documentation with a direct link to the Hibernate dialects.",,,
2820,MODE-1190,"On first startup with the usage of the jpa-connector-store into a mysql an app creates a own nodetype, here ""brix:node""; Then system is shutdown regularly and restarted. Upon startup ERROR is listed as follows:

ERROR - RepositoryNodeTypeManager  - Node types were read from the system content, and appear to be inconsistent or invalid: org.modeshape.jcr.nodetype.InvalidNodeTypeDefinitionException: Supertype 'nt:unstructured' from type 'brix:node' does not exist|#]

It doesn't have any impact on the work so far (at least I couldn't find anything yet), but the mentioned supertype is from JCR API definition and therefore of course not defined by the app;

",,,
2827,MODE-1182,"Calling Graph.destroyWorkspace().named(String) is supposed to destroy the workspace, but right now it only deletes the content from the workspace and doesn't remove the workspace from the list of workspaces named by the repository source.  Among other things, this causes the following code to not work:

{code}
Graph graph = ...;

graph.createWorkspace().named(workspaceName);

graph.useWorkspace(defaultWorkspaceName);
graph.destroyWorkspace().named(workspaceName);

graph.createWorkspace().named(workspaceName);
{code}

The second createWorkspace call fails because the repository object in the source never deleted its reference to the workspace named workspaceName.  This behavior is consistent across all repository sources.",,,
2837,MODE-1178,"The repositories stopped respecting the creatingWorkspacesAllowed flag at some point.  We used to have test cases for this, but they were deleted for many (but not all) of the repositories.  If they are added back, they either fail or pass because the source for the test does not allow updates.",,,
2856,MODE-1176,"The JcrDriverIntegrationTest has been failing for some time on the Hudson boxes, yet it's been running successfully on developer boxes. Turns out the problem is in a base class (ModeShapeUnitTest extended by ModeShapeMultiUseTest extended by JcrDriverIntegrationTest) and how the 'startEngineUsing(...)' method works when supplied with the path to the configuration file that should be on the classpath. When this method is called in a static method (e.g., the @BeforeClass method), the classloader is null and the method looks for the configuration file on the file system and then under 'src/test/resources'. That's obviously a problem when the configuration file has Maven replacement properties, and the real file is placed by Maven under 'target'.

The 'startEngineUsing' method needs to take the class under test as an additional parameter, and the JcrDriverIntegrationTest needs to use this new method.",,,
2862,MODE-1175,See JBIDE-8991 for steps to reproduce.,,,
2863,MODE-1174,"The example web.xml files for the REST servlet and the WebDav servlet use a JCR configuration value that was not updated into an URL.  That is, the current examples do not work.",,,
2864,MODE-1172,"When checking in a node (or subgraph), ModeShape does not properly handle the OnParentVersion (OPV) behavior of the properties and children of a versionable node. This error was pointed out by sjahan in the [ModeShape forums|http://community.jboss.org/message/606090#606090].

The basic problem is this: JcrVersionManager's checkin method has the following code:
{code}
final int onParentVersion = node.getDefinition().getOnParentVersion();
...
for (NodeIterator childNodes = node.getNodes(); childNodes.hasNext();) {
    AbstractJcrNode childNode = (AbstractJcrNode)childNodes.nextNode();
    versionNodeAt(childNode, frozenVersionPath, systemBatch, onParentVersion);
}
{code}

This code is using the OPV of the node being checked in (that is the OPV of the child node definition for this node, where that child node definition belongs to the primary type or mixin types of the node's parent) to determine how/whether the child nodes should be versioned. This is not correct, because how/whether a node is versioned depends upon its own OPV value of the child node definition that applies to it, not its parent's OPV.

Strictly speaking, it is more complicated than this. If a child node has an OPV of ""COPY"", then per Section 3.13.9 item 5 of the JSR-283 specification applies. If node N is the node being checked in, then (emphasis added):
{quote}
For each child node C of N where
- C has an OPV of COPY,

a copy of the entire subgraph rooted at C (*regardless of the OPV values of the sub-items*) is added to the frozen node, preserving the name of C and the names and values of all its sub-items.
{quote}

That means that whenever the OPV of a child node is 'COPY', then all properties and children should be versioned as if they all had 'COPY' OPV, regardless of what their OPV actually is. Similarly, item 6 of the same JSR-283 specification dictates the behavior for an OPV of 'VERSION' (emphasis added):
{quote}
For each child node C of N where:
- C has an OPV of VERSION

Under simple versioning, the same behavior as COPY. 

*Under full versioning, if C is not mix:versionable, the same behavior as COPY.*

Under full versioning, if C is mix:versionable, then a special nt:versionedChild node with a reference to the version history of C is substituted in place of C as a child of the frozen node. 
{quote}

Thus, in addition to using the child node's OPV in the 'checkin' method (as described above), we need to slightly modify how the 'versionNodeAt' method is implemented to exhibit the correct COPY behavior.",,,
2871,MODE-1171,"this is the reason for initial: https://issues.jboss.org/browse/MODE-1170

in case one exports an workspace.xml from e.g. jackrabbit that holds:

{code}
<sv:node sv:name=""child"">
    <sv:property sv:name=""jcr:primaryType"" sv:type=""Name"">
        <sv:value>nt:unstructured</sv:value>
    </sv:property>
    <sv:property sv:name=""cssClass"" sv:type=""String"">
        <sv:value>dir</sv:value>
    </sv:property>
    <sv:property sv:name=""menuType"" sv:type=""String"">
        <sv:value>REFERENCE</sv:value>
    </sv:property>
    <sv:property sv:name=""title"" sv:type=""String"">
        <sv:value>Wein</sv:value>
    </sv:property>
    <sv:node sv:name=""reference"">
        <sv:property sv:name=""jcr:primaryType"" sv:type=""Name"">
            <sv:value>nt:unstructured</sv:value>
        </sv:property>
        <sv:property sv:name=""jcr:mixinTypes"" sv:type=""Name"" sv:multiple=""true"">
            <sv:value>brix:hidden</sv:value>
        </sv:property>
        <sv:property sv:name=""indexedParameters"" sv:type=""String"" sv:multiple=""true"">
            <sv:value>wein</sv:value>
        </sv:property>
        <sv:property sv:name=""node"" sv:type=""Reference"">
            <sv:value>cef14fca-1f16-446d-ac50-5222cd6ece9e</sv:value>
        </sv:property>
        <sv:property sv:name=""type"" sv:type=""String"">
            <sv:value>NODE</sv:value>
        </sv:property>
    </sv:node>
</sv:node>
{code}

having a:

{code}
<sv:property sv:name=""indexedParameters"" sv:type=""String"" sv:multiple=""true"">
    <sv:value>wein</sv:value>
</sv:property>
{code}

in it, it is translated by modeshape to a JcrSingleValueProperty instead of a JcrMultiValueProperty; It seems the sv:multiple=""true"" is ignored and instead the size of the sv:value-array taken into account. ",,,
2876,MODE-1168,"The RepositoryService maps XML attributes from configuration files (or properties from programmatic configuration) by using reflection to determine the correct setter for the property on the corresponding RepositorySource (e.g., FileSystemSource) and invoking that setter.

However, if the RepositorySource has overloaded that method (e.g., FileSystemSource#setFilenameFilter), the RepositoryService will only test one of the overloaded methods and, if the RepositoryService gets the wrong method, it will silently ignore the setting.",,,
2885,MODE-1167,"o.m.g.property.basic.SystemPropertyFactory misspells ""curly"" as ""curyly"" in an internal constant.",,,
2886,MODE-1165,"I see this error on import of the attached policyquote_service_repository.xml file. Randall to reproduce use the guvnor I gave you and try importing the policyquote_service_repository.xml.

{code}
14:52:02,417 INFO  [STDOUT] Clearing rules repository
14:52:05,498 INFO  [STDOUT] ERROR 04-05 14:52:05,495 (RulesRepository.java:importRulesRepositoryFromStream:1314) 	 One or more of the 'drools:categoryReference' REFERENCE property values ,14ade576-def0-477f-905c-a00b82d607fa,5a6eeee1-127e-441c-b2e6-f7af541d5e41 on node '/drools:repository/drools:package_area/PolicyQuoteProcessService/assets/SuccessfulPolicyQuote' does not satisfy the constraints of the 'drools:categoryReference' property definition on the 'drools:assetNodeType' node type, and no other property definition is valid.
javax.jcr.nodetype.ConstraintViolationException: One or more of the 'drools:categoryReference' REFERENCE property values ,14ade576-def0-477f-905c-a00b82d607fa,5a6eeee1-127e-441c-b2e6-f7af541d5e41 on node '/drools:repository/drools:package_area/PolicyQuoteProcessService/assets/SuccessfulPolicyQuote' does not satisfy the constraints of the 'drools:categoryReference' property definition on the 'drools:assetNodeType' node type, and no other property definition is valid.
	at org.modeshape.jcr.SessionCache$NodeEditor.setProperty(SessionCache.java:1377)
	at org.modeshape.jcr.JcrContentHandler$BasicNodeHandler.create(JcrContentHandler.java:844)
	at org.modeshape.jcr.JcrContentHandler$BasicNodeHandler.node(JcrContentHandler.java:674)
	at org.modeshape.jcr.JcrContentHandler$BasicNodeHandler.finish(JcrContentHandler.java:659)
	at org.modeshape.jcr.JcrContentHandler$SystemViewContentHandler.endElement(JcrContentHandler.java:1055)
	at org.modeshape.jcr.JcrContentHandler.endElement(JcrContentHandler.java:453)
	at org.apache.xerces.parsers.AbstractSAXParser.endElement(Unknown Source)
{code}
Please let me know if you need more info.",,,
2893,MODE-1164,"The modeshape-config.xml in ModeShape's JBoss AS Kit should specify a JDBC data source rather than use the InMemory source. 

{code}
    <!-- Define the sources used by the repository (or repositories) to store and access the content -->
    <mode:sources jcr:primaryType=""nt:unstructured"">
      <mode:source jcr:name=""store""
        mode:classname=""org.modeshape.connector.store.jpa.JpaSource""
        mode:dataSourceJndiName=""java:/DefaultDS""
        mode:model=""Simple""
        mode:dialect=""org.hibernate.dialect.HSQLDialect""
        mode:referentialIntegrityEnforced=""true""
        mode:largeValueSizeInBytes=""10000""
        mode:retryLimit=""3""
        mode:compressData=""false""
        mode:predefinedWorkspaceNames=""default,system""
        mode:showSql=""false""
        mode:autoGenerateSchema=""update""
        mode:creatingWorkspacesAllowed=""true""
        mode:defaultWorkspaceName=""default"" />
  </mode:sources>
{code}

Also, the repository should be set up with the option to store the system workspace in the source.

{code}
    <!-- Define the options for the JCR repository, using camelcase version of JcrRepository.Option names-->
    <mode:options jcr:primaryType=""options"">
       <!-- Explicitly specify the ""system"" workspace in the ""store"" source. -->
       <mode:option jcr:name=""systemSourceName"" mode:value=""system@store""/>
    </mode:options>
{code}",,,
2895,MODE-1154,"RepositoryNodeTypeManager allows NodeTypes to be updated, but JcrNodeTypeManager does not pass through allowUpdate from calls to registerNodeType(NodeTypeDefinition ntd, boolean allowUpdate) and egisterNodeTypes(NodeTypeDefinition[] ntds, boolean allowUpdate).",,,
2897,MODE-1152,need to set scope=runtime,,,
2898,MODE-1146,"As noted in the attached forum thread, the REST server only works if the REST servlet is mapped to /*.  Other mappings result in the REST server returning inaccurate URLs for the repository and its workspaces.

RESTEasy allows for other mappings, but the ModeShape code also needs to be corrected to allow other mappings to work.",,,
2903,MODE-1145,JCR-SQL2 Query is returning an error for properties referenced that are not in the NodeTypeDefinition.  All information to reproduce is in the forum at http://community.jboss.org/message/598952#598952.,,,
2915,MODE-1144,"When testing Magnolia CMS with the newest ModeShape (2.5.0.Beta1), then after successful installation and repository initialization (at least no errors in the log), when I try to use sample Search page and look for pages containing the word ""paragraph"", I've got an empty result set an the following error in the log:

{noformat}
ERROR info.magnolia.cms.taglibs.util.SimpleSearchTag: javax.jcr.RepositoryException caught while parsing query for search term [paragraph] - query is [//*[@jcr:primaryType='mgnl:content']//*[jcr:contains(., 'paragraph')]]: Table 'nodeSet2' does not exist

javax.jcr.RepositoryException: Table 'nodeSet2' does not exist
        at org.modeshape.jcr.query.qom.JcrAbstractQuery.checkForProblems(JcrAbstractQuery.java:133)
        at org.modeshape.jcr.query.JcrQuery.execute(JcrQuery.java:104)
        at info.magnolia.cms.core.search.QueryImpl.execute(QueryImpl.java:73)
        at info.magnolia.cms.taglibs.util.SimpleSearchTag.doStartTag(SimpleSearchTag.java:164)
        at org.apache.jsp.templates.samples.paragraphs.searchResult_jsp._jspx_meth_cmsu_005fsimpleSearch_005f0(searchResult_jsp.java:279)
        ...
{noformat}",,,
2918,MODE-1141,"When checking in a 'mix:versionable' node, the VersionManager implementation creates a new version in the node's version history, and copies the versionable state of that node into that new version via a single 'nt:frozenNode'. The versionable state includes all versionable properties and children, as dictated by the property & child node definitions' On Parent Versioning (OPV) value.

Our JcrVersionManager class implements this behavior by creating the 'nt:frozenNode' inside the JcrVersionManager.checkin(...) method, and then calling 'versionNodeAt(...)' on all children. The 'versionNodeAt(...)' method calls itself recursively for all children where the child node definition has an OPV of COPY or VERSION, though it skips and returns for any child where the definition has an OPV of IGNORE, INITIALIZE, or COMPUTE.

However, the 'versionNodeAt(...)' method should not be recursive when the child node has a child node definition of an OPV of VERSION and the child node is 'mix:versionable'. Instead, it should create the 'nt:versionedChild' node (as it does not) and simply return rather than break out of the switch. In other words, the 'break' should be changed to 'return' at https://github.com/ModeShape/modeshape/blob/ffefa17a/modeshape-jcr/src/main/java/org/modeshape/jcr/JcrVersionManager.java#L434

I've changed this locally, and it does *not* affect the outcome of any of the JCR TCK tests, which means none of the TCK tests really check this. Because of this, I would like to have some verification that my interpretation is correct.

For example, consider this subgraph:

{code}
+ A mix:versionable
  + B
  + C
     + D mix:versionable
        + E
{code}

If node A is checked in, then the implementation should create a new version in the version history for A under '/jcr:system/jcr:versionStorage', and this new version node V should contain a single 'nt:frozenNode' node that is the snapshot of the versionable subgraph of A. Thus, nodes B and C will be copied into this frozen node, and node D will have a 'nt:versionedChild' node created under the version's representation/copy of C.

Without the proposed change, the 'nt:versionedChild' representation of D will actually contain a full copy of the state of D. This is not correct, since the whole point of the 'nt:versionedChild' node is to REFERENCE the actual version history of D. See the [image in the JSR-283 specification|http://www.day.com/specs/jcr/2.0/3_Repository_Model.html#3.13.10%20FullVersioning%20Diagram].
",,,
2919,MODE-1140,"When we changed to use Maven 3 (see MODE-1096), we started explicitly specifying the versions for each of the Maven plugins, including the Surefire plugin that runs our unit tests. When we did this, we chose to use the latest version of Surefire (2.7.1), even though 2.7 had a severe change in behavior with respect to determining which unit test classes should be run. For details, see [SUREFIRE-482|http://jira.codehaus.org/browse/SUREFIRE-482], the [release notes for Surefire 4.7|http://www.mail-archive.com/users@maven.apache.org/msg115334.html], and the [Surefire JUnit usage page|http://maven.apache.org/plugins/maven-surefire-plugin/examples/junit.html].

Unfortunately, when I did the initial conversion to Maven 3, I didn't see the supposed warning message about running Maven with the ""-Dsurefire.junit4.upgradecheck"" argument, and therefore missed the fact that we were no longer running the TCK tests.",,,
2922,MODE-1137,"Exporting an XML file with accented characters makes the input invalid, resulting in errors when importing:

{code}
Invalid byte 2 of 3-byte UTF-8 sequence.
javax.jcr.InvalidSerializedDataException: org.apache.xerces.impl.io.MalformedByteSequenceException: Invalid byte 2 of 3-byte UTF-8 sequence.
     at org.modeshape.jcr.JcrSession.importXML(JcrSession.java:965)
     at org.oea.jcr.management.impl.JCRManagerImpl.importJCRData(JCRManagerImpl.java:1117)
{code}",,,
2926,MODE-1136,"When working on MODE-1135 and reviewing existing code in Graph, it was noticed that several of the Graph.Batch operations were creating and immediately invoking requests against the connector. Changing these caused regressions in the unit and TCK tests related to locking and observation. After a bit of investigation, it became obvious that when locking and unlocking operations were performed within the same batch as other operations (e.g., setting properties), events for the other operations were not fired.

Having the locking and unlocking operations be performed outside of the batch means that what was coded to be a single batch operation actually results in the batch operation plus at least one non-batch operation. IOW, the number of distinct operation sets sent to the connector is doubled, and this would likely (at least slightly) reduce performance.",,,
2930,MODE-1131,"From ModeShape Tools I ran this query through the IRestClient using JCR_SQL2:

SELECT [jcr:path], [jcr:title] FROM [mode:publishArea]

See attachment for stacktrace. If ""[jcr:title]"" is taken out of the query it all works fine.",,,
2938,MODE-1130,I tried publishing from ModeShape Tools using the new versioning flag available from the IRestClient API. Publishing a file works the first time.,,,
2943,MODE-1127,"Working on using Cnd framework to help replace Teiid Designer's Model Extension framework.

Was successful in using CndNodeTypeReader to parse a CND string containing extended model properties. This string also included new Namespaces that were also parsed by the reader.

The namespaces are stored in the CndNodeTypeReader via it's ExecutionContext. This context is NOT exposed in a public method so there is no current way to retrieve that information via the reader.

Request making/exposing either the execution context or the list of new/parsed namespaces and their prefix's.",,,
2944,MODE-1101,"When an ""svn://"" URL format is used to connect to a subversion repository, adding to repository does not work properly. If a file or folder is uploaded into the repository, it is checked into SVN as a sibling to 'trunk' and not as a child node. However, if a ""file://"" URL is used to connect to the repository, it works flawlessly.",,,
2946,MODE-1097,"For a JpaSource repository, if the number of nodes is large, and if JBoss is restarted with the ""autoGenerateSchema"" configuration parameter set to ""validate"", it takes a very long time to startup the repository. Setting the ""indexReadDepth"" parameter to a value lower than the default of 4 also does not help. ",,,
2947,MODE-1095,"Triing to execute this code:

{code}
QueryManager qManager = session.getWorkspace().getQueryManager();
Query q = qManager.createQuery(""SELECT [sling:vanityPath], [sling:redirect] FROM [sling:VanityPath] WHERE [sling:vanityPath] IS NOT NULL ORDER BY [sling:vanityOrder] DESC"", javax.jcr.query.Query.JCR_SQL2);
return q.execute();
{code}

Here the cnd for the table:

{code}
[sling:VanityPath]
    mixin
  - sling:vanityPath (string) multiple
  - sling:redirect (boolean)
  - sling:vanityOrder (long)
{code}

I get this error:

{code}
java.util.NoSuchElementException: Property 'sling:vanityOrder' on selector 'sling:VanityPath' is not used in query
	at org.modeshape.graph.query.process.QueryResultColumns.getColumnIndexForProperty(QueryResultColumns.java:476)
	at org.modeshape.graph.query.process.ProcessingComponent.createDynamicOperation(ProcessingComponent.java:158)
	at org.modeshape.graph.query.process.SortValuesComponent.createSortComparator(SortValuesComponent.java:130)
	at org.modeshape.graph.query.process.SortValuesComponent.createSortComparator(SortValuesComponent.java:88)
	at org.modeshape.graph.query.process.SortValuesComponent.<init>(SortValuesComponent.java:53)
	at org.modeshape.graph.query.process.QueryProcessor.createComponent(QueryProcessor.java:355)
	at org.modeshape.graph.query.process.QueryProcessor.execute(QueryProcessor.java:90)
	at org.modeshape.graph.query.QueryEngine.execute(QueryEngine.java:111)
	at org.modeshape.jcr.RepositoryQueryManager$SelfContained.query(RepositoryQueryManager.java:384)
	at org.modeshape.jcr.JcrQueryManager$SessionQueryContext.execute(JcrQueryManager.java:1426)
	at org.modeshape.jcr.query.JcrQuery.execute(JcrQuery.java:103)
	at org.apache.sling.jcr.resource.JcrResourceUtil.query(JcrResourceUtil.java:52)
	at org.apache.sling.jcr.resource.internal.JcrResourceResolver.findResources(JcrResourceResolver.java:860)
	at org.apache.sling.jcr.resource.internal.helper.MapEntries.loadVanityPaths(MapEntries.java:303)
	at org.apache.sling.jcr.resource.internal.helper.MapEntries.init(MapEntries.java:130)
	at org.apache.sling.jcr.resource.internal.helper.MapEntries.<init>(MapEntries.java:98)
	at org.apache.sling.jcr.resource.internal.JcrResourceResolverFactoryImpl.activate(JcrResourceResolverFactoryImpl.java:478)
	at sun.reflect.NativeMethodAccessorImpl.invoke0(Native Method)
	at sun.reflect.NativeMethodAccessorImpl.invoke(NativeMethodAccessorImpl.java:39)
	at sun.reflect.DelegatingMethodAccessorImpl.invoke(DelegatingMethodAccessorImpl.java:25)
	at java.lang.reflect.Method.invoke(Method.java:597)
	at org.apache.felix.scr.impl.helper.BaseMethod.invokeMethod(BaseMethod.java:227)
	at org.apache.felix.scr.impl.helper.BaseMethod.access$500(BaseMethod.java:38)
	at org.apache.felix.scr.impl.helper.BaseMethod$Resolved.invoke(BaseMethod.java:591)
	at org.apache.felix.scr.impl.helper.BaseMethod.invoke(BaseMethod.java:472)
	at org.apache.felix.scr.impl.helper.ActivateMethod.invoke(ActivateMethod.java:146)
	at org.apache.felix.scr.impl.manager.ImmediateComponentManager.createImplementationObject(ImmediateComponentManager.java:226)
	at org.apache.felix.scr.impl.manager.ImmediateComponentManager.createComponent(ImmediateComponentManager.java:118)
	at org.apache.felix.scr.impl.manager.AbstractComponentManager$Unsatisfied.activate(AbstractComponentManager.java:997)
	at org.apache.felix.scr.impl.manager.AbstractComponentManager.activateInternal(AbstractComponentManager.java:333)
	at org.apache.felix.scr.impl.manager.DependencyManager.serviceAdded(DependencyManager.java:283)
	at org.apache.felix.scr.impl.manager.DependencyManager.serviceChanged(DependencyManager.java:170)
	at org.apache.felix.framework.util.EventDispatcher.invokeServiceListenerCallback(EventDispatcher.java:871)
	at org.apache.felix.framework.util.EventDispatcher.fireEventImmediately(EventDispatcher.java:733)
	at org.apache.felix.framework.util.EventDispatcher.fireServiceEvent(EventDispatcher.java:662)
	at org.apache.felix.framework.Felix.fireServiceEvent(Felix.java:3735)
	at org.apache.felix.framework.Felix.access$000(Felix.java:80)
	at org.apache.felix.framework.Felix$2.serviceChanged(Felix.java:722)
	at org.apache.felix.framework.ServiceRegistry.registerService(ServiceRegistry.java:107)
	at org.apache.felix.framework.Felix.registerService(Felix.java:2847)
	at org.apache.felix.framework.BundleContextImpl.registerService(BundleContextImpl.java:251)
	at org.apache.sling.jcr.base.AbstractSlingRepository.registerService(AbstractSlingRepository.java:465)
	at org.apache.sling.jcr.base.AbstractSlingRepository.startRepository(AbstractSlingRepository.java:811)
	at org.apache.sling.jcr.base.AbstractSlingRepository.activate(AbstractSlingRepository.java:606)
	at sun.reflect.NativeMethodAccessorImpl.invoke0(Native Method)
	at sun.reflect.NativeMethodAccessorImpl.invoke(NativeMethodAccessorImpl.java:39)
	at sun.reflect.DelegatingMethodAccessorImpl.invoke(DelegatingMethodAccessorImpl.java:25)
	at java.lang.reflect.Method.invoke(Method.java:597)
	at org.apache.felix.scr.impl.helper.BaseMethod.invokeMethod(BaseMethod.java:227)
	at org.apache.felix.scr.impl.helper.BaseMethod.access$500(BaseMethod.java:38)
	at org.apache.felix.scr.impl.helper.BaseMethod$Resolved.invoke(BaseMethod.java:591)
	at org.apache.felix.scr.impl.helper.BaseMethod.invoke(BaseMethod.java:472)
	at org.apache.felix.scr.impl.helper.ActivateMethod.invoke(ActivateMethod.java:146)
	at org.apache.felix.scr.impl.manager.ImmediateComponentManager.createImplementationObject(ImmediateComponentManager.java:226)
	at org.apache.felix.scr.impl.manager.ImmediateComponentManager.createComponent(ImmediateComponentManager.java:118)
	at org.apache.felix.scr.impl.manager.AbstractComponentManager$Unsatisfied.activate(AbstractComponentManager.java:997)
	at org.apache.felix.scr.impl.manager.AbstractComponentManager.activateInternal(AbstractComponentManager.java:333)
	at org.apache.felix.scr.impl.manager.AbstractComponentManager.enable(AbstractComponentManager.java:157)
	at org.apache.felix.scr.impl.config.ConfiguredComponentHolder.enableComponents(ConfiguredComponentHolder.java:262)
	at org.apache.felix.scr.impl.BundleComponentActivator.loadDescriptor(BundleComponentActivator.java:253)
	at org.apache.felix.scr.impl.BundleComponentActivator.initialize(BundleComponentActivator.java:147)
	at org.apache.felix.scr.impl.BundleComponentActivator.<init>(BundleComponentActivator.java:111)
	at org.apache.felix.scr.impl.Activator.loadComponents(Activator.java:285)
	at org.apache.felix.scr.impl.Activator.bundleChanged(Activator.java:203)
	at org.apache.felix.framework.util.EventDispatcher.invokeBundleListenerCallback(EventDispatcher.java:807)
	at org.apache.felix.framework.util.EventDispatcher.fireEventImmediately(EventDispatcher.java:729)
	at org.apache.felix.framework.util.EventDispatcher.fireBundleEvent(EventDispatcher.java:610)
	at org.apache.felix.framework.Felix.fireBundleEvent(Felix.java:3724)
	at org.apache.felix.framework.Felix.startBundle(Felix.java:1772)
	at org.apache.felix.framework.Felix.setActiveStartLevel(Felix.java:1148)
	at org.apache.felix.framework.StartLevelImpl.run(StartLevelImpl.java:264)
	at java.lang.Thread.run(Thread.java:680)
{code}

If I add the [sling:vanityOrder] in the column lists so:

{code}
        QueryManager qManager = session.getWorkspace().getQueryManager();
        Query q = qManager.createQuery(""SELECT [sling:vanityPath], [sling:redirect], [sling:vanityOrder] FROM [sling:VanityPath] WHERE [sling:vanityPath] IS NOT NULL ORDER BY [sling:vanityOrder] DESC"", javax.jcr.query.Query.JCR_SQL2);
        return q.execute();
{code}

It's ok. It could be a request to force the column in the column list by modeshape.

But if I try this query without the ordering column in the columns list:

{code}
SELECT bogus, laughable, [car:year] FROM [nt:base] ORDER BY argle
{code}

it is ok too!!

 ",,,
2958,MODE-1089,"The following code causes a PathNotFoundException during the checkin attempt. This seems to be a caching problem. The exception will not be thrown when the call to isVersionable is omitted. Tested with jpa and inmemory.

{code}
Session session = RepositoryReferenceFactory.getRepository(""test-jpa"").login();
VersionManager vm = session.getWorkspace().getVersionManager();
			
Node outer = session.getRootNode().addNode(""outerFolder"");
Node inner = outer.addNode(""innerFolder"");
Node file  = inner.addNode(""testFile.dat"");
file.setProperty(""jcr:mimeType"", ""text/plain"");
file.setProperty(""jcr:data"", ""Original content"");
session.save();

file.addMixin(""mix:versionable"");
//session.save();
			
isVersionable(vm, file); // here's the problem
session.save();
			
Version v1 = vm.checkin(file.getPath());
log.info(""Created version: "" + v1);
{code}

{code}
boolean isVersionable(VersionManager vm, Node node) throws RepositoryException {
    try {
        vm.getVersionHistory(node.getPath());
        return true;
    } catch (UnsupportedRepositoryOperationException e) {
        return false;
    }
}
{code}

Exception:
{noformat}
org.modeshape.graph.property.PathNotFoundException: Unable to find ""[{http://www.modeshape.org/1.0}uuid = 1c879461-d9c4-479c-b9fa-5bbad41812bc]""; lowest existing path is ""/""
    at org.modeshape.graph.connector.base.MapTransaction.getNode(MapTransaction.java:198)
    at org.modeshape.graph.connector.base.MapTransaction.getNode(MapTransaction.java:65)
    at org.modeshape.graph.connector.base.Processor.getTargetNode(Processor.java:646)
    at org.modeshape.graph.connector.base.Processor.process(Processor.java:104)
    at org.modeshape.graph.request.processor.RequestProcessor.process(RequestProcessor.java:288)
    at org.modeshape.graph.connector.base.Connection.execute(Connection.java:115)
    at org.modeshape.graph.Graph.execute(Graph.java:283)
    at org.modeshape.graph.Graph$5.process(Graph.java:226)
    at org.modeshape.graph.request.RequestBuilder.readNode(RequestBuilder.java:142)
    at org.modeshape.graph.Graph.getNodeAt(Graph.java:2413)
    at org.modeshape.graph.Graph.getNodeAt(Graph.java:2403)
    at org.modeshape.jcr.JcrVersionManager.checkin(JcrVersionManager.java:361)
    at org.modeshape.jcr.JcrVersionManager.checkin(JcrVersionManager.java:1723)
    at org.jboss.soa.modeshape.qa.tests.GenericConnectorVersioningTest.testVersioningBug(GenericConnectorVersioningTest.java:108)
    ... 
{noformat} ",,,
2959,MODE-1050,"org.modeshape.jcr.RepositoryNodeTypeManager.validate(JcrNodeDefinition, List<Name>, List<JcrNodeType>) throws a NullPointerException at line 2084 (npt is null) when validating a node type definition that as a child node of the same type. This NPE seems to be caused by the absence of the current node definition in the list of pending types when checking the type's child nodes.",,,
2961,MODE-1041,"Modeshape's unit test ZipSequencerTest.shouldBeAbleToExtractZip fails with following error when executed on windows.

============
Expected: is not null      got: null 

Stacktrace

junit.framework.AssertionFailedError: 
Expected: is not null
     got: null

Expected: is not null
     got: null

	at org.modeshape.sequencer.zip.ZipSequencerTest.shouldBeAbleToExtractZip(ZipSequencerTest.java:85) 
",,,
3058,MODE-1015,"These tests are failing
org.modeshape.connector.store.jpa.JpaConnectorWritingTest.shouldStoreManyPropertiesOnANode
org.modeshape.connector.store.jpa.JpaConnectorWritingTest.shouldUpdateSmallPropertiesOnANode
org.modeshape.connector.store.jpa.JpaConnectorWritingTest.shouldUpdateLargePropertiesOnANode
org.modeshape.connector.store.jpa.model.simple.SimpleJpaConnectorWritableTest.shouldStoreLargeBinaryValue
org.modeshape.connector.store.jpa.model.simple.SimpleJpaConnectorWritableTest.shouldStoreManyPropertiesOnANode
org.modeshape.connector.store.jpa.model.simple.SimpleJpaConnectorWritableTest.shouldUpdateSmallPropertiesOnANode
org.modeshape.connector.store.jpa.model.simple.SimpleJpaConnectorWritableTest.shouldUpdateLargePropertiesOnANode

when executed against DB2 9.7 with error
DB2 SQL Error: SQLCODE=-302, SQLSTATE=22001, SQLERRMC=null, DRIVER=4.9.78

See
http://hudson.qa.jboss.com/hudson/view/SOA-Release/job/soa-modeshape-db-openjdk16/4/DATABASE=db2-97,jdk=openjdk-local,label=RHEL5_any/#showFailuresLink for details

To allocate testing database use
http://dballocator.mw.lab.eng.bos.redhat.com:8080/Allocator/AllocatorServlet?operation=alloc&label=db2-97&requestee=ModeShapeIssue&expiry=240

To deallocate use
http://dballocator.mw.lab.eng.bos.redhat.com:8080/Allocator/AllocatorServlet?operation=report
",,,
3069,MODE-986,"This code does not work

{code}
  Session session = RepositoryReferenceFactory.getRepository(""test-file"").login();
  ValueFactory vf = session.getValueFactory();

  Node root = session.getRootNode();
  Node file = root.addNode(""createfile.mode"", ""nt:file"");
  Node content = file.addNode(""jcr:content"", ""nt:resource"");
  content.setProperty(""jcr:data"", vf.createBinary(new ByteArrayInputStream(""Write 1"".getBytes())));
  session.save();

  session.getNode(""/createfile.mode"");
{code}

It throws an exception
{code}
javax.jcr.PathNotFoundException: Unable to find ""{}createfile.mode""; lowest existing path is ""/""
        at org.modeshape.jcr.JcrSession.getNode(JcrSession.java:779)
        at org.modeshape.jcr.JcrSession.getNode(JcrSession.java:649)
        at org.modeshape.jcr.JcrSession.getNode(JcrSession.java:106)
        at org.jboss.soa.modeshape.qa.tests.BrokenFileConnectorTest.fileCreate(BrokenFileConnectorTest.java:31)
{code}

Connector configuration:
{code}
   <mode:source jcr:name=""test-file""
                mode:classname=""org.modeshape.connector.filesystem.FileSystemSource""
                mode:creatingWorkspaceAllowed=""true""
                mode:retryLimit=""3""
                mode:defaultWorkspaceName=""default""
                mode:filenameFilter=""*.mode""
                mode:updatesAllowed=""true"">
     <xsl:attribute name=""mode:workspaceRootPath"">
       <xsl:value-of select=""$repositorypath""/>
     </xsl:attribute>
     <mode:predefinedWorkspaceNames>file1</mode:predefinedWorkspaceNames>
     <mode:predefinedWorkspaceNames>file2</mode:predefinedWorkspaceNames>
     <mode:predefinedWorkspaceNames>custom-federated</mode:predefinedWorkspaceNames>
   </mode:source>
{code}

The file is not physically created after the session.save(). Creating folders works reliably.
This code was worked in ER2.",,,
3073,MODE-949,"I used Delimited Text Sequencer to process CSV file, documentation states that nodes created by this sequencer should have names in format text:row[1] ... text:row[n], but instead they have name with this format: ns001:row ... ns001:row[n]. The same problem is with columns, they should have names text:column[1] .. text:column[n], but they are named ns001:column

I used documentation on this site: http://docs.jboss.org/modeshape/2.2.0.Final/manuals/reference/html_single/reference-guide-en.html#text-sequencer",,,
3076,MODE-947,"ModeShape documentation for sequencers misses important details. The user should see output from sequence process - there should be an example of graph structure created in repository after sequence process, so the users can better figure out what nodes are created after sequencing is done. Currently only TEIID sequencer, Image sequencer, DDL sequencer and Java Class/Source file provide this information.",,,
3084,MODE-931,"The federation connector is configured to use the following projection rule
<mode:projectionRules>/source1 => /a</mode:projectionRules>

The source repository content is
   [testng] Retrieving standalone repository ...
   [testng] /a {jcr:primaryType=nt:unstructured, }
   [testng]     /a/b {jcr:primaryType=nt:unstructured, }
   [testng] /jcr:system {jcr:primaryType=mode:system, }

If I try to access federated repository I get
Unable to find ""/{}a""; lowest existing path is ""/""
org.modeshape.graph.connector.federation.JoinRequestProcessor.setPathNotFound(JoinRequestProcessor.java:400) 
at org.modeshape.graph.connector.federation.JoinRequestProcessor.process(JoinRequestProcessor.java:333) 
at org.modeshape.graph.request.processor.RequestProcessor.process(RequestProcessor.java:284) 
at org.modeshape.graph.connector.federation.JoinRequestProcessor.process(JoinRequestProcessor.java:196) 
at org.modeshape.graph.connector.federation.JoinRequestProcessor.process(JoinRequestProcessor.java:144) 
at org.modeshape.graph.connector.federation.FederatedRepositoryConnection.execute(FederatedRepositoryConnection.java:225) 
at org.modeshape.graph.connector.RepositoryConnectionPool$ConnectionWrapper.execute(RepositoryConnectionPool.java:1129) 
at org.modeshape.graph.request.CompositeRequestChannel$2.call(CompositeRequestChannel.java:193) 
at org.modeshape.graph.request.CompositeRequestChannel$2.call(CompositeRequestChannel.java:183) 
at java.util.concurrent.FutureTask$Sync.innerRun(FutureTask.java:303) 
at java.util.concurrent.FutureTask.run(FutureTask.java:138) 
at java.util.concurrent.ThreadPoolExecutor$Worker.runTask(ThreadPoolExecutor.java:886) 
at java.util.concurrent.ThreadPoolExecutor$Worker.run(ThreadPoolExecutor.java:908) 
at java.lang.Thread.run(Thread.java:619) 
1 lines not shown 

If projection rule is changed to
<mode:projectionRules>/source1 => /</mode:projectionRules>

Then the federated repository correctly displays content as
   [testng] Retrieving standalone repository ...
   [testng] /source1 {jcr:primaryType=nt:unstructured, }
   [testng]     /source1/a {jcr:primaryType=nt:unstructured, }
   [testng]         /source1/a/b {jcr:primaryType=nt:unstructured, }
   [testng] /jcr:system {jcr:primaryType=mode:system, }


",,,
3088,MODE-831,"Running the jbossas deployment of the WEBDAV with the default files.   Trying to connect to the server using the Mac OS option to connect to server:  http://localhost:8080/resources-modeshape-webav

Attached is the stacktrace.",,,
3096,MODE-702,"Pointing the JPA connector to an Apache Derby database fails on start-up as the @GeneratedValue( strategy = GenerationType.AUTO ) chooses a generation strategy of TABLE.  The insert into ... select named query in SubgraphNodeEntity does not work with this strategy,",,,
3097,MODE-497,"Several activities should make use of the Java SecurityManager to ensure the caller has the appropriate privileges to perform the activity.  These activities should be wrapped in a block such as the following:

String lineSeparator = java.security.AccessController.doPrivileged(
    new java.security.PrivilegedAction<String>() {
        public String run() {
            return System.getProperty(""line.separator"");
        }
    }
 );

obviously with the correct generic type for whatever is being returned from the run.  (Nice and concise, huh? Ugh.)

We need to go through all of the (non-test) code and add this checking (if it is not already there) when the following types of activities are performed:
- System.getProperty
- System.setProperty
- Thread.currentThread().getContextClassLoader()
- All code executed via reflection",,,
