,issue_id,issue_comments,issue_desc,created_at,closed_at
81,UNDERTOW-1839,"On certain specific scenarios, this could lead to a server crash.",,,
95,UNDERTOW-1828,NoData,,,
100,UNDERTOW-1827,"If we don't bumpTimeout on requestStarted, we risk having the timeout expiring right after a new request is done, which is a bug.",,,
101,UNDERTOW-1820,See more information in the PR: https://github.com/undertow-io/undertow/pull/991,,,
103,UNDERTOW-1817,NoData,,,
105,UNDERTOW-1816,"If a GET or POST with no body is sent via HTTPS with an Expect: 100-continue header, then it is silently closed with no response.  Tracing clarifies this is from HttpServerConnection.terminateRequestChannel so relates to the CVE-2020-10705 fix:
{code}
TRACE [io.undertow.request.io] (default task-3) Exception closing read side of SSL channel: javax.net.ssl.SSLException: Inbound closed before receiving peer's close_notify: possible truncation attack?
	at sun.security.ssl.Alerts.getSSLException(Alerts.java:208)
	at sun.security.ssl.SSLEngineImpl.fatal(SSLEngineImpl.java:1647)
	at sun.security.ssl.SSLEngineImpl.fatal(SSLEngineImpl.java:1615)
	at sun.security.ssl.SSLEngineImpl.closeInbound(SSLEngineImpl.java:1542)
	at io.undertow.protocols.ssl.SslConduit.notifyReadClosed(SslConduit.java:628)
	at io.undertow.protocols.ssl.SslConduit.terminateReads(SslConduit.java:219)
	at org.xnio.conduits.AbstractSourceConduit.terminateReads(AbstractSourceConduit.java:42)
	at org.xnio.conduits.AbstractSourceConduit.terminateReads(AbstractSourceConduit.java:42)
	at org.xnio.conduits.ConduitStreamSourceChannel.close(ConduitStreamSourceChannel.java:168)
	at org.xnio.IoUtils.safeClose(IoUtils.java:152)
	at io.undertow.server.protocol.http.HttpServerConnection.terminateRequestChannel(HttpServerConnection.java:149)
{code}
A plain HTTP connection still gives a response.",,,
115,UNDERTOW-1815,"The [PathResourceManager.java|https://github.com/undertow-io/undertow/blob/2.2.2.Final/core/src/main/java/io/undertow/server/handlers/resource/PathResourceManager.java] does a file operation, catches Exception e and includes a SecurityException in the regular logic.
A SecurityException MUST brake the system and stop regular operation. I will provide a fix soon.

{code:java}
    public Resource getResource(final String p) {
//...
        } catch (Exception e) {
            UndertowLogger.REQUEST_LOGGER.debugf(e, ""Invalid path %s"", p);
            return null;
        }
    }
{code}

",,,
116,UNDERTOW-1814,"The [PathResourceManager.java|https://github.com/undertow-io/undertow/blob/2.1.4.Final/core/src/main/java/io/undertow/server/handlers/resource/PathResourceManager.java] does a file operation, catches Exception e and includes a SecurityException in the regular logic.
 A SecurityException MUST brake the system and stop regular operation. I will provide a fix soon.
{code:java}
    public Resource getResource(final String p) {
//...
        } catch (Exception e) {
            UndertowLogger.REQUEST_LOGGER.debugf(e, ""Invalid path %s"", p);
            return null;
        }
    }
{code}",,,
117,UNDERTOW-1813,"The [PathResourceManager.java|https://github.com/undertow-io/undertow/blob/2.0.32.Final/core/src/main/java/io/undertow/server/handlers/resource/PathResourceManager.java] does a file operation, catches Exception e and includes a SecurityException in the regular logic.
A SecurityException MUST brake the system and stop regular operation. I will provide a fix soon.

{code:java}
    public Resource getResource(final String p) {
//...
        } catch (Exception e) {
            UndertowLogger.REQUEST_LOGGER.debugf(e, ""Invalid path %s"", p);
            return null;
        }
    }
{code}

",,,
118,UNDERTOW-1812,"TLSv1.3 does not support renegotiation at all, however it has an extension for post-handshake authentication that java has not implemented. Unfortunately servers using http/2 are required not to support it! Additional information can be found here: [https://bugs.openjdk.java.net/browse/JDK-8206923]",,,
119,UNDERTOW-1807,"InetSocketAddress.toString changed in this release, so the test must normalize values across runtime versions.

For context, see
[https://bugs.openjdk.java.net/browse/JDK-8225499]
[https://mail.openjdk.java.net/pipermail/net-dev/2019-June/012741.html]",,,
120,UNDERTOW-1806,"If a HTTP/2 connection is closed by the remote client (or RST_STREAM is sent), then the completion listener is currently directly invoked by the IO thread.

 

This is problematic as the request might be 'owned' by a different thread, which means that the exchange state can change while the other thread is working on it.

 

This is particularly problematic for the reverse proxy, as if the exchange is ended the connection is returned to the pool, even though it is still processing. Another request can then get allocating this connection, and the request will need to wait until the first backend request has finished.

 

 ",,,
123,UNDERTOW-1795,We used to sort cookies according to name before. We should continue to do so.,,,
128,UNDERTOW-1791,"I have found that my Undertow-based proxy doesn't work for TLS-based connections after I have updated to Java 15 - every request now throws an exception. In Java 13 this worked fine. Non-TLS connections works fine also in Java 15.

 

Java version from [https://bell-sw.com/] .

openjdk version ""15"" 2020-09-15
OpenJDK Runtime Environment (build 15+36)
OpenJDK 64-Bit Server VM (build 15+36, mixed mode, sharing)

 

Error message:

[XNIO-2 I/O-2] ERROR org.xnio.listener - XNIO001007: A channel event listener threw an exception[XNIO-2 I/O-2] ERROR org.xnio.listener - XNIO001007: A channel event listener threw an exceptionjava.lang.UnsupportedOperationException: This method is deprecated and marked for removal. Use the getPeerCertificates() method instead. at java.base/javax.net.ssl.SSLSession.getPeerCertificateChain(SSLSession.java:295) at io.undertow.server.protocol.http2.Http2SslSessionInfo.getPeerCertificateChain(Http2SslSessionInfo.java:76) at io.undertow.server.handlers.proxy.ProxyHandler$ProxyAction.run(ProxyHandler.java:551) at io.undertow.util.SameThreadExecutor.execute(SameThreadExecutor.java:35) at io.undertow.server.HttpServerExchange.dispatch(HttpServerExchange.java:826) at io.undertow.server.handlers.proxy.ProxyHandler$ProxyClientHandler.completed(ProxyHandler.java:335) at io.undertow.server.handlers.proxy.ProxyHandler$ProxyClientHandler.completed(ProxyHandler.java:309) at io.undertow.server.handlers.proxy.ProxyConnectionPool.connectionReady(ProxyConnectionPool.java:353) at io.undertow.server.handlers.proxy.ProxyConnectionPool.access$900(ProxyConnectionPool.java:61) at io.undertow.server.handlers.proxy.ProxyConnectionPool$2.completed(ProxyConnectionPool.java:287) at io.undertow.server.handlers.proxy.ProxyConnectionPool$2.completed(ProxyConnectionPool.java:274) at io.undertow.client.http2.Http2ClientProvider$4.handleEvent(Http2ClientProvider.java:138) at io.undertow.client.http2.Http2ClientProvider$4.handleEvent(Http2ClientProvider.java:135) at io.undertow.client.ALPNClientSelector$2.handleSelected(ALPNClientSelector.java:125) at io.undertow.client.ALPNClientSelector$2.handleEvent(ALPNClientSelector.java:83) at io.undertow.client.ALPNClientSelector$2.handleEvent(ALPNClientSelector.java:77) at org.xnio.ChannelListeners.invokeChannelListener(ChannelListeners.java:92) at org.xnio.conduits.ReadReadyHandler$ChannelListenerHandler.readReady(ReadReadyHandler.java:66) at io.undertow.protocols.ssl.SslConduit$SslReadReadyHandler.readReady(SslConduit.java:1211) at io.undertow.protocols.ssl.SslConduit$1.run(SslConduit.java:180) at org.xnio.nio.WorkerThread.safeRun(WorkerThread.java:612) at org.xnio.nio.WorkerThread.run(WorkerThread.java:479)",,,
134,UNDERTOW-1788,%r and %U in the access log still output the forwarded URL if the forwarded URL is then dispatched to error page.  This flow results in RequestDispatcher.FORWARD_REQUEST_URI containing the original URI and RequestDispatcher.ERROR_REQUEST_URI containing the forwarded URI that hit the error.  ServletRequestURLAttribute prefers returning the ERROR_REQUEST_URI first to cause that so it should return the FORWARD_REQUEST_URI first instead.,,,
135,UNDERTOW-1787,"When undertow/EAP is behind an apache proxy (ProxyPass directive, using the SSLHeaderHandler to recover SSL information from the headers) there are several issues:

1. The [session ID is obtained decoding a base64 from the header SSL_SESSION_ID value|https://github.com/undertow-io/undertow/blob/2.2.0.Final/core/src/main/java/io/undertow/server/BasicSSLSessionInfo.java#L131] but this header is not a base64 is just an hex array (see [apache doc|https://httpd.apache.org/docs/2.4/mod/mod_ssl.html#envvars]). So the session id is incorrectly set.

2. Related to the previous one although not related to the proxy setting, the attribute {{javax.servlet.request.ssl_session_id}} is by spec a String but [undertow is setting just the byte array|https://github.com/undertow-io/undertow/blob/2.2.0.Final/servlet/src/main/java/io/undertow/servlet/handlers/security/SSLInformationAssociationHandler.java#L125]. The old jbossweb (EAP 6) returned also the hex dump of the byte array.

In EAP 6 the returned attribute is just an HEX dump of the byte array:
{noformat}
SSL Session ID: 2105840a61cd715fb9feeddbdd60badd73ed194c715c4bc5fa0a8c6503912799
{noformat}

But in EAP 7.3 is the byte array itself:
{noformat}
SSL Session ID: [B@6057a05
{noformat}

3. The attribute {{javax.servlet.request.key_size}} is also sent by the apache proxy in the header SSL_CIPHER_USEKEYSIZE. Right now it is not taken into account and that spec attribute is always 0 when undertow is behind an apache proxy. This was also OK in EAP 6 / jbossweb.

4. Finally the attribute {{javax.servlet.request.X509Certificate}} is set to the certificate in the connection if the proxy sends ""(null)"" in the header SSL_CLIENT_CERT. The apache proxy can be configured to request the certificate as optional, and when the final client did not send any certificate, teh proxy sends ""(null)"" in SSL_CLIENT_CERT. Right now it defaults to connection (and it can show the certificate configured in the apache server, the one configured in the proxy to communicate with the undertow server, which is wrong).
",,,
150,UNDERTOW-1782,"The exception can be seen when using EJB over SSL in WildFly as explained in WFLY-13748.

{code}
2020-07-31 08:46:47,731 INFO [org.wildfly.naming] [RegistrationStateChangeNotification-pool-27-thread-1] WildFly Naming version 1.0.12.Final
2020-07-31 08:46:47,786 INFO [org.wildfly.security] [RegistrationStateChangeNotification-pool-27-thread-1] ELY00001: WildFly Elytron version 1.11.4.Final
2020-07-31 08:46:47,826 INFO [org.xnio] [RegistrationStateChangeNotification-pool-27-thread-1] XNIO version 3.7.7.Final
2020-07-31 08:46:47,837 INFO [org.xnio.nio] [RegistrationStateChangeNotification-pool-27-thread-1] XNIO NIO Implementation Version 3.7.7.Final
2020-07-31 08:46:47,868 INFO [org.jboss.threads] [RegistrationStateChangeNotification-pool-27-thread-1] JBoss Threads version 2.3.3.Final
2020-07-31 08:46:48,004 INFO [org.jboss.remoting] [RegistrationStateChangeNotification-pool-27-thread-1] JBoss Remoting version 5.0.17.Final
2020-07-31 08:46:48,045 INFO [org.jboss.ejb.client] [RegistrationStateChangeNotification-pool-27-thread-1] JBoss EJB Client version 4.0.30.Final
2020-07-31 08:46:48,206 ERROR [com.application.lifecycle.internal.dataservice.ServiceImpl] [RegistrationStateChangeNotification-pool-27-thread-1] RemoteException while accessing ServiceRemote on cluster: Error; nested exception is:
java.io.IOException: java.lang.IllegalArgumentException: Contains non-LDH ASCII characters
java.rmi.RemoteException: Error; nested exception is:
java.io.IOException: java.lang.IllegalArgumentException: Contains non-LDH ASCII characters
at org.jboss.ejb.client.EJBInvocationHandler.invoke(EJBInvocationHandler.java:219)
at org.jboss.ejb.client.EJBInvocationHandler.invoke(EJBInvocationHandler.java:125)
at com.sun.proxy.$Proxy12.register(Unknown Source)
at com.application.lifecycle.internal.dataservice.ServiceImpl$1.exec(ServiceImpl.java:41)
at com.application.lifecycle.internal.dataservice.ServiceImpl$1.exec(ServiceImpl.java:38)
at com.service.remoteservice.AbstractStatelessRemoteServiceProxy.exec(AbstractStatelessRemoteServiceProxy.java:128)
at com.application.lifecycle.internal.dataservice.ServiceImpl.register(ServiceImpl.java:38)
at com.application.lifecycle.internal.model.BusinessTierClusterModelImpl.register(BusinessTierClusterModelImpl.java:94)
at com.application.lifecycle.internal.action.RegisterAction.execute(RegisterAction.java:51)
at com.af.app.action.DefaultActionManager.executeRequest(DefaultActionManager.java:176)
at com.service.message.DelegatingMessageReceiver.delegate(DelegatingMessageReceiver.java:68)
at com.service.message.DelegatingMessageReceiver.receive(DelegatingMessageReceiver.java:50)
at com.af.app.message.DefaultMessageReceiver.execute(DefaultMessageReceiver.java:65)
at com.af.app.action.DefaultActionManager.executeRequest(DefaultActionManager.java:176)
at com.af.app.message.DefaultMessageReceiver.onMessage(DefaultMessageReceiver.java:154)
at com.af.app.impl.LocalMessageSenderImpl$SenderRunnable.run(LocalMessageSenderImpl.java:189)
at java.util.concurrent.ThreadPoolExecutor.runWorker(ThreadPoolExecutor.java:1149)
at java.util.concurrent.ThreadPoolExecutor$Worker.run(ThreadPoolExecutor.java:624)
at java.lang.Thread.run(Thread.java:748)
Caused by: java.io.IOException: java.lang.IllegalArgumentException: Contains non-LDH ASCII characters
at io.undertow.protocols.ssl.UndertowXnioSsl$StreamConnectionChannelListener.handleEvent(UndertowXnioSsl.java:450)
at io.undertow.protocols.ssl.UndertowXnioSsl$StreamConnectionChannelListener.handleEvent(UndertowXnioSsl.java:416)
at org.xnio.ChannelListeners.invokeChannelListener(ChannelListeners.java:92)
at org.xnio.nio.WorkerThread$ConnectHandle.handleReady(WorkerThread.java:333)
at org.xnio.nio.WorkerThread.run(WorkerThread.java:591)
Caused by: java.lang.IllegalArgumentException: Contains non-LDH ASCII characters
at java.net.IDN.toASCIIInternal(IDN.java:296)
at java.net.IDN.toASCII(IDN.java:122)
at javax.net.ssl.SNIHostName.<init>(SNIHostName.java:99)
at io.undertow.protocols.ssl.UndertowXnioSsl$StreamConnectionChannelListener.handleEvent(UndertowXnioSsl.java:434)
.. 4 more
2020-07-31 08:46:48,208 WARN [com.application.lifecycle.internal.action.RegisterAction] [RegistrationStateChangeNotification-pool-27-thread-1] Failed to register with business tier. Retrying in 10 seconds.
com.Exception: RemoteException while accessing ServiceRemote on cluster
at com.service.remoteservice.AbstractStatelessRemoteServiceProxy.handleRemoteException(AbstractStatelessRemoteServiceProxy.java:112)
at com.service.remoteservice.AbstractStatelessRemoteServiceProxy.exec(AbstractStatelessRemoteServiceProxy.java:130)
at com.application.lifecycle.internal.dataservice.ServiceImpl.register(ServiceImpl.java:38)
at com.application.lifecycle.internal.model.BusinessTierClusterModelImpl.register(BusinessTierClusterModelImpl.java:94)
at com.application.lifecycle.internal.action.RegisterAction.execute(RegisterAction.java:51)
at com.af.app.action.DefaultActionManager.executeRequest(DefaultActionManager.java:176)
at com.service.message.DelegatingMessageReceiver.delegate(DelegatingMessageReceiver.java:68)
at com.service.message.DelegatingMessageReceiver.receive(DelegatingMessageReceiver.java:50)
at com.af.app.message.DefaultMessageReceiver.execute(DefaultMessageReceiver.java:65)
at com.af.app.action.DefaultActionManager.executeRequest(DefaultActionManager.java:176)
at com.af.app.message.DefaultMessageReceiver.onMessage(DefaultMessageReceiver.java:154)
at com.af.app.impl.LocalMessageSenderImpl$SenderRunnable.run(LocalMessageSenderImpl.java:189)
at java.util.concurrent.ThreadPoolExecutor.runWorker(ThreadPoolExecutor.java:1149)
at java.util.concurrent.ThreadPoolExecutor$Worker.run(ThreadPoolExecutor.java:624)
at java.lang.Thread.run(Thread.java:748)
Caused by: java.rmi.RemoteException: Error; nested exception is:
java.io.IOException: java.lang.IllegalArgumentException: Contains non-LDH ASCII characters
at org.jboss.ejb.client.EJBInvocationHandler.invoke(EJBInvocationHandler.java:219)
at org.jboss.ejb.client.EJBInvocationHandler.invoke(EJBInvocationHandler.java:125)
at com.sun.proxy.$Proxy12.register(Unknown Source)
at com.application.lifecycle.internal.dataservice.ServiceImpl$1.exec(ServiceImpl.java:41)
at com.application.lifecycle.internal.dataservice.ServiceImpl$1.exec(ServiceImpl.java:38)
at com.service.remoteservice.AbstractStatelessRemoteServiceProxy.exec(AbstractStatelessRemoteServiceProxy.java:128)
.. 13 more
Caused by: java.io.IOException: java.lang.IllegalArgumentException: Contains non-LDH ASCII characters
at io.undertow.protocols.ssl.UndertowXnioSsl$StreamConnectionChannelListener.handleEvent(UndertowXnioSsl.java:450)
at io.undertow.protocols.ssl.UndertowXnioSsl$StreamConnectionChannelListener.handleEvent(UndertowXnioSsl.java:416)
at org.xnio.ChannelListeners.invokeChannelListener(ChannelListeners.java:92)
at org.xnio.nio.WorkerThread$ConnectHandle.handleReady(WorkerThread.java:333)
at org.xnio.nio.WorkerThread.run(WorkerThread.java:591)
Caused by: java.lang.IllegalArgumentException: Contains non-LDH ASCII characters
at java.net.IDN.toASCIIInternal(IDN.java:296)
at java.net.IDN.toASCII(IDN.java:122)
at javax.net.ssl.SNIHostName.<init>(SNIHostName.java:99)
at io.undertow.protocols.ssl.UndertowXnioSsl$StreamConnectionChannelListener.handleEvent(UndertowXnioSsl.java:434)
.. 4 more
{code}",,,
151,UNDERTOW-1779,Some fields in Http2Channel can be marked final because they never change.,,,
152,UNDERTOW-1773,SessionListeners does not invoke next listener if a listener throws an exception.  This also causes a leak with a distributed cache as expired sessions are not effectively cleaned up after a listener exception.,,,
153,UNDERTOW-1772,"Listeners are currently initialized eagerly and even before any servlet container initializers were created/executed. This prevents Weld integration and subsequently makes it impossible to perform injection into listeners because Weld attempts to register [{{EnhancedListener}}|https://github.com/weld/core/blob/3.1/environments/servlet/core/src/main/java/org/jboss/weld/environment/servlet/EnhancedListener.java] (implementing {{ServletContainerInitializer}}) in order to bootstrap and only after that it is able to serve Undertow bean instances of listeners.

 
This has been hidden bug for a long time as [Weld test|https://github.com/weld/core/blob/3.1/environments/servlet/core/src/test/java/org/jboss/weld/environment/servlet/undertow/UndertowSmokeTest.java] verifying this was using very old Undertow version where this worked.

I've gone over the details with [~flaviarnn] via Zulip and I'll send a PR shortly.",,,
170,UNDERTOW-1766,NoData,,,
171,UNDERTOW-1763,"DefaultAccessLogReceiver may throw ""IOException: Stream closed"" or NullPointerException due to a concurrency issue between DefaultAccessLogReceiver#run() and DefaultAccessLogReceiver#close().

If DefaultAccessLogReceiver#close() is invoked while another task thread is executing inside the ""finally"" clause of DefaultAccessLogReceiver#run(), there's a concurrency issue that allows multiple task threads execute run() in parallel.

This can cause the following ""java.io.IOException: Stream closed"" or NullPointerException inside run() or writeMessage():

{code}
ERROR [io.undertow] (default task-1) UT005016: Error writing access log: java.io.IOException: Stream closed
	at java.io.BufferedWriter.ensureOpen(BufferedWriter.java:116)
	at java.io.BufferedWriter.write(BufferedWriter.java:221)
	at java.io.Writer.write(Writer.java:157)
	at io.undertow.server.handlers.accesslog.DefaultAccessLogReceiver.writeMessage(DefaultAccessLogReceiver.java:245)
	at io.undertow.server.handlers.accesslog.DefaultAccessLogReceiver.run(DefaultAccessLogReceiver.java:188)
	at org.jboss.threads.ContextClassLoaderSavingRunnable.run(ContextClassLoaderSavingRunnable.java:35)
	at org.jboss.threads.EnhancedQueueExecutor.safeRun(EnhancedQueueExecutor.java:1982)
	at org.jboss.threads.EnhancedQueueExecutor$ThreadBody.doRunTask(EnhancedQueueExecutor.java:1486)
	at org.jboss.threads.EnhancedQueueExecutor$ThreadBody.run(EnhancedQueueExecutor.java:1377)
	at java.lang.Thread.run(Thread.java:748)
{code}

{code}
ERROR [org.jboss.threads.errors] (default task-1) Thread Thread[default task-1,5,main] threw an uncaught exception: java.lang.NullPointerException
	at io.undertow.server.handlers.accesslog.DefaultAccessLogReceiver.writeMessage(DefaultAccessLogReceiver.java:245)
	at io.undertow.server.handlers.accesslog.DefaultAccessLogReceiver.run(DefaultAccessLogReceiver.java:188)
	at org.jboss.threads.ContextClassLoaderSavingRunnable.run(ContextClassLoaderSavingRunnable.java:35)
	at org.jboss.threads.EnhancedQueueExecutor.safeRun(EnhancedQueueExecutor.java:1982)
	at org.jboss.threads.EnhancedQueueExecutor$ThreadBody.doRunTask(EnhancedQueueExecutor.java:1486)
	at org.jboss.threads.EnhancedQueueExecutor$ThreadBody.run(EnhancedQueueExecutor.java:1377)
	at java.lang.Thread.run(Thread.java:748)
{code}

{code}
ERROR [io.undertow] (default task-1) UT005016: Error writing access log: java.io.IOException: Stream closed
	at java.io.BufferedWriter.ensureOpen(BufferedWriter.java:116)
	at java.io.BufferedWriter.flushBuffer(BufferedWriter.java:126)
	at java.io.BufferedWriter.flush(BufferedWriter.java:253)
	at io.undertow.server.handlers.accesslog.DefaultAccessLogReceiver.run(DefaultAccessLogReceiver.java:201)
	at org.jboss.threads.ContextClassLoaderSavingRunnable.run(ContextClassLoaderSavingRunnable.java:35)
	at org.jboss.threads.EnhancedQueueExecutor.safeRun(EnhancedQueueExecutor.java:1982)
	at org.jboss.threads.EnhancedQueueExecutor$ThreadBody.doRunTask(EnhancedQueueExecutor.java:1486)
	at org.jboss.threads.EnhancedQueueExecutor$ThreadBody.run(EnhancedQueueExecutor.java:1377)
	at java.lang.Thread.run(Thread.java:748)
{code}

{code}
ERROR [org.jboss.threads.errors] (default task-1) Thread Thread[default task-3,5,main] threw an uncaught exception: java.lang.NullPointerException
        at io.undertow.server.handlers.accesslog.DefaultAccessLogReceiver.run(DefaultAccessLogReceiver.java:201)
        at org.jboss.threads.ContextClassLoaderSavingRunnable.run(ContextClassLoaderSavingRunnable.java:35)
        at org.jboss.threads.EnhancedQueueExecutor.safeRun(EnhancedQueueExecutor.java:1982)
        at org.jboss.threads.EnhancedQueueExecutor$ThreadBody.doRunTask(EnhancedQueueExecutor.java:1486)
        at org.jboss.threads.EnhancedQueueExecutor$ThreadBody.run(EnhancedQueueExecutor.java:1348)
        at java.lang.Thread.run(Thread.java:748)
{code}

This happens because the ""state"" is reset to 0 (not running) at the beginning of the ""finally"" clause of DefaultAccessLogReceiver#run(). So, if another thread (MSC service thread in EAP/WildFly) invokes DefaultAccessLogReceiver#close() at the same time, it has a possibility to trigger ""logWriteExecutor.execute(this)"" to spawn a new thread that executes run(). (In a normal scenario, ""logWriteExecutor.execute(this)"" needs to be executed here in order to close a writer. So, I think close() itself is fine.)

I think the ""state"" should be set at the end of the finally clause to prevent other threads from entering DefaultAccessLogReceiver#run().

",,,
172,UNDERTOW-1762,"With the jsp-config set for development mode, org.apache.jasper.servlet.JspServletWrapper wraps the ServletException with a JasperException.  io.undertow.servlet.core.ErrorPages.getErrorLocation then does not check the original cause of that JasperException, so it won't find the error page for the original exception type.  So then a config like this cannot work for a custom exception-type in development mode:
{code:java}
 <error-page>
 <exception-type>com.redhat.exception.CustomException</exception-type>
 <location>/error.jsp</location>
 </error-page>{code}
 ",,,
174,UNDERTOW-1746,"These two predicates from undertow are named/implemented backwards.  The ""max"" should be ensuring the provided value is at least *as small or smaller* and the ""min"" should be ensuring the provided value is at least *as big or bigger*.  But here are the descriptions of each one.

*MinContentSizePredicate*
{quote}Predicate that returns true if the Content-Size of a request is below a given value.
{quote}
 
 *MaxContentSizePredicate*
{quote}Predicate that returns true if the Content-Size of a request is above a given value.
{quote}
 So to spell it out, if someone uses the following predicate: 
{quote}max-content-size(5)
{quote}
 That means they are saying the maximum content size is 5 bytes.  So, here's a quick truth table:
 * If content length is *4 bytes* -> should return *true* (under the max)
 * if content length is *5 bytes* -> should return *true* (at the max, but not over)
 * if content length is *6 bytes* -> should return *false* (over the max)

But this is the exact opposite of how these predicates have been implemented.  The javadoc matches the behavior, but not the name.
  
 In order to avoid a breaking change how about we deprecate these, and replace them with 'request-larger-than' and 'request-smaller-than' to make it clearer exactly what is being tested 
  ",,,
180,UNDERTOW-1745,"ExchangeCompletionListener is not invoked for HTTP/2 POST request on HTTP Upgrade based connection. So, AccessLogHandler or RequestDumpingHandler does not work.

ExchangeCompletionListener is triggered after both HttpServerExchange#terminateRequest() and HttpServerExchange#terminateResponse() are invoked. However, HttpServerExchange#terminateRequest() is never invoked for HTTP/2 POST request on HTTP Upgrade based connection. 

This issue does not happen for HTTP/2 request through TLS ALPN, or HTTP/2 GET request on HTTP Upgrade based connection.

Because, HttpServerExchange#terminateRequest() is invoked at [here|https://github.com/undertow-io/undertow/blob/2.1.3.Final/core/src/main/java/io/undertow/server/protocol/http2/Http2ReceiveListener.java#L173-L182] for HTTP/2 request through TLS ALPN. Also, it's invoked at [here|https://github.com/undertow-io/undertow/blob/2.1.3.Final/core/src/main/java/io/undertow/server/protocol/http2/Http2ReceiveListener.java#L238] for HTTP/2 GET request on HTTP Upgrade based connection.

",,,
181,UNDERTOW-1743,"While investigating a [Spring Boot issue|[https://github.com/spring-projects/spring-boot/issues/21557#issuecomment-648819654],] we have identified a regression in Undertow 2.1.2.Final and later that results in request attributes being cleared too soon. This happens when a client closes a connection while the response is still being written. With thanks to Arnaud Heritier for identifying it, I believe that [this commit|https://github.com/undertow-io/undertow/commit/a549027dc129ae61c94c08b046086aa2377c06a6] is the likely cause. The loss of the request attributes prevents Spring Boot from stopping a timer for the request that was stored in the attributes.",,,
184,UNDERTOW-1726,"There was a Java 8 backport of ALPN support in [Java 8 251/252|https://hg.openjdk.java.net/jdk8u/jdk8u41/jdk/rev/b26b096d4c89]. Also see the [release notes|https://www.oracle.com/technetwork/java/javase/8u251-relnotes-5972664.html#JDK-8051498]. The reasoning was explain in an [email|https://mail.openjdk.java.net/pipermail/jdk8u-dev/2019-November/010573.html].

Since these new methods exist on the newest versions of Java 8 there is an attempt to use the {{JDK9AlpnProvider}}. If the {{SSLEngine}} provided however does not implement these methods there would be issues. A property called {{io.undertow.protocols.alpn.jdk8}} will be introduced to disable this check for SSL engines that run on JDK8 and support the new methods.",,,
185,UNDERTOW-1722,"With UNDERTOW-1573, attributes are no longer cleared from requests and we have a leakage when going from Session to Request to request attributes.
Please, see attached image for an example of a stack.
We need to clear attributes after the listeners are invoked so we don't break the fix for UNDERTOW-1573 while still preventing a memory leak.",,,
191,UNDERTOW-1720,If the callback dispatches to another thread that then writes the code designed to prevent overflows can result in two threads writing the same data.,,,
194,UNDERTOW-1719,"When using path parameters in the URL there are some cases that finishes in a wrong URI or Path set:

* /path/somepath;p1/more => Incorrectly assigns HostIncludedInRequestURI and then getRedirectURI strips the first path.
* /some;p1=v1/path;p1=v2/more?q1=v3 => Incorrectly returns the path params in the request Path.

This issue was introduced by UNDERTOW-1464.
",,,
196,UNDERTOW-1717,"Undertow currently returns ""206 Partial Content"" with the ""Content-Length: 0"" when first-byte-pos of the Range request header is equal to the size of the content.

However, RFC 7233 (https://tools.ietf.org/html/rfc7233#section-2.1) states:

{quote}
2.1.  Byte Ranges
   ...(snip)...

   If a valid byte-range-set includes at least one byte-range-spec with a first-byte-pos that is less than the current length of the representation,
   or at least one suffix-byte-range-spec with a non-zero suffix-length, then the byte-range-set is satisfiable.
   Otherwise, the byte-range-set is unsatisfiable.
{quote}

So, ""416 Range Not Satisfiable"" should be returned in this case.

---

As a side note, if you use older Undertow than the version that contains the fix for UNDERTOW-1595, the same NullPointerException as UNDERTOW-1595 happens in this case, too. 
",,,
199,UNDERTOW-1716,"As of JBEAP-16975 / UNDERTOW-1548, http separators are not allowed in V0 cookie value unless io.undertow.legacy.cookie.ALLOW_HTTP_SEPARATORS_IN_V0 is set to true.
So, Undertow truncates the cookie value after any http separators by default (because of being compatible with EAP 6).

However, ""<hostcontroller-name>:<server-name>"" (e.g. master:node1) is added to the JSESSIONID cookie as jvmRoute (instance-id) by default in WildFly domain mode. Hence, colon "":"" (one of http separators) is included in the cookie value. For example:

{code}
JSESSIONID=""WCGWBPJ8DUmv0fvREqVQZb8E6bzW92iHnzysV_q_.master:node1""
{code}

So, the request cookie will be parsed and handled as WCGWBPJ8DUmv0fvREqVQZb8E6bzW92iHnzysV_q_.master (= the cookie value only before colon "":"").

This behavior is still okay when it's working as an application server. Because a cookie value is decoded by [WildFly's CodecSessionConfig|https://github.com/wildfly/wildfly/blob/19.1.0.Final/undertow/src/main/java/org/wildfly/extension/undertow/session/CodecSessionConfig.java#L61] and WildFly handles only the cookie value before period ""."" (WCGWBPJ8DUmv0fvREqVQZb8E6bzW92iHnzysV_q_ in the above example). So, the result is the same regardless of having colon "":"" in after period ""."" in the cookie value. So far so good.

However, this default behavior becomes a problem when WildFly/Undertow runs as a load balancer (configured with <reverse-proxy> or <mod-cluster>). Because Undertow needs to handle the jvmRoute part (master:node1 in the above example) which contains "":"" correctly in the request cookie value to maintain the sticky session.

Let's change Undertow to allow "":"" in the request cookie value regardless of the io.undertow.legacy.cookie.ALLOW_HTTP_SEPARATORS_IN_V0 setting.
",,,
201,UNDERTOW-1713,"isReady may start async IO before the original request has returned, resulting in a resumed + dispatched error message",,,
203,UNDERTOW-1709,"Sending an incorrect AJP request to the AJP listener causes a NPE:
{code}
ERROR [io.undertow.request.io] (default I/O-7) UT005090: Unexpected failure: java.lang.NullPointerException
	at io.undertow.server.HttpServerExchange.closeAndFlushResponse(HttpServerExchange.java:1716)
	at io.undertow.server.HttpServerExchange.endExchange(HttpServerExchange.java:1700)
	at io.undertow.server.protocol.ajp.AjpReadListener.handleEvent(AjpReadListener.java:262)
	at io.undertow.server.protocol.ajp.AjpOpenListener.handleEvent(AjpOpenListener.java:156)
	at io.undertow.server.protocol.ajp.AjpOpenListener.handleEvent(AjpOpenListener.java:56)
	at org.xnio.ChannelListeners.invokeChannelListener(ChannelListeners.java:92)
	at org.xnio.ChannelListeners$10.handleEvent(ChannelListeners.java:291)
	at org.xnio.ChannelListeners$10.handleEvent(ChannelListeners.java:286)
	at org.xnio.ChannelListeners.invokeChannelListener(ChannelListeners.java:92)
	at org.xnio.nio.QueuedNioTcpServer$1.run(QueuedNioTcpServer.java:134)
	at org.xnio.nio.WorkerThread.safeRun(WorkerThread.java:612)
	at org.xnio.nio.WorkerThread.run(WorkerThread.java:479)

{code}

The _getRequestMethod()_ call in [HttpServerExchange|https://github.com/undertow-io/undertow/blob/master/core/src/main/java/io/undertow/server/HttpServerExchange.java#L1716] returns _null_ .

This is a regression in Undertow 2.0.30.SP2. Seems to be caused by the fix for JBEAP-19204",,,
218,UNDERTOW-1703,"The [PathResourceManager.getSymlinkBase()|https://github.com/undertow-io/undertow/blob/2.0.30.Final/core/src/main/java/io/undertow/server/handlers/resource/PathResourceManager.java#L308-L313] method tires to check parent directories in the loop:
{code:java}
        for (int i = nameCount - 1; i>=0; i--) {
            if (Files.isSymbolicLink(f)) {
                return new SymlinkResult(i+1 > rootCount, f);
            }
            f = f.getParent();
        }
{code}
So, when security manager is enabled, there is no way to grant suitable FilePermissions to this, and it will fail the security check if not +<<ALL FILES>>+ is granted.

Propose to move the part:
{code:java}
Files.isSymbolicLink(f)
{code}
in a doPrivileged block once security manager is enabled.
",,,
220,UNDERTOW-1702,"If HTTP request doesn't contain user-agent header, the new SameSiteCookieHandler throws NPE if mode is set to ""None"" and SameSiteNoneIncompatibleClientChecker hasn't been explicitly disabled.

This is because on [SameSiteCookieHandler.java:78|https://github.com/undertow-io/undertow/blob/f1c7d8f380afe84e6639db8c0d87a87639663b83/core/src/main/java/io/undertow/server/handlers/SameSiteCookieHandler.java#L78] passes {{exchange.getRequestHeaders().getFirst(Headers.USER_AGENT)}}  directly to {{io.undertow.util.SameSiteNoneIncompatibleClientChecker}}, which will try to use the possible null value in regex match, which will throw.

I know user-agent is usually included, but it's not strictly required by standard and some non-browser clients might not send it.

Stacktrace:

{noformat}
java.lang.NullPointerException: Cannot invoke ""java.lang.CharSequence.length()"" because ""this.text"" is null
        at java.util.regex.Matcher.getTextLength(Matcher.java:1770) ~[?:?]
        at java.util.regex.Matcher.reset(Matcher.java:416) ~[?:?]
        at java.util.regex.Matcher.<init>(Matcher.java:253) ~[?:?]
        at java.util.regex.Pattern.matcher(Pattern.java:1135) ~[?:?]
        at io.undertow.util.SameSiteNoneIncompatibleClientChecker.isIosVersion(SameSiteNoneIncompatibleClientChecker.java:90) ~[undertow-core-2.1.0.Final.jar:2.1.0.Final]
        at io.undertow.util.SameSiteNoneIncompatibleClientChecker.hasWebKitSameSiteBug(SameSiteNoneIncompatibleClientChecker.java:73) ~[undertow-core-2.1.0.Final.jar:2.1.0.Final]
        at io.undertow.util.SameSiteNoneIncompatibleClientChecker.isSameSiteNoneIncompatible(SameSiteNoneIncompatibleClientChecker.java:68) ~[undertow-core-2.1.0.Final.jar:2.1.0.Final]
        at io.undertow.util.SameSiteNoneIncompatibleClientChecker.shouldSendSameSiteNone(SameSiteNoneIncompatibleClientChecker.java:63) ~[undertow-core-2.1.0.Final.jar:2.1.0.Final]
        at io.undertow.server.handlers.SameSiteCookieHandler$1.beforeCommit(SameSiteCookieHandler.java:78) ~[undertow-core-2.1.0.Final.jar:2.1.0.Final]
{noformat}
",,,
225,UNDERTOW-1685,Very slight test extension for samesite cookie tests.,,,
227,UNDERTOW-1683,"Customer is moving a spring app from netty to EAP 7 and it hits a new UT000146 exception on EAP 7.  They provided a test app that reproduces and this shows spring starts an async request:
{code}
2020-04-14 12:10:09,992 INFO  [stdout] (default task-1) --------------------------->HttpServerExchange.dispatch HttpServerExchange{ POST /testApp/api/v1.0/test} io.undertow.util.SameThreadExecutor@514a0839 io.undertow.servlet.spec.AsyncContextImpl$1@3204dd1c
2020-04-14 12:10:09,992 INFO  [stdout] (default task-1) io.undertow.server.HttpServerExchange.dispatch(HttpServerExchange.java:-1)
2020-04-14 12:10:09,992 INFO  [stdout] (default task-1) io.undertow.servlet.spec.AsyncContextImpl.<init>(AsyncContextImpl.java:109)
2020-04-14 12:10:09,992 INFO  [stdout] (default task-1) io.undertow.servlet.spec.HttpServletRequestImpl.startAsync(HttpServletRequestImpl.java:1036)
2020-04-14 12:10:09,992 INFO  [stdout] (default task-1) org.springframework.http.server.reactive.ServletHttpHandlerAdapter.service(ServletHttpHandlerAdapter.java:166)
{code}
And then right after adds a read listener to the ServletInputStream:
{code}
2020-04-14 12:10:10,079 INFO  [stdout] (default task-1) --------------------------->ServletInputStream.setReadListener org.springframework.http.server.reactive.ServletServerHttpRequest$RequestBodyPublisher$RequestBodyPublisherReadListener@e40187
2020-04-14 12:10:10,079 INFO  [stdout] (default task-1) io.undertow.servlet.spec.ServletInputStreamImpl.setReadListener(ServletInputStreamImpl.java:140)
2020-04-14 12:10:10,080 INFO  [stdout] (default task-1) org.springframework.http.server.reactive.ServletServerHttpRequest$RequestBodyPublisher.registerReadListener(ServletServerHttpRequest.java:282)
2020-04-14 12:10:10,080 INFO  [stdout] (default task-1) org.springframework.http.server.reactive.ServletServerHttpRequest.<init>(ServletServerHttpRequest.java:98)
2020-04-14 12:10:10,080 INFO  [stdout] (default task-1) org.springframework.http.server.reactive.ServletServerHttpRequest.<init>(ServletServerHttpRequest.java:77)
2020-04-14 12:10:10,080 INFO  [stdout] (default task-1) org.springframework.http.server.reactive.ServletHttpHandlerAdapter.createRequest(ServletHttpHandlerAdapter.java:200)
2020-04-14 12:10:10,080 INFO  [stdout] (default task-1) org.springframework.http.server.reactive.ServletHttpHandlerAdapter.service(ServletHttpHandlerAdapter.java:171)
2020-04-14 12:10:10,080 INFO  [stdout] (default task-1) io.undertow.servlet.handlers.ServletHandler.handleRequest(ServletHandler.java:74)
2020-04-14 12:10:10,080 INFO  [stdout] (default task-1) io.undertow.servlet.handlers.security.ServletSecurityRoleHandler.handleRequest(ServletSecurityRoleHandler.java:62)
2020-04-14 12:10:10,080 INFO  [stdout] (default task-1) io.undertow.servlet.handlers.ServletChain$1.handleRequest(ServletChain.java:68)
2020-04-14 12:10:10,080 INFO  [stdout] (default task-1) io.undertow.servlet.handlers.ServletDispatchingHandler.handleRequest(ServletDispatchingHandler.java:36)
{code}
It then lets the request go to more reactor.core application code, resulting in a ServletInputStreamImpl.isReady call.  Undertow throws this exception as a result since it treats this as a resume after a dispatch within the same request cycle since the app never let the request processing fall out to some actual async processing:
{code}
2020-04-14 12:10:10,238 ERROR [org.springframework.web.server.adapter.HttpWebHandlerAdapter] (default task-1) [42d4430f] 500 Server Error for HTTP POST ""/testApp/api/v1.0/test"": java.lang.IllegalStateException: UT000146: HttpServerExchange cannot have both async IO resumed and dispatch() called in the same cycle
	at io.undertow.server.HttpServerExchange$ReadDispatchChannel.resumeReads(HttpServerExchange.java:2142)
	Suppressed: reactor.core.publisher.FluxOnAssembly$OnAssemblyException: 
Error has been observed at the following site(s):
	|_ checkpoint ⇢ HTTP POST ""/testApp/api/v1.0/test"" [ExceptionHandlingWebHandler]
Stack trace:
		at io.undertow.server.HttpServerExchange$ReadDispatchChannel.resumeReads(HttpServerExchange.java:2142)
		at io.undertow.servlet.spec.ServletInputStreamImpl.isReady(ServletInputStreamImpl.java:104)
		at org.springframework.http.server.reactive.ServletServerHttpRequest$RequestBodyPublisher.checkOnDataAvailable(ServletServerHttpRequest.java:287)
		at org.springframework.http.server.reactive.AbstractListenerReadPublisher.changeToDemandState(AbstractListenerReadPublisher.java:222)
		at org.springframework.http.server.reactive.AbstractListenerReadPublisher.access$1000(AbstractListenerReadPublisher.java:48)
		at org.springframework.http.server.reactive.AbstractListenerReadPublisher$State$2.request(AbstractListenerReadPublisher.java:333)
		at org.springframework.http.server.reactive.AbstractListenerReadPublisher$ReadSubscription.request(AbstractListenerReadPublisher.java:260)
		at reactor.core.publisher.MonoCollect$CollectSubscriber.onSubscribe(MonoCollect.java:120)
		at org.springframework.http.server.reactive.AbstractListenerReadPublisher$State$1.subscribe(AbstractListenerReadPublisher.java:301)
		at org.springframework.http.server.reactive.AbstractListenerReadPublisher.subscribe(AbstractListenerReadPublisher.java:105)
		at reactor.core.publisher.FluxSource.subscribe(FluxSource.java:58)
{code}
So seeing that, I could boil this down to a much simpler async servlet implementation that reproduces this with just those 3 noted operations:
{code}
    protected void doPost(HttpServletRequest req, HttpServletResponse resp) throws ServletException, IOException {
        AsyncContext asyncCtx = req.startAsync();
        req.getInputStream().setReadListener(new MyReadListener(asyncCtx, resp, req.getInputStream()));
        System.out.println(req.getInputStream().isReady());
    }
{code}
That reproducer is attached for your reference.  After deploying the helloworld.war, it can be tested like so:
{code}
curl -v -X POST -d 'test' localhost:8080/helloworld/HelloWorld
{code}

Testing elsewhere like on Tomcat 9, I note no issue as well.  So is Undertow incorrect to force this error?",,,
239,UNDERTOW-1678,"Some tests in the testsuite don't respect value of the {{default.server.address}} property that is read by {{io.undertow.testutils.DefaultServer#getHostAddress()}}. As such, in case that one configures this property to some value that matches actual hostname of the machine, these tests simply fail as they continues to expect {{localhost}} value in assertions.

Note: this is only tests issue. Not functional.",,,
244,UNDERTOW-1677,"A WFLYCLWEBUT0002 error occurs in a cross-context request that creates a session when the sub-deployments use session sharing:
{code}
ERROR  [io.undertow.request] (ajp task-1) UT005023: Exception handling request to /: org.apache.jasper.JasperException: javax.servlet.ServletException: javax.servlet.jsp.JspException: java.lang.RuntimeException: org.apache.jasper.JasperException: javax.servlet.ServletException: java.lang.IllegalStateException: WFLYCLWEBUT0002: Session 57_Q1ZxooUX07ReWe1L0DCrmOOW89I6NhDmPKlJZ already exists
    at org.apache.jasper.servlet.JspServletWrapper.handleJspException(JspServletWrapper.java:581) [jastow-2.0.7.Final-redhat-00001.jar:2.0.7.Final-redhat-00001]
    at org.apache.jasper.servlet.JspServletWrapper.service(JspServletWrapper.java:456) [jastow-2.0.7.Final-redhat-00001.jar:2.0.7.Final-redhat-00001]
    at org.apache.jasper.servlet.JspServlet.serviceJspFile(JspServlet.java:403) [jastow-2.0.7.Final-redhat-00001.jar:2.0.7.Final-redhat-00001]
    at org.apache.jasper.servlet.JspServlet.service(JspServlet.java:347) [jastow-2.0.7.Final-redhat-00001.jar:2.0.7.Final-redhat-00001]
    at javax.servlet.http.HttpServlet.service(HttpServlet.java:791) [jboss-servlet-api_4.0_spec-1.0.0.Final-redhat-1.jar:1.0.0.Final-redhat-1]
    at io.undertow.servlet.handlers.ServletHandler.handleRequest(ServletHandler.java:74) [undertow-servlet-2.0.26.SP3-redhat-00001.jar:2.0.26.SP3-redhat-00001]
    at io.undertow.servlet.handlers.FilterHandler$FilterChainImpl.doFilter(FilterHandler.java:129) [undertow-servlet-2.0.26.SP3-redhat-00001.jar:2.0.26.SP3-redhat-00001]
...
Caused by: java.lang.IllegalStateException: WFLYCLWEBUT0002: Session 57_Q1ZxooUX07ReWe1L0DCrmOOW89I6NhDmPKlJZ already exists
    at org.wildfly.clustering.web.undertow.session.DistributableSessionManager.createSession(DistributableSessionManager.java:113)
    at io.undertow.servlet.spec.ServletContextImpl.getSession(ServletContextImpl.java:923) [undertow-servlet-2.0.26.SP3-redhat-00001.jar:2.0.26.SP3-redhat-00001]
    at io.undertow.servlet.spec.HttpServletRequestImpl.getSession(HttpServletRequestImpl.java:418) [undertow-servlet-2.0.26.SP3-redhat-00001.jar:2.0.26.SP3-redhat-00001]
    at io.undertow.servlet.spec.HttpServletRequestImpl.getSession(HttpServletRequestImpl.java:423) [undertow-servlet-2.0.26.SP3-redhat-00001.jar:2.0.26.SP3-redhat-00001]
    at org.apache.jasper.runtime.PageContextImpl.initialize(PageContextImpl.java:137) [jastow-2.0.7.Final-redhat-00001.jar:2.0.7.Final-redhat-00001]
    at org.apache.jasper.runtime.JspFactoryImpl.internalGetPageContext(JspFactoryImpl.java:109) [jastow-2.0.7.Final-redhat-00001.jar:2.0.7.Final-redhat-00001]
    at org.apache.jasper.runtime.JspFactoryImpl.getPageContext(JspFactoryImpl.java:60) [jastow-2.0.7.Final-redhat-00001.jar:2.0.7.Final-redhat-00001]
{code}",,,
248,UNDERTOW-1671,The correct separator is ';',,,
260,UNDERTOW-1664,"This occurs intermittently using this reproducer: https://github.com/carterkozak/http2-reproducer-undertow/tree/master/src/main/java/net/ckozak/repro/two

{noformat}
[XNIO-1 task-97] ERROR io.undertow - UT005085: Connection io.undertow.server.protocol.http2.Http2ServerConnection@5efe40bb for exchange HttpServerExchange{ POST /simple/ping} was not closed cleanly, forcibly closing connection
{noformat}

Both invocations of this log message occur in a block annotated '//defensive programming, should never happen'",,,
261,UNDERTOW-1663,We need to properly handle the BUFFER_OVERFLOW ssl engine result at SslConduit.,,,
262,UNDERTOW-1661,"Using JBoss EAP 7.2.3.GA (embedding Undertow 2.0.15) to render a JSP-based application, we are getting the following exception:

{quote}Caused by: java.lang.IllegalStateException: UT000139: Exchange already complete
	at io.undertow.server.HttpServerExchange.addExchangeCompleteListener(HttpServerExchange.java:941)
	at io.undertow.server.handlers.MetricsHandler.handleRequest(MetricsHandler.java:55)
	at io.undertow.servlet.core.MetricsChainHandler.handleRequest(MetricsChainHandler.java:59)
	at io.undertow.servlet.handlers.ServletInitialHandler.dispatchRequest(ServletInitialHandler.java:274)
	at io.undertow.servlet.handlers.ServletInitialHandler.dispatchToServlet(ServletInitialHandler.java:219)
	at io.undertow.servlet.spec.RequestDispatcherImpl.includeImpl(RequestDispatcherImpl.java:391)
	... 270 more
{quote}

This error message was already addressed in https://issues.redhat.com/browse/UNDERTOW-1078 and is also referenced in the following https://access.redhat.com/solutions/4207321

Disabling the statistics as suggested doesn't help.",,,
265,UNDERTOW-1646,"When uploading files using multi-part encoding, parameter count from request.getParameterMap() and request.getParameterNames() are different.

It seems both methods attempt to filter out FileItem parameters, but the getParameterMap includes the parameter with an empty values list in the returned map.



*Steps to reproduce:*
# deploy attached reproducer
# go to http://localhost:8080/reproducer
# upload file
Expected:
{noformat}
Parameter Map size: 1
Parameter Names count: 1
{noformat}
Actual:
{noformat}
Parameter Map size: 2
Parameter Names count: 1
{noformat}",,,
268,UNDERTOW-1645,"AbstractFramedStreamSourceChannel.lastFrame sets 'state |= STATE_DONE | STATE_CLOSED;' prior to invoking close via 'IoUtils.safeClose(this);'. Setting STATE_CLOSED before the close method is called results in close returning immediately without invoking close listeners or notifying waiters.

I imagine the state update should use 'state|= STATE_DONE;' to allow close to execute normally.",,,
269,UNDERTOW-1644,"The implementation without a timeout checks pendingFrameData.isEmpty, but the implementation with a timeout does not.

This causes calls to awaitReadable(<timeout>) to hang unnecessarily.",,,
270,UNDERTOW-1643,"Worker thread:

{noformat}
""XNIO-1 task-5"" #29 prio=5 os_prio=0 cpu=190.11ms elapsed=79.57s tid=0x00007fc974016800 nid=0x8f5 waiting for monitor entry  [0x00007fc9b552c000]
   java.lang.Thread.State: BLOCKED (on object monitor)
	at io.undertow.server.protocol.framed.AbstractFramedStreamSinkChannel.close(AbstractFramedStreamSinkChannel.java:531)
	- waiting to lock <0x0000000617a06050> (a io.undertow.protocols.http2.Http2HeadersStreamSinkChannel)
	at org.xnio.IoUtils.safeClose(IoUtils.java:134)
	at io.undertow.server.protocol.framed.AbstractFramedChannel.queueFrame(AbstractFramedChannel.java:741)
	at io.undertow.server.protocol.framed.AbstractFramedStreamSinkChannel.queueFinalFrame(AbstractFramedStreamSinkChannel.java:265)
	- locked <0x0000000617a06040> (a java.lang.Object)
	at io.undertow.server.protocol.framed.AbstractFramedStreamSinkChannel.shutdownWrites(AbstractFramedStreamSinkChannel.java:248)
	- locked <0x0000000617a06040> (a java.lang.Object)
	at org.xnio.conduits.StreamSinkChannelWrappingConduit.terminateWrites(StreamSinkChannelWrappingConduit.java:75)
	at org.xnio.conduits.ConduitStreamSinkChannel.shutdownWrites(ConduitStreamSinkChannel.java:178)
	at io.undertow.channels.DetachableStreamSinkChannel.shutdownWrites(DetachableStreamSinkChannel.java:79)
	at io.undertow.io.UndertowOutputStream.close(UndertowOutputStream.java:347)
	at io.undertow.server.HttpServerExchange$DefaultBlockingHttpExchange.close(HttpServerExchange.java:1932)
	at io.undertow.server.HttpServerExchange.endExchange(HttpServerExchange.java:1626)
	at io.undertow.server.Connectors.executeRootHandler(Connectors.java:416)
	at io.undertow.server.HttpServerExchange$1.run(HttpServerExchange.java:830)
	at java.util.concurrent.ThreadPoolExecutor.runWorker(java.base@11.0.5/ThreadPoolExecutor.java:1128)
	at java.util.concurrent.ThreadPoolExecutor$Worker.run(java.base@11.0.5/ThreadPoolExecutor.java:628)
	at java.lang.Thread.run(java.base@11.0.5/Thread.java:834)
{noformat}

I/O thread:


{noformat}
""XNIO-1 I/O-8"" #21 prio=5 os_prio=0 cpu=2207.61ms elapsed=82.85s tid=0x00007fca0469d800 nid=0x857 waiting for monitor entry  [0x00007fc9b633f000]
   java.lang.Thread.State: BLOCKED (on object monitor)
	at io.undertow.server.protocol.framed.AbstractFramedStreamSinkChannel.close(AbstractFramedStreamSinkChannel.java:536)
	- waiting to lock <0x0000000617a06040> (a java.lang.Object)
	- locked <0x0000000617a06050> (a io.undertow.protocols.http2.Http2HeadersStreamSinkChannel)
	at org.xnio.IoUtils.safeClose(IoUtils.java:134)
	at io.undertow.protocols.http2.Http2Channel.closeSubChannels(Http2Channel.java:650)
	at io.undertow.server.protocol.framed.AbstractFramedChannel.close(AbstractFramedChannel.java:839)
	at org.xnio.IoUtils.safeClose(IoUtils.java:134)
	at io.undertow.protocols.http2.Http2Channel.handleBrokenSinkChannel(Http2Channel.java:633)
	at io.undertow.server.protocol.framed.AbstractFramedChannel.markWritesBroken(AbstractFramedChannel.java:895)
	at io.undertow.server.protocol.framed.AbstractFramedChannel.flushSenders(AbstractFramedChannel.java:707)
	- locked <0x0000000617a18100> (a io.undertow.protocols.http2.Http2Channel)
	at io.undertow.server.protocol.framed.AbstractFramedChannel.flush(AbstractFramedChannel.java:754)
	at io.undertow.server.protocol.framed.AbstractFramedChannel.queueFrame(AbstractFramedChannel.java:747)
	at io.undertow.server.protocol.framed.AbstractFramedStreamSinkChannel.queueFinalFrame(AbstractFramedStreamSinkChannel.java:265)
	- locked <0x0000000617a06118> (a java.lang.Object)
	at io.undertow.server.protocol.framed.AbstractFramedStreamSinkChannel.shutdownWrites(AbstractFramedStreamSinkChannel.java:248)
	- locked <0x0000000617a06118> (a java.lang.Object)
	at io.undertow.protocols.http2.Http2Channel.sendGoAway(Http2Channel.java:827)
	at io.undertow.protocols.http2.Http2Channel.handleBrokenSourceChannel(Http2Channel.java:624)
	at io.undertow.server.protocol.framed.AbstractFramedChannel.markReadsBroken(AbstractFramedChannel.java:867)
	at io.undertow.server.protocol.framed.AbstractFramedChannel.receive(AbstractFramedChannel.java:488)
	- locked <0x0000000617a18100> (a io.undertow.protocols.http2.Http2Channel)
	at io.undertow.server.protocol.http2.Http2ReceiveListener.handleEvent(Http2ReceiveListener.java:118)
	at io.undertow.server.protocol.http2.Http2ReceiveListener.handleEvent(Http2ReceiveListener.java:67)
	at org.xnio.ChannelListeners.invokeChannelListener(ChannelListeners.java:92)
	at io.undertow.server.protocol.framed.AbstractFramedChannel$FrameReadListener.handleEvent(AbstractFramedChannel.java:966)
	at io.undertow.server.protocol.framed.AbstractFramedChannel$FrameReadListener.handleEvent(AbstractFramedChannel.java:946)
	at org.xnio.ChannelListeners.invokeChannelListener(ChannelListeners.java:92)
	at org.xnio.conduits.ReadReadyHandler$ChannelListenerHandler.readReady(ReadReadyHandler.java:66)
	at io.undertow.protocols.ssl.SslConduit$SslReadReadyHandler.readReady(SslConduit.java:1176)
	at io.undertow.protocols.ssl.SslConduit$1.run(SslConduit.java:168)
	at org.xnio.nio.WorkerThread.safeRun(WorkerThread.java:582)
	at org.xnio.nio.WorkerThread.run(WorkerThread.java:466)
{noformat}
",,,
272,UNDERTOW-1641,AbstractFramedStreamSinkChannel doesn't interrupt the current thread when InterruptedIOException is thrown,,,
277,UNDERTOW-1639,"Applying timeouts to blocking operations (as described in UNDERTOW-1622) allows us to avoid  waiting forever, but we should avoid getting into this situation entirely if possible.
In practice we've found several http/2 requests a day that should take a few milliseconds get stuck as described, normally while reading data from a small request body.
Unfortunately awaitReadable and awaitWritable block beyond when the connections are closed.",,,
278,UNDERTOW-1638,"While attempting to reproduce a client connection leak I encountered 'UT000091: Buffer has already been freed'.

Note this occurred while running 32 concurrent clients after just over 200,000 total requests.

Handler implementation:

{noformat}
            new BlockingHandler(exchange -> {
                    Thread.sleep(1);
                    exchange.getResponseHeaders().put(Headers.CONTENT_TYPE, ""application/json"");
                    exchange.getOutputStream().write(responseData); // 200kb
                })
{noformat}


{noformat}
13:24:35.528 [XNIO-1 task-38] ERROR io.undertow.request - UT005071: Undertow request failed HttpServerExchange{ POST /simple/ping}
java.lang.IllegalStateException: UT000091: Buffer has already been freed
	at io.undertow.server.DefaultByteBufferPool$DefaultPooledBuffer.getBuffer(DefaultByteBufferPool.java:260)
	at io.undertow.server.protocol.framed.AbstractFramedStreamSinkChannel.sendWriteBuffer(AbstractFramedStreamSinkChannel.java:497)
	at io.undertow.server.protocol.framed.AbstractFramedStreamSinkChannel.handleBufferFull(AbstractFramedStreamSinkChannel.java:485)
	at io.undertow.server.protocol.framed.AbstractFramedStreamSinkChannel.write(AbstractFramedStreamSinkChannel.java:396)
	at org.xnio.conduits.StreamSinkChannelWrappingConduit.write(StreamSinkChannelWrappingConduit.java:61)
	at org.xnio.conduits.ConduitStreamSinkChannel.write(ConduitStreamSinkChannel.java:158)
	at io.undertow.channels.DetachableStreamSinkChannel.write(DetachableStreamSinkChannel.java:179)
	at io.undertow.server.HttpServerExchange$WriteDispatchChannel.write(HttpServerExchange.java:2070)
	at org.xnio.channels.Channels.writeBlocking(Channels.java:152)
	at io.undertow.io.UndertowOutputStream.write(UndertowOutputStream.java:185)
	at io.undertow.io.UndertowOutputStream.write(UndertowOutputStream.java:105)
	at com.palantir.conjure.java.client.jaxrs.Repro.lambda$main$0(Repro.java:75)
	at io.undertow.server.Connectors.executeRootHandler(Connectors.java:376)
	at io.undertow.server.HttpServerExchange$1.run(HttpServerExchange.java:830)
	at java.base/java.util.concurrent.ThreadPoolExecutor.runWorker(ThreadPoolExecutor.java:1128)
	at java.base/java.util.concurrent.ThreadPoolExecutor$Worker.run(ThreadPoolExecutor.java:628)
	at java.base/java.lang.Thread.run(Thread.java:834)
{noformat}
",,,
279,UNDERTOW-1637,"When accessing an application that uses a ""FORM"" based login auth-method, the app root context parg (e.g ""/context"") is not redirected anymore with a trailing slash (e.g to ""/context/"").
This leads the ""J_security_check"" to be checked on the uri path ""/j_security_check"" instead of ""/context/j_security_check"" and hence causing an HTTP-404 Not Found error.
",,,
281,UNDERTOW-1635,"I tested this with Fedora OpenJDK11
{{[INFO] ------------------------------------------------------------------------
[INFO] Reactor Summary for Undertow 2.0.29.Final-SNAPSHOT:
[INFO] 
[INFO] Undertow ........................................... SUCCESS [  1.747 s]
[INFO] Undertow Parser Generator .......................... FAILURE [  3.650 s]
[INFO] Undertow Core ...................................... SKIPPED
[INFO] Undertow Servlet ................................... SKIPPED
[INFO] Undertow WebSockets JSR356 implementations ......... SKIPPED
[INFO] Undertow Examples .................................. SKIPPED
[INFO] Undertow Karaf Features ............................ SKIPPED
[INFO] Undertow Benchmarks ................................ SKIPPED
[INFO] ------------------------------------------------------------------------
[INFO] BUILD FAILURE
[INFO] ------------------------------------------------------------------------
[INFO] Total time:  5.723 s
[INFO] Finished at: 2020-01-04T05:48:56-03:00
[INFO] ------------------------------------------------------------------------
[ERROR] Failed to execute goal org.apache.maven.plugins:maven-javadoc-plugin:3.0.1:jar (attach-javadocs) on project undertow-parser-generator: MavenReportException: Error while generating Javadoc: 
[ERROR] Exit code: 1 - javadoc: error - The code being documented uses modules but the packages defined in https://docs.oracle.com/javase/8/docs/api/ are in the unnamed module.
[ERROR] 
[ERROR] Command line was: /usr/lib/jvm/java-11-openjdk/bin/javadoc @options @packages
[ERROR] 
[ERROR] Refer to the generated Javadoc files in '/home/fla/Development/projects/undertow/parser-generator/target/apidocs' dir.
[ERROR] 
[ERROR] -> [Help 1]
}}",,,
282,UNDERTOW-1634,"When running examples(class Runner) on Windows, annotated classes are not selected because file separator  is not ""/""",,,
284,UNDERTOW-1630,"rewrite rule env is missing, i write config as flowing

RewriteCond %{REQUEST_METHOD} GET [NC]
RewriteRule ^/index.html/ent$ /ent [NE,R,E=original-path:%{REQUEST_PATH}]

but can't get it from request object",,,
285,UNDERTOW-1629,"In release 2.0.28 logging was introduced at level error when a client connection does not succeed to authenticate their client certificate. This can easily fill logs during a malicious attack, can the log level be reduced to debug. (Original change to add the logging was:
[UNDERTOW-1580] Improve EJB over HTTPS logging)",,,
286,UNDERTOW-1627,"RequestEncodingHandler$Builder enables deflate encoding but it does not enable gzip encoding.

Also, RequestEncodingHandler$Builder is not defined in a provider configuration file (core/src/main/resources/META-INF/services/io.undertow.server.handlers.builder.HandlerBuilder), so the handler can not be enabled through this HandlerBuilder.

In addition, I would like to suggest to rename the name of the handler builder ""uncompress"" to a more appropriate one ""uncompress-request"". As the handler builder is not defined in the provider configuration (= it has never been enabled by using the handler builder name), I think this name change does not break compatibility.
",,,
287,UNDERTOW-1624,"There is a check for a loop in the listener triggered by AbstractFramedStreamSinkChannel.resumeWritesInternal:
{code}
                        if (loopCount++ == 100) {
                            //should never happen
                            UndertowLogger.ROOT_LOGGER.listenerNotProgressing();
                            IoUtils.safeClose(AbstractFramedStreamSinkChannel.this);
                            return;
                        }
{code}
This loop count can reach 100 if we are using EJB over HTTP, and close the connection unexpectedly.",,,
288,UNDERTOW-1623,"Testsuite hang:

https://ci.wildfly.org/viewLog.html?buildId=175908&buildTypeId=WF_PullRequest_LinuxSm

{code}
2019-11-22 19:51:16
Full thread dump Java HotSpot(TM) Server VM (25.152-b16 mixed mode):

""Attach Listener"" #223 daemon prio=9 os_prio=0 tid=0xc0af2400 nid=0x40bf waiting on condition [0x00000000]
   java.lang.Thread.State: RUNNABLE

""ServerService Thread Pool -- 78"" #191 prio=5 os_prio=0 tid=0xb8678800 nid=0xb78 waiting on condition [0xbacba000]
   java.lang.Thread.State: WAITING (parking)
	at sun.misc.Unsafe.park(Native Method)
	- parking to wait for  <0xc714cdf8> (a java.util.concurrent.locks.AbstractQueuedSynchronizer$ConditionObject)
	at java.util.concurrent.locks.LockSupport.park(LockSupport.java:175)
	at java.util.concurrent.locks.AbstractQueuedSynchronizer$ConditionObject.await(AbstractQueuedSynchronizer.java:2039)
	at java.util.concurrent.ScheduledThreadPoolExecutor$DelayedWorkQueue.take(ScheduledThreadPoolExecutor.java:1088)
	at java.util.concurrent.ScheduledThreadPoolExecutor$DelayedWorkQueue.take(ScheduledThreadPoolExecutor.java:809)
	at java.util.concurrent.ThreadPoolExecutor.getTask(ThreadPoolExecutor.java:1074)
	at java.util.concurrent.ThreadPoolExecutor.runWorker(ThreadPoolExecutor.java:1134)
	at java.util.concurrent.ThreadPoolExecutor$Worker.run(ThreadPoolExecutor.java:624)
	at java.lang.Thread.run(Thread.java:748)
	at org.jboss.threads.JBossThread.run(JBossThread.java:485)

""pool-13-thread-1"" #162 prio=5 os_prio=0 tid=0xbdad1800 nid=0x8a1 waiting on condition [0xbad0b000]
   java.lang.Thread.State: WAITING (parking)
	at sun.misc.Unsafe.park(Native Method)
	- parking to wait for  <0xe2479960> (a java.util.concurrent.locks.AbstractQueuedSynchronizer$ConditionObject)
	at java.util.concurrent.locks.LockSupport.park(LockSupport.java:175)
	at java.util.concurrent.locks.AbstractQueuedSynchronizer$ConditionObject.await(AbstractQueuedSynchronizer.java:2039)
	at java.util.concurrent.ScheduledThreadPoolExecutor$DelayedWorkQueue.take(ScheduledThreadPoolExecutor.java:1081)
	at java.util.concurrent.ScheduledThreadPoolExecutor$DelayedWorkQueue.take(ScheduledThreadPoolExecutor.java:809)
	at java.util.concurrent.ThreadPoolExecutor.getTask(ThreadPoolExecutor.java:1074)
	at java.util.concurrent.ThreadPoolExecutor.runWorker(ThreadPoolExecutor.java:1134)
	at java.util.concurrent.ThreadPoolExecutor$Worker.run(ThreadPoolExecutor.java:624)
	at java.lang.Thread.run(Thread.java:748)

""ServerService Thread Pool -- 77"" #153 prio=5 os_prio=0 tid=0xc4de7400 nid=0x896 waiting on condition [0xbac69000]
   java.lang.Thread.State: WAITING (parking)
	at sun.misc.Unsafe.park(Native Method)
	- parking to wait for  <0xc714cdf8> (a java.util.concurrent.locks.AbstractQueuedSynchronizer$ConditionObject)
	at java.util.concurrent.locks.LockSupport.park(LockSupport.java:175)
	at java.util.concurrent.locks.AbstractQueuedSynchronizer$ConditionObject.await(AbstractQueuedSynchronizer.java:2039)
	at java.util.concurrent.ScheduledThreadPoolExecutor$DelayedWorkQueue.take(ScheduledThreadPoolExecutor.java:1088)
	at java.util.concurrent.ScheduledThreadPoolExecutor$DelayedWorkQueue.take(ScheduledThreadPoolExecutor.java:809)
	at java.util.concurrent.ThreadPoolExecutor.getTask(ThreadPoolExecutor.java:1074)
	at java.util.concurrent.ThreadPoolExecutor.runWorker(ThreadPoolExecutor.java:1134)
	at java.util.concurrent.ThreadPoolExecutor$Worker.run(ThreadPoolExecutor.java:624)
	at java.lang.Thread.run(Thread.java:748)
	at org.jboss.threads.JBossThread.run(JBossThread.java:485)

""default task-2"" #142 prio=5 os_prio=0 tid=0xc6848800 nid=0x872 waiting on condition [0xbac18000]
   java.lang.Thread.State: WAITING (parking)
	at sun.misc.Unsafe.park(Native Method)
	- parking to wait for  <0xc89b31d8> (a org.jboss.threads.EnhancedQueueExecutor)
	at java.util.concurrent.locks.LockSupport.park(LockSupport.java:175)
	at org.jboss.threads.EnhancedQueueExecutor$ThreadBody.run(EnhancedQueueExecutor.java:1409)
	at java.lang.Thread.run(Thread.java:748)

""default task-1"" #141 prio=5 os_prio=0 tid=0xbc8f1400 nid=0x871 waiting for monitor entry [0xbaa25000]
   java.lang.Thread.State: BLOCKED (on object monitor)
	at io.undertow.server.protocol.framed.AbstractFramedChannel.markWritesBroken(AbstractFramedChannel.java:883)
	- waiting to lock <0xe26b4980> (a io.undertow.protocols.http2.Http2Channel)
	at io.undertow.server.protocol.framed.AbstractFramedStreamSinkChannel.channelForciblyClosed(AbstractFramedStreamSinkChannel.java:562)
	at io.undertow.server.protocol.framed.AbstractFramedStreamSinkChannel.close(AbstractFramedStreamSinkChannel.java:539)
	at org.xnio.IoUtils.safeClose(IoUtils.java:152)
	at io.undertow.server.protocol.framed.AbstractFramedChannel.queueFrame(AbstractFramedChannel.java:728)
	at io.undertow.server.protocol.framed.AbstractFramedStreamSinkChannel.queueFinalFrame(AbstractFramedStreamSinkChannel.java:257)
	- locked <0xe26ef4b8> (a java.lang.Object)
	at io.undertow.server.protocol.framed.AbstractFramedStreamSinkChannel.shutdownWrites(AbstractFramedStreamSinkChannel.java:240)
	- locked <0xe26ef4b8> (a java.lang.Object)
	at io.undertow.protocols.http2.Http2Channel.sendGoAway(Http2Channel.java:822)
	at io.undertow.protocols.http2.Http2Channel.sendGoAway(Http2Channel.java:809)
	at io.undertow.protocols.http2.Http2Channel.removeStreamSink(Http2Channel.java:968)
	at io.undertow.protocols.http2.Http2StreamSinkChannel.channelForciblyClosed(Http2StreamSinkChannel.java:68)
	at io.undertow.protocols.http2.Http2DataStreamSinkChannel.channelForciblyClosed(Http2DataStreamSinkChannel.java:322)
	at io.undertow.server.protocol.framed.AbstractFramedStreamSinkChannel.close(AbstractFramedStreamSinkChannel.java:539)
	at org.xnio.IoUtils.safeClose(IoUtils.java:152)
	at io.undertow.server.protocol.framed.AbstractFramedChannel.queueFrame(AbstractFramedChannel.java:728)
	at io.undertow.server.protocol.framed.AbstractFramedStreamSinkChannel.queueFinalFrame(AbstractFramedStreamSinkChannel.java:257)
	- locked <0xe26b71b0> (a java.lang.Object)
	at io.undertow.server.protocol.framed.AbstractFramedStreamSinkChannel.shutdownWrites(AbstractFramedStreamSinkChannel.java:240)
	- locked <0xe26b71b0> (a java.lang.Object)
	at org.xnio.conduits.StreamSinkChannelWrappingConduit.terminateWrites(StreamSinkChannelWrappingConduit.java:75)
	at org.xnio.conduits.ConduitStreamSinkChannel.shutdownWrites(ConduitStreamSinkChannel.java:178)
	at io.undertow.channels.DetachableStreamSinkChannel.shutdownWrites(DetachableStreamSinkChannel.java:79)
	at io.undertow.io.UndertowOutputStream.close(UndertowOutputStream.java:347)
	at io.undertow.io.UndertowOutputStream.updateWritten(UndertowOutputStream.java:266)
	at io.undertow.io.UndertowOutputStream.write(UndertowOutputStream.java:209)
	at io.undertow.io.UndertowOutputStream.write(UndertowOutputStream.java:105)
	at io.undertow.io.BlockingSenderImpl.send(BlockingSenderImpl.java:131)
	at io.undertow.io.BlockingSenderImpl.send(BlockingSenderImpl.java:166)
	at io.undertow.server.handlers.error.SimpleErrorPageHandler$1.handleDefaultResponse(SimpleErrorPageHandler.java:68)
	at io.undertow.server.HttpServerExchange.endExchange(HttpServerExchange.java:1608)
	at io.undertow.server.Connectors.executeRootHandler(Connectors.java:401)
	at io.undertow.server.HttpServerExchange$1.run(HttpServerExchange.java:830)
	at org.jboss.threads.ContextClassLoaderSavingRunnable.run(ContextClassLoaderSavingRunnable.java:35)
	at org.jboss.threads.EnhancedQueueExecutor.safeRun(EnhancedQueueExecutor.java:1982)
	at org.jboss.threads.EnhancedQueueExecutor$ThreadBody.doRunTask(EnhancedQueueExecutor.java:1486)
	at org.jboss.threads.EnhancedQueueExecutor$ThreadBody.run(EnhancedQueueExecutor.java:1377)
	at java.lang.Thread.run(Thread.java:748)

""expiration-thread--p3-t1"" #131 daemon prio=1 os_prio=0 tid=0xbd8b2400 nid=0x863 waiting on condition [0xbaead000]
   java.lang.Thread.State: TIMED_WAITING (parking)
	at sun.misc.Unsafe.park(Native Method)
	- parking to wait for  <0xe21794d0> (a java.util.concurrent.locks.AbstractQueuedSynchronizer$ConditionObject)
	at java.util.concurrent.locks.LockSupport.parkNanos(LockSupport.java:215)
	at java.util.concurrent.locks.AbstractQueuedSynchronizer$ConditionObject.awaitNanos(AbstractQueuedSynchronizer.java:2078)
	at java.util.concurrent.ScheduledThreadPoolExecutor$DelayedWorkQueue.take(ScheduledThreadPoolExecutor.java:1093)
	at java.util.concurrent.ScheduledThreadPoolExecutor$DelayedWorkQueue.take(ScheduledThreadPoolExecutor.java:809)
	at java.util.concurrent.ThreadPoolExecutor.getTask(ThreadPoolExecutor.java:1074)
	at java.util.concurrent.ThreadPoolExecutor.runWorker(ThreadPoolExecutor.java:1134)
	at java.util.concurrent.ThreadPoolExecutor$Worker.run(ThreadPoolExecutor.java:624)
	at org.jboss.as.clustering.context.ContextReferenceExecutor.execute(ContextReferenceExecutor.java:49)
	at org.jboss.as.clustering.context.ContextualExecutor$1.run(ContextualExecutor.java:70)
	at java.lang.Thread.run(Thread.java:748)

""Reference Reaper #3"" #129 daemon prio=5 os_prio=0 tid=0xc1bee400 nid=0x85e in Object.wait() [0xbbead000]
   java.lang.Thread.State: WAITING (on object monitor)
	at java.lang.Object.wait(Native Method)
	at java.lang.ref.ReferenceQueue.remove(ReferenceQueue.java:143)
	- locked <0xe24ac228> (a java.lang.ref.ReferenceQueue$Lock)
	at java.lang.ref.ReferenceQueue.remove(ReferenceQueue.java:164)
	at org.wildfly.common.ref.References$ReaperThread.run(References.java:76)

""Reference Reaper #2"" #128 daemon prio=5 os_prio=0 tid=0xc012e400 nid=0x85d in Object.wait() [0xbbefe000]
   java.lang.Thread.State: WAITING (on object monitor)
	at java.lang.Object.wait(Native Method)
	at java.lang.ref.ReferenceQueue.remove(ReferenceQueue.java:143)
	- locked <0xe24ac228> (a java.lang.ref.ReferenceQueue$Lock)
	at java.lang.ref.ReferenceQueue.remove(ReferenceQueue.java:164)
	at org.wildfly.common.ref.References$ReaperThread.run(References.java:76)

""Reference Reaper #1"" #127 daemon prio=5 os_prio=0 tid=0xc012d000 nid=0x85c in Object.wait() [0xbc05b000]
   java.lang.Thread.State: WAITING (on object monitor)
	at java.lang.Object.wait(Native Method)
	at java.lang.ref.ReferenceQueue.remove(ReferenceQueue.java:143)
	- locked <0xe24ac228> (a java.lang.ref.ReferenceQueue$Lock)
	at java.lang.ref.ReferenceQueue.remove(ReferenceQueue.java:164)
	at org.wildfly.common.ref.References$ReaperThread.run(References.java:76)

""management task-2"" #125 prio=5 os_prio=0 tid=0xbdcde400 nid=0x83e waiting on condition [0xbc0fd000]
   java.lang.Thread.State: WAITING (parking)
	at sun.misc.Unsafe.park(Native Method)
	- parking to wait for  <0xc8a77ca0> (a org.jboss.threads.EnhancedQueueExecutor)
	at java.util.concurrent.locks.LockSupport.park(LockSupport.java:175)
	at org.jboss.threads.EnhancedQueueExecutor$ThreadBody.run(EnhancedQueueExecutor.java:1409)
	at java.lang.Thread.run(Thread.java:748)

""management task-1"" #124 prio=5 os_prio=0 tid=0xbbf30800 nid=0x83d waiting on condition [0xbc35c000]
   java.lang.Thread.State: WAITING (parking)
	at sun.misc.Unsafe.park(Native Method)
	- parking to wait for  <0xc8a77ca0> (a org.jboss.threads.EnhancedQueueExecutor)
	at java.util.concurrent.locks.LockSupport.park(LockSupport.java:175)
	at org.jboss.threads.EnhancedQueueExecutor$ThreadBody.run(EnhancedQueueExecutor.java:1409)
	at java.lang.Thread.run(Thread.java:748)

""pool-8-thread-1"" #123 prio=5 os_prio=0 tid=0xbbf2e800 nid=0x83c waiting on condition [0xbc3ad000]
   java.lang.Thread.State: WAITING (parking)
	at sun.misc.Unsafe.park(Native Method)
	- parking to wait for  <0xc898fc98> (a java.util.concurrent.locks.AbstractQueuedSynchronizer$ConditionObject)
	at java.util.concurrent.locks.LockSupport.park(LockSupport.java:175)
	at java.util.concurrent.locks.AbstractQueuedSynchronizer$ConditionObject.await(AbstractQueuedSynchronizer.java:2039)
	at java.util.concurrent.ScheduledThreadPoolExecutor$DelayedWorkQueue.take(ScheduledThreadPoolExecutor.java:1081)
	at java.util.concurrent.ScheduledThreadPoolExecutor$DelayedWorkQueue.take(ScheduledThreadPoolExecutor.java:809)
	at java.util.concurrent.ThreadPoolExecutor.getTask(ThreadPoolExecutor.java:1074)
	at java.util.concurrent.ThreadPoolExecutor.runWorker(ThreadPoolExecutor.java:1134)
	at java.util.concurrent.ThreadPoolExecutor$Worker.run(ThreadPoolExecutor.java:624)
	at java.lang.Thread.run(Thread.java:748)

""DeploymentScanner-threads - 2"" #121 prio=5 os_prio=0 tid=0xc3f5a000 nid=0x83a waiting on condition [0xbcaba000]
   java.lang.Thread.State: WAITING (parking)
	at sun.misc.Unsafe.park(Native Method)
	- parking to wait for  <0xc8a64f80> (a java.util.concurrent.locks.AbstractQueuedSynchronizer$ConditionObject)
	at java.util.concurrent.locks.LockSupport.park(LockSupport.java:175)
	at java.util.concurrent.locks.AbstractQueuedSynchronizer$ConditionObject.await(AbstractQueuedSynchronizer.java:2039)
	at java.util.concurrent.ScheduledThreadPoolExecutor$DelayedWorkQueue.take(ScheduledThreadPoolExecutor.java:1088)
	at java.util.concurrent.ScheduledThreadPoolExecutor$DelayedWorkQueue.take(ScheduledThreadPoolExecutor.java:809)
	at java.util.concurrent.ThreadPoolExecutor.getTask(ThreadPoolExecutor.java:1074)
	at java.util.concurrent.ThreadPoolExecutor.runWorker(ThreadPoolExecutor.java:1134)
	at java.util.concurrent.ThreadPoolExecutor$Worker.run(ThreadPoolExecutor.java:624)
	at java.lang.Thread.run(Thread.java:748)
	at org.jboss.threads.JBossThread.run(JBossThread.java:485)

""Transaction Reaper Worker 0"" #120 daemon prio=5 os_prio=0 tid=0xbff57400 nid=0x839 in Object.wait() [0xbcb0b000]
   java.lang.Thread.State: WAITING (on object monitor)
	at java.lang.Object.wait(Native Method)
	at java.lang.Object.wait(Object.java:502)
	at com.arjuna.ats.arjuna.coordinator.TransactionReaper.waitForCancellations(TransactionReaper.java:328)
	- locked <0xe2258890> (a java.util.LinkedList)
	at com.arjuna.ats.internal.arjuna.coordinator.ReaperWorkerThread.run(ReaperWorkerThread.java:65)

""Transaction Reaper"" #119 daemon prio=5 os_prio=0 tid=0xbd84a800 nid=0x837 in Object.wait() [0xbcb5c000]
   java.lang.Thread.State: TIMED_WAITING (on object monitor)
	at java.lang.Object.wait(Native Method)
	at com.arjuna.ats.internal.arjuna.coordinator.ReaperThread.run(ReaperThread.java:90)
	- locked <0xe22586c0> (a com.arjuna.ats.arjuna.coordinator.TransactionReaper)

""Periodic Recovery"" #115 prio=5 os_prio=0 tid=0xbdfe1c00 nid=0x836 in Object.wait() [0xbcbad000]
   java.lang.Thread.State: TIMED_WAITING (on object monitor)
	at java.lang.Object.wait(Native Method)
	at com.arjuna.ats.internal.arjuna.recovery.PeriodicRecovery.doPeriodicWait(PeriodicRecovery.java:683)
	at com.arjuna.ats.internal.arjuna.recovery.PeriodicRecovery.run(PeriodicRecovery.java:403)
	- locked <0xe227f4b8> (a java.lang.Object)

""Transaction Expired Entry Monitor"" #118 daemon prio=5 os_prio=0 tid=0xbdfe0800 nid=0x835 in Object.wait() [0xbcbfe000]
   java.lang.Thread.State: TIMED_WAITING (on object monitor)
	at java.lang.Object.wait(Native Method)
	- waiting on <0xe226f588> (a com.arjuna.ats.internal.arjuna.recovery.ExpiredEntryMonitor)
	at com.arjuna.ats.internal.arjuna.recovery.ExpiredEntryMonitor.run(ExpiredEntryMonitor.java:190)
	- locked <0xe226f588> (a com.arjuna.ats.internal.arjuna.recovery.ExpiredEntryMonitor)

""XNIO-1 Accept"" #117 daemon prio=5 os_prio=0 tid=0xc4261400 nid=0x833 runnable [0xbce6c000]
   java.lang.Thread.State: RUNNABLE
	at sun.nio.ch.EPollArrayWrapper.epollWait(Native Method)
	at sun.nio.ch.EPollArrayWrapper.poll(EPollArrayWrapper.java:269)
	at sun.nio.ch.EPollSelectorImpl.doSelect(EPollSelectorImpl.java:93)
	at sun.nio.ch.SelectorImpl.lockAndDoSelect(SelectorImpl.java:86)
	- locked <0xe21df9e0> (a sun.nio.ch.Util$3)
	- locked <0xe21df9d0> (a java.util.Collections$UnmodifiableSet)
	- locked <0xe21df8d8> (a sun.nio.ch.EPollSelectorImpl)
	at sun.nio.ch.SelectorImpl.select(SelectorImpl.java:97)
	at sun.nio.ch.SelectorImpl.select(SelectorImpl.java:101)
	at org.xnio.nio.WorkerThread.run(WorkerThread.java:532)

""XNIO-1 I/O-1"" #116 daemon prio=5 os_prio=0 tid=0xc4260400 nid=0x832 runnable [0xbcffc000]
   java.lang.Thread.State: RUNNABLE
	at sun.nio.ch.EPollArrayWrapper.epollWait(Native Method)
	at sun.nio.ch.EPollArrayWrapper.poll(EPollArrayWrapper.java:269)
	at sun.nio.ch.EPollSelectorImpl.doSelect(EPollSelectorImpl.java:93)
	at sun.nio.ch.SelectorImpl.lockAndDoSelect(SelectorImpl.java:86)
	- locked <0xe21df3a0> (a sun.nio.ch.Util$3)
	- locked <0xe21df390> (a java.util.Collections$UnmodifiableSet)
	- locked <0xe21df298> (a sun.nio.ch.EPollSelectorImpl)
	at sun.nio.ch.SelectorImpl.select(SelectorImpl.java:97)
	at sun.nio.ch.SelectorImpl.select(SelectorImpl.java:101)
	at org.xnio.nio.WorkerThread.run(WorkerThread.java:532)

""Timer-1"" #114 prio=5 os_prio=0 tid=0xbe20c400 nid=0x82f in Object.wait() [0xbd67a000]
   java.lang.Thread.State: WAITING (on object monitor)
	at java.lang.Object.wait(Native Method)
	- waiting on <0xc8d8bf48> (a java.util.TaskQueue)
	at java.lang.Object.wait(Object.java:502)
	at java.util.TimerThread.mainLoop(Timer.java:526)
	- locked <0xc8d8bf48> (a java.util.TaskQueue)
	at java.util.TimerThread.run(Timer.java:505)

""default Accept"" #113 prio=5 os_prio=0 tid=0xbe023400 nid=0x82e runnable [0xbdb5c000]
   java.lang.Thread.State: RUNNABLE
	at sun.nio.ch.EPollArrayWrapper.epollWait(Native Method)
	at sun.nio.ch.EPollArrayWrapper.poll(EPollArrayWrapper.java:269)
	at sun.nio.ch.EPollSelectorImpl.doSelect(EPollSelectorImpl.java:93)
	at sun.nio.ch.SelectorImpl.lockAndDoSelect(SelectorImpl.java:86)
	- locked <0xc8dabc58> (a sun.nio.ch.Util$3)
	- locked <0xc8dabc48> (a java.util.Collections$UnmodifiableSet)
	- locked <0xc8dabb50> (a sun.nio.ch.EPollSelectorImpl)
	at sun.nio.ch.SelectorImpl.select(SelectorImpl.java:97)
	at sun.nio.ch.SelectorImpl.select(SelectorImpl.java:101)
	at org.xnio.nio.WorkerThread.run(WorkerThread.java:532)

""default I/O-8"" #112 prio=5 os_prio=0 tid=0xbe022000 nid=0x82d runnable [0xbdbad000]
   java.lang.Thread.State: RUNNABLE
	at sun.nio.ch.EPollArrayWrapper.epollWait(Native Method)
	at sun.nio.ch.EPollArrayWrapper.poll(EPollArrayWrapper.java:269)
	at sun.nio.ch.EPollSelectorImpl.doSelect(EPollSelectorImpl.java:93)
	at sun.nio.ch.SelectorImpl.lockAndDoSelect(SelectorImpl.java:86)
	- locked <0xc8dae2b0> (a sun.nio.ch.Util$3)
	- locked <0xc8dae2a0> (a java.util.Collections$UnmodifiableSet)
	- locked <0xc8dae1a8> (a sun.nio.ch.EPollSelectorImpl)
	at sun.nio.ch.SelectorImpl.select(SelectorImpl.java:97)
	at sun.nio.ch.SelectorImpl.select(SelectorImpl.java:101)
	at org.xnio.nio.WorkerThread.run(WorkerThread.java:532)

""default I/O-7"" #111 prio=5 os_prio=0 tid=0xbe020800 nid=0x82c runnable [0xbdbfe000]
   java.lang.Thread.State: RUNNABLE
	at sun.nio.ch.EPollArrayWrapper.epollWait(Native Method)
	at sun.nio.ch.EPollArrayWrapper.poll(EPollArrayWrapper.java:269)
	at sun.nio.ch.EPollSelectorImpl.doSelect(EPollSelectorImpl.java:93)
	at sun.nio.ch.SelectorImpl.lockAndDoSelect(SelectorImpl.java:86)
	- locked <0xc8dae8f8> (a sun.nio.ch.Util$3)
	- locked <0xc8dae8e8> (a java.util.Collections$UnmodifiableSet)
	- locked <0xc8dae7f0> (a sun.nio.ch.EPollSelectorImpl)
	at sun.nio.ch.SelectorImpl.select(SelectorImpl.java:97)
	at org.xnio.nio.WorkerThread.run(WorkerThread.java:551)

""default I/O-6"" #110 prio=5 os_prio=0 tid=0xbe01f000 nid=0x82b runnable [0xbdd69000]
   java.lang.Thread.State: RUNNABLE
	at sun.nio.ch.EPollArrayWrapper.epollWait(Native Method)
	at sun.nio.ch.EPollArrayWrapper.poll(EPollArrayWrapper.java:269)
	at sun.nio.ch.EPollSelectorImpl.doSelect(EPollSelectorImpl.java:93)
	at sun.nio.ch.SelectorImpl.lockAndDoSelect(SelectorImpl.java:86)
	- locked <0xc8db6f50> (a sun.nio.ch.Util$3)
	- locked <0xc8db6f40> (a java.util.Collections$UnmodifiableSet)
	- locked <0xc8db6e48> (a sun.nio.ch.EPollSelectorImpl)
	at sun.nio.ch.SelectorImpl.select(SelectorImpl.java:97)
	at org.xnio.nio.WorkerThread.run(WorkerThread.java:551)

""default I/O-5"" #109 prio=5 os_prio=0 tid=0xbe01c400 nid=0x82a runnable [0xbddba000]
   java.lang.Thread.State: RUNNABLE
	at sun.nio.ch.EPollArrayWrapper.epollWait(Native Method)
	at sun.nio.ch.EPollArrayWrapper.poll(EPollArrayWrapper.java:269)
	at sun.nio.ch.EPollSelectorImpl.doSelect(EPollSelectorImpl.java:93)
	at sun.nio.ch.SelectorImpl.lockAndDoSelect(SelectorImpl.java:86)
	- locked <0xc8db95a8> (a sun.nio.ch.Util$3)
	- locked <0xc8db9598> (a java.util.Collections$UnmodifiableSet)
	- locked <0xc8db94a0> (a sun.nio.ch.EPollSelectorImpl)
	at sun.nio.ch.SelectorImpl.select(SelectorImpl.java:97)
	at sun.nio.ch.SelectorImpl.select(SelectorImpl.java:101)
	at org.xnio.nio.WorkerThread.run(WorkerThread.java:532)

""default I/O-4"" #108 prio=5 os_prio=0 tid=0xbe01b000 nid=0x829 runnable [0xbde0b000]
   java.lang.Thread.State: RUNNABLE
	at sun.nio.ch.EPollArrayWrapper.epollWait(Native Method)
	at sun.nio.ch.EPollArrayWrapper.poll(EPollArrayWrapper.java:269)
	at sun.nio.ch.EPollSelectorImpl.doSelect(EPollSelectorImpl.java:93)
	at sun.nio.ch.SelectorImpl.lockAndDoSelect(SelectorImpl.java:86)
	- locked <0xc8db9bf0> (a sun.nio.ch.Util$3)
	- locked <0xc8db9be0> (a java.util.Collections$UnmodifiableSet)
	- locked <0xc8db9ae8> (a sun.nio.ch.EPollSelectorImpl)
	at sun.nio.ch.SelectorImpl.select(SelectorImpl.java:97)
	at sun.nio.ch.SelectorImpl.select(SelectorImpl.java:101)
	at org.xnio.nio.WorkerThread.run(WorkerThread.java:532)

""default I/O-3"" #107 prio=5 os_prio=0 tid=0xbea2b800 nid=0x828 runnable [0xbde5c000]
   java.lang.Thread.State: RUNNABLE
	at sun.nio.ch.EPollArrayWrapper.epollWait(Native Method)
	at sun.nio.ch.EPollArrayWrapper.poll(EPollArrayWrapper.java:269)
	at sun.nio.ch.EPollSelectorImpl.doSelect(EPollSelectorImpl.java:93)
	at sun.nio.ch.SelectorImpl.lockAndDoSelect(SelectorImpl.java:86)
	- locked <0xc8dba238> (a sun.nio.ch.Util$3)
	- locked <0xc8dba228> (a java.util.Collections$UnmodifiableSet)
	- locked <0xc8dba130> (a sun.nio.ch.EPollSelectorImpl)
	at sun.nio.ch.SelectorImpl.select(SelectorImpl.java:97)
	at sun.nio.ch.SelectorImpl.select(SelectorImpl.java:101)
	at org.xnio.nio.WorkerThread.run(WorkerThread.java:532)

""default I/O-2"" #106 prio=5 os_prio=0 tid=0xbe019800 nid=0x827 runnable [0xbdead000]
   java.lang.Thread.State: RUNNABLE
	at sun.nio.ch.EPollArrayWrapper.epollWait(Native Method)
	at sun.nio.ch.EPollArrayWrapper.poll(EPollArrayWrapper.java:269)
	at sun.nio.ch.EPollSelectorImpl.doSelect(EPollSelectorImpl.java:93)
	at sun.nio.ch.SelectorImpl.lockAndDoSelect(SelectorImpl.java:86)
	- locked <0xc8dba880> (a sun.nio.ch.Util$3)
	- locked <0xc8dba870> (a java.util.Collections$UnmodifiableSet)
	- locked <0xc8dba778> (a sun.nio.ch.EPollSelectorImpl)
	at sun.nio.ch.SelectorImpl.select(SelectorImpl.java:97)
	at sun.nio.ch.SelectorImpl.select(SelectorImpl.java:101)
	at org.xnio.nio.WorkerThread.run(WorkerThread.java:532)

""default I/O-1"" #105 prio=5 os_prio=0 tid=0xbea25400 nid=0x826 waiting for monitor entry [0xbdefe000]
   java.lang.Thread.State: BLOCKED (on object monitor)
	at io.undertow.server.protocol.framed.AbstractFramedStreamSinkChannel.close(AbstractFramedStreamSinkChannel.java:525)
	- waiting to lock <0xe26b71b0> (a java.lang.Object)
	at org.xnio.IoUtils.safeClose(IoUtils.java:152)
	at io.undertow.protocols.http2.Http2Channel.closeSubChannels(Http2Channel.java:645)
	at io.undertow.server.protocol.framed.AbstractFramedChannel.close(AbstractFramedChannel.java:824)
	at org.xnio.IoUtils.safeClose(IoUtils.java:152)
	at io.undertow.protocols.http2.Http2Channel.lastDataRead(Http2Channel.java:593)
	at io.undertow.server.protocol.framed.AbstractFramedChannel.receive(AbstractFramedChannel.java:391)
	- locked <0xe26b4980> (a io.undertow.protocols.http2.Http2Channel)
	at io.undertow.server.protocol.http2.Http2ReceiveListener.handleEvent(Http2ReceiveListener.java:118)
	at io.undertow.server.protocol.http2.Http2ReceiveListener.handleEvent(Http2ReceiveListener.java:67)
	at org.xnio.ChannelListeners.invokeChannelListener(ChannelListeners.java:92)
	at io.undertow.server.protocol.framed.AbstractFramedChannel$FrameReadListener.handleEvent(AbstractFramedChannel.java:950)
	at io.undertow.server.protocol.framed.AbstractFramedChannel$FrameReadListener.handleEvent(AbstractFramedChannel.java:931)
	at org.xnio.ChannelListeners.invokeChannelListener(ChannelListeners.java:92)
	at org.xnio.conduits.ReadReadyHandler$ChannelListenerHandler.readReady(ReadReadyHandler.java:66)
	at org.xnio.nio.NioSocketConduit.handleReady(NioSocketConduit.java:89)
	at org.xnio.nio.WorkerThread.run(WorkerThread.java:591)

""IdleRemover"" #104 daemon prio=5 os_prio=0 tid=0xc0286c00 nid=0x825 waiting on condition [0xbe39d000]
   java.lang.Thread.State: TIMED_WAITING (parking)
	at sun.misc.Unsafe.park(Native Method)
	- parking to wait for  <0xc8dc9790> (a java.util.concurrent.locks.AbstractQueuedSynchronizer$ConditionObject)
	at java.util.concurrent.locks.LockSupport.parkNanos(LockSupport.java:215)
	at java.util.concurrent.locks.AbstractQueuedSynchronizer$ConditionObject.await(AbstractQueuedSynchronizer.java:2163)
	at org.jboss.jca.core.connectionmanager.pool.idle.IdleRemover$IdleRemoverRunner.run(IdleRemover.java:261)
	at java.util.concurrent.ThreadPoolExecutor.runWorker(ThreadPoolExecutor.java:1149)
	at java.util.concurrent.ThreadPoolExecutor$Worker.run(ThreadPoolExecutor.java:624)
	at java.lang.Thread.run(Thread.java:748)

""ConnectionValidator"" #103 daemon prio=5 os_prio=0 tid=0xbf9f8800 nid=0x824 waiting on condition [0xbe3ee000]
   java.lang.Thread.State: TIMED_WAITING (parking)
	at sun.misc.Unsafe.park(Native Method)
	- parking to wait for  <0xc8dc9d78> (a java.util.concurrent.locks.AbstractQueuedSynchronizer$ConditionObject)
	at java.util.concurrent.locks.LockSupport.parkNanos(LockSupport.java:215)
	at java.util.concurrent.locks.AbstractQueuedSynchronizer$ConditionObject.await(AbstractQueuedSynchronizer.java:2163)
	at org.jboss.jca.core.connectionmanager.pool.validator.ConnectionValidator$ConnectionValidatorRunner.run(ConnectionValidator.java:263)
	at java.util.concurrent.ThreadPoolExecutor.runWorker(ThreadPoolExecutor.java:1149)
	at java.util.concurrent.ThreadPoolExecutor$Worker.run(ThreadPoolExecutor.java:624)
	at java.lang.Thread.run(Thread.java:748)

""Timer-0"" #102 prio=5 os_prio=0 tid=0xc01a0400 nid=0x823 in Object.wait() [0xbe53f000]
   java.lang.Thread.State: WAITING (on object monitor)
	at java.lang.Object.wait(Native Method)
	- waiting on <0xc8a73050> (a java.util.TaskQueue)
	at java.lang.Object.wait(Object.java:502)
	at java.util.TimerThread.mainLoop(Timer.java:526)
	- locked <0xc8a73050> (a java.util.TaskQueue)
	at java.util.TimerThread.run(Timer.java:505)

""management Accept"" #92 prio=5 os_prio=0 tid=0xc2b20800 nid=0x820 runnable [0xbe632000]
   java.lang.Thread.State: RUNNABLE
	at sun.nio.ch.EPollArrayWrapper.epollWait(Native Method)
	at sun.nio.ch.EPollArrayWrapper.poll(EPollArrayWrapper.java:269)
	at sun.nio.ch.EPollSelectorImpl.doSelect(EPollSelectorImpl.java:93)
	at sun.nio.ch.SelectorImpl.lockAndDoSelect(SelectorImpl.java:86)
	- locked <0xc8a7f0b0> (a sun.nio.ch.Util$3)
	- locked <0xc8a7f0a0> (a java.util.Collections$UnmodifiableSet)
	- locked <0xc8a7efa8> (a sun.nio.ch.EPollSelectorImpl)
	at sun.nio.ch.SelectorImpl.select(SelectorImpl.java:97)
	at sun.nio.ch.SelectorImpl.select(SelectorImpl.java:101)
	at org.xnio.nio.WorkerThread.run(WorkerThread.java:532)

""management I/O-2"" #90 prio=5 os_prio=0 tid=0xc2b1f000 nid=0x81f runnable [0xbe683000]
   java.lang.Thread.State: RUNNABLE
	at sun.nio.ch.EPollArrayWrapper.epollWait(Native Method)
	at sun.nio.ch.EPollArrayWrapper.poll(EPollArrayWrapper.java:269)
	at sun.nio.ch.EPollSelectorImpl.doSelect(EPollSelectorImpl.java:93)
	at sun.nio.ch.SelectorImpl.lockAndDoSelect(SelectorImpl.java:86)
	- locked <0xc8a7c400> (a sun.nio.ch.Util$3)
	- locked <0xc8a7c3f0> (a java.util.Collections$UnmodifiableSet)
	- locked <0xc8a7c2f8> (a sun.nio.ch.EPollSelectorImpl)
	at sun.nio.ch.SelectorImpl.select(SelectorImpl.java:97)
	at org.xnio.nio.WorkerThread.run(WorkerThread.java:551)

""management I/O-1"" #80 prio=5 os_prio=0 tid=0xc2b1bc00 nid=0x81e runnable [0xbe6d4000]
   java.lang.Thread.State: RUNNABLE
	at sun.nio.ch.EPollArrayWrapper.epollWait(Native Method)
	at sun.nio.ch.EPollArrayWrapper.poll(EPollArrayWrapper.java:269)
	at sun.nio.ch.EPollSelectorImpl.doSelect(EPollSelectorImpl.java:93)
	at sun.nio.ch.SelectorImpl.lockAndDoSelect(SelectorImpl.java:86)
	- locked <0xc8a7ea60> (a sun.nio.ch.Util$3)
	- locked <0xc8a7ea50> (a java.util.Collections$UnmodifiableSet)
	- locked <0xc8a7e958> (a sun.nio.ch.EPollSelectorImpl)
	at sun.nio.ch.SelectorImpl.select(SelectorImpl.java:97)
	at org.xnio.nio.WorkerThread.run(WorkerThread.java:551)

""ServerService Thread Pool -- 40"" #63 prio=5 os_prio=0 tid=0xc0395000 nid=0x7fb waiting on condition [0xbf4c7000]
   java.lang.Thread.State: TIMED_WAITING (parking)
	at sun.misc.Unsafe.park(Native Method)
	- parking to wait for  <0xc714cdf8> (a java.util.concurrent.locks.AbstractQueuedSynchronizer$ConditionObject)
	at java.util.concurrent.locks.LockSupport.parkNanos(LockSupport.java:215)
	at java.util.concurrent.locks.AbstractQueuedSynchronizer$ConditionObject.awaitNanos(AbstractQueuedSynchronizer.java:2078)
	at java.util.concurrent.ScheduledThreadPoolExecutor$DelayedWorkQueue.take(ScheduledThreadPoolExecutor.java:1093)
	at java.util.concurrent.ScheduledThreadPoolExecutor$DelayedWorkQueue.take(ScheduledThreadPoolExecutor.java:809)
	at java.util.concurrent.ThreadPoolExecutor.getTask(ThreadPoolExecutor.java:1074)
	at java.util.concurrent.ThreadPoolExecutor.runWorker(ThreadPoolExecutor.java:1134)
	at java.util.concurrent.ThreadPoolExecutor$Worker.run(ThreadPoolExecutor.java:624)
	at java.lang.Thread.run(Thread.java:748)
	at org.jboss.threads.JBossThread.run(JBossThread.java:485)

""DeploymentScanner-threads - 1"" #61 prio=5 os_prio=0 tid=0xbfb52400 nid=0x7f5 waiting on condition [0xbf569000]
   java.lang.Thread.State: TIMED_WAITING (parking)
	at sun.misc.Unsafe.park(Native Method)
	- parking to wait for  <0xc8a64f80> (a java.util.concurrent.locks.AbstractQueuedSynchronizer$ConditionObject)
	at java.util.concurrent.locks.LockSupport.parkNanos(LockSupport.java:215)
	at java.util.concurrent.locks.AbstractQueuedSynchronizer$ConditionObject.awaitNanos(AbstractQueuedSynchronizer.java:2078)
	at java.util.concurrent.ScheduledThreadPoolExecutor$DelayedWorkQueue.take(ScheduledThreadPoolExecutor.java:1093)
	at java.util.concurrent.ScheduledThreadPoolExecutor$DelayedWorkQueue.take(ScheduledThreadPoolExecutor.java:809)
	at java.util.concurrent.ThreadPoolExecutor.getTask(ThreadPoolExecutor.java:1074)
	at java.util.concurrent.ThreadPoolExecutor.runWorker(ThreadPoolExecutor.java:1134)
	at java.util.concurrent.ThreadPoolExecutor$Worker.run(ThreadPoolExecutor.java:624)
	at java.lang.Thread.run(Thread.java:748)
	at org.jboss.threads.JBossThread.run(JBossThread.java:485)

""ServerService Thread Pool -- 9"" #31 prio=5 os_prio=0 tid=0x0878e000 nid=0x7d3 waiting on condition [0xc18fd000]
   java.lang.Thread.State: WAITING (parking)
	at sun.misc.Unsafe.park(Native Method)
	- parking to wait for  <0xc8a3a0d8> (a org.jboss.threads.EnhancedQueueExecutor)
	at java.util.concurrent.locks.LockSupport.park(LockSupport.java:175)
	at org.jboss.threads.EnhancedQueueExecutor$ThreadBody.run(EnhancedQueueExecutor.java:1409)
	at java.lang.Thread.run(Thread.java:748)
	at org.jboss.threads.JBossThread.run(JBossThread.java:485)

""ServerService Thread Pool -- 1"" #23 prio=5 os_prio=0 tid=0xc2e37400 nid=0x7ca waiting on condition [0xc2aad000]
   java.lang.Thread.State: WAITING (parking)
	at sun.misc.Unsafe.park(Native Method)
	- parking to wait for  <0xc714cdf8> (a java.util.concurrent.locks.AbstractQueuedSynchronizer$ConditionObject)
	at java.util.concurrent.locks.LockSupport.park(LockSupport.java:175)
	at java.util.concurrent.locks.AbstractQueuedSynchronizer$ConditionObject.await(AbstractQueuedSynchronizer.java:2039)
	at java.util.concurrent.ScheduledThreadPoolExecutor$DelayedWorkQueue.take(ScheduledThreadPoolExecutor.java:1088)
	at java.util.concurrent.ScheduledThreadPoolExecutor$DelayedWorkQueue.take(ScheduledThreadPoolExecutor.java:809)
	at java.util.concurrent.ThreadPoolExecutor.getTask(ThreadPoolExecutor.java:1074)
	at java.util.concurrent.ThreadPoolExecutor.runWorker(ThreadPoolExecutor.java:1134)
	at java.util.concurrent.ThreadPoolExecutor$Worker.run(ThreadPoolExecutor.java:624)
	at java.lang.Thread.run(Thread.java:748)
	at org.jboss.threads.JBossThread.run(JBossThread.java:485)

""DestroyJavaVM"" #22 prio=5 os_prio=0 tid=0xf6508800 nid=0x7af waiting on condition [0x00000000]
   java.lang.Thread.State: RUNNABLE

""MSC service thread 1-8"" #20 prio=5 os_prio=0 tid=0xc2103800 nid=0x7c8 waiting on condition [0xc2afe000]
   java.lang.Thread.State: WAITING (parking)
	at sun.misc.Unsafe.park(Native Method)
	- parking to wait for  <0xc8dca228> (a org.jboss.threads.EnhancedQueueExecutor)
	at java.util.concurrent.locks.LockSupport.park(LockSupport.java:175)
	at org.jboss.threads.EnhancedQueueExecutor$ThreadBody.run(EnhancedQueueExecutor.java:1409)
	at java.lang.Thread.run(Thread.java:748)

""MSC service thread 1-7"" #19 prio=5 os_prio=0 tid=0xc2102000 nid=0x7c7 waiting on condition [0xc2c5c000]
   java.lang.Thread.State: WAITING (parking)
	at sun.misc.Unsafe.park(Native Method)
	- parking to wait for  <0xc8dca228> (a org.jboss.threads.EnhancedQueueExecutor)
	at java.util.concurrent.locks.LockSupport.park(LockSupport.java:175)
	at org.jboss.threads.EnhancedQueueExecutor$ThreadBody.run(EnhancedQueueExecutor.java:1409)
	at java.lang.Thread.run(Thread.java:748)

""MSC service thread 1-6"" #18 prio=5 os_prio=0 tid=0xc2101000 nid=0x7c6 waiting on condition [0xc2cad000]
   java.lang.Thread.State: WAITING (parking)
	at sun.misc.Unsafe.park(Native Method)
	- parking to wait for  <0xc8dca228> (a org.jboss.threads.EnhancedQueueExecutor)
	at java.util.concurrent.locks.LockSupport.park(LockSupport.java:175)
	at org.jboss.threads.EnhancedQueueExecutor$ThreadBody.run(EnhancedQueueExecutor.java:1409)
	at java.lang.Thread.run(Thread.java:748)

""MSC service thread 1-5"" #17 prio=5 os_prio=0 tid=0xc4d3ec00 nid=0x7c5 waiting on condition [0xc29af000]
   java.lang.Thread.State: WAITING (parking)
	at sun.misc.Unsafe.park(Native Method)
	- parking to wait for  <0xc8dca228> (a org.jboss.threads.EnhancedQueueExecutor)
	at java.util.concurrent.locks.LockSupport.park(LockSupport.java:175)
	at org.jboss.threads.EnhancedQueueExecutor$ThreadBody.run(EnhancedQueueExecutor.java:1409)
	at java.lang.Thread.run(Thread.java:748)

""MSC service thread 1-4"" #16 prio=5 os_prio=0 tid=0xc4d3d400 nid=0x7c4 waiting on condition [0xc2a00000]
   java.lang.Thread.State: WAITING (parking)
	at sun.misc.Unsafe.park(Native Method)
	- parking to wait for  <0xc8dca228> (a org.jboss.threads.EnhancedQueueExecutor)
	at java.util.concurrent.locks.LockSupport.park(LockSupport.java:175)
	at org.jboss.threads.EnhancedQueueExecutor$ThreadBody.run(EnhancedQueueExecutor.java:1409)
	at java.lang.Thread.run(Thread.java:748)

""MSC service thread 1-3"" #15 prio=5 os_prio=0 tid=0xc4d2e000 nid=0x7c3 waiting on condition [0xc2a51000]
   java.lang.Thread.State: WAITING (parking)
	at sun.misc.Unsafe.park(Native Method)
	- parking to wait for  <0xc8dca228> (a org.jboss.threads.EnhancedQueueExecutor)
	at java.util.concurrent.locks.LockSupport.park(LockSupport.java:175)
	at org.jboss.threads.EnhancedQueueExecutor$ThreadBody.run(EnhancedQueueExecutor.java:1409)
	at java.lang.Thread.run(Thread.java:748)

""MSC service thread 1-2"" #14 prio=5 os_prio=0 tid=0xc2d48800 nid=0x7c2 waiting on condition [0xc2cfe000]
   java.lang.Thread.State: WAITING (parking)
	at sun.misc.Unsafe.park(Native Method)
	- parking to wait for  <0xc8dca228> (a org.jboss.threads.EnhancedQueueExecutor)
	at java.util.concurrent.locks.LockSupport.park(LockSupport.java:175)
	at org.jboss.threads.EnhancedQueueExecutor$ThreadBody.run(EnhancedQueueExecutor.java:1409)
	at java.lang.Thread.run(Thread.java:748)

""MSC service thread 1-1"" #13 prio=5 os_prio=0 tid=0xc2d46800 nid=0x7c1 waiting on condition [0xc3d7f000]
   java.lang.Thread.State: WAITING (parking)
	at sun.misc.Unsafe.park(Native Method)
	- parking to wait for  <0xc8dca228> (a org.jboss.threads.EnhancedQueueExecutor)
	at java.util.concurrent.locks.LockSupport.park(LockSupport.java:175)
	at org.jboss.threads.EnhancedQueueExecutor$ThreadBody.run(EnhancedQueueExecutor.java:1409)
	at java.lang.Thread.run(Thread.java:748)

""Reference Reaper"" #9 daemon prio=5 os_prio=0 tid=0xc465b800 nid=0x7bd in Object.wait() [0xc45fe000]
   java.lang.Thread.State: WAITING (on object monitor)
	at java.lang.Object.wait(Native Method)
	- waiting on <0xc7d105d8> (a java.lang.ref.ReferenceQueue$Lock)
	at java.lang.ref.ReferenceQueue.remove(ReferenceQueue.java:143)
	- locked <0xc7d105d8> (a java.lang.ref.ReferenceQueue$Lock)
	at java.lang.ref.ReferenceQueue.remove(ReferenceQueue.java:164)
	at org.jboss.modules.ref.References$ReaperThread.run(References.java:64)

""Service Thread"" #8 daemon prio=9 os_prio=0 tid=0xc4eab400 nid=0x7bb runnable [0x00000000]
   java.lang.Thread.State: RUNNABLE

""C1 CompilerThread2"" #7 daemon prio=9 os_prio=0 tid=0xc4ea8000 nid=0x7ba waiting on condition [0x00000000]
   java.lang.Thread.State: RUNNABLE

""C2 CompilerThread1"" #6 daemon prio=9 os_prio=0 tid=0xc4ea6800 nid=0x7b9 waiting on condition [0x00000000]
   java.lang.Thread.State: RUNNABLE

""C2 CompilerThread0"" #5 daemon prio=9 os_prio=0 tid=0xc4ea4c00 nid=0x7b8 waiting on condition [0x00000000]
   java.lang.Thread.State: RUNNABLE

""Signal Dispatcher"" #4 daemon prio=9 os_prio=0 tid=0xc4ea3000 nid=0x7b7 runnable [0x00000000]
   java.lang.Thread.State: RUNNABLE

""Finalizer"" #3 daemon prio=8 os_prio=0 tid=0xc4e89000 nid=0x7b6 in Object.wait() [0xc697d000]
   java.lang.Thread.State: WAITING (on object monitor)
	at java.lang.Object.wait(Native Method)
	at java.lang.ref.ReferenceQueue.remove(ReferenceQueue.java:143)
	- locked <0xc7360118> (a java.lang.ref.ReferenceQueue$Lock)
	at java.lang.ref.ReferenceQueue.remove(ReferenceQueue.java:164)
	at java.lang.ref.Finalizer$FinalizerThread.run(Finalizer.java:209)

""Reference Handler"" #2 daemon prio=10 os_prio=0 tid=0xc4e86000 nid=0x7b5 in Object.wait() [0xc6c7d000]
   java.lang.Thread.State: WAITING (on object monitor)
	at java.lang.Object.wait(Native Method)
	at java.lang.Object.wait(Object.java:502)
	at java.lang.ref.Reference.tryHandlePending(Reference.java:191)
	- locked <0xc704c810> (a java.lang.ref.Reference$Lock)
	at java.lang.ref.Reference$ReferenceHandler.run(Reference.java:153)

""VM Thread"" os_prio=0 tid=0xc4e81800 nid=0x7b4 runnable 

""GC task thread#0 (ParallelGC)"" os_prio=0 tid=0xf6512000 nid=0x7b0 runnable 

""GC task thread#1 (ParallelGC)"" os_prio=0 tid=0xf6513400 nid=0x7b1 runnable 

""GC task thread#2 (ParallelGC)"" os_prio=0 tid=0xf6514800 nid=0x7b2 runnable 

""GC task thread#3 (ParallelGC)"" os_prio=0 tid=0xf6515c00 nid=0x7b3 runnable 

""VM Periodic Task Thread"" os_prio=0 tid=0xc4eaf400 nid=0x7bc waiting on condition 

JNI global references: 1879


Found one Java-level deadlock:
=============================
""default task-1"":
  waiting to lock monitor 0xc3cba830 (object 0xe26b4980, a io.undertow.protocols.http2.Http2Channel),
  which is held by ""default I/O-1""
""default I/O-1"":
  waiting to lock monitor 0xc3cba89c (object 0xe26b71b0, a java.lang.Object),
  which is held by ""default task-1""

Java stack information for the threads listed above:
===================================================
""default task-1"":
	at io.undertow.server.protocol.framed.AbstractFramedChannel.markWritesBroken(AbstractFramedChannel.java:883)
	- waiting to lock <0xe26b4980> (a io.undertow.protocols.http2.Http2Channel)
	at io.undertow.server.protocol.framed.AbstractFramedStreamSinkChannel.channelForciblyClosed(AbstractFramedStreamSinkChannel.java:562)
	at io.undertow.server.protocol.framed.AbstractFramedStreamSinkChannel.close(AbstractFramedStreamSinkChannel.java:539)
	at org.xnio.IoUtils.safeClose(IoUtils.java:152)
	at io.undertow.server.protocol.framed.AbstractFramedChannel.queueFrame(AbstractFramedChannel.java:728)
	at io.undertow.server.protocol.framed.AbstractFramedStreamSinkChannel.queueFinalFrame(AbstractFramedStreamSinkChannel.java:257)
	- locked <0xe26ef4b8> (a java.lang.Object)
	at io.undertow.server.protocol.framed.AbstractFramedStreamSinkChannel.shutdownWrites(AbstractFramedStreamSinkChannel.java:240)
	- locked <0xe26ef4b8> (a java.lang.Object)
	at io.undertow.protocols.http2.Http2Channel.sendGoAway(Http2Channel.java:822)
	at io.undertow.protocols.http2.Http2Channel.sendGoAway(Http2Channel.java:809)
	at io.undertow.protocols.http2.Http2Channel.removeStreamSink(Http2Channel.java:968)
	at io.undertow.protocols.http2.Http2StreamSinkChannel.channelForciblyClosed(Http2StreamSinkChannel.java:68)
	at io.undertow.protocols.http2.Http2DataStreamSinkChannel.channelForciblyClosed(Http2DataStreamSinkChannel.java:322)
	at io.undertow.server.protocol.framed.AbstractFramedStreamSinkChannel.close(AbstractFramedStreamSinkChannel.java:539)
	at org.xnio.IoUtils.safeClose(IoUtils.java:152)
	at io.undertow.server.protocol.framed.AbstractFramedChannel.queueFrame(AbstractFramedChannel.java:728)
	at io.undertow.server.protocol.framed.AbstractFramedStreamSinkChannel.queueFinalFrame(AbstractFramedStreamSinkChannel.java:257)
	- locked <0xe26b71b0> (a java.lang.Object)
	at io.undertow.server.protocol.framed.AbstractFramedStreamSinkChannel.shutdownWrites(AbstractFramedStreamSinkChannel.java:240)
	- locked <0xe26b71b0> (a java.lang.Object)
	at org.xnio.conduits.StreamSinkChannelWrappingConduit.terminateWrites(StreamSinkChannelWrappingConduit.java:75)
	at org.xnio.conduits.ConduitStreamSinkChannel.shutdownWrites(ConduitStreamSinkChannel.java:178)
	at io.undertow.channels.DetachableStreamSinkChannel.shutdownWrites(DetachableStreamSinkChannel.java:79)
	at io.undertow.io.UndertowOutputStream.close(UndertowOutputStream.java:347)
	at io.undertow.io.UndertowOutputStream.updateWritten(UndertowOutputStream.java:266)
	at io.undertow.io.UndertowOutputStream.write(UndertowOutputStream.java:209)
	at io.undertow.io.UndertowOutputStream.write(UndertowOutputStream.java:105)
	at io.undertow.io.BlockingSenderImpl.send(BlockingSenderImpl.java:131)
	at io.undertow.io.BlockingSenderImpl.send(BlockingSenderImpl.java:166)
	at io.undertow.server.handlers.error.SimpleErrorPageHandler$1.handleDefaultResponse(SimpleErrorPageHandler.java:68)
	at io.undertow.server.HttpServerExchange.endExchange(HttpServerExchange.java:1608)
	at io.undertow.server.Connectors.executeRootHandler(Connectors.java:401)
	at io.undertow.server.HttpServerExchange$1.run(HttpServerExchange.java:830)
	at org.jboss.threads.ContextClassLoaderSavingRunnable.run(ContextClassLoaderSavingRunnable.java:35)
	at org.jboss.threads.EnhancedQueueExecutor.safeRun(EnhancedQueueExecutor.java:1982)
	at org.jboss.threads.EnhancedQueueExecutor$ThreadBody.doRunTask(EnhancedQueueExecutor.java:1486)
	at org.jboss.threads.EnhancedQueueExecutor$ThreadBody.run(EnhancedQueueExecutor.java:1377)
	at java.lang.Thread.run(Thread.java:748)
""default I/O-1"":
	at io.undertow.server.protocol.framed.AbstractFramedStreamSinkChannel.close(AbstractFramedStreamSinkChannel.java:525)
	- waiting to lock <0xe26b71b0> (a java.lang.Object)
	at org.xnio.IoUtils.safeClose(IoUtils.java:152)
	at io.undertow.protocols.http2.Http2Channel.closeSubChannels(Http2Channel.java:645)
	at io.undertow.server.protocol.framed.AbstractFramedChannel.close(AbstractFramedChannel.java:824)
	at org.xnio.IoUtils.safeClose(IoUtils.java:152)
	at io.undertow.protocols.http2.Http2Channel.lastDataRead(Http2Channel.java:593)
	at io.undertow.server.protocol.framed.AbstractFramedChannel.receive(AbstractFramedChannel.java:391)
	- locked <0xe26b4980> (a io.undertow.protocols.http2.Http2Channel)
	at io.undertow.server.protocol.http2.Http2ReceiveListener.handleEvent(Http2ReceiveListener.java:118)
	at io.undertow.server.protocol.http2.Http2ReceiveListener.handleEvent(Http2ReceiveListener.java:67)
	at org.xnio.ChannelListeners.invokeChannelListener(ChannelListeners.java:92)
	at io.undertow.server.protocol.framed.AbstractFramedChannel$FrameReadListener.handleEvent(AbstractFramedChannel.java:950)
	at io.undertow.server.protocol.framed.AbstractFramedChannel$FrameReadListener.handleEvent(AbstractFramedChannel.java:931)
	at org.xnio.ChannelListeners.invokeChannelListener(ChannelListeners.java:92)
	at org.xnio.conduits.ReadReadyHandler$ChannelListenerHandler.readReady(ReadReadyHandler.java:66)
	at org.xnio.nio.NioSocketConduit.handleReady(NioSocketConduit.java:89)
	at org.xnio.nio.WorkerThread.run(WorkerThread.java:591)

Found 1 deadlock.
{code}",,,
296,UNDERTOW-1621,"The newFrames are polled using the same pattern described in UNDERTOW-1620:
{code}            while (!newFrames.isEmpty()) {
                S frame = newFrames.poll();
                frame.preWrite();
                ...{code}

This could result in a NPE if run in parallel with markWritesBroken, that invokes newFrames.clear().",,,
300,UNDERTOW-1620,"If the two points that invoke the block bellow run in parallel:
{code}while (!taskRunQueue.isEmpty()) {
                taskRunQueue.poll().run();
{code}
We could get a NPE, since poll() returns null if there is not task in the queue.",,,
304,UNDERTOW-1619,"When setting the state, it should be synchronized.",,,
308,UNDERTOW-1618,"if  a [wakeupReads|https://github.com/undertow-io/undertow/blob/2.0.28.Final/core/src/main/java/io/undertow/server/protocol/framed/AbstractFramedStreamSourceChannel.java#L246] is invoked and the [task|https://github.com/undertow-io/undertow/blob/2.0.28.Final/core/src/main/java/io/undertow/server/protocol/framed/AbstractFramedStreamSourceChannel.java#L271] triggered by resumeReadsInternal has already [invoked read|https://github.com/undertow-io/undertow/blob/2.0.28.Final/core/src/main/java/io/undertow/server/protocol/framed/AbstractFramedStreamSourceChannel.java#L282], but has not [cleared the STATE_IN_LISTENER_LOOP flag|https://github.com/undertow-io/undertow/blob/2.0.28.Final/core/src/main/java/io/undertow/server/protocol/framed/AbstractFramedStreamSourceChannel.java#L290].

The reason for this is that wakeupReads() invokes resumeReadsInternal(wakeup=true), and this method [checks|https://github.com/undertow-io/undertow/blob/2.0.28.Final/core/src/main/java/io/undertow/server/protocol/framed/AbstractFramedStreamSourceChannel.java#L269] if a previous execution has already triggered a read task. If it has done so and the task is still running, resumeReadsInternal returns without trying to read again. However, if that happens after the task has already finished reading, but has not yet cleared the STATE_IN_LISTENER_LOOP, we have a race condition that results in wakeupReads being ignored.",,,
312,UNDERTOW-1614,"If {{Host}} header is empty, {{HttpServerExchange#getHostAndPort}} returns nothing instead of taking hostname from the destination address of the HTTP request.
It will be in sync with {{HttpServerExchange#getHost}} if it takes a look at the destination address in that case.
Furthermore, it would allow our RestEASY to create the correct UriInfo even if Host header is empty, see RESTEASY-2300.
",,,
313,UNDERTOW-1612,NoData,,,
318,UNDERTOW-1611,"We encountered and issue with undertow in combination with temporarily unresolvable hostname. Undertow was started up and used before the DNS resolution became possible.

Our analysis show, that {{UnresolvedAddressException}} seems not beeing properly handled in Undertow 2.0.16. We found the following code locations {{ProxyConnectionPool}} (line 269 and following):

{code:java}
    private void openConnection(final HttpServerExchange exchange, final ProxyCallback<ProxyConnection> callback, final HostThreadData data, final boolean exclusive) {
        if (!exclusive) {
            data.connections++;
        }
        client.connect(new ClientCallback<ClientConnection>() {
            @Override
            public void completed(final ClientConnection result) {
                openConnections.incrementAndGet();
                final ConnectionHolder connectionHolder = new ConnectionHolder(result);
                if (!exclusive) {
                    result.getCloseSetter().set(new ChannelListener<ClientConnection>() {
                        @Override
                        public void handleEvent(ClientConnection channel) {
                            handleClosedConnection(data, connectionHolder);
                        }
                    });
                }
                connectionReady(connectionHolder, callback, exchange, exclusive);
            }

            @Override
            public void failed(IOException e) {
                if (!exclusive) {
                    data.connections--;
                }
                UndertowLogger.REQUEST_LOGGER.debug(""Failed to connect"", e);
                if (!connectionPoolManager.handleError()) {
                    redistributeQueued(getData());
                    scheduleFailedHostRetry(exchange);
                }
                callback.failed(exchange);
            }
        }, bindAddress, getUri(), exchange.getIoThread(), ssl, exchange.getConnection().getByteBufferPool(), options);
    }
{code}

Obviously the counter {{data.connections}} (= number of connections to the backend per IO-Thread) gets incremented on open connection attempts and should be decremented in case of a failure in the {{failed(IOException e)}}-handler. However this seems not to happen in case of an {{UnresolvedAddressException}} (because it is not an {{IOException}}?).

Therefore the counter {{data.connections}} remains incremented, allthough no connection could have been established. And if {{data.connections}} reaches {{maxConnections}}, all further requests get rejected with a 503 response. No further attempts to resolve the hostname will be made, connection pool seems not having any way to recover. {{ProxyConnectionPool}}, line 526:

{code:java}
        } else if (exclusive || data.connections < maxConnections) {
            openConnection(exchange, callback, data, exclusive);
        } else {
            // Reject the request directly if we reached the max request queue size
            if (data.awaitingConnections.size() >= connectionPoolManager.getMaxQueueSize()) {
                callback.queuedRequestFailed(exchange);
                return;
            }
{code}

---

Please see the provided example {{ch.codeblock.undertow.ReverseProxyServer}} in this GIT repo: https://github.com/gexclaude/undertow-unresolvablehost

And the test run outpus:
- unresolvable-host.md
- unresolvable-host-at-start-then-resolvable.md
",,,
319,UNDERTOW-1610,"The rewrite is done only to request path, and not request URI",,,
321,UNDERTOW-1609,"The new test does not pass on Windows, CI is showing this:
{code}
org.junit.ComparisonFailure: expected:<89[
2:012345]> but was:<89[
2:01234]>
org.junit.ComparisonFailure: 
expected:<89[
2:012345]> but was:<89[
2:01234]>
	at org.junit.Assert.assertEquals(Assert.java:115)
	at org.junit.Assert.assertEquals(Assert.java:144)
	at io.undertow.server.handlers.RangeRequestTestCase.testLargeCachedResourceHandler(RangeRequestTestCase.java:107)
{code}",,,
323,UNDERTOW-1608,"There is a bug in  buf.position() actually indicates buffer size, so last buffer index is equal to buf.position() -1.

With this error, when buffer array has more than one element (so when response is bigger than 16KB by default), exception is thrown and exchange will never be finalized properly (even though HTTP response is received by client and seems fine). Listeners won't be executed, graceful shutdown will fail etc.

Below there is a simple code snippet for reproducing this error:
{code}
public static void main(String[] args) {

    HttpHandler targetHandler = exchange -> {
        exchange.getResponseHeaders().add(Headers.CONTENT_TYPE, ""text/plain"");
        exchange.getResponseSender().send(""A"".repeat(20000));
    };

    StoredResponseHandler storedResponseHandler = new StoredResponseHandler(targetHandler);

    Undertow server = Undertow.builder()
            .addHttpListener(5050, ""0.0.0.0"")
            .setHandler(storedResponseHandler)
            .build();

    server.start();
}
{code}",,,
327,UNDERTOW-1599,"When a servlet request is forward to a different path with a new query string, ServletRequestLineAttribute (%r) does not output a query string of the original request in the access log.

For example, when the following dispatcher.forward() is implemented in the application:

{code}
RequestDispatcher dispatcher = request.getRequestDispatcher(""/test?foo=bar"");
dispatcher.forward(request, response);
{code}

and the following request is sent to the above application:

{code}
$ curl -v http://localhost:8080/example/?aaa=bbb
{code}

The access-log should output the original query string (?aaa=bbb), but it output the new query string (?foo=bar) of the forwarded request:

{code}
127.0.0.1 - - [10/Oct/2019:20:20:54 +0900] ""GET /example/?foo=bar HTTP/1.1"" 200 68
{code}",,,
329,UNDERTOW-1595,"NullPointerException can happen on the range request for a static content. This happens if the following conditions are met:

 - A size of Range request is larger than the buffer size (16 KiB = 16384 Bytes by default)
 - IOException (DEBUG level logging on io.undertow.request.io) occurs during sending the last part of the range response 
   (for example, a client browser close the connection or a front-end proxy closed the connection due to timeout)

{code}
ERROR [io.undertow.request] (default task-1) UT005071: Undertow request failed HttpServerExchange{ GET /test.txt}: java.lang.NullPointerException
	at io.undertow.server.handlers.resource.PathResource$1ServerTask.run(PathResource.java:156)
	at io.undertow.server.handlers.resource.PathResource$1ServerTask.onComplete(PathResource.java:200)
	at io.undertow.io.AsyncSenderImpl.invokeOnComplete(AsyncSenderImpl.java:413)
	at io.undertow.io.AsyncSenderImpl.send(AsyncSenderImpl.java:173)
	at io.undertow.server.handlers.resource.PathResource$1ServerTask.run(PathResource.java:187)
	at io.undertow.server.handlers.resource.PathResource.serveImpl(PathResource.java:256)
	at io.undertow.server.handlers.resource.PathResource.serveRange(PathResource.java:118)
	at io.undertow.server.handlers.resource.ResourceHandler$1.handleRequest(ResourceHandler.java:335)
	at io.undertow.server.Connectors.executeRootHandler(Connectors.java:376)
	at io.undertow.server.HttpServerExchange$1.run(HttpServerExchange.java:830)
	at org.jboss.threads.ContextClassLoaderSavingRunnable.run(ContextClassLoaderSavingRunnable.java:35)
	at org.jboss.threads.EnhancedQueueExecutor.safeRun(EnhancedQueueExecutor.java:1985)
	at org.jboss.threads.EnhancedQueueExecutor$ThreadBody.doRunTask(EnhancedQueueExecutor.java:1487)
	at org.jboss.threads.EnhancedQueueExecutor$ThreadBody.run(EnhancedQueueExecutor.java:1349)
	at java.lang.Thread.run(Thread.java:748)
{code}

It seems this NPE is harmless because the connection is already closed and no bad side effects happen to the response anymore. However, of course, it's better to avoid NPE. 
",,,
331,UNDERTOW-1588,"In our testing environment we see occasional aborted HTTP2 requests since chrome added a few request headers in version 76. After a lengthy debate and debugging, we came to the conclusion that this is likely to be caused by an off-by-one error in HpackDecoder in Undertow at this line:
https://github.com/undertow-io/undertow/blob/9b25a43a913935077c51581f184b18e990981078/core/src/main/java/io/undertow/protocols/http2/HpackDecoder.java#L270

It looks like this line should read:
{code}
if (index > Hpack.STATIC_TABLE_LENGTH + filledTableSlots) {
{code}

The discussion at the chromium bug tracker can be found at:
https://bugs.chromium.org/p/chromium/issues/detail?id=992320",,,
332,UNDERTOW-1586,The redirect address does not put literal host names between brackets,,,
333,UNDERTOW-1582,"I am using Spring Boot undertow construct upload file class, the configuration of the 'spring.servlet.multipart.location' attributes, when the attribute value and the current environment is not configured at the same time, the undertow ManagedServlet setupMultipart method to obtain the 'servletContext.getDeployment().getDeploymentInfo().getTempPath()' returns value. But this method doesn't seem to return the correct value.

This is exception stacktrace :

{code:java}
[restartedMain] ERROR org.springframework.boot.SpringApplication.reportFailure:858 - Application run failed
org.springframework.context.ApplicationContextException: Unable to start web server; nested exception is java.lang.RuntimeException: java.lang.NullPointerException
	at org.springframework.boot.web.servlet.context.ServletWebServerApplicationContext.onRefresh(ServletWebServerApplicationContext.java:157)
	at org.springframework.context.support.AbstractApplicationContext.refresh(AbstractApplicationContext.java:543)
	at org.springframework.boot.web.servlet.context.ServletWebServerApplicationContext.refresh(ServletWebServerApplicationContext.java:142)
	at org.springframework.boot.SpringApplication.refresh(SpringApplication.java:775)
	at org.springframework.boot.SpringApplication.refreshContext(SpringApplication.java:397)
	at org.springframework.boot.SpringApplication.run(SpringApplication.java:316)
	at org.springframework.boot.SpringApplication.run(SpringApplication.java:1260)
	at org.springframework.boot.SpringApplication.run(SpringApplication.java:1248)
	at com.offerslook.api.*****Application.main(*****Application.java:22)
	at sun.reflect.NativeMethodAccessorImpl.invoke0(Native Method)
	at sun.reflect.NativeMethodAccessorImpl.invoke(NativeMethodAccessorImpl.java:62)
	at sun.reflect.DelegatingMethodAccessorImpl.invoke(DelegatingMethodAccessorImpl.java:43)
	at java.lang.reflect.Method.invoke(Method.java:498)
	at org.springframework.boot.devtools.restart.RestartLauncher.run(RestartLauncher.java:49)
Caused by: java.lang.RuntimeException: java.lang.NullPointerException
	at io.undertow.servlet.core.DeploymentManagerImpl.deploy(DeploymentManagerImpl.java:252)
	at org.springframework.boot.web.embedded.undertow.UndertowServletWebServerFactory.createDeploymentManager(UndertowServletWebServerFactory.java:284)
	at org.springframework.boot.web.embedded.undertow.UndertowServletWebServerFactory.getWebServer(UndertowServletWebServerFactory.java:208)
	at org.springframework.boot.web.servlet.context.ServletWebServerApplicationContext.createWebServer(ServletWebServerApplicationContext.java:181)
	at org.springframework.boot.web.servlet.context.ServletWebServerApplicationContext.onRefresh(ServletWebServerApplicationContext.java:154)
	... 13 common frames omitted
Caused by: java.lang.NullPointerException: null
	at io.undertow.servlet.core.ManagedServlet.setupMultipart(ManagedServlet.java:107)
	at io.undertow.servlet.spec.ServletRegistrationImpl.setMultipartConfig(ServletRegistrationImpl.java:117)
	at org.springframework.boot.web.servlet.ServletRegistrationBean.configure(ServletRegistrationBean.java:201)
	at org.springframework.boot.web.servlet.ServletRegistrationBean.configure(ServletRegistrationBean.java:51)
	at org.springframework.boot.web.servlet.DynamicRegistrationBean.register(DynamicRegistrationBean.java:115)
	at org.springframework.boot.web.servlet.RegistrationBean.onStartup(RegistrationBean.java:54)
	at org.springframework.boot.web.servlet.context.ServletWebServerApplicationContext.selfInitialize(ServletWebServerApplicationContext.java:235)
	at org.springframework.boot.web.embedded.undertow.UndertowServletWebServerFactory$Initializer.onStartup(UndertowServletWebServerFactory.java:616)
	at io.undertow.servlet.core.DeploymentManagerImpl$1.call(DeploymentManagerImpl.java:203)
	at io.undertow.servlet.core.DeploymentManagerImpl$1.call(DeploymentManagerImpl.java:185)
	at io.undertow.servlet.core.ServletRequestContextThreadSetupAction$1.call(ServletRequestContextThreadSetupAction.java:42)
	at io.undertow.servlet.core.ContextClassLoaderSetupAction$1.call(ContextClassLoaderSetupAction.java:43)
	at io.undertow.servlet.core.DeploymentManagerImpl.deploy(DeploymentManagerImpl.java:250)
	... 17 common frames omitted
{code}
",,,
336,UNDERTOW-1581,"RoutingHandler routing = Handlers.routing()
    .get(""/{param1}"", ResponseCodeHandler.HANDLE_200)
    .post(""/{param2}"", ResponseCodeHandler.HANDLE_200); // throws!

{noformat}
java.lang.IllegalStateException: UT000071: Cannot add path template /{param2}, matcher already contains an equivalent pattern /{param1}
	at io.undertow.util.PathTemplateMatcher.add(PathTemplateMatcher.java:110)
	at io.undertow.util.PathTemplateMatcher.add(PathTemplateMatcher.java:151)
	at io.undertow.server.RoutingHandler.add(RoutingHandler.java:129)
{noformat}

If both registrations use the same parameter name, it works fine. Because the parameters are named differently the check in RoutingHandler:128 doesn't skip registration with allMethodsMatcher as it would otherwise.",,,
338,UNDERTOW-1578,"Configure '/secured/*' as protected path, the following request should return 401, but it returns 302 instead.

{code:java}
curl -v http://localhost:8080/helloworld/secured
{code}

NOTE: there is no trailing slash in above request.",,,
342,UNDERTOW-1575,"HttpServletRequest.getRequestedSessionID() is incorrectly returning a newly generated session ID instead of the requested ID in EAP 7 when using URL session tracking.

Reproduction:
- deploy attached test.war.
- access http://localhost:8080/test/
  (or modify the host:port as necessary)

It makes two calls to request.getRequestedSessionId(), one before creating a session and one after.
These should both print null (since no jsessionid was passed on the URL).  But instead the second prints the new ID.

Or access http://localhost:8080/test/;jsessionid=test
This should print ""test"" twice, but instead the second prints the new ID.

The issue appears to be specific to URL session tracking, and was not reproduced when using COOKIE tracking.

The issue is specific to EAP 7 and does not occur on EAP 6.",,,
348,UNDERTOW-1574,There are some failing tests for access log feature testing. Test failure has been introduced by fix for this issue UNDERTOW-1530 with [this commit|https://github.com/undertow-io/undertow/commit/5ccc9c7e48ac9456fe3ec0948d037d4084cd9304].,,,
350,UNDERTOW-1573,"In ServletInitialHandler...

{code:java}
        if (!exchange.isDispatched() && !(exchange.getConnection() instanceof MockServerConnection)) {
            servletRequestContext.getOriginalResponse().responseDone();
            servletRequestContext.getOriginalRequest().clearAttributes();
        }
{code}

There are cases I'm seeing where responseDone() does not always trigger the exchange completion, because the request hasn't cleaned up yet, and exchange completion requires both the request and response to trigger completion. If the request is not completed, by the time the exchange completes, the attributes are already cleared, so the access log exchange completion listener does not see request attributes.

This is frustrating for access logs, because I cannot reliably include servlet request attributes in them and have had to resort to awkward workarounds.

Out of curiosity, why are request attributes cleared anyway?

Feel free to reach out to my @redhat.com address if needed.",,,
356,UNDERTOW-1572,"{{ProxyProtocolTestCase#testProxyProtocolV2Local}} fails when IPv6 is enabled.

Test has hard-coded expectation to see string ""result: /127.0.0.1"" in the response, which is not satisfied when IPv6 address is returned instead.",,,
357,UNDERTOW-1570,"This issue might be related to UNDERTOW-358

This is how I create a websocket client endpoint:

ClientEndpointConfig config = ClientEndpointConfig.Builder.create().build();
config.getUserProperties().put(""io.undertow.websocket.CONNECT_TIMEOUT"", 10);
WebSocketContainer socketContainer = ContainerProvider.getWebSocketContainer();
MyClient client = new MyClient(); // extends Endpoint
session = socketContainer.connectToServer(client, config, getEventStreamURI());

With this code the @OnMessage method of my client will never get called. Every time a message is sent I see ""[XNIO-1 I/O-1] DEBUG io.undertow.websockets.core.request  - UT025003: Decoding WebSocket Frame with opCode 1"" in the log but that's it.
However, if I create the client without passing the config parameter to connectToServer() it works perfectly fine (but then I won't get notified when the server goes down so I have to provide the timeout parameter).",,,
361,UNDERTOW-1569,"HttpServletRequest getLocalName() returns IP instead of hostname

If I deploy the below sample code on EAP 7.x

{code:java}
protected void doGet(HttpServletRequest request, HttpServletResponse response)
throws ServletException, IOException {
          System.out.println(request.getLocalName());
          System.out.println(request.getClass());
}
{code}

Output on EAP 7

{code:java}
17:10:06,950 INFO  [stdout] (default task-1) 10.65.193.93
17:10:06,950 INFO  [stdout] (default task-1) class io.undertow.servlet.spec.HttpServletRequestImpl
{code}

IP address instead of hostname 


",,,
365,UNDERTOW-1567,"After upgrading to EAP 7.2, redirects to absolute URLs are broken if containing special characters (such as #, \{, \}).  This did not occur with EAP 6 or EAP 7.1 and earlier.  But with 7.2, a redirect call like this:
{code}
   response.sendRedirect(""http://test.com/foobar?test={abc}"");
{code}
A bad redirect location is returned like so:
{code}
Location: http://localhost:8080/app/http:/test.com/foobar?test={abc}
{code}",,,
367,UNDERTOW-1565,"See the following thread:
https://developer.jboss.org/thread/280195?_sscc=t",,,
369,UNDERTOW-1564,"When creating a client SSL Connection via a HTTP proxy, the destination address indicated in the SSL connection is the address of the _proxy_. This is wrong and leads to a CertificateException:
{code}
  java.security.cert.CertificateException: No subject alternative names matching IP address 127.0.0.1 found
  	at java.base/sun.security.util.HostnameChecker.matchIP(HostnameChecker.java:160)
  	at java.base/sun.security.util.HostnameChecker.match(HostnameChecker.java:96)
  	at java.base/sun.security.ssl.X509TrustManagerImpl.checkIdentity(X509TrustManagerImpl.java:459)
  	at java.base/sun.security.ssl.X509TrustManagerImpl.checkIdentity(X509TrustManagerImpl.java:434)
  	at java.base/sun.security.ssl.X509TrustManagerImpl.checkTrusted(X509TrustManagerImpl.java:291)
  	at java.base/sun.security.ssl.X509TrustManagerImpl.checkServerTrusted(X509TrustManagerImpl.java:141)
  	at java.base/sun.security.ssl.CertificateMessage$T12CertificateConsumer.checkServerCerts(CertificateMessage.java:620)
  	at java.base/sun.security.ssl.CertificateMessage$T12CertificateConsumer.onCertificate(CertificateMessage.java:461)
  	at java.base/sun.security.ssl.CertificateMessage$T12CertificateConsumer.consume(CertificateMessage.java:361)
  	at java.base/sun.security.ssl.SSLHandshake.consume(SSLHandshake.java:392)
  	at java.base/sun.security.ssl.HandshakeContext.dispatch(HandshakeContext.java:448)
  	at java.base/sun.security.ssl.SSLEngineImpl$DelegatedTask$DelegatedAction.run(SSLEngineImpl.java:1065)
  	at java.base/sun.security.ssl.SSLEngineImpl$DelegatedTask$DelegatedAction.run(SSLEngineImpl.java:1052)
  	at java.base/java.security.AccessController.doPrivileged(Native Method)
  	at java.base/sun.security.ssl.SSLEngineImpl$DelegatedTask.run(SSLEngineImpl.java:999)
  	at io.undertow.protocols.ssl.SslConduit$5.run(SslConduit.java:1111)
  	at java.base/java.util.concurrent.ThreadPoolExecutor.runWorker(ThreadPoolExecutor.java:1128)
  	at java.base/java.util.concurrent.ThreadPoolExecutor$Worker.run(ThreadPoolExecutor.java:628)
  	at java.base/java.lang.Thread.run(Thread.java:834)}
{code}
(in this case the proxy was running on 127.0.0.1).",,,
370,UNDERTOW-1558,"When using an application that uses SSL, the class DirectByteBufferDeallocator is wrongly initialized if the security manager is enabled. That class is only used when a buffer should be freed so it's complicated to trigger the error. The exception generated is like the following:

{noformat}
2019-06-13 09:21:47,862 ERROR [io.undertow] (default task-1) UT005091: Failed to initialize DirectByteBufferDeallocator: java.security.AccessControlException: WFSM000001: Permission check failed (permission ""(""java.lang.reflect.ReflectPermission"" ""suppressAccessChecks"")"" in code source ""(vfs:/content/helloworld-ssl.war/WEB-INF/classes <no signer certificates>)"" of ""ModuleClassLoader for Module ""deployment.helloworld-ssl.war"" from Service Module Loader"")
        at org.wildfly.security.manager.WildFlySecurityManager.checkPermission(WildFlySecurityManager.java:295)
        at org.wildfly.security.manager.WildFlySecurityManager.checkPermission(WildFlySecurityManager.java:192)
        at java.lang.reflect.AccessibleObject.setAccessible(AccessibleObject.java:128)
        at io.undertow.server.DirectByteBufferDeallocator.<clinit>(DirectByteBufferDeallocator.java:37)
        at io.undertow.server.DefaultByteBufferPool.queueIfUnderMax(DefaultByteBufferPool.java:209)
        at io.undertow.server.DefaultByteBufferPool.freeInternal(DefaultByteBufferPool.java:201)
        at io.undertow.server.DefaultByteBufferPool.access$200(DefaultByteBufferPool.java:40)
        at io.undertow.server.DefaultByteBufferPool$DefaultPooledBuffer.close(DefaultByteBufferPool.java:271)
        at io.undertow.servlet.spec.ServletInputStreamImpl.read(ServletInputStreamImpl.java:179)
        at sun.nio.cs.StreamDecoder.readBytes(StreamDecoder.java:284)
        at sun.nio.cs.StreamDecoder.implRead(StreamDecoder.java:326)
        at sun.nio.cs.StreamDecoder.read(StreamDecoder.java:178)
        at java.io.InputStreamReader.read(InputStreamReader.java:184)
        at java.io.BufferedReader.fill(BufferedReader.java:161)
        at java.io.BufferedReader.read(BufferedReader.java:182)
        at org.jboss.as.quickstarts.helloworld.HelloWorldServlet.doPost(HelloWorldServlet.java:68)
        at javax.servlet.http.HttpServlet.service(HttpServlet.java:706)
        at javax.servlet.http.HttpServlet.service(HttpServlet.java:791)
        ...
{noformat}",,,
372,UNDERTOW-1556,"With mappings like below, the filter is not invoked for a MyServlet request:
{code}
    <servlet-mapping>
        <servlet-name>MyServlet</servlet-name>
        <url-pattern>/MyServlet</url-pattern>
    </servlet-mapping>

    <filter-mapping>
        <filter-name>MyFilter</filter-name>
        <url-pattern>/MyServlet/*</url-pattern>
    </filter-mapping>
{code}

This worked with EAP 6 and is avoided on EAP 7 if the servlet is mapped the the same /* path
{code}
    <servlet-mapping>
        <servlet-name>MyServlet</servlet-name>
        <url-pattern>/MyServlet/*</url-pattern>
    </servlet-mapping>

    <filter-mapping>
        <filter-name>MyFilter</filter-name>
        <url-pattern>/MyServlet/*</url-pattern>
    </filter-mapping>
{code}",,,
374,UNDERTOW-1555,"JSP changes in the top directory of an exploded deployment can be picked up correctly, but it does not work for the JSP files in subdirectories.

The file system watcher (XNIO's FileSystemWatcher) is enabled by default and the file change event is triggered correctly. However, the path information of the event contains '\' for the files in subdirectories on Windows. This causes failure to trigger JspServletWrapper.jspFileChanged() because the triggered path is different from the key for the JspServletWrapper. Therefore, the updated JSP file is never recompiled in subdirectories and the old content is still returned until the application is redeployed.
",,,
375,UNDERTOW-1553,"Related/similar to UNDERTOW-1540

The user in this forum thread https://developer.jboss.org/message/989396#989396 notes that the reader/writer obtained via the request/response on a servlet doesn't use the correct charset, when the charset is set at the ServletContext level (through the use of setRequestCharacterEncoding and/or setResponseCharacterEncoding)

Looking at the code in HttpServletRequestImpl and HttpServletResponseImpl there indeed seems to be a bug.",,,
380,UNDERTOW-1551,"[CookieAttribute (%\{c,cookie_name})|https://github.com/undertow-io/undertow/blob/2.0.21.Final/core/src/main/java/io/undertow/attribute/CookieAttribute.java] already exists for cookie. However, CookieAttribute#readAttribute() reads a *request* cookie and CookieAttribute#writeAttribute() writes a *response* cookie. This should have been two attributes, one for request cookie and another for response cookie.

The current CookieAttribute can't be changed due to compatibility concerns. So, we need to add two new attributes to fix this. I would like to propose the following two attributes:

 - RequestCookieAttribute (%\{req-cookie,cookie_name}) for request cookie
 - ResponseCookieAttribute (%\{resp-cookie,cookie_name}) for response cookie

If you have any other suggestion for the prefix name, please let me know.",,,
384,UNDERTOW-1550,"It looks like current master branch cannot be compiled with JDK11. I can see following error message during the build:
{code}
[INFO] --- maven-bundle-plugin:3.2.0:manifest (generate-manifest) @ undertow-core ---
[ERROR] Manifest io.undertow:undertow-core:jar:2.0.21.Final-SNAPSHOT : Classes found in the wrong directory: {META-INF/versions/9/io/undertow/util/FastConcurrentDirectDeque$CLDSpliterator.class=io.undertow.util.FastConcurrentDirectDeque$CLDSpliterator, META-INF/versions/9/io/undertow/util/FastConcurrentDirectDeque$Itr.class=io.undertow.util.FastConcurrentDirectDeque$Itr, META-INF/versions/9/io/undertow/util/FastConcurrentDirectDeque$AbstractItr.class=io.undertow.util.FastConcurrentDirectDeque$AbstractItr, META-INF/versions/9/io/undertow/util/FastConcurrentDirectDeque$Node.class=io.undertow.util.FastConcurrentDirectDeque$Node, META-INF/versions/9/io/undertow/util/FastConcurrentDirectDeque$DescendingItr.class=io.undertow.util.FastConcurrentDirectDeque$DescendingItr, META-INF/versions/9/io/undertow/util/FastConcurrentDirectDeque.class=io.undertow.util.FastConcurrentDirectDeque}
[ERROR] Error(s) found in manifest configuration
[INFO] ------------------------------------------------------------------------
[INFO] Reactor Summary:
[INFO] 
[INFO] Undertow 2.0.21.Final-SNAPSHOT ..................... SUCCESS [  2.294 s]
[INFO] Undertow Parser Generator .......................... SUCCESS [  5.834 s]
[INFO] Undertow Core ...................................... FAILURE [ 27.628 s]
[INFO] Undertow Servlet ................................... SKIPPED
[INFO] Undertow WebSockets JSR356 implementations ......... SKIPPED
[INFO] Undertow Examples .................................. SKIPPED
[INFO] Undertow Karaf Features ............................ SKIPPED
[INFO] Undertow Benchmarks 2.0.21.Final-SNAPSHOT .......... SKIPPED
[INFO] ------------------------------------------------------------------------
[INFO] BUILD FAILURE
[INFO] ------------------------------------------------------------------------
[INFO] Total time: 36.227 s
[INFO] Finished at: 2019-05-29T12:24:27+02:00
[INFO] ------------------------------------------------------------------------
[ERROR] Failed to execute goal org.apache.felix:maven-bundle-plugin:3.2.0:manifest (generate-manifest) on project undertow-core: Error(s) found in manifest configuration -> [Help 1]
[ERROR] 
[ERROR] To see the full stack trace of the errors, re-run Maven with the -e switch.
[ERROR] Re-run Maven using the -X switch to enable full debug logging.
[ERROR] 
[ERROR] For more information about the errors and possible solutions, please read the following articles:
[ERROR] [Help 1] http://cwiki.apache.org/confluence/display/MAVEN/MojoExecutionException
[ERROR] 
[ERROR] After correcting the problems, you can resume the build with the command
[ERROR]   mvn <goals> -rf :undertow-core
{code}

Looks like commit with [jboss-parent upgrade|https://github.com/undertow-io/undertow/commit/965b37100a21dffb6d49fffb2c121497cb811ee3] is the culprit here. Previous revisions compiles without any problem with JDK-11.",,,
385,UNDERTOW-1548,See JBEAP-16975 for the details,,,
388,UNDERTOW-1543,WebSocket07FrameSinkChannel can use ThreadLocalRandom to scale with threads instead of active channels.,,,
389,UNDERTOW-1542,"If PUT method is being used, we cannot extract request parameters/values in Undertow using these methods below:
----------------------------------------
>  + getParameterNames
>  + getParameterValues
>  + getParameterMap
----------------------------------------

Similar bug was fixed via [UNDERTOW-916|https://issues.jboss.org/browse/UNDERTOW-916] however that was only for one method ""getParameter(String)"". We would like all these methods above fixed :)
",,,
392,UNDERTOW-1540,"Reported by Tomoki Sato in the forum thread https://developer.jboss.org/thread/280089

As noted in the referenced forum, the implementation of ServletContextImpl#setRequestCharacterEncoding has a bug where it doesn't set the passed encoding and instead set the encoding to the value of the context path.
",,,
394,UNDERTOW-1537,This is clearly a typo. Response code 503 is the correct one,,,
396,UNDERTOW-1534,NoData,,,
399,UNDERTOW-1533,"When connecting with the WebSockets client via an HTTP Proxy server to a WebSockets server via SSL (TLS), the client *does not* include the SNI extension {{server_name}} indication.

If the server that the client is connecting to is located behind a reverse proxy and the reverse proxy handles multiple servers via SNI, a wrong certificate may be selected (because the reverse proxy has no indication as to the specific target domain name).

Picture:

Client -> HTTP Proxy -> Reverse Proxy -> WebSockets server",,,
403,UNDERTOW-1529,"My app redefines the http status code and use status code in [600,999] scope.
When I return http status code 735, I got this exception:

{code:java}
Caused by: java.lang.ArrayIndexOutOfBoundsException: 735
        at io.undertow.util.StatusCodes.getReason(StatusCodes.java:220)
        at io.undertow.server.protocol.http.HttpResponseConduit.processWrite(HttpResponseConduit.java:182)
        at io.undertow.server.protocol.http.HttpResponseConduit.write(HttpResponseConduit.java:634)
        at io.undertow.conduits.ChunkedStreamSinkConduit.doWrite(ChunkedStreamSinkConduit.java:166)
        at io.undertow.conduits.ChunkedStreamSinkConduit.write(ChunkedStreamSinkConduit.java:128)
        at org.xnio.conduits.ConduitStreamSinkChannel.write(ConduitStreamSinkChannel.java:150)
        at io.undertow.channels.DetachableStreamSinkChannel.write(DetachableStreamSinkChannel.java:240)
        at io.undertow.server.HttpServerExchange$WriteDispatchChannel.write(HttpServerExchange.java:2103)
        at io.undertow.servlet.spec.ServletOutputStreamImpl.writeBufferBlocking(ServletOutputStreamImpl.java:574)
        at io.undertow.servlet.spec.ServletOutputStreamImpl.flushInternal(ServletOutputStreamImpl.java:489)
        at io.undertow.servlet.spec.ServletOutputStreamImpl.flush(ServletOutputStreamImpl.java:476)
        at org.springframework.security.web.util.OnCommittedResponseWrapper$SaveContextServletOutputStream.flush(OnCommittedResponseWrapper.java:514)
        at org.springframework.security.web.util.OnCommittedResponseWrapper$SaveContextServletOutputStream.flush(OnCommittedResponseWrapper.java:514)

{code}

I check the source code, and find out StatusCodes use 0x2df(735 in decimalism) as array max index.

Any workaround to solve this problem?
 ",,,
405,UNDERTOW-1525,"If a JSP include is nested in a custom tag, then a 500 response code is returned, but the response is otherwise good.  This worked before on EAP 6/JBossWeb.  For example:
{code}
<ex:repro><jsp:include page=""/include.html""></jsp:include></ex:repro>
{code}

Undertow debug logging shows an IOException:
{code}
2019-04-16 15:49:57,155 DEBUG [io.undertow.request.io] (default task-1) UT005013: An IOException occurred: java.io.IOException
	at io.undertow.servlet.core.BlockingWriterSenderImpl.writeBuffer(BlockingWriterSenderImpl.java:208)
	at io.undertow.servlet.core.BlockingWriterSenderImpl.send(BlockingWriterSenderImpl.java:75)
	at io.undertow.server.handlers.resource.PathResource$1ServerTask.run(PathResource.java:184)
	at io.undertow.server.handlers.resource.PathResource.serveImpl(PathResource.java:253)
	at io.undertow.server.handlers.resource.PathResource.serve(PathResource.java:111)
	at org.wildfly.extension.undertow.deployment.ServletResource.serve(ServletResource.java:96)
	at io.undertow.server.handlers.resource.CachedResource.serve(CachedResource.java:168)
	at io.undertow.servlet.handlers.DefaultServlet.serveFileBlocking(DefaultServlet.java:357)
	at io.undertow.servlet.handlers.DefaultServlet.doGet(DefaultServlet.java:198)
	at javax.servlet.http.HttpServlet.service(HttpServlet.java:686)
	at javax.servlet.http.HttpServlet.service(HttpServlet.java:791)
	at io.undertow.servlet.handlers.ServletHandler.handleRequest(ServletHandler.java:74)
	at io.undertow.servlet.handlers.security.ServletSecurityRoleHandler.handleRequest(ServletSecurityRoleHandler.java:62)
	at io.undertow.servlet.handlers.ServletChain$1.handleRequest(ServletChain.java:68)
	at io.undertow.servlet.handlers.ServletDispatchingHandler.handleRequest(ServletDispatchingHandler.java:36)
	at io.undertow.server.handlers.PredicateHandler.handleRequest(PredicateHandler.java:43)
	at io.undertow.server.handlers.PredicateHandler.handleRequest(PredicateHandler.java:43)
	at io.undertow.server.handlers.PredicateHandler.handleRequest(PredicateHandler.java:43)
	at io.undertow.servlet.handlers.ServletInitialHandler.dispatchRequest(ServletInitialHandler.java:274)
	at io.undertow.servlet.handlers.ServletInitialHandler.dispatchToServlet(ServletInitialHandler.java:219)
	at io.undertow.servlet.spec.RequestDispatcherImpl.includeImpl(RequestDispatcherImpl.java:380)
	at io.undertow.servlet.spec.RequestDispatcherImpl.setupIncludeImpl(RequestDispatcherImpl.java:315)
	at io.undertow.servlet.spec.RequestDispatcherImpl.include(RequestDispatcherImpl.java:279)
	at org.apache.jasper.runtime.JspRuntimeLibrary.include(JspRuntimeLibrary.java:907)
{code}

BlockingWriterSenderImpl.writeBuffer calls writer.checkError(), which inherently flushes the BodyContent.  But BodyContent.flush() always throws an exception so calling this always results in the trouble flag on the writer:
{code}
  public void flush()
    throws IOException
  {
    throw new IOException(""Illegal to flush within a custom tag"");
  }
{code}

Compared to JBossWeb, this would jsut write to the writer/BodyContent from DefaultServlet.copyRange and it would never call writer.checkError() or anything else to flush the BodyContent:
{code}
16:08:19,138 INFO  [stdout] (http-127.0.0.1:8080-3) org.apache.jasper.runtime.BodyContentImpl.write(BodyContentImpl.java:78)
16:08:19,138 INFO  [stdout] (http-127.0.0.1:8080-3) java.io.PrintWriter.write(PrintWriter.java:426)
16:08:19,138 INFO  [stdout] (http-127.0.0.1:8080-3) org.apache.catalina.servlets.DefaultServlet.copyRange(DefaultServlet.java:2166)
16:08:19,139 INFO  [stdout] (http-127.0.0.1:8080-3) org.apache.catalina.servlets.DefaultServlet.copy(DefaultServlet.java:1920)
16:08:19,139 INFO  [stdout] (http-127.0.0.1:8080-3) org.apache.catalina.servlets.DefaultServlet.serveResource(DefaultServlet.java:843)
16:08:19,139 INFO  [stdout] (http-127.0.0.1:8080-3) org.apache.catalina.servlets.DefaultServlet.doGet(DefaultServlet.java:375)
16:08:19,139 INFO  [stdout] (http-127.0.0.1:8080-3) javax.servlet.http.HttpServlet.service(HttpServlet.java:734)
16:08:19,139 INFO  [stdout] (http-127.0.0.1:8080-3) org.apache.catalina.servlets.DefaultServlet.service(DefaultServlet.java:356)
16:08:19,140 INFO  [stdout] (http-127.0.0.1:8080-3) javax.servlet.http.HttpServlet.service(HttpServlet.java:847)
16:08:19,140 INFO  [stdout] (http-127.0.0.1:8080-3) org.apache.catalina.core.ApplicationFilterChain.internalDoFilter(ApplicationFilterChain.java:295)
16:08:19,140 INFO  [stdout] (http-127.0.0.1:8080-3) org.apache.catalina.core.ApplicationFilterChain.doFilter(ApplicationFilterChain.java:214)
16:08:19,140 INFO  [stdout] (http-127.0.0.1:8080-3) org.apache.catalina.core.ApplicationDispatcher.invoke(ApplicationDispatcher.java:832)
16:08:19,140 INFO  [stdout] (http-127.0.0.1:8080-3) org.apache.catalina.core.ApplicationDispatcher.doInclude(ApplicationDispatcher.java:718)
16:08:19,141 INFO  [stdout] (http-127.0.0.1:8080-3) org.apache.catalina.core.ApplicationDispatcher.include(ApplicationDispatcher.java:655)
16:08:19,141 INFO  [stdout] (http-127.0.0.1:8080-3) org.apache.jasper.runtime.JspRuntimeLibrary.include(JspRuntimeLibrary.java:890)
{code}

It seems that could miss actual issues so that is likely not an approach we should follow within Undertow.  But can we avoid this 500 in Undertow in some manner?",,,
406,UNDERTOW-1524,"{noformat}
17:52:08,756 ERROR [io.undertow.request] (pool-2-thread-1) UT005071: Undertow request failed HttpServerExchange{ GET /unsecure request DefaultHttpHeaders[Host: localhost:7776, Connection: Keep-Alive, User-Agent: Apache-HttpClient/4.5.6 (Java/1.8.0_201), Accept-Encoding: gzip,deflate] response DefaultHttpHeaders[]}: java.lang.StackOverflowError
	at io.undertow.util.HeaderMap.addLast(HeaderMap.java:199)
	at io.undertow.util.HeaderMap.add(HeaderMap.java:182)
	at io.undertow.util.HeaderMap.addLast(HeaderMap.java:199)
	at io.undertow.util.HeaderMap.add(HeaderMap.java:182)
{noformat}",,,
407,UNDERTOW-1506,"When I added a bad symlink to the *welcome-content* and allowed *directory-listing* in the file handler of the *welcome-content* server returns Internal Server Error (500) when accessing the folder containing the bad symlink. However, no exception is logged in the output on WildFly.

I also tried to use simple  example application - _File Serving_ from [Undertow Examples|https://github.com/undertow-io/undertow/tree/master/examples] where I can see the following exception when accessing the directory with the bad symlink:
{code}
java.lang.RuntimeException: java.nio.file.NoSuchFileException: /home/akrajcik/Pictures/pictures
	at io.undertow.server.handlers.resource.PathResource.getLastModified(PathResource.java:62)
	at io.undertow.server.handlers.resource.DirectoryUtils.renderDirectoryListing(DirectoryUtils.java:139)
	at io.undertow.server.handlers.resource.DirectoryUtils.renderDirectoryListing(DirectoryUtils.java:162)
	at io.undertow.server.handlers.resource.ResourceHandler$1.handleRequest(ResourceHandler.java:233)
	at io.undertow.server.Connectors.executeRootHandler(Connectors.java:364)
	at io.undertow.server.HttpServerExchange$1.run(HttpServerExchange.java:830)
	at java.util.concurrent.ThreadPoolExecutor.runWorker(ThreadPoolExecutor.java:1160)
	at java.util.concurrent.ThreadPoolExecutor$Worker.run(ThreadPoolExecutor.java:635)
	at java.lang.Thread.run(Thread.java:811)
Caused by: java.nio.file.NoSuchFileException: /home/akrajcik/Pictures/pictures
	at sun.nio.fs.UnixException.translateToIOException(UnixException.java:98)
	at sun.nio.fs.UnixException.rethrowAsIOException(UnixException.java:114)
	at sun.nio.fs.UnixException.rethrowAsIOException(UnixException.java:119)
	at sun.nio.fs.UnixFileAttributeViews$Basic.readAttributes(UnixFileAttributeViews.java:67)
	at sun.nio.fs.UnixFileSystemProvider.readAttributes(UnixFileSystemProvider.java:156)
	at sun.nio.fs.LinuxFileSystemProvider.readAttributes(LinuxFileSystemProvider.java:111)
	at java.nio.file.Files.readAttributes(Files.java:1748)
	at java.nio.file.Files.getLastModifiedTime(Files.java:2277)
	at io.undertow.server.handlers.resource.PathResource.getLastModified(PathResource.java:60)
	... 8 more
{code}",,,
411,UNDERTOW-1498,"This two lines can throw exceptions in RequestLimit:

task.exchange.addExchangeCompleteListener(COMPLETION_LISTENER);
task.exchange.dispatch(task.next);

There is a finally for calling the next listener, however decrementRequests() isn't in it. In case of an error the currently polled exchange will be skipped while decrementRequests() is also not called: oops, we lost a thread! At a larger workload we lose all the threads, sooner or later. We solved the problem with the change contained by this pull request.

The most common exception we experienced is this (this stack is from 1.4.18, but the problem still exists with 2.x):

java.lang.IllegalStateException: UT000139: Exchange already complete
        at io.undertow.server.HttpServerExchange.addExchangeCompleteListener(HttpServerExchange.java:923)
        at io.undertow.server.handlers.RequestLimit$2.exchangeEvent(RequestLimit.java:92)
        at io.undertow.server.HttpServerExchange$ExchangeCompleteNextListener.proceed(HttpServerExchange.java:1845)
        at io.undertow.server.handlers.proxy.ProxyHandler$2.exchangeEvent(ProxyHandler.java:196)
        at io.undertow.server.HttpServerExchange$ExchangeCompleteNextListener.proceed(HttpServerExchange.java:1845)
        at io.undertow.server.handlers.proxy.ProxyConnectionPool$3.exchangeEvent(ProxyConnectionPool.java:332)
        at io.undertow.server.HttpServerExchange.invokeExchangeCompleteListeners(HttpServerExchange.java:1258)
        at io.undertow.server.HttpServerExchange.terminateResponse(HttpServerExchange.java:1538)
        at io.undertow.server.Connectors.terminateResponse(Connectors.java:143)
        at io.undertow.server.protocol.http.ServerFixedLengthStreamSinkConduit.channelFinished(ServerFixedLengthStreamSinkConduit.java:56)
        at io.undertow.conduits.AbstractFixedLengthStreamSinkConduit.exitFlush(AbstractFixedLengthStreamSinkConduit.java:316)
        at io.undertow.conduits.AbstractFixedLengthStreamSinkConduit.flush(AbstractFixedLengthStreamSinkConduit.java:234)
        at org.xnio.conduits.AbstractSinkConduit.flush(AbstractSinkConduit.java:86)
        at org.xnio.conduits.ConduitStreamSinkChannel.flush(ConduitStreamSinkChannel.java:162)
        at io.undertow.channels.DetachableStreamSinkChannel.flush(DetachableStreamSinkChannel.java:119)
        at io.undertow.io.AsyncSenderImpl.close(AsyncSenderImpl.java:338)
        at io.undertow.io.DefaultIoCallback.onComplete(DefaultIoCallback.java:54)
        at io.undertow.io.AsyncSenderImpl.invokeOnComplete(AsyncSenderImpl.java:396)
        at io.undertow.io.AsyncSenderImpl.send(AsyncSenderImpl.java:233)
        at io.undertow.io.AsyncSenderImpl.send(AsyncSenderImpl.java:310)
        at io.undertow.io.AsyncSenderImpl.send(AsyncSenderImpl.java:282)
        at io.undertow.io.AsyncSenderImpl.send(AsyncSenderImpl.java:316)
        ...",,,
412,UNDERTOW-1493,"
Infinite loop in :
package io.undertow.protocols.ssl;

public class SslConduit implements StreamSourceConduit, StreamSinkConduit {

try {
SSLEngineResult result = null;
while (result == null || (result.getHandshakeStatus() == SSLEngineResult.HandshakeStatus.NEED_WRAP && result.getStatus() != SSLEngineResult.Status.BUFFER_OVERFLOW)) {
if (userBuffers == null)
{ result = engine.wrap(EMPTY_BUFFER, wrappedData.getBuffer()); }

else
{ result = engine.wrap(userBuffers, off, len, wrappedData.getBuffer()); }

}

----------

package io.undertow.server;

/**

    A byte buffer pool that supports reference counted pools.
    *
    TODO: move this somewhere more appropriate
    *
    @author Stuart Douglas
    */
    public class DefaultByteBufferPool implements ByteBufferPool {

...

@Override
public ByteBuffer getBuffer() {
if(referenceCount == 0)
{ throw UndertowMessages.MESSAGES.bufferAlreadyFreed(); }

return buffer;
}

Looping on while condition with the following state :

HandshakeStatus = NEED_WRAP / Status = OK / bytesConsumed = 0 / bytesProduced = 0

Stake trace :

""XNIO-1 I/O-1"" #25 prio=5 os_prio=0 cpu=3989340.17ms elapsed=64540.00s tid=0x00007fcd60cd7000 nid=0x7c0f runnable [0x00007fcd29a56000]
java.lang.Thread.State: RUNNABLE
at io.undertow.protocols.ssl.SslConduit.doWrap(SslConduit.java:898)
at io.undertow.protocols.ssl.SslConduit.doUnwrap(SslConduit.java:671)
at io.undertow.protocols.ssl.SslConduit.read(SslConduit.java:567)
at org.xnio.conduits.ConduitStreamSourceChannel.read(ConduitStreamSourceChannel.java:127)
at io.undertow.server.protocol.http.HttpReadListener.handleEventWithNoRunningRequest(HttpReadListener.java:158)
at io.undertow.server.protocol.http.HttpReadListener.handleEvent(HttpReadListener.java:136)
at io.undertow.server.protocol.http.HttpReadListener.handleEvent(HttpReadListener.java:59)
at org.xnio.ChannelListeners.invokeChannelListener(ChannelListeners.java:92)
at org.xnio.conduits.ReadReadyHandler$ChannelListenerHandler.readReady(ReadReadyHandler.java:66)
at io.undertow.protocols.ssl.SslConduit$SslReadReadyHandler.readReady(SslConduit.java:1175)
at io.undertow.protocols.ssl.SslConduit$SslWriteReadyHandler.writeReady(SslConduit.java:1250)
at org.xnio.nio.NioSocketConduit.handleReady(NioSocketConduit.java:93)
at org.xnio.nio.WorkerThread.run(WorkerThread.java:561)
",,,
415,UNDERTOW-1492,"In rfc7230 at section-3.3.2 the following passage is included:
{quote}
   A server MUST NOT send a Content-Length header field in any response
   with a status code of 1xx (Informational) or 204 (No Content).  A
   server MUST NOT send a Content-Length header field in any 2xx
   (Successful) response to a CONNECT request (Section 4.3.6 of
   \[RFC7231]).
{quote}

But as shown in the following record of wireshark undertow sends a ""Content-Length: 0""-header:
{quote}
Transmission Control Protocol, Src Port: 28080, Dst Port: 3853, Seq: 1, Ack: 296, Len: 373
Hypertext Transfer Protocol
    HTTP/1.1 101 Switching Protocols\r\n
    Connection: Upgrade\r\n
    Sec-WebSocket-Location: ws://<URL>\r\n
    Origin: <host:port>\r\n
    Upgrade: WebSocket\r\n
    *Content-Length: 0\r\n*
    Sec-WebSocket-Accept: 5dvAOheOqdbsFb3B9HYitAsUOhc=\r\n
    Date: Tue, 12 Feb 2019 09:05:51 GMT\r\n
    \r\n
{quote}

This was a direct connection on localhost without any kind of proxy.

This problem prevents .Net-Clients from using websockets (see: https://stackoverflow.com/questions/40502921/net-websockets-forcibly-closed-despite-keep-alive-and-activity-on-the-connectio)",,,
416,UNDERTOW-1490,"When debugging issue [WFLY-11639|https://issues.jboss.org/browse/WFLY-11639] I found a bug in the FlexBase64 encoder on line 264.

The code is:
{code:java}
    public static String encodeStringURL(ByteBuffer source, boolean wrap) {
        return Encoder.encodeString(source, wrap, false);
    }
{code}

But should be:
{code:java}
    public static String encodeStringURL(ByteBuffer source, boolean wrap) {
        return Encoder.encodeString(source, wrap, true);
    }
{code}

I'll send a pull request.",,,
419,UNDERTOW-1489,"When trying to add two cookies with the same name but different path the cookie is overwritten, and only the last path is actually set.

This contrasts with the behavior of EAP 6.x where the two cookies are set correctly.",,,
426,UNDERTOW-1481,Simple fix for checkstyle and typo in one comment.,,,
428,UNDERTOW-1478,"Error pages are not receiving the forward attributes (javax.servlet.forward.XXXX) but only the error attributes (javax.servlet.error.XXXX).

The problem seems to be that the request displatcher impl is using a specific method {{error}} that does not add those attributes (check class [RequestDispatcherImpl|https://github.com/undertow-io/undertow/blob/master/servlet/src/main/java/io/undertow/servlet/spec/RequestDispatcherImpl.java#L419]). In previous EAP 6 error pages also used the forward method and then the attributes were there.

Note that the [servlet spec 3.1 chapter 10.9.1|https://javaee.github.io/servlet-spec/downloads/servlet-3.1/Final/servlet-3_1-final.pdf] says that those forward properties should be present in error pages: _""The request path and attributes are set as if a RequestDispatcher.forward to the error resource had been performed.""_",,,
432,UNDERTOW-1474,"Multiple users have reported that WildFly (13.x and even latest released 15.0.0) version leaks file handles to files that look like:
{code}
/opt/wildfly-15.0.0.Final/standalone/tmp/digital-archive.war/undertow449317228871190919upload (deleted)
{code}

A brief look at the Undertow code and many different manual upload tests, shows that there is (at least one) code path that can lead to such leaks. A specific manual test does reproduce this leak in {code}io.undertow.server.handlers.form.FormData.FileItem#write{code} where if a call to Files.move(...) fails for whatever reason, a Files.copy is attempted and while doing so a {code}InputStream{code} is opened but never closed.

The forum reference has more details but it hasn't yet been narrowed down to some reproducible example.",,,
433,UNDERTOW-1472,"[DefaultServlet|https://github.com/undertow-io/undertow/blob/master/servlet/src/main/java/io/undertow/servlet/handlers/DefaultServlet.java#L186] does not set Content-Type HTTP header in response for the directory resource when directory-listing feature is enabled.

As browsers apparently try to guess appropriate Content-Type of the downloaded resource, this problem is not spotted unless in combination with [X-Content-Type-Options|https://developer.mozilla.org/en-US/docs/Web/HTTP/Headers/X-Content-Type-Options] header is present in the HTTP response too. This header effectively discourages browser to guess the Content-Type of the resource.

Output for directory-listing request in attached reproducer [^helloworld-html5.war]:
{code}
$ curl -v http://127.0.0.1:8080/helloworld-html5/css/  >/dev/null 
*   Trying 127.0.0.1...
* TCP_NODELAY set
  % Total    % Received % Xferd  Average Speed   Time    Time     Time  Current
                                 Dload  Upload   Total   Spent    Left  Speed
  0     0    0     0    0     0      0      0 --:--:-- --:--:-- --:--:--     0* Connected to 127.0.0.1 (127.0.0.1) port 8080 (#0)
> GET /helloworld-html5/css/ HTTP/1.1
> Host: 127.0.0.1:8080
> User-Agent: curl/7.59.0
> Accept: */*
> 
< HTTP/1.1 200 OK
< Connection: keep-alive
< Content-Length: 824
< Date: Fri, 04 Jan 2019 14:32:46 GMT
< 
{ [824 bytes data]
100   824  100   824    0     0   804k      0 --:--:-- --:--:-- --:--:--  804k
* Connection #0 to host 127.0.0.1 left intact
{code}
Notice that there is no Content-Type header in HTTP response.",,,
437,UNDERTOW-1469,"resetBuffer resets only the pooled buffer, not the ByteBuffer from the pooled buffer. After invoking resetBuffer, the buffer itself may be clobbered, and writes to the stream will produce unexpected data.
Without other components checking out the same buffer, the stream still fails because the buffer itself isn't reset and contents are still written to the stream.",,,
440,UNDERTOW-1467,"Exception in thread ""main"" java.lang.StringIndexOutOfBoundsException: String index out of range: -1
	at java.lang.String.substring(String.java:1967)
	at io.undertow.examples.Runner.main(Runner.java:54)",,,
441,UNDERTOW-1462,"EAP 7/Undertow parses a request cookie incorrectly when a backslash-escaped double quote {{(\"")}} exists in the quoted cookie value.

 * example.jsp

{code}
<%
Cookie[] cookies = request.getCookies();
for (Cookie cookie: cookies) {
    out.println(""cookie key = "" + cookie.getName());
    out.println(""cookie val = "" + cookie.getValue());
}
%>
{code}

 * EAP 7 incorrectly parses the quoted cookie value ""my\""value"" as my\

{code}
$ curl -v http://localhost:8080/test/example.jsp -H 'Cookie: mykey=""my\""value""'
...
> GET /test/example.jsp HTTP/1.1
> User-Agent: curl/7.29.0
> Host: localhost:8080
> Accept: */*
> Cookie: mykey=""my\""value""
> 
< HTTP/1.1 200 OK
< Connection: keep-alive
< X-Powered-By: Undertow/1
< X-Powered-By: JSP/2.3
< Server: JBoss-EAP/7
< ....
< 
cookie key = mykey
cookie val = my\

{code}

 * EAP 6.4 can correctly parse the quoted cookie value ""my\""value"" as my""value:

{code}
$ curl -v http://localhost:8080/test/example.jsp -H 'Cookie: mykey=""my\""value""'
...
> GET /test/example.jsp HTTP/1.1
> User-Agent: curl/7.29.0
> Host: localhost:8080
> Accept: */*
> Cookie: mykey=""my\""value""
> 
< HTTP/1.1 200 OK
< Server: Apache-Coyote/1.1
< X-Powered-By: JSP/2.2
< ...
< 
cookie key = mykey
cookie val = my""value

{code}

",,,
447,UNDERTOW-1435,"testCloseReason has a test-order dependency and fails when run after some other tests even when there's no bug in the code. 

More specifically, testCloseReason requires that the AnnotatedClientEndpoint’s MESSAGE field not contain “CLOSED”. If a test (e.g., AnnotatedEndpointTest.testErrorHandling) that sets the AnnotatedClientEndpoint’s MESSAGE field to “CLOSED” is run before testCloseReason, then testCloseReason will fail.

This test can be fixed by resetting the AnnotatedClientEndpoint’s MESSAGE field, as shown in the following pull request. 
https://github.com/undertow-io/undertow/pull/684

Note that resetting the AnnotatedClientEndpoint’s MESSAGE field is already done in some of the tests in AnnotatedEndpointTest (e.g., testIdleTimeout, testAnnotatedClientEndpoint).",,,
448,UNDERTOW-1433,"There are unnecessary version properties in pom.xml file that are leftovers from [incomplete commit|https://github.com/undertow-io/undertow/commit/1faa06fe4d4c4eabe78d6888413c790a43ddcb79]. I believe those can be safely removed. For more info, see linked PR.",,,
449,UNDERTOW-1426,"Current version of spotbugs-maven-plugin {{3.1.5}} has an issue when executed with JDK-11. New version {{3.1.7}} added support for JDK-11 already. Still there is some issue with false-positive errors [tracked here|https://github.com/spotbugs/spotbugs/issues/756] and caused probably by the way how java bytecode is created in JDK-11.

We should perform update of the plugin to latest version to support JDK-11 execution. To avoid followup issue with false-positive errors we can introduce new maven profile which makes spotbugs-maven-plugin not to fail when executed with JDK-11.",,,
450,UNDERTOW-1423,NoData,,,
451,UNDERTOW-1419,"Possible bug as mentioned in https://developer.jboss.org/thread/278634. As mentioned in the thread, use of bumpTimeout may cause a session that may never expire.

From [~jstourac@redhat.com]:
{quote}
The list of methods where 'bumpTimeout' is actually used in [InMemorySessionManager|https://github.com/undertow-io/undertow/blob/master/core/src/main/java/io/undertow/server/session/InMemorySessionManager.java] to following: createSession(), setMaxInactiveInterval(), getAttribute(), getAttributeNames(), setAttribute(), removeAttribute(). From this list usage in following methods is suspicious: getAttribute(), getAttributeNames(), setAttribute(), removeAttribute().

All occurrences were added by [this commit|https://github.com/undertow-io/undertow/commit/be768b6cb98c13f02dfd19befe4ebf687f47d84f#diff-d98bd5b5413945d50c03478570716776] with initial session timeout implementation.

The truth is the [Servlet 4.0, section 7.5|https://javaee.github.io/servlet-spec/downloads/servlet-4.0/servlet-4_0_FINAL.pdf] specification (Servlet 3.1 is almost identical) specifies that timeout depends on user activity only:

""This means that the only mechanism that can be used to indicate when a client is no longer active is a time out period.""
{quote}
Response from [~stuartdouglas_jira] from mail:
{quote}
We could probably change that to just update the timeout in requestDone().
{quote}",,,
455,UNDERTOW-1407,Current version of Karaf dependency in master branch {{4.2.0}} still breaks compilation of Undertow with {{JDK-11}} early build.,,,
456,UNDERTOW-1404,"UT000072 exception is not handled as Bad Request on ajp-listener process. It needs Bad Request handling like a UNDERTOW-1021.

{noformat}
12:08:24,775 ERROR [io.undertow.request] (default I/O-3) UT005001: An exception occurred processing the request: java.lang.IllegalArgumentException: UT000072: Failed to decode url aaa%http to charset UTF-8
        at io.undertow.util.URLUtils.decode(URLUtils.java:152)
        at io.undertow.util.URLUtils$QueryStringParser.decode(URLUtils.java:273)
        at io.undertow.util.URLUtils$QueryStringParser.parse(URLUtils.java:256)
        at io.undertow.util.URLUtils.parseQueryString(URLUtils.java:53)
        at io.undertow.server.protocol.ajp.AjpRequestParser.parse(AjpRequestParser.java:420)
        at io.undertow.server.protocol.ajp.AjpReadListener.handleEvent(AjpReadListener.java:169)
        at io.undertow.server.protocol.ajp.AjpOpenListener.handleEvent(AjpOpenListener.java:143)
        at io.undertow.server.protocol.ajp.AjpOpenListener.handleEvent(AjpOpenListener.java:52)
        at org.xnio.ChannelListeners.invokeChannelListener(ChannelListeners.java:92)
        at org.xnio.ChannelListeners$10.handleEvent(ChannelListeners.java:291)
        at org.xnio.ChannelListeners$10.handleEvent(ChannelListeners.java:286)
        at org.xnio.ChannelListeners.invokeChannelListener(ChannelListeners.java:92)
        at org.xnio.nio.QueuedNioTcpServer$1.run(QueuedNioTcpServer.java:131)
        at org.xnio.nio.WorkerThread.safeRun(WorkerThread.java:612)
        at org.xnio.nio.WorkerThread.run(WorkerThread.java:479)
{noformat}",,,
458,UNDERTOW-1402,"If AsyncContextImpl.onAsyncComplete() hits an exception, that can cause following response.responseDone() calls to be missed.

For instance:

1. async request a starts
2. sync request b invalidates session
3. async request a completes

Upon completion, the async request does not unlock and throws following exception:
{code}
16:04:58,260 ERROR [stderr] (default task-18) Exception in thread ""default task-18"" java.lang.RuntimeException: java.lang.IllegalStateException: WFLYCLWEBUT0001: Session 8adSKXK1li8Qo15QnaIGrd31DrB6B83jEL4blzq1 is invalid
16:04:58,260 ERROR [stderr] (default task-18) 	at io.undertow.servlet.spec.ServletContextImpl.invokeRunnable(ServletContextImpl.java:944)
16:04:58,260 ERROR [stderr] (default task-18) 	at io.undertow.servlet.spec.AsyncContextImpl.onAsyncComplete(AsyncContextImpl.java:594)
16:04:58,260 ERROR [stderr] (default task-18) 	at io.undertow.servlet.spec.AsyncContextImpl.access$100(AsyncContextImpl.java:71)
16:04:58,261 ERROR [stderr] (default task-18) 	at io.undertow.servlet.spec.AsyncContextImpl$3.run(AsyncContextImpl.java:315)
16:04:58,261 ERROR [stderr] (default task-18) 	at io.undertow.servlet.spec.AsyncContextImpl$6.run(AsyncContextImpl.java:473)
16:04:58,261 ERROR [stderr] (default task-18) 	at io.undertow.servlet.spec.AsyncContextImpl$TaskDispatchRunnable.run(AsyncContextImpl.java:584)
16:04:58,261 ERROR [stderr] (default task-18) 	at java.util.concurrent.ThreadPoolExecutor.runWorker(ThreadPoolExecutor.java:1149)
16:04:58,261 ERROR [stderr] (default task-18) 	at java.util.concurrent.ThreadPoolExecutor$Worker.run(ThreadPoolExecutor.java:624)
16:04:58,261 ERROR [stderr] (default task-18) 	at java.lang.Thread.run(Thread.java:748)
16:04:58,261 ERROR [stderr] (default task-18) Caused by: java.lang.IllegalStateException: WFLYCLWEBUT0001: Session 8adSKXK1li8Qo15QnaIGrd31DrB6B83jEL4blzq1 is invalid
16:04:58,261 ERROR [stderr] (default task-18) 	at org.wildfly.clustering.web.undertow.session.DistributableSession.validate(DistributableSession.java:57)
16:04:58,261 ERROR [stderr] (default task-18) 	at org.wildfly.clustering.web.undertow.session.DistributableSession.getAttribute(DistributableSession.java:157)
16:04:58,261 ERROR [stderr] (default task-18) 	at io.undertow.servlet.spec.HttpSessionImpl.getAttribute(HttpSessionImpl.java:122)
16:04:58,261 ERROR [stderr] (default task-18) 	at org.jboss.weld.context.http.HttpSessionContextImpl.checkBeanIdentifierIndexConsistency(HttpSessionContextImpl.java:98)
16:04:58,261 ERROR [stderr] (default task-18) 	at org.jboss.weld.context.http.HttpSessionContextImpl.associate(HttpSessionContextImpl.java:47)
16:04:58,261 ERROR [stderr] (default task-18) 	at org.jboss.weld.context.http.HttpSessionContextImpl.associate(HttpSessionContextImpl.java:23)
16:04:58,261 ERROR [stderr] (default task-18) 	at org.jboss.weld.servlet.HttpContextLifecycle.requestInitialized(HttpContextLifecycle.java:237)
16:04:58,261 ERROR [stderr] (default task-18) 	at org.jboss.weld.servlet.WeldInitialListener.requestInitialized(WeldInitialListener.java:152)
16:04:58,261 ERROR [stderr] (default task-18) 	at io.undertow.servlet.core.ApplicationListeners.requestInitialized(ApplicationListeners.java:246)
16:04:58,261 ERROR [stderr] (default task-18) 	at io.undertow.servlet.spec.AsyncContextImpl.setupRequestContext(AsyncContextImpl.java:678)
16:04:58,261 ERROR [stderr] (default task-18) 	at io.undertow.servlet.spec.AsyncContextImpl.access$700(AsyncContextImpl.java:71)
16:04:58,261 ERROR [stderr] (default task-18) 	at io.undertow.servlet.spec.AsyncContextImpl$7.run(AsyncContextImpl.java:599)
16:04:58,261 ERROR [stderr] (default task-18) 	at io.undertow.servlet.spec.ServletContextImpl$2.call(ServletContextImpl.java:177)
16:04:58,262 ERROR [stderr] (default task-18) 	at io.undertow.servlet.spec.ServletContextImpl$2.call(ServletContextImpl.java:174)
16:04:58,262 ERROR [stderr] (default task-18) 	at io.undertow.servlet.spec.ServletContextImpl.invokeRunnable(ServletContextImpl.java:942)
16:04:58,262 ERROR [stderr] (default task-18) 	... 8 more
{code}
The skipped response.responseDone() call then causes hangs reported in WFLY-10923.",,,
459,UNDERTOW-1364,"The Gzip and Inflate encoding providers (GzipEncodingProvider and InflateEncodingProvider) have support for re-using Deflater and Inflater objects via ObjectPools; the simple object pool type, NewInstanceObjectPool, which these encoding providers default to, work fine - instances are properly created and then recycled.

However, attempting to use a SimpleObjectPool, which allows for reuse of the same Deflater/Inflater instances (by returning them to an internal pool which they can be pulled from again), fails and causes the consumer of the object pool - in this case, the encoding providers - to hang indefinitely.

The source of the problem is fortunately relatively easy - the main problem is that the Deflater/Inflater instances are not reset between usages, which causes undefined behavior when they are pulled from the pool again for attempted reuse. The fix for this involves just calling reset() on the instances either after they are returned to the internal pool of the SimpleObjectPool or before they are pulled from the pool.

I've attached a unit test which is a copy of another GzipEncodingHandler unit test, but which uses the SimpleObjectPool instead of the NewInstanceObjectPool; the unit test hangs on my machine, though it could have other strange behavior on other systems/JDK implementations. I'll also provide a pull request with the aforementioned test and a potential fix (by adding a ""recycle"" lambda to a SimpleObjectPool which is called every time an object is returned to the pool).

In the meanwhile, I've just created a custom implementation of an ObjectPool specialized to inflaters/deflaters which applies the above fix.

Sorry in advance if this was far too wordy, and thanks in advance for any help. :)",,,
463,UNDERTOW-1361,"{{HttpInvocationInContainerTestCase}} fails with security manager because of missing permission {{""java.io.FilePermission"" ""/home/jkalina/.m2/repository/io/undertow/undertow-core/2.0.9.Final/undertow-core-2.0.9.Final.jar"" ""read""}}:
{code}
java.lang.ExceptionInInitializerError
	at org.wildfly.httpclient.common.HttpConnectionPool.runPending(HttpConnectionPool.java:151)
	at org.wildfly.httpclient.common.HttpConnectionPool.getConnection(HttpConnectionPool.java:83)
	at org.wildfly.httpclient.common.HttpTargetContext.sendRequest(HttpTargetContext.java:146)
	at org.wildfly.httpclient.naming.HttpRootContext.performOperation(HttpRootContext.java:293)
	at org.wildfly.httpclient.naming.HttpRootContext.lambda$processInvocation$1(HttpRootContext.java:266)
	at org.wildfly.httpclient.naming.HttpRootContext.performWithRetry(HttpRootContext.java:182)
	at org.wildfly.httpclient.naming.HttpRootContext.processInvocation(HttpRootContext.java:243)
	at org.wildfly.httpclient.naming.HttpRootContext.processInvocation(HttpRootContext.java:237)
	at org.wildfly.httpclient.naming.HttpRootContext.lookupNative(HttpRootContext.java:119)
	at org.wildfly.naming.client.AbstractContext.lookup(AbstractContext.java:84)
	at org.wildfly.naming.client.WildFlyRootContext.lookup(WildFlyRootContext.java:144)
	at javax.naming.InitialContext.lookup(InitialContext.java:417)
	at javax.naming.InitialContext.lookup(InitialContext.java:417)
	at org.jboss.as.test.integration.ejb.remote.http.HttpInvocationInContainerTestCase.invokeEjb(HttpInvocationInContainerTestCase.java:39)
	at sun.reflect.NativeMethodAccessorImpl.invoke0(Native Method)
	at sun.reflect.NativeMethodAccessorImpl.invoke(NativeMethodAccessorImpl.java:62)
	at sun.reflect.DelegatingMethodAccessorImpl.invoke(DelegatingMethodAccessorImpl.java:43)
	at java.lang.reflect.Method.invoke(Method.java:498)
	at org.junit.runners.model.FrameworkMethod$1.runReflectiveCall(FrameworkMethod.java:50)
	at org.junit.internal.runners.model.ReflectiveCallable.run(ReflectiveCallable.java:12)
	at org.junit.runners.model.FrameworkMethod.invokeExplosively(FrameworkMethod.java:47)
	at org.jboss.arquillian.junit.Arquillian$8$1.invoke(Arquillian.java:379)
	at org.jboss.arquillian.container.test.impl.execution.LocalTestExecuter.execute(LocalTestExecuter.java:60)
	at sun.reflect.NativeMethodAccessorImpl.invoke0(Native Method)
	at sun.reflect.NativeMethodAccessorImpl.invoke(NativeMethodAccessorImpl.java:62)
	at sun.reflect.DelegatingMethodAccessorImpl.invoke(DelegatingMethodAccessorImpl.java:43)
	at java.lang.reflect.Method.invoke(Method.java:498)
	at org.jboss.arquillian.core.impl.ObserverImpl.invoke(ObserverImpl.java:96)
	at org.jboss.arquillian.core.impl.EventContextImpl.invokeObservers(EventContextImpl.java:103)
	at org.jboss.arquillian.core.impl.EventContextImpl.proceed(EventContextImpl.java:85)
	at org.jboss.arquillian.core.impl.ManagerImpl.fire(ManagerImpl.java:143)
	at org.jboss.arquillian.core.impl.ManagerImpl.fire(ManagerImpl.java:114)
	at org.jboss.arquillian.core.impl.EventImpl.fire(EventImpl.java:67)
	at org.jboss.arquillian.container.test.impl.execution.ContainerTestExecuter.execute(ContainerTestExecuter.java:38)
	at sun.reflect.NativeMethodAccessorImpl.invoke0(Native Method)
	at sun.reflect.NativeMethodAccessorImpl.invoke(NativeMethodAccessorImpl.java:62)
	at sun.reflect.DelegatingMethodAccessorImpl.invoke(DelegatingMethodAccessorImpl.java:43)
	at java.lang.reflect.Method.invoke(Method.java:498)
	at org.jboss.arquillian.core.impl.ObserverImpl.invoke(ObserverImpl.java:96)
	at org.jboss.arquillian.core.impl.EventContextImpl.invokeObservers(EventContextImpl.java:103)
	at org.jboss.arquillian.core.impl.EventContextImpl.proceed(EventContextImpl.java:85)
	at org.jboss.arquillian.test.impl.TestContextHandler.createTestContext(TestContextHandler.java:130)
	at sun.reflect.NativeMethodAccessorImpl.invoke0(Native Method)
	at sun.reflect.NativeMethodAccessorImpl.invoke(NativeMethodAccessorImpl.java:62)
	at sun.reflect.DelegatingMethodAccessorImpl.invoke(DelegatingMethodAccessorImpl.java:43)
	at java.lang.reflect.Method.invoke(Method.java:498)
	at org.jboss.arquillian.core.impl.ObserverImpl.invoke(ObserverImpl.java:96)
	at org.jboss.arquillian.core.impl.EventContextImpl.proceed(EventContextImpl.java:92)
	at org.jboss.arquillian.test.impl.TestContextHandler.createClassContext(TestContextHandler.java:92)
	at sun.reflect.NativeMethodAccessorImpl.invoke0(Native Method)
	at sun.reflect.NativeMethodAccessorImpl.invoke(NativeMethodAccessorImpl.java:62)
	at sun.reflect.DelegatingMethodAccessorImpl.invoke(DelegatingMethodAccessorImpl.java:43)
	at java.lang.reflect.Method.invoke(Method.java:498)
	at org.jboss.arquillian.core.impl.ObserverImpl.invoke(ObserverImpl.java:96)
	at org.jboss.arquillian.core.impl.EventContextImpl.proceed(EventContextImpl.java:92)
	at org.jboss.arquillian.test.impl.TestContextHandler.createSuiteContext(TestContextHandler.java:73)
	at sun.reflect.NativeMethodAccessorImpl.invoke0(Native Method)
	at sun.reflect.NativeMethodAccessorImpl.invoke(NativeMethodAccessorImpl.java:62)
	at sun.reflect.DelegatingMethodAccessorImpl.invoke(DelegatingMethodAccessorImpl.java:43)
	at java.lang.reflect.Method.invoke(Method.java:498)
	at org.jboss.arquillian.core.impl.ObserverImpl.invoke(ObserverImpl.java:96)
	at org.jboss.arquillian.core.impl.EventContextImpl.proceed(EventContextImpl.java:92)
	at org.jboss.arquillian.core.impl.ManagerImpl.fire(ManagerImpl.java:143)
	at org.jboss.arquillian.test.impl.EventTestRunnerAdaptor.test(EventTestRunnerAdaptor.java:136)
	at org.jboss.arquillian.junit.Arquillian$8.evaluate(Arquillian.java:372)
	at org.jboss.arquillian.junit.Arquillian$4.evaluate(Arquillian.java:246)
	at org.jboss.arquillian.junit.Arquillian.multiExecute(Arquillian.java:431)
	at org.jboss.arquillian.junit.Arquillian.access$200(Arquillian.java:55)
	at org.jboss.arquillian.junit.Arquillian$5.evaluate(Arquillian.java:260)
	at org.jboss.arquillian.junit.Arquillian$7$1.invoke(Arquillian.java:324)
	at org.jboss.arquillian.container.test.impl.execution.BeforeLifecycleEventExecuter.on(BeforeLifecycleEventExecuter.java:35)
	at sun.reflect.NativeMethodAccessorImpl.invoke0(Native Method)
	at sun.reflect.NativeMethodAccessorImpl.invoke(NativeMethodAccessorImpl.java:62)
	at sun.reflect.DelegatingMethodAccessorImpl.invoke(DelegatingMethodAccessorImpl.java:43)
	at java.lang.reflect.Method.invoke(Method.java:498)
	at org.jboss.arquillian.core.impl.ObserverImpl.invoke(ObserverImpl.java:96)
	at org.jboss.arquillian.core.impl.EventContextImpl.invokeObservers(EventContextImpl.java:103)
	at org.jboss.arquillian.core.impl.EventContextImpl.proceed(EventContextImpl.java:85)
	at org.jboss.arquillian.test.impl.TestContextHandler.createTestContext(TestContextHandler.java:130)
	at sun.reflect.NativeMethodAccessorImpl.invoke0(Native Method)
	at sun.reflect.NativeMethodAccessorImpl.invoke(NativeMethodAccessorImpl.java:62)
	at sun.reflect.DelegatingMethodAccessorImpl.invoke(DelegatingMethodAccessorImpl.java:43)
	at java.lang.reflect.Method.invoke(Method.java:498)
	at org.jboss.arquillian.core.impl.ObserverImpl.invoke(ObserverImpl.java:96)
	at org.jboss.arquillian.core.impl.EventContextImpl.proceed(EventContextImpl.java:92)
	at org.jboss.arquillian.test.impl.TestContextHandler.createClassContext(TestContextHandler.java:92)
	at sun.reflect.NativeMethodAccessorImpl.invoke0(Native Method)
	at sun.reflect.NativeMethodAccessorImpl.invoke(NativeMethodAccessorImpl.java:62)
	at sun.reflect.DelegatingMethodAccessorImpl.invoke(DelegatingMethodAccessorImpl.java:43)
	at java.lang.reflect.Method.invoke(Method.java:498)
	at org.jboss.arquillian.core.impl.ObserverImpl.invoke(ObserverImpl.java:96)
	at org.jboss.arquillian.core.impl.EventContextImpl.proceed(EventContextImpl.java:92)
	at org.jboss.arquillian.test.impl.TestContextHandler.createSuiteContext(TestContextHandler.java:73)
	at sun.reflect.NativeMethodAccessorImpl.invoke0(Native Method)
	at sun.reflect.NativeMethodAccessorImpl.invoke(NativeMethodAccessorImpl.java:62)
	at sun.reflect.DelegatingMethodAccessorImpl.invoke(DelegatingMethodAccessorImpl.java:43)
	at java.lang.reflect.Method.invoke(Method.java:498)
	at org.jboss.arquillian.core.impl.ObserverImpl.invoke(ObserverImpl.java:96)
	at org.jboss.arquillian.core.impl.EventContextImpl.proceed(EventContextImpl.java:92)
	at org.jboss.arquillian.core.impl.ManagerImpl.fire(ManagerImpl.java:143)
	at org.jboss.arquillian.core.impl.ManagerImpl.fire(ManagerImpl.java:114)
	at org.jboss.arquillian.test.impl.EventTestRunnerAdaptor.fireCustomLifecycle(EventTestRunnerAdaptor.java:159)
	at org.jboss.arquillian.junit.Arquillian$7.evaluate(Arquillian.java:317)
	at org.junit.runners.ParentRunner.runLeaf(ParentRunner.java:325)
	at org.junit.runners.BlockJUnit4ClassRunner.runChild(BlockJUnit4ClassRunner.java:78)
	at org.junit.runners.BlockJUnit4ClassRunner.runChild(BlockJUnit4ClassRunner.java:57)
	at org.junit.runners.ParentRunner$3.run(ParentRunner.java:290)
	at org.junit.runners.ParentRunner$1.schedule(ParentRunner.java:71)
	at org.junit.runners.ParentRunner.runChildren(ParentRunner.java:288)
	at org.junit.runners.ParentRunner.access$000(ParentRunner.java:58)
	at org.junit.runners.ParentRunner$2.evaluate(ParentRunner.java:268)
	at org.jboss.arquillian.junit.Arquillian$2.evaluate(Arquillian.java:205)
	at org.jboss.arquillian.junit.Arquillian.multiExecute(Arquillian.java:431)
	at org.jboss.arquillian.junit.Arquillian.access$200(Arquillian.java:55)
	at org.jboss.arquillian.junit.Arquillian$3.evaluate(Arquillian.java:219)
	at org.junit.runners.ParentRunner.run(ParentRunner.java:363)
	at org.jboss.arquillian.junit.Arquillian.run(Arquillian.java:167)
	at org.junit.runner.JUnitCore.run(JUnitCore.java:137)
	at org.junit.runner.JUnitCore.run(JUnitCore.java:115)
	at org.jboss.arquillian.junit.container.JUnitTestRunner.execute(JUnitTestRunner.java:66)
	at org.jboss.arquillian.protocol.jmx.JMXTestRunner.doRunTestMethod(JMXTestRunner.java:180)
	at org.jboss.as.arquillian.service.ArquillianService$ExtendedJMXTestRunner.doRunTestMethod(ArquillianService.java:200)
	at org.jboss.arquillian.protocol.jmx.JMXTestRunner.runTestMethodInternal(JMXTestRunner.java:162)
	at org.jboss.arquillian.protocol.jmx.JMXTestRunner.runTestMethod(JMXTestRunner.java:141)
	at org.jboss.as.arquillian.service.ArquillianService$ExtendedJMXTestRunner.runTestMethod(ArquillianService.java:176)
	at sun.reflect.NativeMethodAccessorImpl.invoke0(Native Method)
	at sun.reflect.NativeMethodAccessorImpl.invoke(NativeMethodAccessorImpl.java:62)
	at sun.reflect.DelegatingMethodAccessorImpl.invoke(DelegatingMethodAccessorImpl.java:43)
	at java.lang.reflect.Method.invoke(Method.java:498)
	at sun.reflect.misc.Trampoline.invoke(MethodUtil.java:71)
	at sun.reflect.NativeMethodAccessorImpl.invoke0(Native Method)
	at sun.reflect.NativeMethodAccessorImpl.invoke(NativeMethodAccessorImpl.java:62)
	at sun.reflect.DelegatingMethodAccessorImpl.invoke(DelegatingMethodAccessorImpl.java:43)
	at java.lang.reflect.Method.invoke(Method.java:498)
	at sun.reflect.misc.MethodUtil.invoke(MethodUtil.java:275)
	at com.sun.jmx.mbeanserver.StandardMBeanIntrospector.invokeM2(StandardMBeanIntrospector.java:112)
	at com.sun.jmx.mbeanserver.StandardMBeanIntrospector.invokeM2(StandardMBeanIntrospector.java:46)
	at com.sun.jmx.mbeanserver.MBeanIntrospector.invokeM(MBeanIntrospector.java:237)
	at com.sun.jmx.mbeanserver.PerInterface.invoke(PerInterface.java:138)
	at com.sun.jmx.mbeanserver.MBeanSupport.invoke(MBeanSupport.java:252)
	at com.sun.jmx.interceptor.DefaultMBeanServerInterceptor.invoke(DefaultMBeanServerInterceptor.java:819)
	at com.sun.jmx.mbeanserver.JmxMBeanServer.invoke(JmxMBeanServer.java:801)
	at org.jboss.as.jmx.PluggableMBeanServerImpl$TcclMBeanServer.invoke(PluggableMBeanServerImpl.java:1475)
	at org.jboss.as.jmx.PluggableMBeanServerImpl.invoke(PluggableMBeanServerImpl.java:724)
	at org.jboss.as.jmx.BlockingNotificationMBeanServer.invoke(BlockingNotificationMBeanServer.java:168)
	at org.jboss.as.jmx.AuthorizingMBeanServer.invoke(AuthorizingMBeanServer.java:258)
	at org.jboss.remotingjmx.protocol.v2.ServerProxy$InvokeHandler.handle(ServerProxy.java:950)
	at org.jboss.remotingjmx.protocol.v2.ServerCommon$MessageReciever$1$1.run(ServerCommon.java:153)
	at org.jboss.as.jmx.ServerInterceptorFactory$Interceptor$1.run(ServerInterceptorFactory.java:71)
	at org.jboss.as.jmx.ServerInterceptorFactory$Interceptor$1.run(ServerInterceptorFactory.java:66)
	at org.wildfly.security.auth.server.SecurityIdentity.runAs(SecurityIdentity.java:287)
	at org.wildfly.security.auth.server.SecurityIdentity.runAs(SecurityIdentity.java:244)
	at org.jboss.as.controller.AccessAuditContext.doAs(AccessAuditContext.java:254)
	at org.jboss.as.controller.AccessAuditContext.doAs(AccessAuditContext.java:225)
	at org.jboss.as.jmx.ServerInterceptorFactory$Interceptor.handleEvent(ServerInterceptorFactory.java:66)
	at org.jboss.remotingjmx.protocol.v2.ServerCommon$MessageReciever$1.run(ServerCommon.java:149)
	at java.util.concurrent.ThreadPoolExecutor.runWorker(ThreadPoolExecutor.java:1149)
	at java.util.concurrent.ThreadPoolExecutor$Worker.run(ThreadPoolExecutor.java:624)
	at java.lang.Thread.run(Thread.java:748)
Caused by: java.security.AccessControlException: WFSM000001: Permission check failed (permission ""(""java.io.FilePermission"" ""/home/jkalina/.m2/repository/io/undertow/undertow-core/2.0.9.Final/undertow-core-2.0.9.Final.jar"" ""read"")"" in code source ""(vfs:/content/http-test.war/WEB-INF/classes <no signer certificates>)"" of ""ModuleClassLoader for Module ""deployment.http-test.war"" from Service Module Loader"")
	at org.wildfly.security.manager.WildFlySecurityManager.checkPermission(WildFlySecurityManager.java:295)
	at org.wildfly.security.manager.WildFlySecurityManager.checkPermission(WildFlySecurityManager.java:192)
	at java.lang.SecurityManager.checkRead(SecurityManager.java:888)
	at org.wildfly.security.manager.WildFlySecurityManager.checkRead(WildFlySecurityManager.java:360)
	at sun.net.www.protocol.jar.JarFileFactory.getCachedJarFile(JarFileFactory.java:137)
	at sun.net.www.protocol.jar.JarFileFactory.get(JarFileFactory.java:81)
	at sun.net.www.protocol.jar.JarURLConnection.connect(JarURLConnection.java:122)
	at sun.net.www.protocol.jar.JarURLConnection.getInputStream(JarURLConnection.java:152)
	at java.net.URL.openStream(URL.java:1045)
	at java.util.ServiceLoader.parse(ServiceLoader.java:304)
	at java.util.ServiceLoader.access$200(ServiceLoader.java:185)
	at java.util.ServiceLoader$LazyIterator.hasNextService(ServiceLoader.java:357)
	at java.util.ServiceLoader$LazyIterator.access$600(ServiceLoader.java:323)
	at java.util.ServiceLoader$LazyIterator$1.run(ServiceLoader.java:396)
	at java.util.ServiceLoader$LazyIterator$1.run(ServiceLoader.java:395)
	at java.security.AccessController.doPrivileged(Native Method)
	at java.util.ServiceLoader$LazyIterator.hasNext(ServiceLoader.java:398)
	at java.util.ServiceLoader$1.hasNext(ServiceLoader.java:474)
	at io.undertow.client.UndertowClient.<init>(UndertowClient.java:56)
	at io.undertow.client.UndertowClient.<init>(UndertowClient.java:50)
	at io.undertow.client.UndertowClient.<clinit>(UndertowClient.java:47)
	... 159 more
{code}",,,
465,UNDERTOW-1349,"Unless I missed anything, implementation of {{HttpServletResponseImpl.setContentLength(int)}} and {{HttpServletResponseImpl.setContentLengthLong(long)}} can be unified. Now each method performs same steps. Only difference is {{len}} argument type. I believe we can unifiy these implementation so that {{setContentLength(int)}} method calls {{setContentLengthLong(long)}} method.",,,
466,UNDERTOW-1338,"Repeat web management console login and browser cache clear, every time open static resource of web console module following jar, don't close it until run gc.
{noformat}
wildfly-12.0.0.Final/modules/system/layers/base/org/jboss/as/console/main/release-stream-2.9.15.Final-resources.jar
{noformat}

It is likely cause call java.net.URLConnection.getLastModified() in io.undertow.server.handlers.resource.URLResource.getLastModified().  
JarURLConnection.getLastModified() cause file handler leak.

For more information https://bugs.openjdk.java.net/browse/JDK-6956385.",,,
468,UNDERTOW-1336,"Undertow DefaultAccessLogReceiver initilizes a new rotate file name with the current date at the start-up. Therefore, DefaultAccessLogReceiver rotates access log with an incorrect date string when the rotation happens after restarting. It's better to use the date last modified of default access log file as a rotate file name when the file already exists.",,,
469,UNDERTOW-1332,"If the following circumstances are all present:
* WildFly 12 sits behind a reverse proxy,
* The proxy-address-forwarding attribute is set to true for the http-listener,
* The reverse proxy sends X-Forwarded-Host header,
* and there is a call to getLocalAddr

The following NPE can be seen:

{noformat}
Caused by: java.lang.NullPointerException
	at io.undertow.servlet.spec.HttpServletRequestImpl.getLocalAddr(HttpServletRequestImpl.java:999)
	at org.forgerock.http.servlet.HttpFrameworkServlet.createClientContext(HttpFrameworkServlet.java:320)
	at org.forgerock.http.servlet.HttpFrameworkServlet.service(HttpFrameworkServlet.java:252)
	at javax.servlet.http.HttpServlet.service(HttpServlet.java:790)
	at io.undertow.servlet.handlers.ServletHandler.handleRequest(ServletHandler.java:74)
{noformat}",,,
470,UNDERTOW-1325,"It's not working the file-size-threshold attribute from MultipartConfig in Servlet 3 to not write the uploaded file on disk until it reaches that size. 

It writes on disk even with the file size being lower than the threshold. This should not be happening as the documentation says:

- [How to configure max-file-size or max-request-size for JSF 2.2 fileupload|https://access.redhat.com/solutions/3354401]
- [17.11 Uploading Files with Java Servlet Technology|https://docs.oracle.com/javaee/7/tutorial/servlets011.htm]

",,,
478,UNDERTOW-1322,"Our application is setup like this:

!image-2018-03-29-09-00-26-835.png|thumbnail! 

We obviously need to know the real client address inside the application. This is normally achieved by forwarding the client address inside the {{X-Forwarded-For}} header through the load balancer chain.

Undertow, when used as a load balancer / proxy, provides two ways to handle {{X-Forwarded-*}} headers that arrive within the request (from a load balancer that handles the request before Undertow):

# {{reuseXForwarded}} setting of {{ProxyHandler}} - ""inspect already existing X-Forwarded-* headers, append information about the current node""
# {{ProxyPeerAddressHandler}} - ""take {{X-Forwarded-*}} headers and pretend that they contain real client address, protocol, etc""

The problems:
* {{reuseXForwarded}} cannot be set when Undertow's mod-proxy filter is used, because {{ProxyHandler}} instance gets dynamically built / instantiated by {{ModCluster}} and there's no possibility to control {{reuseXForwarded}}'s value
* {{ProxyHandler}}, when used together with {{ProxyPeerAddressHandler}} (in Wildfly, this can be done by setting ""proxy-address-forwarding"" of ""http-listener"" to true), does not use {{sourceAddress}} set by {{ProxyPeerAddressHandler}}, but rather reads {{exchange.getConnection().getPeerAddress()}}. This ticket is about this bug.",,,
479,UNDERTOW-1319,"When we use scriptlet expression in jsp:include tag for page attribute, it does not work when used partially. 

E.g. : <jsp:include page='ForwardFile.jsp?name=<%=temp%>' flush=""true""/>

Exception : 
java.lang.IllegalArgumentException: URLDecoder: Illegal hex characters in escape (%) pattern - For input string: ""=t""
	at java.net.URLDecoder.decode(URLDecoder.java:194)
	at io.undertow.util.QueryParameterUtils.decodeParam(QueryParameterUtils.java:134)
	at io.undertow.util.QueryParameterUtils.handleQueryParameter(QueryParameterUtils.java:118)
	at io.undertow.util.QueryParameterUtils.parseQueryString(QueryParameterUtils.java:106)
	at io.undertow.util.QueryParameterUtils.mergeQueryParametersWithNewQueryString(QueryParameterUtils.java:151)
	at io.undertow.servlet.spec.RequestDispatcherImpl.includeImpl(RequestDispatcherImpl.java:328)
	at io.undertow.servlet.spec.RequestDispatcherImpl.include(RequestDispatcherImpl.java:265)
	at org.apache.jasper.runtime.JspRuntimeLibrary.include(JspRuntimeLibrary.java:907)

It works in JBoss EAP 6.4.x release.

",,,
480,UNDERTOW-1315,"This is very easy to overlook because the attribute is extremely poorly named and missing from MCMP definition [1] completely. This is because mod_cluster aligned nomenclature with httpd mod_proxy's [2] which defines maxattempts as:

{quote}Maximum number of *failover* attempts before giving up.{quote}

[1] https://developer.jboss.org/docs/DOC-11425

[2] https://httpd.apache.org/docs/2.4/mod/mod_proxy.html#proxypass",,,
488,UNDERTOW-1308,"HttpServletResponseImpl#sendRedirect checks for absolute urls by recognizing string ""://"".

The schema part of URLs ends with colon, not colon double slash. This is not an issue for http(s) protocol URLs but for redirect URLs for native mobile apps.

Defining redirect URLs for OAuth as defined in 
https://tools.ietf.org/html/rfc8252#section-7.1
will result in relative URL redirects.

",,,
491,UNDERTOW-1291,"Improve SecureExchangeAttribute to use HttpServerExchange#isSecure(), which was added as a part of the fix for UNDERTOW-1182, instead of using HttpServerExchange#getRequestScheme().

",,,
493,UNDERTOW-1290,"SecureExchangeAttribute has a token name ""$\{SECURE\}"" but I would assume the correct token name is ""%\{SECURE\}"".",,,
495,UNDERTOW-1287,Current version of Karaf (4.0.7) makes troubles when compiling Undertow with JDK-9. We need to update it to latest available version 4.2.0.M2 so we are able to successfully compile Undertow with JDK-9.,,,
496,UNDERTOW-1282,"{{HttpServletRequest.getLocalPort()}} method does not reflect case when Forwarded ~ by header is defined in request.

{quote}
Header value in request:

Forwarded=for=192.121.210.60:455;proto=https;by=203.0.113.43:777

What particular methods return in case of handler usage:

HttpServerExchange.getSourceAddress() = /192.121.210.60:455
HttpServerExchange.getRequestScheme() = https
HttpServerExchange.getDestinationAddress() = /203.0.113.43:777

Those are correct.

Servlet case:

HttpServletRequest.getRemoteAddr() = 192.121.210.60
HttpServletRequest.getRemoteHost() = 192.121.210.60
HttpServletRequest.getRemotePort() = 455
HttpServletRequest.getScheme() = https
HttpServletRequest.getLocalName() = 203.0.113.43
HttpServletRequest.getLocalAddr() = 127.0.0.1    <--- this is fixed by UNDERTOW-1280
HttpServletRequest.getLocalPort() = 8080
{quote}

Returned value of getLocalPort() does not reflect Forwarded ~ by header value. Correct value in this case should be 777.",,,
497,UNDERTOW-1267,"Currently a modcluster advertise UDP datagram is sent with a ttl (time to live) of 1, the default setting.
Apache httpd mod_cluster uses a hard coded value of 10 (defined as MA_ADVERTISE_HOPS in mod_cluster-1.3.7.Final/native/advertise/mod_advertise.h).

The ttl is reduced by every router on the route to its destination. If the ttl reaches zero before the datagram arrives at its destination, the datagram is discarded.
This means that, with a ttl of 1, the advertise UDP datagram never reaches any modcluster listeners that are located behind a router.

Two possible ways to resolve the issue:
# add option to allow the modcluster advertise ttl to be set
# use a hard coded advertise ttl value of 10 (match Apache httpd mod_cluster behaviour)

I have the changes ready to be submitted, let me know which option and default ttl value you prefer.
",,,
500,UNDERTOW-1230,"In the {{Http2ClientConnection.sendRequest}} method if the _peer_ is not null, the existing {{X_FORWARDED_FOR}} header is overwitten. This leads to information loss in an architecture where for example the we have an undertow _load balancer_ with undertow _nodes_ using *HTTP2*.

{code}
String peer = request.getAttachment(ProxiedRequestAttachments.REMOTE_HOST);
if(peer != null) {
    request.getRequestHeaders().put(Headers.X_FORWARDED_FOR, peer);
}
{code}",,,
501,UNDERTOW-1222,"In an Undertow setup with IoThreads = 1, cacheConnections (smax) = 2, maxConnections = 16 and ttl = 10s, Apache HTTP server benchmarking tool load tests reveal:
- 1 connection: all good, no connections closed
- 2 concurrent connections: all good, no connections closed
- 3-16 or more concurrent connections: connections closed *before* they reach their ttl

I expect the 3rd to 16th connection to be maintained until they reach their ttl. But this does not happen.

mod_cluster java documentation:
{quote}
smax: Soft maximum idle connection count (that is the smax in worker mod_proxy documentation).
      The maximum value depends on the httpd thread configuration (ThreadsPerChild or 1).
ttl:  Time to live (in seconds) for *idle connections above smax*
{quote}
URL: https://docs.jboss.org/mod_cluster/1.3.0/html/java.properties.html

Node.java#getMaxCachedConnections() returns the value of NodeConfig.java#getCacheConnections(). NodeConfig.java#cacheConnections is the minimum number of connections to maintain.
This means that the *maximum* number of cached connections is set to the *minimum* number of connections. This is wrong.

Node.java#getMaxCachedConnections() should return the value of NodeConfig#getMaxConnections(). NodeConfig.java#maxConnections is the maximum number of connections that will be kept alive once they are idle.
This means that the *maximum* number of cached connections is set to the *maximum* number of connections. This is correct.

Now the Apache HTTP server benchmarking tool load tests reveal:
- 1 connection: all good, no connections closed
- 2 concurrent connections: all good, no connections closed
- 3-16 concurrent connections: connections closed *after* they reach their ttl

This is the correct behaviour.",,,
502,UNDERTOW-1219,"The number of idle connections should not drop below coreCachedConnections.

Steps to reproduce:
# Set ProxyConnectionPool configuration
{quote}
maxConnections = 16
maxCachedConnections = 4
coreCachedConnections = 2
timeToLive = 10000
{quote}
# Run load test with 4 concurrent connections
# 4 connections should be established
# Wait for 11 seconds
# 2 connections should still be established

Result: only 1 connection is still established. This is incorrect, 2 connections should still be established.",,,
503,UNDERTOW-1206,"ModCluster handles ttl in milliseconds. Client sends ttl in seconds, but MCMPHandler does not convert the incoming value to milliseconds. Setting the ttl to 600 - client-side - results in a ttl of 0.6 seconds in undertow. This is not as intended.

To keep DUMP and INFO output similar to that of apache httpd mod_cluster, MCMPInfoUtil should convert ttl from milliseconds to seconds. MCMPWebManager should match that behaviour.",,,
506,UNDERTOW-1205,"The NodeConfig defaults for queueNewRequests and ttl are always overridden in the constructor. It is better to have the defaults specified in ModCluster.

This also solves the issue where the ttl is set to 0 instead of 60000.",,,
508,UNDERTOW-1203,"For the fix of issue JBEAP-10449 , there has to be made  some changes in undertow component. 
For more details look into ""cloned from"" issue.",,,
517,UNDERTOW-1197,"Spring ShallowEtagHeaderFilter is failing when used with async controllers and undertow. The reason is that it assumes that the servlet container uses ServletResponse form AsyncContext for subsequent async processing. I do not know the spec, but it works with other servlet containers so I assume that it's a bug in Undertow. It's hard to describe, please run https://github.com/lukas-krecan-lt/async-demo/blob/undertow/src/test/java/com/example/asyncdemo/AsyncControllerIntegrationTest.java in https://github.com/lukas-krecan-lt/async-demo/tree/undertow (undertow branch) and see for yourself. ",,,
518,UNDERTOW-1195,"The value of FLUSH_PACKET_STRING in the mod_cluster MCMP implementation
should be set to ""flushpackets"", not ""flushpacket"".

The error can be reproduced by configuring the mod_cluster subsystem with property flush-packets set to true.

Apache httpd mod_cluster-1.3.7 accepts the node. Undertow mod_cluster implementation produces an error:
ERROR: UT005043: Error in processing MCMP commands: Type:SYNTAX, Mess: SYNTAX: Invalid field flushpackets in message",,,
519,UNDERTOW-1166,See PR,,,
523,UNDERTOW-1159,"We are trying to migrate application from EAP 6.4.0 to EAP 7.0.0. Our application is using Struts 2 and sitemesh decorator.

In JBoss 6.4 
getServletPath() :: /transaction_summary.action 
getRequestURI():: /projectname/transaction_summary.action

In JBoss 7.0 
getServletPath() :: /jsp/main/mainSummary.jsp 
getRequestURI() :: /projectname/jsp/main/mainSummary.jsp",,,
526,UNDERTOW-1149,"IE pre-authenticates with Kerberos in all situations, even when the server does not require any more authentication (the authorization header is sent in all request with the associated kerberos token). The current implementation in jboss-negotiation 3.0.4 (NegotiationMechanism.java) does not take into account if the user was already authenticated and, therefore, a new re-negotiation is done for every request if the token is there. This is an overwhelming extra work for the infrastructure (AD/Kerberos server mainly).

After a lot of work in issue JBEAP-11680 this problem seems related to CachedAuthenticatedSessionMechanism not being executed. In EAP 7.0.6 the order of authentication mechanisms is:

{noformat}
[stdout] (default task-1) traze AuthenticationMechanismsHandler handleRequest execute
[stderr] (default task-1) AuthenticationMechanismsHandler.handleRequest: mechanisms.length=3
[stderr] (default task-1) AuthenticationMechanismsHandler.handleRequest: mechanisms.length=org.jboss.security.negotiation.NegotiationMechanism@6ca0c877
[stderr] (default task-1) AuthenticationMechanismsHandler.handleRequest: mechanisms.length=io.undertow.servlet.handlers.security.ServletFormAuthenticationMechanism@648a27fc
[stderr] (default task-1) AuthenticationMechanismsHandler.handleRequest: mechanisms.length=io.undertow.security.impl.CachedAuthenticatedSessionMechanism@438cedb4
{noformat}

The CachedAuthenticatedSessionMechanism is executed after the NegotiationMechanism. It seems that undertow 1.3.x in DeploymentManagerImpl.java adds the CachedAuthenticatedSessionMechanism at the end but in 1.4.x is added first.",,,
527,UNDERTOW-1142,"Two typos in log messages.
",,,
528,UNDERTOW-1139,"If a websocket ExtensionHandshake is available but fails negotiation against the client-supplied extensions, the websocket connection will die with a null pointer exception.

The problem is that the Handshake class does not check the result of ExtensionHandshake.accept(WebSocketExtension ext) for null (meaning the extension should not be used) before adding this extension to the list of selected and configured extensions on the connection. The null blows up later.

More concretely, [line 202 in master|https://github.com/undertow-io/undertow/blob/96e4763706ef053ec822a19644439abc00e8c4bf/core/src/main/java/io/undertow/websockets/core/protocol/Handshake.java#L202] currently reads:

{code:java}
                WebSocketExtension negotiated = extHandshake.accept(ext);
                if (ext != null && !extHandshake.isIncompatible(configured)) {
                    selected.add(negotiated);
                    configured.add(extHandshake);
                }
{code}

It should read:

{code:java}
                WebSocketExtension negotiated = extHandshake.accept(ext);
                if (negotiated != null && !extHandshake.isIncompatible(configured)) {
                    selected.add(negotiated);
                    configured.add(extHandshake);
                }
{code}

Note the null check was on ext (which is probably incorrect: Handshake.accept() will check it for null already and this item is from server configuration--its unlikely to have nulls in it). The null check should be on negotiated.


",,,
529,UNDERTOW-1095,"Undertow does not conform to Set-Cookie syntax defined in the cookie specification.

[RFC6265 (Section 4.1 Set-Cookie)|http://httpwg.org/specs/rfc6265.html#rfc.section.4.1] states that Servers SHOULD NOT send Set-Cookie headers that fail to conform the defined grammer. For example, cookie value should be US-ASCII characters excluding CTLs, whitespace, double quote, comma, semicolon, and backslash. 

However, undertow does not restrict the invalid characters. For example, when accessing the following JSP which add one of invalid characters (whitespace) to cookie value:

{code}
<%
    Cookie c = new Cookie(""example"",""example cookie"");
    response.addCookie(c);
%>
{code}

undertow responds with the following Set-Cookie format but this is not correct {{Set-Cookie}} header in RFC6265:

{code}
Set-Cookie: example=example cookie
{code}

Note: The previous cookie specifications ([RFC2109|https://tools.ietf.org/html/rfc2109#section-4.1] and [RFC2965|https://tools.ietf.org/html/rfc2965#section-3.1]) allow some characters in cookie value when the cookie value are quoted. (i.e. {{Set-Cookie: example=""example cookie""}} was allowed in the old specifications.)  EAP 6/JBossWeb (and Tomcat 6.0/7.0/8.0) conform to this old specification and it will automatically quotes a cookie value (also path and domain) when the value contains any seprarator characters which should be quoted. 

",,,
543,UNDERTOW-1091,"In case of sending request with empty host field:

GET /redirect-https-test/ HTTP/1.1 [ *+host: ,*+ Connection: ....])

server return response *500 Internal Server Error* instead *400 Bad Request* which is against HTTP/1.1 spec [RFC |https://www.ietf.org/rfc/rfc2616.txt](14.23 Host section)",,,
544,UNDERTOW-1088,"I believe commit https://github.com/undertow-io/undertow/commit/595322a869494ba03610773b2e8084da8d4a8372 should be reverted.

The issue is that sendRequest() calls clientCallback.completed() which is on the caller side and can block for a long time, thus blocking other users/threads from calling sendRequest().

So, I think that any synchronization must be done by the callers. Or it must be implemented different than just making this whole method synchronized.",,,
548,UNDERTOW-1087,NoData,,,
549,UNDERTOW-1064,"Problem with decoding extended log options. Missing data for extended log options *x-A/R/S/P(XXX)*. Log file contains only empty line.

For example in case of *x-A(XXX)* option log contains:
{color:red}15:03:07,686 ERROR [io.undertow] (MSC service thread 1-3) UT005066: X param for servlet request, couldn't decode value: A   {color}
etc. another options.",,,
550,UNDERTOW-1051,"Some JSP expressions can cause jsp compilation failure, please see;

https://issues.jboss.org/browse/JBEAP-10310
",,,
551,UNDERTOW-1022,"Fix ALPN versions for JDK 8 u121 (and u112) inside pom.xml in 1.3.x branch. See https://www.eclipse.org/jetty/documentation/9.4.x/alpn-chapter.html#alpn-versions for details.

This causes that a unit test WebSocketClient13TestCase hangs when building/testing 1.3.x branch on JDK u121. A surefire report WebSocketClient13TestCase-output.txt contains the following Exception:

{code:title=io.undertow.websockets.client.version13.WebSocketClient13TestCase-output.txt}
Exception in thread ""XNIO-1 task-1"" java.lang.NoSuchFieldError: DEFAULT
	at sun.security.ssl.ServerHandshaker.setupEphemeralECDHKeys(ServerHandshaker.java:1484)
	at sun.security.ssl.ServerHandshaker.trySetCipherSuite(ServerHandshaker.java:1274)
	at sun.security.ssl.ServerHandshaker.chooseCipherSuite(ServerHandshaker.java:1078)
	at sun.security.ssl.ServerHandshaker.clientHello(ServerHandshaker.java:744)
	at sun.security.ssl.ServerHandshaker.processMessage(ServerHandshaker.java:227)
	at sun.security.ssl.Handshaker.processLoop(Handshaker.java:1026)
	at sun.security.ssl.Handshaker$1.run(Handshaker.java:966)
	at sun.security.ssl.Handshaker$1.run(Handshaker.java:963)
	at java.security.AccessController.doPrivileged(Native Method)
	at sun.security.ssl.Handshaker$DelegatedTask.run(Handshaker.java:1416)
	at io.undertow.protocols.ssl.SslConduit$5.run(SslConduit.java:1027)
	at java.util.concurrent.ThreadPoolExecutor.runWorker(ThreadPoolExecutor.java:1142)
	at java.util.concurrent.ThreadPoolExecutor$Worker.run(ThreadPoolExecutor.java:617)
	at java.lang.Thread.run(Thread.java:745)
{code}
",,,
552,UNDERTOW-1021,"The following ERROR log message is shown when ajp-listener handles other protocol than AJP. For example, sending HTTP request agasint AJP port like {{""curl -v http://localhost:8009""}}:

{code}
ERROR [io.undertow.request] (default I/O-46) UT005001: An exception occurred processing the request: java.io.IOException: UT000066: Incorrect magic number 18245 for AJP packet header
	at io.undertow.server.protocol.ajp.AjpRequestParser.parse(AjpRequestParser.java:189)
	at io.undertow.server.protocol.ajp.AjpReadListener.handleEvent(AjpReadListener.java:166)
	at io.undertow.server.protocol.ajp.AjpOpenListener.handleEvent(AjpOpenListener.java:131)
	at io.undertow.server.protocol.ajp.AjpOpenListener.handleEvent(AjpOpenListener.java:51)
	at org.xnio.ChannelListeners.invokeChannelListener(ChannelListeners.java:92)
	at org.xnio.ChannelListeners$10.handleEvent(ChannelListeners.java:291)
	at org.xnio.ChannelListeners$10.handleEvent(ChannelListeners.java:286)
	at org.xnio.ChannelListeners.invokeChannelListener(ChannelListeners.java:92)
	at org.xnio.nio.QueuedNioTcpServer$1.run(QueuedNioTcpServer.java:129)
	at org.xnio.nio.WorkerThread.safeRun(WorkerThread.java:588)
	at org.xnio.nio.WorkerThread.run(WorkerThread.java:468)
{code}

The following ERROR log message is shown when ajp-listener receives invalid Content-Length. For example, {{""Content-Length: a""}}. (Note: Most of front-end loadbalancer reject such invalid Content-Length before forwarding to a backend server. But, as far as I tested, mod_proxy forwards the request and causes this ERROR log.)

{code}
ERROR [io.undertow.request] (default I/O-14) UT005001: An exception occurred processing the request: java.lang.NumberFormatException: For input string: ""a""
	at java.lang.NumberFormatException.forInputString(NumberFormatException.java:65)
	at java.lang.Long.parseLong(Long.java:589)
	at java.lang.Long.parseLong(Long.java:631)
	at io.undertow.server.protocol.ajp.AjpReadListener.createSourceConduit(AjpReadListener.java:319)
	at io.undertow.server.protocol.ajp.AjpReadListener.handleEvent(AjpReadListener.java:212)
	at io.undertow.server.protocol.ajp.AjpOpenListener.handleEvent(AjpOpenListener.java:131)
	at io.undertow.server.protocol.ajp.AjpOpenListener.handleEvent(AjpOpenListener.java:51)
	at org.xnio.ChannelListeners.invokeChannelListener(ChannelListeners.java:92)
	at org.xnio.ChannelListeners$10.handleEvent(ChannelListeners.java:291)
	at org.xnio.ChannelListeners$10.handleEvent(ChannelListeners.java:286)
	at org.xnio.ChannelListeners.invokeChannelListener(ChannelListeners.java:92)
	at org.xnio.nio.QueuedNioTcpServer$1.run(QueuedNioTcpServer.java:129)
	at org.xnio.nio.WorkerThread.safeRun(WorkerThread.java:588)
	at org.xnio.nio.WorkerThread.run(WorkerThread.java:468)
{code}

The above should be treated as ""400 Bad Request"", so undertow should log at DEBUG level to avoid filling the logs.",,,
563,UNDERTOW-1020,"http listener output the following DEBUG log message when exceeding max-parameters/max-headers. However, ajp listener does not output any log mssage. ajp listener should output DEBUG log like http listener.

{code}
DEBUG [io.undertow.request.io] (default I/O-31) UT005014: Failed to parse HTTP request: io.undertow.server.protocol.http.HttpRequestParser$BadRequestException: UT000039: To many query parameters, cannot have more than 5 query parameters
	at io.undertow.server.protocol.http.HttpRequestParser.handleQueryParameters(HttpRequestParser.java:523)
	at io.undertow.server.protocol.http.HttpRequestParser.beginQueryParameters(HttpRequestParser.java:450)
	at io.undertow.server.protocol.http.HttpRequestParser.handlePath(HttpRequestParser.java:374)
	at io.undertow.server.protocol.http.HttpRequestParser.handle(HttpRequestParser.java:215)
	at io.undertow.server.protocol.http.HttpReadListener.handleEventWithNoRunningRequest(HttpReadListener.java:185)
	at io.undertow.server.protocol.http.HttpReadListener.handleEvent(HttpReadListener.java:134)
	at io.undertow.server.protocol.http.HttpOpenListener.handleEvent(HttpOpenListener.java:148)
	at io.undertow.server.protocol.http.HttpOpenListener.handleEvent(HttpOpenListener.java:92)
	at io.undertow.server.protocol.http.HttpOpenListener.handleEvent(HttpOpenListener.java:51)
	at org.xnio.ChannelListeners.invokeChannelListener(ChannelListeners.java:92)
	at org.xnio.ChannelListeners$10.handleEvent(ChannelListeners.java:291)
	at org.xnio.ChannelListeners$10.handleEvent(ChannelListeners.java:286)
	at org.xnio.ChannelListeners.invokeChannelListener(ChannelListeners.java:92)
	at org.xnio.nio.QueuedNioTcpServer$1.run(QueuedNioTcpServer.java:130)
	at org.xnio.nio.WorkerThread.safeRun(WorkerThread.java:588)
	at org.xnio.nio.WorkerThread.run(WorkerThread.java:468)
{code}
{code}
DEBUG [io.undertow.request.io] (default I/O-41) UT005014: Failed to parse HTTP request: io.undertow.server.protocol.http.HttpRequestParser$BadRequestException: UT000040: To many headers, cannot have more than 5 header
	at io.undertow.server.protocol.http.HttpRequestParser.handleHeaderValueCacheMiss(HttpRequestParser.java:720)
	at io.undertow.server.protocol.http.HttpRequestParser.handleHeaderValue(HttpRequestParser.java:657)
	at io.undertow.server.protocol.http.HttpRequestParser.handle(HttpRequestParser.java:256)
	at io.undertow.server.protocol.http.HttpReadListener.handleEventWithNoRunningRequest(HttpReadListener.java:185)
	at io.undertow.server.protocol.http.HttpReadListener.handleEvent(HttpReadListener.java:134)
	at io.undertow.server.protocol.http.HttpOpenListener.handleEvent(HttpOpenListener.java:148)
	at io.undertow.server.protocol.http.HttpOpenListener.handleEvent(HttpOpenListener.java:92)
	at io.undertow.server.protocol.http.HttpOpenListener.handleEvent(HttpOpenListener.java:51)
	at org.xnio.ChannelListeners.invokeChannelListener(ChannelListeners.java:92)
	at org.xnio.ChannelListeners$10.handleEvent(ChannelListeners.java:291)
	at org.xnio.ChannelListeners$10.handleEvent(ChannelListeners.java:286)
	at org.xnio.ChannelListeners.invokeChannelListener(ChannelListeners.java:92)
	at org.xnio.nio.QueuedNioTcpServer$1.run(QueuedNioTcpServer.java:130)
	at org.xnio.nio.WorkerThread.safeRun(WorkerThread.java:588)
	at org.xnio.nio.WorkerThread.run(WorkerThread.java:468)
{code}",,,
574,UNDERTOW-1016,"Start EAP with set mod-cluster filter to IPV6 subinterface
{noformat}
[31m15:28:27,457 ERROR [org.jboss.msc.service.fail] (MSC service thread 1-2) MSC000001: Failed to start service jboss.undertow.filter.modcluster: org.jboss.msc.service.StartException in service jboss.undertow.filter.modcluster: Failed to start service
	at org.jboss.msc.service.ServiceControllerImpl$StartTask.run(ServiceControllerImpl.java:1978)
	at java.util.concurrent.ThreadPoolExecutor.runWorker(ThreadPoolExecutor.java:1142)
	at java.util.concurrent.ThreadPoolExecutor$Worker.run(ThreadPoolExecutor.java:617)
	at java.lang.Thread.run(Thread.java:745)
Caused by: java.lang.NullPointerException
	at io.undertow.server.handlers.proxy.mod_cluster.MCMPConfig.<init>(MCMPConfig.java:46)
	at io.undertow.server.handlers.proxy.mod_cluster.MCMPConfig$Builder.build(MCMPConfig.java:191)
	at org.wildfly.extension.undertow.filters.ModClusterService.start(ModClusterService.java:175)
	at org.jboss.msc.service.ServiceControllerImpl$StartTask.startService(ServiceControllerImpl.java:2032)
	at org.jboss.msc.service.ServiceControllerImpl$StartTask.run(ServiceControllerImpl.java:1955)
	... 3 more
{noformat}",,,
575,UNDERTOW-976,The session listener that handles SSO destruction on session invalidation is not registered if session was added to SSO by a remote node.,,,
576,UNDERTOW-958,"URL session tracking does not work with FORM authentication.  This is because the session id is changed after login, but the jsessionid in the URL is not updated accordingly.  Thus, post login requests use the old jsessionid and fail.",,,
578,UNDERTOW-932,"Configure one hot standby worker as

{noformat}
/subsystem=modcluster/mod-cluster-config=configuration/dynamic-load-provider=configuration:remove
/subsystem=modcluster/mod-cluster-config=configuration/:write-attribute(name=simple-load-provider,value=0
{noformat}

register with balancer

{noformat}
14:56:59,323 INFO  [io.undertow] (default task-83) UT005053: Registering node node4, connection: ajp://127.0.0.1:8309/?#
14:56:59,325 INFO  [io.undertow] (default task-84) UT005045: Registering context /clusterbench-granular, for node node4
14:56:59,326 INFO  [io.undertow] (default task-85) UT005045: Registering context /, for node node4
14:56:59,328 INFO  [io.undertow] (default task-86) UT005045: Registering context /clusterbench-passivating, for node node4
{noformat}

503 on access.",,,
588,UNDERTOW-931,"When ChannelUpgradeHandler.removeProtocol() is called, it raises an UnsupportedOperationException:

{noformat}
11:43:25,626 WARN  [org.jboss.msc.service.fail] (MSC service thread 1-5) MSC000004: Failure during stop of service jboss.messaging-activemq.http-upgrade-service
.http-acceptor-throughput.legacy: java.lang.UnsupportedOperationException
        at java.util.concurrent.CopyOnWriteArrayList$COWIterator.remove(CopyOnWriteArrayList.java:1176) [rt.jar:1.8.0_112]
        at io.undertow.server.handlers.ChannelUpgradeHandler.removeProtocol(ChannelUpgradeHandler.java:160)
        at org.wildfly.extension.messaging.activemq.HTTPUpgradeService.stop(HTTPUpgradeService.java:177)
        at org.jboss.msc.service.ServiceControllerImpl$StopTask.stopService(ServiceControllerImpl.java:2071) [jboss-msc-1.2.7.Final-redhat-1.jar:1.2.7.Final-red
hat-1]
        at org.jboss.msc.service.ServiceControllerImpl$StopTask.run(ServiceControllerImpl.java:2032) [jboss-msc-1.2.7.Final-redhat-1.jar:1.2.7.Final-redhat-1]
        at java.util.concurrent.ThreadPoolExecutor.runWorker(ThreadPoolExecutor.java:1142) [rt.jar:1.8.0_112]
        at java.util.concurrent.ThreadPoolExecutor$Worker.run(ThreadPoolExecutor.java:617) [rt.jar:1.8.0_112]
        at java.lang.Thread.run(Thread.java:745) [rt.jar:1.8.0_112]
{noformat}

The holders list is a CopyOnWriteArrayList and its iterator does not allow to call remove().",,,
589,UNDERTOW-930,"HttpServletRequest.getCharacterEncoding return null when defaultEncoding was set in DeploymentInfo or in the undertow subsystem:

{noformat}
<subsystem xmlns=""urn:jboss:domain:undertow:3.1"">
    ...
    <servlet-container name=""default"" default-encoding=""UTF-8"">
        <jsp-config/>
        <websockets/>
    </servlet-container>
    ...
</subsystem>
{noformat}

Due to this problem can not be specified default encoding for web services",,,
602,UNDERTOW-917,"The JspServlet in its service method, first checks the incoming HTTP method and has specific checks to disallow processing on methods which aren't either {{GET}}, {{HEAD}} or {{POST}}. However, IMO, it's missing a return statement in that block where it sets the response error code. Instead, it does this check, sets the response's error code (correctly) and then goes on to compile and attempts to serve the JSP.  The code resides here https://github.com/undertow-io/jastow/blob/master/src/main/java/org/apache/jasper/servlet/JspServlet.java#L289

This isn't as bad as it sounds, since it turns out, the compiled JSP (compiled through JDT compiler at least), adds its own check for incoming HTTP method in the generated servlet class' {{_jspService()}} method https://github.com/undertow-io/jastow/blob/master/src/main/java/org/apache/jasper/compiler/Generator.java#L717

However, IMO, it still looks wrong to let the control even reach this far into compiling and serving the JSP, with these unallowed methods.

P.S: I don't see a JSP or a jastow component for this JIRA project, so leaving it empty.",,,
605,UNDERTOW-898,"h3. Undertow task
We would like to have this bit of configurable logic, off by default, implemented in Undertow. The C implementation is clear enough, the algorithm is just one line. I believe it could be translated to Undertow mod_cluster Proxy logic.

See: https://github.com/modcluster/mod_proxy_cluster/pull/8/files

h3. Description
Under the following conditions:
1. A request arrives for a session with an unknown route
2. A request arrives for a session with a known route in an error state, or if the intended worker is unresponsive and needs to failover

... the failover target must be chosen in a deterministic way.  This is meant to mitigate the situation where concurrent requests failover to different nodes and cause cluster-wide contention for the session.  Given a consistent ordering of workers (e.g. lexographically), the failover target should be chosen by something like: hash code of session id % active worker count.",,,
615,UNDERTOW-852,"According to HTTP/1.1 specification, the server should return 501 in case of the method being completely unknown to the origin server. The Undertow returns in such case 405, which is incorrect.

{quote}
5.1.1 Method

   The Method  token indicates the method to be performed on the
   resource identified by the Request-URI. The method is case-sensitive.

       Method         = ""OPTIONS""                ; Section 9.2
                      | ""GET""                    ; Section 9.3
                      | ""HEAD""                   ; Section 9.4
                      | ""POST""                   ; Section 9.5
                      | ""PUT""                    ; Section 9.6
                      | ""DELETE""                 ; Section 9.7
                      | ""TRACE""                  ; Section 9.8
                      | ""CONNECT""                ; Section 9.9
                      | extension-method
       extension-method = token

   The list of methods allowed by a resource can be specified in an
   Allow header field (section 14.7). The return code of the response
   always notifies the client whether a method is currently allowed on a
   resource, since the set of allowed methods can change dynamically. An
   origin server SHOULD return the status code 405 (Method Not Allowed)
   if the method is known by the origin server but not allowed for the
   requested resource, and 501 (Not Implemented) if the method is
   unrecognized or not implemented by the origin server. The methods GET
   and HEAD MUST be supported by all general-purpose servers. All other
   methods are OPTIONAL; however, if the above methods are implemented,
   they MUST be implemented with the same semantics as those specified
   in section 9.
{quote}",,,
616,UNDERTOW-851,"According to RFC for HTTP/1.1 the server should provide Allow header in case of responding with 405 \[1\], but Undertow doesn't send it.

\[1\]
https://www.ietf.org/rfc/rfc2616.txt
{quote}
10.4.6 405 Method Not Allowed

   The method specified in the Request-Line is not allowed for the
   resource identified by the Request-URI. The response MUST include an
   Allow header containing a list of valid methods for the requested
   resource.
{quote}",,,
617,UNDERTOW-822,"According to the [HTTP2 spec - Connection-Specific Header Fields|https://tools.ietf.org/html/rfc7540#section-8.1.2.2], HTTP2 request
# must not contain ""connection"" header
# may contain 'te' header but only with 'trailers' value

{quote}
HTTP/2 does not use the Connection header field to indicate
   connection-specific header fields; in this protocol, connection-
   specific metadata is conveyed by other means.  An endpoint MUST NOT
   generate an HTTP/2 message containing connection-specific header
   fields; any message containing connection-specific header fields MUST
   be treated as malformed (Section 8.1.2.6).

The only exception to this is the TE header field, which MAY be
   present in an HTTP/2 request; when it is, it MUST NOT contain any
   value other than ""trailers"".
{quote}

Currently there is no such check in Undertow processing request. Thus such requests are processed successfully instead of being rejected as malformed.",,,
618,UNDERTOW-816,"In current implementation there is not sufficient check for pseudo-headers presense in HTTP2 request from client.

According to the specification https://tools.ietf.org/html/rfc7540#section-8.1.2.3:
{quote}
All HTTP/2 requests MUST include exactly one valid value for the
       "":method"", "":scheme"", and "":path"" pseudo-header fields, unless it is
       a CONNECT request (Section 8.3).  An HTTP request that omits
       mandatory pseudo-header fields is malformed (Section 8.1.2.6).
{quote}",,,
619,UNDERTOW-807,"In current implementation for HTTP2 protocol, there is no check that WINDOW_UPDATE frame received from peer has non-zero deltaWindowSize value.

According to the specification https://tools.ietf.org/html/rfc7540#section-6.9:
      'A receiver MUST treat the receipt of a WINDOW_UPDATE frame with an
       flow-control window increment of 0 as a stream error (Section 5.4.2)
       of type PROTOCOL_ERROR; errors on the connection flow-control window
       MUST be treated as a connection error (Section 5.4.1).'",,,
623,UNDERTOW-802,"{{Comment}} attribute is missing in Version 1 Cookie

Though the latest cookie spec\[1] does not mention the attribute, the previous cookie specs\[2]\[3] define the attribute and Servlet API\[4] also has {{setComment(String)}} method. So, {{Comment}} attribute should be supported in V1 Cookie. 

The old  Netscape spec\[5] does not  mention the attribute attribute, so it's not required in V0 Cookie.

\[1] https://tools.ietf.org/html/rfc6265
\[2] https://tools.ietf.org/html/rfc2109
\[3] https://tools.ietf.org/html/rfc2965
\[4] http://docs.oracle.com/javaee/7/api/javax/servlet/http/Cookie.html
\[5] http://web.archive.org/web/20020803110822/http://wp.netscape.com/newsref/std/cookie_spec.html
",,,
624,UNDERTOW-799,"At load with WebSockets on SSL, we have been seeing IllegalStateException
exceptions which we suspect are due to dirty connection closes. The
observed stack in 1.3.23.Final is:

{noformat}
[org.xnio.nio] (default I/O-15) XNIO000011: Task io.undertow.protocols.ssl.SslConduit$1@959ab9 failed with an exception: java.lang.IllegalStateException: UT000091: Buffer has already been freed
        at io.undertow.server.DefaultByteBufferPool$DefaultPooledBuffer.getBuffer(DefaultByteBufferPool.java:196)
        at io.undertow.protocols.ssl.SslConduit.doUnwrap(SslConduit.java:744)
        at io.undertow.protocols.ssl.SslConduit.doHandshake(SslConduit.java:603)
        at io.undertow.protocols.ssl.SslConduit.access$500(SslConduit.java:63)
        at io.undertow.protocols.ssl.SslConduit$SslReadReadyHandler.readReady(SslConduit.java:1029)
        at io.undertow.protocols.ssl.SslConduit$1.run(SslConduit.java:225)
        at org.xnio.nio.WorkerThread.safeRun(WorkerThread.java:580)
        at org.xnio.nio.WorkerThread.run(WorkerThread.java:464)
{noformat}

If past the {{this.unwrappedData = unwrappedData;}} call on about 753,
the class-level unwrappedData is the same as the stack instance. After
that point, any RuntimeException or IOException will result in a call
to this.unwrappedData.close() via close()->closed(). As a result, this
exception case will always call unwrappedData.getBuffer() on a closed
PooledByteBuffer and throw the IllegalStateException. Since this is
thrown from the finally block, it will mask the original exception.

I've been unable to reproduce this locally, but this seems like a
potential issue that should be fixed. I also don't see another
case where unwrappedData is non-null and non-open.",,,
625,UNDERTOW-792,"Creating this issue to disallow configuring an any-address, i.e. a wildcard address. The reasons beings that clients won't be able to register with proxy with address ""0.0.0.0"", moreover such setup could be insecure.

{noformat}
18:58:43,549 ERROR [org.jboss.modcluster] (UndertowEventHandlerAdapter - 1) MODCLUSTER000042: Error null sending INFO command to 0.0.0.0/0.0.0.0:8080, configuration will be reset: null
{noformat}",,,
627,UNDERTOW-787,"There is a [bug|https://github.com/undertow-io/undertow/blob/master/core/src/main/java/io/undertow/attribute/ResponseTimeAttribute.java#L52] in Undertow's way of converting response time to seconds format for access log. In {{milis}} variable is expected to be time in milliseconds but as {{timeUnit}} is {{TimeUnit.SECONS}} actually, there are just seconds after such conversion.

You can see it for example when use 'time-taken' identifier in access log and perform some long running request - see 'Steps to Reproduce' section.",,,
628,UNDERTOW-767,"When a user attempts to access an invalidated session, they will get a ""Session not found"" message.
""Session is invalid"" would be more appropriate.",,,
630,UNDERTOW-721,NoData,,,
631,UNDERTOW-715,"
{noformat}
java.lang.NullPointerException
java.util.concurrent.ConcurrentHashMap.putVal(ConcurrentHashMap.java:1011)
java.util.concurrent.ConcurrentHashMap.put(ConcurrentHashMap.java:1006)
io.undertow.server.session.InMemorySessionManager$SessionImpl.setAttribute(InMemorySessionManager.java:484)
org.wildfly.elytron.web.undertow.server.ElytronHttpExchange$2.setAttachment(ElytronHttpExchange.java:380)
{noformat}
",,,
632,UNDERTOW-709,NoData,,,
633,UNDERTOW-695,"{noformat}
[INFO] -------------------------------------------------------------
[ERROR] COMPILATION ERROR : 
[INFO] -------------------------------------------------------------
[ERROR] /home/darranl/src/wildfly10/undertow/websockets-jsr/src/main/java/io/undertow/websockets/jsr/ServerWebSocketContainer.java:[141,165] incompatible types: java.util.List<java.lang.Object> cannot be converted to java.util.List<javax.websocket.Extension>
[ERROR] /home/darranl/src/wildfly10/undertow/websockets-jsr/src/main/java/io/undertow/websockets/jsr/Bootstrap.java:[91,80] incompatible types: java.util.List<java.lang.Object> cannot be converted to java.util.List<javax.websocket.Extension.Parameter>
[INFO] 2 errors 
{noformat}",,,
635,UNDERTOW-678,"When calculating the rotation time for log files the constant {{Calendar.HOUR}} is used to set the hour to 0 for midnight. It should use the {{Calendar.HOUR_OF_DAY}} or set the {{AM_PM}} value as well.

{quote}
{code}
public static final int HOUR
{code}
Field number for get and set indicating the hour of the morning or afternoon. HOUR is used for the 12-hour clock (0 - 11). Noon and midnight are represented by 0, not by 12. E.g., at 10:04:15.250 PM the HOUR is 10.

{code}
public static final int HOUR_OF_DAY
{code}
Field number for get and set indicating the hour of the day. HOUR_OF_DAY is used for the 24-hour clock. E.g., at 10:04:15.250 PM the HOUR_OF_DAY is 22.
See Also:
HOUR, Constant Field Values
{quote}",,,
636,UNDERTOW-652,"This is continuation of the JBEAP-1767 saga.

The code at
https://github.com/undertow-io/undertow/blob/1.3.18.Final/core/src/main/java/io/undertow/server/handlers/proxy/mod_cluster/MCMPHandler.java#L146
will not match IPv6 addresses properly.",,,
639,UNDERTOW-651,"* X-Manager-Address needs to be formatted
* zone indices do not work MODCLUSTER-483",,,
641,UNDERTOW-645,"When a security manager is enabled using setAccessible() from Reflection API forces us to allow all code in this module to use Reflection. 

In this case the call the setAccessible() is unnecessary.",,,
642,UNDERTOW-641,"Getting the following compilation error building the 1.4.x branch: -

{noformat}
[INFO] -------------------------------------------------------------
[ERROR] COMPILATION ERROR : 
[INFO] -------------------------------------------------------------
[ERROR] /home/darranl/src/wildfly10/undertow/core/src/main/java/io/undertow/security/impl/BasicAuthenticationMechanism.java:[104,109] incompatible types: java.util.Map<java.lang.Object,java.lang.Object> cannot be converted to java.util.Map<java.util.regex.Pattern,java.nio.charset.Charset>
[INFO] 1 error
{noformat}

The reason for this is although the code is identical between upstream and 1.4.x the 1.4.x branch is still set to use Java 7 so automatic conversion is not possible.",,,
643,UNDERTOW-635,Stumpled upon while investigating JBEAP-3393.,,,
644,UNDERTOW-634,"The advertiseAddress is not used anywhere.

We use it in mod_cluster java integration to set and interface after the multicast socket has been bound. Mostly useful for multi-homed mosts and unbound sockets.

I am not sure if this is something that NIO superseeded and no longer needed?",,,
645,UNDERTOW-616,When using relative paths PathFileManager#isFileSameCase wrongly returns false.,,,
647,UNDERTOW-612,"When passing an invalid locale such as ""-"", instead of returning null, undertow is throwing null pointer exception.",,,
649,UNDERTOW-603,"{noformat}
12:29:48,995 ERROR [io.undertow.request] (default task-45) UT005023: Exception handling request to /clusterbench-passivating/session: java.lang.NullPointerException
	at io.undertow.server.session.InMemorySessionManager.getSession(InMemorySessionManager.java:190)
	at org.wildfly.clustering.web.undertow.sso.DistributableSingleSignOn$InvalidatableSession.invalidate(DistributableSingleSignOn.java:174)
	at io.undertow.security.impl.SingleSignOnAuthenticationMechanism$SessionInvalidationListener.sessionDestroyed(SingleSignOnAuthenticationMechanism.java:185)
	at io.undertow.server.session.SessionListeners.sessionDestroyed(SessionListeners.java:61)
	at org.wildfly.clustering.web.undertow.session.DistributableSession.invalidate(DistributableSession.java:177)
	at io.undertow.servlet.spec.HttpSessionImpl.invalidate(HttpSessionImpl.java:199)
	at org.jboss.test.clusterbench.common.session.CommonHttpSessionServlet.doGet(CommonHttpSessionServlet.java:69)
	at javax.servlet.http.HttpServlet.service(HttpServlet.java:687)
	at javax.servlet.http.HttpServlet.service(HttpServlet.java:790)
	at io.undertow.servlet.handlers.ServletHandler.handleRequest(ServletHandler.java:85)
	at io.undertow.servlet.handlers.security.ServletSecurityRoleHandler.handleRequest(ServletSecurityRoleHandler.java:62)
	at io.undertow.servlet.handlers.ServletDispatchingHandler.handleRequest(ServletDispatchingHandler.java:36)
	at org.wildfly.extension.undertow.security.SecurityContextAssociationHandler.handleRequest(SecurityContextAssociationHandler.java:78)
	at io.undertow.server.handlers.PredicateHandler.handleRequest(PredicateHandler.java:43)
	at io.undertow.servlet.handlers.security.SSLInformationAssociationHandler.handleRequest(SSLInformationAssociationHandler.java:131)
	at io.undertow.servlet.handlers.security.ServletAuthenticationCallHandler.handleRequest(ServletAuthenticationCallHandler.java:57)
	at io.undertow.server.handlers.PredicateHandler.handleRequest(PredicateHandler.java:43)
	at io.undertow.security.handlers.AbstractConfidentialityHandler.handleRequest(AbstractConfidentialityHandler.java:46)
	at io.undertow.servlet.handlers.security.ServletConfidentialityConstraintHandler.handleRequest(ServletConfidentialityConstraintHandler.java:64)
	at io.undertow.security.handlers.AuthenticationMechanismsHandler.handleRequest(AuthenticationMechanismsHandler.java:60)
	at io.undertow.servlet.handlers.security.CachedAuthenticatedSessionHandler.handleRequest(CachedAuthenticatedSessionHandler.java:77)
	at io.undertow.security.handlers.NotificationReceiverHandler.handleRequest(NotificationReceiverHandler.java:50)
	at io.undertow.security.handlers.AbstractSecurityContextAssociationHandler.handleRequest(AbstractSecurityContextAssociationHandler.java:43)
	at io.undertow.server.handlers.PredicateHandler.handleRequest(PredicateHandler.java:43)
	at org.wildfly.extension.undertow.security.jacc.JACCContextIdHandler.handleRequest(JACCContextIdHandler.java:61)
	at io.undertow.server.handlers.PredicateHandler.handleRequest(PredicateHandler.java:43)
	at io.undertow.server.handlers.PredicateHandler.handleRequest(PredicateHandler.java:43)
	at io.undertow.servlet.handlers.ServletInitialHandler.handleFirstRequest(ServletInitialHandler.java:284)
	at io.undertow.servlet.handlers.ServletInitialHandler.dispatchRequest(ServletInitialHandler.java:263)
	at io.undertow.servlet.handlers.ServletInitialHandler.access$000(ServletInitialHandler.java:81)
	at io.undertow.servlet.handlers.ServletInitialHandler$1.handleRequest(ServletInitialHandler.java:174)
	at io.undertow.server.Connectors.executeRootHandler(Connectors.java:202)
	at io.undertow.server.HttpServerExchange$1.run(HttpServerExchange.java:793)
	at java.util.concurrent.ThreadPoolExecutor.runWorker(ThreadPoolExecutor.java:1142)
	at java.util.concurrent.ThreadPoolExecutor$Worker.run(ThreadPoolExecutor.java:617)
	at java.lang.Thread.run(Thread.java:745)
{noformat}",,,
650,UNDERTOW-586,When having defined max-active-sessions and enabled statistics the setting of max-active-sessions is ignored.,,,
651,UNDERTOW-570,"Reporting of processing time does not work: 
* maxProcessingTime is always 0 (zero)
* processingTime is huge negative number, for example -8487404155063010

Root cause is very simple and obvious from sources:
# request start time is recorded in nanoseconds (System.nanoTime())
# request end time is taken in milliseconds (System.currentTimeMillis())
# their difference is, therefore, huge negative number
",,,
653,UNDERTOW-569,"If 2 sessions associated with the same SSO invalidate at the same time, the triggered SSO session destroyed listener will attempt to invalidate each other.  In the case of distributed web sessions/SSO, this can easily deadlock, as one thread will have the lock on the SSO and be attempting to acquire a lock on the associated session in order to invalidate it.  If another thread is concurrently timing out its session, it will be waiting to acquire a lock on the SSO, causing a deadlock.

To fix this, we should perform invalidation of associated sessions *after* removing the SSO, thus only 1 thread will actually attempt the invalidation of the others, since only one thread will attempt to remove the SSO, the other will not find it.

N.B. This actually affects 1.3.3.Final, but the versions in jira are not up to date.",,,
654,UNDERTOW-567,"{noformat}
16:58:03,864 ERROR [stderr] (XNIO-1 task-4) java.lang.IllegalArgumentException: UT000025: Unexpected token 'ManagementRealm"", nonce' within header.
16:58:03,865 ERROR [stderr] (XNIO-1 task-4) 	at io.undertow.util.HeaderTokenParser.parseHeader(HeaderTokenParser.java:68)
16:58:03,865 ERROR [stderr] (XNIO-1 task-4) 	at io.undertow.security.impl.DigestAuthorizationToken.parseHeader(DigestAuthorizationToken.java:79)
16:58:03,865 ERROR [stderr] (XNIO-1 task-4) 	at io.undertow.security.impl.DigestAuthenticationMechanism.authenticate(DigestAuthenticationMechanism.java:156)
{noformat}",,,
655,UNDERTOW-548,"Authentication mechanisms should not be setting the status code as where multiple mechanisms are in use together different mechanisms may require a different code - after all mechanisms have set their challenge we then choose the code to use.

Although the mechanism does not set the code directly I believe it is a side effect of the 'forward' call,",,,
657,UNDERTOW-545,"The SPNEGO authentication test case fails on IBM JDK as when the server is requested, it returns forbidden (403) instead of unauthorized (401).

{noformat}
testSpnegoSuccess(io.undertow.server.security.SpnegoAuthenticationTestCase)  Time elapsed: 0.403 sec  <<< FAILURE!
java.lang.AssertionError: expected:<401> but was:<403>
	at org.junit.Assert.fail(Assert.java:88)
	at org.junit.Assert.failNotEquals(Assert.java:834)
	at org.junit.Assert.assertEquals(Assert.java:645)
	at org.junit.Assert.assertEquals(Assert.java:631)
	at io.undertow.server.security.SpnegoAuthenticationTestCase.testSpnegoSuccess(SpnegoAuthenticationTestCase.java:94)
{noformat}",,,
660,UNDERTOW-514,"when i'm trying to use mod_cluster undertow filter with default locale set to sk_SK, everytime when advertise message is sent it is rejected by clustered server with messaqe ""Advertise message digest verification failed for server..."" (class org.jboss.modcluster.advertise.impl.AdvertiseListenerImpl)
message send by mod_cluster  filter is: (class io.undertow.server.handlers.proxy.mod_cluster.MCMPAdvertiseTask)
{code}
HTTP/1.0 200 OK
Date: Št, 6 aug 2015 18:30:06 +0200
Sequence: 1
Digest: 8cf5a5ebf35667a01c7298db3fb7fdbe
Server: 970d1fd6-1df4-4115-b704-9fd7fe7cbeb8
X-Manager-Address: 127.0.0.1:8080
X-Manager-Url: /
X-Manager-Protocol: http
X-Manager-Host: 127.0.0.1
{code}

please notice character ""Š"" in date field.

When I switch to locale en_US, now the date field does not contains any non ASCII character, and clustering works as expected",,,
661,UNDERTOW-506,"When WFLY with configured kerberos security realm is bound to IPv6 address (e.g. 2620:52:0:2804:56ee:75ff:fe2d:980f), undertow is trying to match keytabs against incorrectly parsed address ""[2620"" (should be ""[2620:52:0:2804:56ee:75ff:fe2d:980f]"").",,,
662,UNDERTOW-396,"I guess 2 problems here:

1. When isRequestedSessionIdFromCookie() is invoked inside encodeURL(), it returns always true while no session cookies in a request.

After application invokes HttpServletRequest#getSession(), SessionCookieConfig#setSessionId() creates a cookie and set it to HttpServerExchange instance. but it sets both of response and request of HttpServerExchange instance using setResponseCookie() and getRequestCookies().put(). I guess that getRequestCookies().put() is should NOT be invoked because isRequestedSessionIdFromCookie() uses getRequestCookies() to check where a cookie come from.

2. SessionCookieConfigImpl#rewriteUrl() doesn't care fallback.

It simply returns the original URL. it should do that check whether JSESSIONID is available in cookie then if not available append JSESSIONID to URL and return, when if ""fallback"" is available.
",,,
665,UNDERTOW-375,"I have a sample Spring Boot application (available at https://github.com/dankelleher/UndertowFilterTester) which registers programmatically (no web.xml) two filters, one mapped by servlet name, and one by url pattern.

On startup I get the following exception:

java.lang.reflect.InvocationTargetException
        at sun.reflect.NativeMethodAccessorImpl.invoke0(Native Method)
        at sun.reflect.NativeMethodAccessorImpl.invoke(NativeMethodAccessorImpl.java:57)
        at sun.reflect.DelegatingMethodAccessorImpl.invoke(DelegatingMethodAccessorImpl.java:43)
        at java.lang.reflect.Method.invoke(Method.java:606)
        at org.springframework.boot.maven.RunMojo$LaunchRunner.run(RunMojo.java:418)
        at java.lang.Thread.run(Thread.java:744)
Caused by: org.springframework.context.ApplicationContextException: Unable to start embedded container; nested exception is java.lang.RuntimeException: java.lang.IndexOutOfBoundsException: Index: 4, Size: 0
        at org.springframework.boot.context.embedded.EmbeddedWebApplicationContext.onRefresh(EmbeddedWebApplicationContext.java:133)
        at org.springframework.context.support.AbstractApplicationContext.refresh(AbstractApplicationContext.java:474)
        at org.springframework.boot.context.embedded.EmbeddedWebApplicationContext.refresh(EmbeddedWebApplicationContext.java:118)
        at org.springframework.boot.SpringApplication.refresh(SpringApplication.java:688)
        at org.springframework.boot.SpringApplication.run(SpringApplication.java:321)
        at org.springframework.boot.SpringApplication.run(SpringApplication.java:958)
        at org.springframework.boot.SpringApplication.run(SpringApplication.java:947)
        at Example.main(Example.java:22)
        ... 6 more
Caused by: java.lang.RuntimeException: java.lang.IndexOutOfBoundsException: Index: 4, Size: 0
        at io.undertow.servlet.core.DeploymentManagerImpl.deploy(DeploymentManagerImpl.java:222)
        at org.springframework.boot.context.embedded.undertow.UndertowEmbeddedServletContainerFactory.createDeploymentManager(UndertowEmbeddedServletContainerFactory.java:344)
        at org.springframework.boot.context.embedded.undertow.UndertowEmbeddedServletContainerFactory.getEmbeddedServletContainer(UndertowEmbeddedServletContainerFactory.java:204)
        at org.springframework.boot.context.embedded.EmbeddedWebApplicationContext.createEmbeddedServletContainer(EmbeddedWebApplicationContext.java:157)
        at org.springframework.boot.context.embedded.EmbeddedWebApplicationContext.onRefresh(EmbeddedWebApplicationContext.java:130)
        ... 13 more
Caused by: java.lang.IndexOutOfBoundsException: Index: 4, Size: 0
        at java.util.ArrayList.rangeCheckForAdd(ArrayList.java:643)
        at java.util.ArrayList.add(ArrayList.java:455)
        at io.undertow.servlet.api.DeploymentInfo.insertFilterServletNameMapping(DeploymentInfo.java:354)
        at io.undertow.servlet.spec.ServletContextImpl.addMappingForServletNames(ServletContextImpl.java:836)
        at io.undertow.servlet.spec.FilterRegistrationImpl.addMappingForServletNames(FilterRegistrationImpl.java:54)
        at org.springframework.boot.context.embedded.FilterRegistrationBean.configure(FilterRegistrationBean.java:287)
        at org.springframework.boot.context.embedded.FilterRegistrationBean.onStartup(FilterRegistrationBean.java:256)
        at org.springframework.boot.context.embedded.EmbeddedWebApplicationContext.selfInitialize(EmbeddedWebApplicationContext.java:222)
        at org.springframework.boot.context.embedded.EmbeddedWebApplicationContext.access$000(EmbeddedWebApplicationContext.java:84)
        at org.springframework.boot.context.embedded.EmbeddedWebApplicationContext$1.onStartup(EmbeddedWebApplicationContext.java:206)
        at org.springframework.boot.context.embedded.undertow.UndertowEmbeddedServletContainerFactory$Initializer.onStartup(UndertowEmbeddedServletContainerFactory.java:517)
        at io.undertow.servlet.core.DeploymentManagerImpl.deploy(DeploymentManagerImpl.java:182)
        ... 17 more
",,,
667,UNDERTOW-344,"Otherwise we can end up with an error like this: -

{noformat}
13:20:41,619 INFO  [stdout] (XNIO-1 task-4) [JGSS_DBG_CRED]  XNIO-1 task-4 getName found name: HTTP/web.dal.wildfly.org@DAL.WILDFLY.ORG, mech=1.2.840.113554.1.2.2
13:20:41,620 INFO  [stdout] (XNIO-1 task-4) [JGSS_DBG_CRED]  XNIO-1 task-4 Krb5 name type = 0
13:22:09,371 INFO  [stdout] (XNIO-1 task-4) [JGSS_DBG_UNMARSH]  XNIO-1 task-4 Real token len 692
13:22:09,372 INFO  [stdout] (XNIO-1 task-4) [JGSS_DBG_UNMARSH]  XNIO-1 task-4 Token oid 1.3.6.1.5.5.2
13:22:09,373 INFO  [stdout] (XNIO-1 task-4) [JGSS_DBG_UNMARSH]  XNIO-1 task-4 inner token len 684
13:22:09,374 ERROR [stderr] (XNIO-1 task-4) java.security.PrivilegedActionException: org.ietf.jgss.GSSException, major code: 13, minor code: 0
13:22:09,375 ERROR [stderr] (XNIO-1 task-4) 	major string: Invalid credentials
13:22:09,375 ERROR [stderr] (XNIO-1 task-4) 	minor string: Cannot obtain mechanism credential for mechanism 1.3.6.1.5.5.2
13:22:09,376 ERROR [stderr] (XNIO-1 task-4) 	at java.security.AccessController.doPrivileged(AccessController.java:375)
13:22:09,377 ERROR [stderr] (XNIO-1 task-4) 	at javax.security.auth.Subject.doAs(Subject.java:572)
13:22:09,378 ERROR [stderr] (XNIO-1 task-4) 	at io.undertow.security.impl.GSSAPIAuthenticationMechanism.runGSSAPI(GSSAPIAuthenticationMechanism.java:168)
13:22:09,378 ERROR [stderr] (XNIO-1 task-4) 	at io.undertow.security.impl.GSSAPIAuthenticationMechanism.authenticate(GSSAPIAuthenticationMechanism.java:119)
13:22:09,379 ERROR [stderr] (XNIO-1 task-4) 	at org.jboss.as.domain.http.server.security.AuthenticationMechanismWrapper.authenticate(AuthenticationMechanismWrapper.java:52)
13:22:09,380 ERROR [stderr] (XNIO-1 task-4) 	at io.undertow.security.impl.SecurityContextImpl$AuthAttempter.transition(SecurityContextImpl.java:280)
13:22:09,381 ERROR [stderr] (XNIO-1 task-4) 	at io.undertow.security.impl.SecurityContextImpl$AuthAttempter.transition(SecurityContextImpl.java:297)
13:22:09,382 ERROR [stderr] (XNIO-1 task-4) 	at io.undertow.security.impl.SecurityContextImpl$AuthAttempter.access$100(SecurityContextImpl.java:267)
13:22:09,383 ERROR [stderr] (XNIO-1 task-4) 	at io.undertow.security.impl.SecurityContextImpl.attemptAuthentication(SecurityContextImpl.java:130)
13:22:09,384 ERROR [stderr] (XNIO-1 task-4) 	at io.undertow.security.impl.SecurityContextImpl.authTransition(SecurityContextImpl.java:105)
13:22:09,385 ERROR [stderr] (XNIO-1 task-4) 	at io.undertow.security.impl.SecurityContextImpl.authenticate(SecurityContextImpl.java:98)
13:22:09,386 ERROR [stderr] (XNIO-1 task-4) 	at io.undertow.security.handlers.AuthenticationCallHandler.handleRequest(AuthenticationCallHandler.java:50)
13:22:09,386 ERROR [stderr] (XNIO-1 task-4) 	at io.undertow.server.Connectors.executeRootHandler(Connectors.java:199)
13:22:09,387 ERROR [stderr] (XNIO-1 task-4) 	at io.undertow.server.HttpServerExchange$1.run(HttpServerExchange.java:767)
13:22:09,387 ERROR [stderr] (XNIO-1 task-4) 	at java.util.concurrent.ThreadPoolExecutor.runWorker(ThreadPoolExecutor.java:1177)
13:22:09,388 ERROR [stderr] (XNIO-1 task-4) 	at java.util.concurrent.ThreadPoolExecutor$Worker.run(ThreadPoolExecutor.java:642)
13:22:09,388 ERROR [stderr] (XNIO-1 task-4) 	at java.lang.Thread.run(Thread.java:857)
13:22:09,389 ERROR [stderr] (XNIO-1 task-4) Caused by: org.ietf.jgss.GSSException, major code: 13, minor code: 0
13:22:09,389 ERROR [stderr] (XNIO-1 task-4) 	major string: Invalid credentials
13:22:09,389 ERROR [stderr] (XNIO-1 task-4) 	minor string: Cannot obtain mechanism credential for mechanism 1.3.6.1.5.5.2
13:22:09,390 ERROR [stderr] (XNIO-1 task-4) 	at com.ibm.security.jgss.i18n.I18NException.throwGSSException(I18NException.java:9)
13:22:09,391 ERROR [stderr] (XNIO-1 task-4) 	at com.ibm.security.jgss.GSSContextImpl.acceptSecContext(GSSContextImpl.java:33)
13:22:09,391 ERROR [stderr] (XNIO-1 task-4) 	at com.ibm.security.jgss.GSSContextImpl.acceptSecContext(GSSContextImpl.java:396)
13:22:09,392 ERROR [stderr] (XNIO-1 task-4) 	at io.undertow.security.impl.GSSAPIAuthenticationMechanism$AcceptSecurityContext.run(GSSAPIAuthenticationMechanism.java:221)
13:22:09,392 ERROR [stderr] (XNIO-1 task-4) 	at io.undertow.security.impl.GSSAPIAuthenticationMechanism$AcceptSecurityContext.run(GSSAPIAuthenticationMechanism.java:191)
13:22:09,393 ERROR [stderr] (XNIO-1 task-4) 	at java.security.AccessController.doPrivileged(AccessController.java:369)
13:22:09,393 ERROR [stderr] (XNIO-1 task-4) 	... 16 more
{noformat}

The client is sending a SPNEGO message (1.3.6.1.5.5.2) but the default GSSCredential is for Kerberos (1.2.840.113554.1.2.2) so we need to ensure we are creating a GSSCredential ourselves that is compatible with SPNEGO.",,,
668,UNDERTOW-336,"This is a real case, on our web app, a user's request comes with an illegal cookie name ""ctx:1420m06d05"", our code calls getCookies() on request to retrieve our own cookie which has a legal name but we can't because the Cookie constructor from servlet API 3.1 raises an IllegalArgumentException: Cookie name ""ctx:1420m06d05"" is a reserved token.

This problem exists in all Undertow branches.

Undertow's HttpServletRequestImpl.getCookies() should ignore illegal cookies by catching IllegalArgumentException when building a new Cookie, this is what Tomcat does because cookie names cannot be trusted in incoming requests.

See  Request.parseCookies() at line 3028:

http://svn.apache.org/repos/asf/tomcat/tc7.0.x/trunk/java/org/apache/catalina/connector/Request.java



14:15:26.806 ERROR [1A2nPixN-A1BAp-C54j2x7tq] TraiterExceptionVrchTcl - Cookie: 'testcookie=works; __utmc=80329874; __utma=80329874.325613860.1413373316.1413373316.1413373316.1; __utmb=80329874.37.7.1413374768025; __utmz=80329874.1413373316.1.1.utmcsr=ask|utmccn=(organic)|utmcmd=organic|utmctr=Horaires%20Tcl%20De%20Lyon; __utmt=1; JSESSIONID=1A2nPixN-A1BAp-C54j2x7tq.node06; ls_google_allow=1; ls_iserver_timestamp_bnc_bsaved=1413373242310; ctx:1420m06d05=7b2273756363657373223a302c226c6f675f616374697665223a317d'
14:15:26.807 ERROR [1A2nPixN-A1BAp-C54j2x7tq] TraiterExceptionVrchTcl - Erreur inconnue.
java.lang.IllegalArgumentException: Cookie name ""ctx:1420m06d05"" is a reserved token
        at javax.servlet.http.Cookie.<init>(Cookie.java:192) ~[jboss-servlet-api_3.1_spec-1.0.0.Final.jar!/:1.0.0.Final]
        at io.undertow.servlet.spec.HttpServletRequestImpl.getCookies(HttpServletRequestImpl.java:145) ~[undertow-servlet-1.0.15.jar!/:1.0.15.Final]
        at org.springframework.web.util.WebUtils.getCookie(WebUtils.java:532) ~[spring-web-3.2.8.RELEASE.jar:3.2.8.RELEASE]
",,,
673,UNDERTOW-317,"Previously within WildFly we have been making sure a redirect port is always available, this is even if the user has not configured a https listener so the end result is clients getting redirected to a port not being used.

This change will allow us to report to the client a real server issue and an opportunity to log an appropriate error.
",,,
677,UNDERTOW-295,"Happens after I try to login to our webapp.
{noformat}
java.lang.NullPointerException
        at io.undertow.servlet.core.SessionListenerBridge.sessionDestroyed(SessionListenerBridge.java:78) [undertow-servlet-1.1.0.Beta5.jar:1.1.0.Beta5]
        at io.undertow.server.session.SessionListeners.sessionDestroyed(SessionListeners.java:56) [undertow-core-1.1.0.Beta5.jar:1.1.0.Beta5]
        at io.undertow.server.session.InMemorySessionManager$SessionImpl.invalidate(InMemorySessionManager.java:395) [undertow-core-1.1.0.Beta5.jar:1.1.0.Beta5]
        at io.undertow.server.session.InMemorySessionManager$SessionImpl.invalidate(InMemorySessionManager.java:381) [undertow-core-1.1.0.Beta5.jar:1.1.0.Beta5]
        at io.undertow.servlet.spec.HttpSessionImpl.invalidate(HttpSessionImpl.java:197) [undertow-servlet-1.1.0.Beta5.jar:1.1.0.Beta5]
{noformat}
Full stack trace can be found here: http://pastebin.com/mp6rT2we
Caused by changes made in UNDERTOW-261.",,,
678,UNDERTOW-291,"The sessionDestroyed(...) method in SingleSignOnAuthenticationMechanism looks for the SSO_ID via the session attribute.  However, due to the order in which the session listeners are invoked upon session invalidation, the session never has any attributes when it reaches this method.  Consequently, sessions for other session associated with the SSO to which the invalidated session is associated are never invalidated.

This seems to be because the SingleSignOnAuthenticationMechanism's listener gets invoked after the SessionListenerBridge removes all the attributes from the session.  Either this listener needs to be invoked before the SessionListenerBridge removes the attributes, or a different mechanism is needed to discover the SSO_ID (e.g. look to the request cookie).  The former seems preferable.

See the linked forum post for details.",,,
679,UNDERTOW-285,I expect that after restarting new log messages would be appended to the previously existing access.log. That was the case with JBoss Web.,,,
680,UNDERTOW-272,"The welcome files list is ignored for the ""/"" path.

If I set welcomeFiles to ""index.html"", it will load index.html on subdirectories (i.e., ""/about"" will load ""/about/index.html"") but for the root path ""/"", I will get a 404 error even if an index.html file exists.

I ended up hacking https://github.com/undertow-io/undertow/blob/master/core/src/main/java/io/undertow/server/handlers/resource/ResourceHandler.java#L149 to hardcode the path to ""/index.html"" if it was ""/"" and now everything works as expected.

I don't really have time to upstream a proper patch though.",,,
681,UNDERTOW-269,"An SSO is deleted when any associated session is invalidated.  If an associated session times out, the SSO is not destroyed.  This is correct.  However, when the last associated session times out, the SSO should be removed.  Currently, the SSO will remain active, even after the last associated session times out.",,,
682,UNDERTOW-264,"This regression was introduced in [1a8454102b1b836c28a28d8053e970c884b7ddff|https://github.com/undertow-io/undertow/commit/1a8454102b1b836c28a28d8053e970c884b7ddff].

It's ok to wait for the timer to expire but only if the new value is higher.

The following CDI TCK test fails and might be used as a reproducer:
https://github.com/cdi-spec/cdi-tck/blob/master/impl/src/main/java/org/jboss/cdi/tck/tests/context/session/SessionContextTest.java#L140",,,
683,UNDERTOW-251,"If a multipart requests is forwarded (from a filter or a non multipart capable servlet) to a multipart capable servlet, the request parameter map will be empty.

I think the cause for this is the following:

At some point in time HttpServletRequestImpl.parseFormData() is called. Undertow now asks the ManagedServlet for the FormParserFactory. It looks like in the scenario described above Undertow isn't using a multipart capable FormParserFactory and therefore the parameters sent with the multipart form won't be parsed correctly. I'm not completely sure if it would work correctly if HttpServletRequestImpl.parseFormData() is called AFTER the forward to the multipart capable servlet.

I'll send a pull request containing a failing test case in a few minutes.",,,
686,UNDERTOW-226,"Typo in if statement, the ssl variable is always ignored.

Thanks for Masuda-san pointing this out. https://twitter.com/masudanaika/status/461471495328251904",,,
687,UNDERTOW-211,"https://github.com/undertow-io/undertow/commit/654b9689fd4798484d63fbfa4a76a77fdbc1e256 is too restrictive as the default list of allowed extensions is missing jpeg, gif and probably many other file extensions.  

Impacts: 1.0.2.Final
Please fix in 1.0.3.Final",,,
689,UNDERTOW-187,"As a result of https://github.com/undertow-io/undertow/commit/6c8a5cf, PathMatchPredicate cannot match relative path """". The PathMatcher will convert any """" to ""/"" so no match is possible.

This is the cause of https://issues.jboss.org/browse/JBCTS-1379. When no user is available in the WildFly security realm, a redirect to /error occurs. WildFly then tries to evaluate a predicate to decide whether to redirect to the index.html. There is no match, so the redirect doesn't happen, the ResourceHandler tries to handle the request, there's no Resource at """" and a 404 is issued.

I think the fix to use the getExactPath() method introduced (but not used) in the commit ^^^. I suspect this was the intent but it got left out. Pull request coming.",,,
690,UNDERTOW-182,"HttpServletRequestImpl.getCharacterEncoding() uses Headers.extractTokenFromHeader() to get the charset parameter of the Content-Type header.  Therefore Content-Type headers such as this:

text/xml;charset=""utf-8""

cause the returned value to be ""utf-8"" (including the double quotes). This can quickly mess up application code that will pass this into an InputStreamReader (for example).

This behavior is actually exactly that described in this blogpost (which is talking about weblogic 10.3): http://runkalrun.blogspot.com/2009/10/charset-utf-8-double-quotes-in-jax-ws.html

The blogpost suggests that the real error is on the client side, but from what I can make out from http://www.ietf.org/rfc/rfc2616.txt, there isn't anything wrong with quoting the charset. (I could totally be wrong, though.)",,,
694,UNDERTOW-151,NoData,,,
707,UNDERTOW-137,"When a servlet does not send anything in the response, the following exception is thrown on the client side:
{code}
org.apache.http.MalformedChunkCodingException: Bad chunk header
at org.apache.http.impl.io.ChunkedInputStream.getChunkSize(ChunkedInputStream.java:262)
{code}
",,,
708,UNDERTOW-125,"There is a minor problem with the current implementation of  UndertowSession#addMessageHandler(MessageHandler).

If we have the following MessageHandler implementation:

class MessageHandlerImpl implements Part<byte>, Whole<PongMessage> {

    public void onMessage(byte[] bytes, boolean last) {
    }

    public void onMessage(PongMessage pongMessage) {
    }

}

then only one of the #onMessage-methods would be added as a message handler (s. FrameHandler#addHandler() and ClassUtils.getHandlerType() for details). The other is ignored.",,,
711,UNDERTOW-122,"HttpRequest.getServerName() and HttpRequest.getServerPort() return mismatching information when a Proxy is present.

HttpRequest.getServerName() will return the Proxy host, as the HttpServerExchange checks the request headers before the destination address.

HttpRequest.getServerPort() will return the server port, as it gets the port from the destination address at all times.",,,
713,UNDERTOW-101,"{code}
09:08:18,867 ERROR [io.undertow.request] (default task-2) Servlet request failed HttpServerExchange{ GET /test/servlet/startConversation}: java.lang.NullPointerException
	at java.nio.CharBuffer.wrap(CharBuffer.java:483) [rt.jar:1.7.0_10]
	at io.undertow.servlet.spec.ServletPrintWriter.print(ServletPrintWriter.java:130) [undertow-servlet-1.0.0.Beta3.jar:1.0.0.Beta3]
	at io.undertow.servlet.spec.ServletPrintWriter.println(ServletPrintWriter.java:179) [undertow-servlet-1.0.0.Beta3.jar:1.0.0.Beta3]
	at io.undertow.servlet.spec.ServletPrintWriterDelegate.println(ServletPrintWriterDelegate.java:201) [undertow-servlet-1.0.0.Beta3.jar:1.0.0.Beta3]
	at org.jboss.weld.tests.contexts.conversation.weld1418.Servlet.service(Servlet.java:36) [classes:]
	at javax.servlet.http.HttpServlet.service(HttpServlet.java:790) [jboss-servlet-api_3.1_spec-1.0.0.Beta1.jar:1.0.0.Beta1]
	at io.undertow.servlet.handlers.ServletHandler.handleRequest(ServletHandler.java:87) [undertow-servlet-1.0.0.Beta3.jar:1.0.0.Beta3]
	at io.undertow.servlet.handlers.FilterHandler$FilterChainImpl.doFilter(FilterHandler.java:130) [undertow-servlet-1.0.0.Beta3.jar:1.0.0.Beta3]
	at io.undertow.websockets.jsr.JsrWebSocketFilter.doFilter(JsrWebSocketFilter.java:138) [undertow-websockets-jsr-1.0.0.Beta3.jar:1.0.0.Beta3]
	at io.undertow.servlet.core.ManagedFilter.doFilter(ManagedFilter.java:56) [undertow-servlet-1.0.0.Beta3.jar:1.0.0.Beta3]
	at io.undertow.servlet.handlers.FilterHandler$FilterChainImpl.doFilter(FilterHandler.java:132) [undertow-servlet-1.0.0.Beta3.jar:1.0.0.Beta3]
	at io.undertow.servlet.handlers.FilterHandler.handleRequest(FilterHandler.java:85) [undertow-servlet-1.0.0.Beta3.jar:1.0.0.Beta3]
	at io.undertow.servlet.handlers.security.ServletSecurityRoleHandler.handleRequest(ServletSecurityRoleHandler.java:56) [undertow-servlet-1.0.0.Beta3.jar:1.0.0.Beta3]
	at io.undertow.servlet.handlers.ServletDispatchingHandler.handleRequest(ServletDispatchingHandler.java:36) [undertow-servlet-1.0.0.Beta3.jar:1.0.0.Beta3]
	at org.wildfly.extension.undertow.security.SecurityContextAssociationHandler.handleRequest(SecurityContextAssociationHandler.java:78)
	at io.undertow.servlet.handlers.security.SSLInformationAssociationHandler.handleRequest(SSLInformationAssociationHandler.java:115) [undertow-servlet-1.0.0.Beta3.jar:1.0.0.Beta3]
	at io.undertow.security.handlers.AuthenticationCallHandler.handleRequest(AuthenticationCallHandler.java:52) [undertow-core-1.0.0.Beta3.jar:1.0.0.Beta3]
	at io.undertow.security.handlers.AbstractConfidentialityHandler.handleRequest(AbstractConfidentialityHandler.java:45) [undertow-core-1.0.0.Beta3.jar:1.0.0.Beta3]
	at io.undertow.servlet.handlers.security.CachedAuthenticatedSessionHandler.handleRequest(CachedAuthenticatedSessionHandler.java:65) [undertow-servlet-1.0.0.Beta3.jar:1.0.0.Beta3]
	at io.undertow.security.handlers.SecurityInitialHandler.handleRequest(SecurityInitialHandler.java:70) [undertow-core-1.0.0.Beta3.jar:1.0.0.Beta3]
	at io.undertow.server.handlers.PredicateHandler.handleRequest(PredicateHandler.java:25) [undertow-core-1.0.0.Beta3.jar:1.0.0.Beta3]
	at org.wildfly.extension.undertow.security.SecurityContextCreationHandler.handleRequest(SecurityContextCreationHandler.java:54)
	at io.undertow.server.handlers.PredicateHandler.handleRequest(PredicateHandler.java:25) [undertow-core-1.0.0.Beta3.jar:1.0.0.Beta3]
	at io.undertow.servlet.handlers.ServletInitialHandler.handleFirstRequest(ServletInitialHandler.java:185) [undertow-servlet-1.0.0.Beta3.jar:1.0.0.Beta3]
	at io.undertow.servlet.handlers.ServletInitialHandler.dispatchRequest(ServletInitialHandler.java:172) [undertow-servlet-1.0.0.Beta3.jar:1.0.0.Beta3]
	at io.undertow.servlet.handlers.ServletInitialHandler.access$000(ServletInitialHandler.java:56) [undertow-servlet-1.0.0.Beta3.jar:1.0.0.Beta3]
	at io.undertow.servlet.handlers.ServletInitialHandler$1.handleRequest(ServletInitialHandler.java:107) [undertow-servlet-1.0.0.Beta3.jar:1.0.0.Beta3]
	at io.undertow.server.HttpHandlers.executeRootHandler(HttpHandlers.java:36) [undertow-core-1.0.0.Beta3.jar:1.0.0.Beta3]
	at io.undertow.server.HttpServerExchange$1.run(HttpServerExchange.java:629) [undertow-core-1.0.0.Beta3.jar:1.0.0.Beta3]
	at java.util.concurrent.ThreadPoolExecutor.runWorker(ThreadPoolExecutor.java:1110) [rt.jar:1.7.0_10]
	at java.util.concurrent.ThreadPoolExecutor$Worker.run(ThreadPoolExecutor.java:603) [rt.jar:1.7.0_10]
	at java.lang.Thread.run(Thread.java:722) [rt.jar:1.7.0_10]
{code}",,,
714,UNDERTOW-86,"{code}
protected void service(HttpServletRequest req, HttpServletResponse resp) throws ServletException, IOException {
	String redirectUrl = ""https://api.twitter.com"";
	resp.sendRedirect(redirectUrl);
}
{code}

Result: http://localhost:8080/context/https:/api.twitter.com",,,
715,UNDERTOW-81,This occurs when onTimeout() callback is invoked on an application AsyncListener.,,,
721,UNDERTOW-73,"line 176 contains the statement:

final CharBuffer cb = CharBuffer.wrap(s + ""\n"");

where s is of type char[]. Adding the newline string implicitly invokes toString on the char array.",,,
722,UNDERTOW-54,"While testing one of the quickstarts against WildFly, I noticed that SecureHashMap runs into an infinite loop and as a result the request never completes. The entire thread dump is attached, but the relevant part looks like this:

{code}
""default task-27"" prio=10 tid=0x78ff6000 nid=0x41e6 runnable [0x7955c000]
   java.lang.Thread.State: RUNNABLE
	at io.undertow.util.SecureHashMap.doPut(SecureHashMap.java:218)
	at io.undertow.util.SecureHashMap.putIfAbsent(SecureHashMap.java:310)
	at io.undertow.server.handlers.cache.LRUCache.add(LRUCache.java:69)
	at io.undertow.server.handlers.resource.CachingResourceManager.getResource(CachingResourceManager.java:74)
	at io.undertow.servlet.handlers.DefaultServlet.doGet(DefaultServlet.java:88)
	at javax.servlet.http.HttpServlet.service(HttpServlet.java:687)
	at javax.servlet.http.HttpServlet.service(HttpServlet.java:790)
	at io.undertow.servlet.handlers.ServletHandler.handleRequest(ServletHandler.java:87)
	at io.undertow.servlet.handlers.FilterHandler$FilterChainImpl.doFilter(FilterHandler.java:130)
	at io.undertow.websockets.jsr.JsrWebSocketFilter.doFilter(JsrWebSocketFilter.java:138)
	at io.undertow.servlet.core.ManagedFilter.doFilter(ManagedFilter.java:56)
	at io.undertow.servlet.handlers.FilterHandler$FilterChainImpl.doFilter(FilterHandler.java:132)
	at io.undertow.servlet.handlers.FilterHandler.handleRequest(FilterHandler.java:85)
	at io.undertow.servlet.handlers.security.ServletSecurityRoleHandler.handleRequest(ServletSecurityRoleHandler.java:56)
	at io.undertow.server.HttpHandlers.executeHandler(HttpHandlers.java:46)
	at io.undertow.servlet.handlers.security.SSLInformationAssociationHandler.handleRequest(SSLInformationAssociationHandler.java:116)
	at io.undertow.servlet.handlers.ServletDispatchingHandler.handleRequest(ServletDispatchingHandler.java:36)
	at org.wildfly.extension.undertow.security.SecurityContextAssociationHandler.handleRequest(SecurityContextAssociationHandler.java:79)
	at io.undertow.security.handlers.AuthenticationCallHandler.handleRequest(AuthenticationCallHandler.java:52)
	at io.undertow.server.HttpHandlers.executeHandler(HttpHandlers.java:46)
	at io.undertow.security.handlers.AbstractConfidentialityHandler.handleRequest(AbstractConfidentialityHandler.java:46)
	at io.undertow.server.HttpHandlers.executeHandler(HttpHandlers.java:46)
	at io.undertow.servlet.handlers.security.CachedAuthenticatedSessionHandler.handleRequest(CachedAuthenticatedSessionHandler.java:66)
	at io.undertow.server.HttpHandlers.executeHandler(HttpHandlers.java:46)
	at io.undertow.security.handlers.SecurityInitialHandler.handleRequest(SecurityInitialHandler.java:71)
	at io.undertow.server.HttpHandlers.executeHandler(HttpHandlers.java:46)
	at io.undertow.server.handlers.PredicateHandler.handleRequest(PredicateHandler.java:26)
	at org.wildfly.extension.undertow.security.SecurityContextCreationHandler.handleRequest(SecurityContextCreationHandler.java:56)
	at io.undertow.server.HttpHandlers.executeHandler(HttpHandlers.java:46)
	at io.undertow.server.handlers.PredicateHandler.handleRequest(PredicateHandler.java:26)
	at io.undertow.servlet.handlers.ServletInitialHandler.handleFirstRequest(ServletInitialHandler.java:118)
	at io.undertow.servlet.handlers.ServletInitialHandler.dispatchRequest(ServletInitialHandler.java:106)
	at io.undertow.servlet.handlers.ServletInitialHandler.handleRequest(ServletInitialHandler.java:83)
	at io.undertow.server.HttpHandlers.executeRootHandler(HttpHandlers.java:52)
	at io.undertow.server.HttpServerExchange$1.run(HttpServerExchange.java:544)
	at java.util.concurrent.ThreadPoolExecutor.runWorker(ThreadPoolExecutor.java:1145)
	at java.util.concurrent.ThreadPoolExecutor$Worker.run(ThreadPoolExecutor.java:615)
	at java.lang.Thread.run(Thread.java:722)
{code}
",,,
723,UNDERTOW-32,NoData,,,
730,UNDERTOW-29,"I'm testing a WS exchange requiring secure transport; the internal Apache CXF impl relies on the javax.servlet.request.cipher_suite prop content for internal security policy configurations and checks. That prop is currently not set, while it was set to TLS_ECDHE_RSA_WITH_AES_256_CBC_SHA by jboss-web when running the same test.


We are missing whole 3.9 section of servlet 3.1 spec
missing attributes:
{noformat}
javax.servlet.request.cipher_suite
javax.servlet.request.key_size
javax.servlet.request.ssl_session_id
javax.servlet.request.X509Certificate 
{noformat}",,,
740,UNDERTOW-22,NoData,,,
