,issue_id,issue_comments,issue_desc,created_at,closed_at
0,WELD-1776,"In ManagerObjectFactory the String WEB_INF_CLASSES is hard coded to ""/WEB-INF/classes"" and is compared to a absolute path in line 54. bda.getId().contains(WEB_INF_CLASSES).

This is not suitable for Windows systems because of the separator (Windows uses '\') so the BeanManager cannot be initialized.

This code was introduced in: https://github.com/weld/core/commit/f98dfb0fbf0a123c2b70558cf422646003adef15",,,
1,WELD-1478,"We recently launched a project into production which uses JSF and CDI WELD. We are now seeing a possible memory leak or a code issue where the HttpConversationContextImpl is of size 500 MB. On further analysis, we found that the dependentInstances in CreationalContext is taking up all the space with 1337867 instances of SerializableContextualInstanceImpl with each of retained heap size of 352. I am not sure how this is object is growing in size , but the application slowly crashes in production. 
We were using 2.0.0 Final and I saw the SP1 patch for it based on issue WELD 1425. I upgraded the weld-serlvet.jar to use 2.0.3 Final, but the issue still persists. ",,,
12,WELD-1771,"When a server side use of CDI is enabled, the ServletContainerInitializer in Weld (org.jboss.weld.environment.servlet.EnhancedListener) will be applied to all webapps equally.

This is to be expected, after all, that's what a ServletContainerInitializer is supposed to do.

However, if you have an environment with multiple webapps, such as ...

 * basic.war
 * cdi-enhanced.war
 * static.war

... and only 1 of the wars uses CDI, then this results in errors for the non-CDI wars.",,,
18,WELD-1751,"When a Weld proxy is generated, its class initializer is seeded with bytecode which uses Class#getDeclaredMethod() calls to get information about proxied methods.  Unfortunately the target class of these calls may include classes which belong to a different class loader (such as Object.class).  This causes the fast security check in SecurityManager to fail and fall back to checking for RuntimePermission(""accessDeclaredMembers""), which fails because the proxy is in a protection domain which generally does not contain this permission.

Some possible ideas for a fix:

# Generate a synthetic protection domain for weld proxies which duplicates the target protection domain but also includes this permission (beware creating large numbers of them though; some kind of mapping cache is in order)
# Disable access checking while initializing classes via the special WildFlySecurityManager.doUnchecked mechanism (this would require a new dependency on wildfly-security-manager though, and only works when that library is the active security manager)
# Modify the proxy generation scheme so that only the current class is the target of getDeclaredMethods(), somehow.
",,,
27,WELD-1568,"The following exception is thrown during container initialization:
{code}
org.jboss.weld.exceptions.WeldException: WELD-001524: Unable to load proxy class for bean Implicit Bean [javax.enterprise.inject.Instance] with qualifiers [@Default] with class interface javax.enterprise.inject.Instance using classloader java.lang.ClassLoader@3a603a60
	at org.jboss.weld.bean.proxy.ProxyFactory.getProxyClass(ProxyFactory.java:315)
	at org.jboss.weld.bean.builtin.AbstractFacadeBean.initializeAfterBeanDiscovery(AbstractFacadeBean.java:60)
	at org.jboss.weld.bootstrap.ConcurrentBeanDeployer$AfterBeanDiscoveryInitializerFactory.doWork(ConcurrentBeanDeployer.java:129)
	at org.jboss.weld.bootstrap.ConcurrentBeanDeployer$AfterBeanDiscoveryInitializerFactory.doWork(ConcurrentBeanDeployer.java:120)
	at org.jboss.weld.executor.IterativeWorkerTaskFactory$1.call(IterativeWorkerTaskFactory.java:60)
	at org.jboss.weld.executor.IterativeWorkerTaskFactory$1.call(IterativeWorkerTaskFactory.java:53)
	at java.util.concurrent.FutureTask$Sync.innerRun(FutureTask.java:316)
	at java.util.concurrent.FutureTask.run(FutureTask.java:151)
	at java.util.concurrent.ThreadPoolExecutor$Worker.runTask(ThreadPoolExecutor.java:898)
	at java.util.concurrent.ThreadPoolExecutor$Worker.run(ThreadPoolExecutor.java:920)
	at java.lang.Thread.run(Thread.java:735)
Caused by: java.lang.RuntimeException: java.lang.ClassFormatError: JVMCFRE068 class name is invalid; class=org/jboss/weldx/enterprise/inject/Instance$Provider$-1193661997$Proxy$_$$_Weld$Proxy$, offset=0
	at org.jboss.weld.util.bytecode.ClassFileUtils.toClass(ClassFileUtils.java:101)
	at org.jboss.weld.bean.proxy.ProxyFactory.createProxyClass(ProxyFactory.java:423)
	at org.jboss.weld.bean.proxy.ProxyFactory.getProxyClass(ProxyFactory.java:308)
	... 10 more
Caused by: java.lang.ClassFormatError: JVMCFRE068 class name is invalid; class=org/jboss/weldx/enterprise/inject/Instance$Provider$-1193661997$Proxy$_$$_Weld$Proxy$, offset=0
	at java.lang.ClassLoader.defineClassImpl(Native Method)
	at java.lang.ClassLoader.defineClass(ClassLoader.java:265)
	at sun.reflect.NativeMethodAccessorImpl.invoke0(Native Method)
	at sun.reflect.NativeMethodAccessorImpl.invoke(NativeMethodAccessorImpl.java:59)
	at sun.reflect.DelegatingMethodAccessorImpl.invoke(DelegatingMethodAccessorImpl.java:39)
	at java.lang.reflect.Method.invoke(Method.java:612)
	at org.jboss.weld.util.bytecode.ClassFileUtils.toClass2(ClassFileUtils.java:108)
	at org.jboss.weld.util.bytecode.ClassFileUtils.toClass(ClassFileUtils.java:97)
	... 12 more
{code}

It happens that the following call in {{org.jboss.weld.bean.proxy}} returns a negative hashcode:
{code}
if (bean != null) {
    final BeanIdentifier id = Container.instance(contextId).services().get(ContextualStore.class).putIfAbsent(bean);
    name.append(Math.abs(id.hashCode()));
}
{code}
That leads to with an invalid class name.",,,
28,WELD-1828,"WildFly & Weld testsuite both fail on IBM JDK7

usually with IncompatibleClassChangeError
{noformat}
java.lang.IncompatibleClassChangeError: null
    at java.security.AccessController.doPrivileged(AccessController.java:274)
    at org.jboss.weldx.transaction.UserTransaction$1229653199$Proxy$_$$_Weld$Proxy$.<clinit>(Unknown Source)
    at java.lang.J9VMInternals.newInstanceImpl(Native Method)
    at java.lang.Class.newInstance(Class.java:1765)
    at org.jboss.weld.security.NewInstanceAction.run(NewInstanceAction.java:33)
    at java.security.AccessController.doPrivileged(AccessController.java:330)
    at org.jboss.weld.bean.proxy.ProxyFactory.create(ProxyFactory.java:309)
    at org.jboss.weld.bean.builtin.ee.AbstractEEBean.<init>(AbstractEEBean.java:36)
    at org.jboss.weld.bean.builtin.ee.UserTransactionBean.<init>(UserTransactionBean.java:50)
    at org.jboss.weld.bootstrap.BeanDeployment.createBeans(BeanDeployment.java:251)
    at org.jboss.weld.bootstrap.WeldStartup.deployBeans(WeldStartup.java:388)
    at org.jboss.weld.bootstrap.WeldBootstrap.deployBeans(WeldBootstrap.java:83)
    at org.jboss.arquillian.container.weld.ee.embedded_1_1.mock.TestContainer.startContainer(TestContainer.java:273)
    at org.jboss.weld.atinject.tck.AtInjectTCK.suite(AtInjectTCK.java:61)
{noformat}",,,
34,WELD-1666,https://github.com/weld/core/blob/master/impl/src/main/java/org/jboss/weld/ejb/SessionBeanInterceptor.java#L50,,,
35,WELD-1639,See also {{org.jboss.cdi.tck.tests.event.observer.wildcardAndTypeVariable.ObserverMethodWithParametertizedTypeTest.testObserverMethodCanObserveArrayWildcard()}},,,
40,WELD-1636,"See the sections ""11.5.6 ProcessAnnotatedType event"" and ""11.4 Alternative metadata sources"".",,,
45,WELD-1436,"I have a chain of decorators for a managed bean.

If they are enabled, the container tries to proxy the managed bean, although it uses the default @Dependent scope. When creating the proxy, it ignores the injected constructor with parameters and tries to use the default constructor with no parameters instead. As a result, this fails with an InstantiationException:

{code}
Exception in thread ""main"" org.jboss.weld.exceptions.WeldException: WELD-000033 Could not instantiate client proxy for org.jboss.weld.bean.proxy.DecorationHelper@62fa5ff3
	at org.jboss.weld.bean.proxy.DecorationHelper.createProxy(DecorationHelper.java:118)
	at org.jboss.weld.bean.proxy.DecorationHelper.getNextDelegate(DecorationHelper.java:101)
	at org.jboss.weld.injection.producer.AbstractDecoratorApplyingInstantiator.getOuterDelegate(AbstractDecoratorApplyingInstantiator.java:75)
	at org.jboss.weld.injection.producer.SubclassDecoratorApplyingInstantiator.applyDecorators(SubclassDecoratorApplyingInstantiator.java:45)
	at org.jboss.weld.injection.producer.AbstractDecoratorApplyingInstantiator.newInstance(AbstractDecoratorApplyingInstantiator.java:65)
	at org.jboss.weld.injection.producer.BasicInjectionTarget.produce(BasicInjectionTarget.java:86)
	at org.jboss.weld.injection.producer.BeanInjectionTarget.produce(BeanInjectionTarget.java:173)
	at org.jboss.weld.bean.ManagedBean.create(ManagedBean.java:157)
	at org.jboss.weld.context.unbound.DependentContextImpl.get(DependentContextImpl.java:69)
	at org.jboss.weld.manager.BeanManagerImpl.getReference(BeanManagerImpl.java:718)
	at org.jboss.weld.manager.BeanManagerImpl.getReference(BeanManagerImpl.java:774)
	at org.jboss.weld.injection.FieldInjectionPoint.inject(FieldInjectionPoint.java:92)
	at org.jboss.weld.util.Beans.injectBoundFields(Beans.java:372)
	at org.jboss.weld.util.Beans.injectFieldsAndInitializers(Beans.java:381)
	at org.jboss.weld.injection.producer.DefaultInjector.inject(DefaultInjector.java:72)
	at org.jboss.weld.injection.producer.ResourceInjector.inject(ResourceInjector.java:60)
	at org.jboss.weld.injection.producer.DefaultInjector$1.proceed(DefaultInjector.java:66)
	at org.jboss.weld.injection.InjectionContextImpl.run(InjectionContextImpl.java:48)
	at org.jboss.weld.injection.producer.DefaultInjector.inject(DefaultInjector.java:64)
	at org.jboss.weld.injection.producer.BasicInjectionTarget.inject(BasicInjectionTarget.java:91)
	at org.jboss.weld.bean.ManagedBean.create(ManagedBean.java:158)
	at org.jboss.weld.context.AbstractContext.get(AbstractContext.java:103)
	at org.jboss.weld.manager.BeanManagerImpl.getReference(BeanManagerImpl.java:718)
	at org.jboss.weld.event.ObserverMethodImpl.getReceiver(ObserverMethodImpl.java:302)
	at org.jboss.weld.event.ObserverMethodImpl.getReceiverIfExists(ObserverMethodImpl.java:295)
	at org.jboss.weld.event.ObserverMethodImpl.sendEvent(ObserverMethodImpl.java:259)
	at org.jboss.weld.event.ObserverMethodImpl.notify(ObserverMethodImpl.java:240)
	at org.jboss.weld.event.ObserverNotifier.notifyObserver(ObserverNotifier.java:171)
	at org.jboss.weld.event.ObserverNotifier.notifyObserver(ObserverNotifier.java:167)
	at org.jboss.weld.event.ObserverNotifier.notifyObservers(ObserverNotifier.java:121)
	at org.jboss.weld.event.ObserverNotifier.fireEvent(ObserverNotifier.java:114)
	at org.jboss.weld.event.EventImpl.fire(EventImpl.java:84)
	at org.jboss.weld.environment.se.Weld.initialize(Weld.java:153)
	at org.jboss.weld.environment.se.StartMain.go(StartMain.java:41)
	at org.jboss.weld.environment.se.StartMain.main(StartMain.java:52)
Caused by: java.lang.InstantiationException: com.company.mavenproject1.StandardPrinter$Proxy$_$$_Weld$Proxy$
	at java.lang.Class.newInstance0(Class.java:342)
	at java.lang.Class.newInstance(Class.java:310)
	at org.jboss.weld.security.NewInstanceAction.run(NewInstanceAction.java:33)
	at java.security.AccessController.doPrivileged(Native Method)
	at org.jboss.weld.bean.proxy.DecorationHelper.createProxy(DecorationHelper.java:109)
	... 34 more
{code}

If I disable the chain of decorators or refactor the managed bean to use a private @Inject field, then the example works as designed.

I assess this as a critical bug because I don't want to rely on private field injection.

I have attached a ZIP file with the sample code.
",,,
56,WELD-1474,"It would appear that a bean that implements Extension is not serializable when injected. If an Extension is injected you should get the Contextual Reference for it. In turn the serializable proxy.

Currently it would appear that it is getting injected direction without a 

http://pastebin.com/DFJEFCQP",,,
70,WELD-997,NoData,,,
88,WELD-1672,"The following code does not work in Wildfly 8.1.0 CR. I'm getting exception: javax.persistence.TransactionRequiredException. I looks like the Weld issue as the stack trace does not contain Transactional interceptor invocation.

@Transactional
public static class Parent<E> {
    protected EntityManager em;

    public void create(E entity) {
        em.persist(entity);
    }
}

@Transactional
public static class Child extends Parent<EndEntity> {
    @Override
    public void create(EndEntity entity)
    {
        super.create(entity);
    }
}

then I invoking create() method in submitEntity():

public class EndEntityController {
    @Inject
    private Child child;

    private Parent<EndEntity> parent()
    {
        return child;
    }

    protected void submitEntity(EndEntity entity) {
        EndEntity endEntity = new EndEntity();
        parent().create(endEntity);
    }
}

When the Parent class is not generic then the code above works.
",,,
94,WELD-1710,"{{TomcatContainer}} use {{org.apache.tomcat.InstanceManager}} class to detect that container is Apache Tomcat but current Jetty (at least 9.2.2) contains this class in classpath (in jsp-engine {{lib/apache-jsp/org.mortbay.jasper.apache-jsp-8.0.3.v20140313.jar}}) so Jetty is false detected as Tomcat which leads to {{java.lang.NoClassDefFoundError: org/apache/catalina/core/ApplicationContextFacade}} later.

To avoid this error {{TomcatContainer}} should use less generic class (e. g. {{org.apache.catalina.connector.Request}} or something similar).",,,
100,WELD-1698,"I'm using EntityRepositories from DeltaSpike Data in WildFly. On every startup, my server log is flooded with warnings of the following kind:

{noformat}
 WELD-001117: Member (org.apache.deltaspike.core.util.metadata.builder.AnnotatedMethodImpl@48c67fe1) 
does not belong to the actual class hierarchy of the annotatedType 
(org.apache.deltaspike.core.util.metadata.builder.AnnotatedTypeImpl@241940c4)
{noformat}

The warning is issued by {{AnnotatedTypeValidator.checkMembersBelongToHierarchy()}}, and the root cause is that the {{AnnotatedMember}} is a method from an interface of the {{AnnotatedType}} but not from a superclass.

(In fact, generating synthetic implementations for methods from interfaces or abstract classes is the main point of DeltaSpike Data.)

So I suggest that the hierarchy check should also consider all interfaces of the class and its superclasses.

Moreover, the usability of the warning message could be improved by printing the real member names, replacing {{AnnotatedMember.toString()}} by {{AnnotatedMember.getJavaMember().getName()}} etc.
",,,
104,WELD-1712,"All versions of weld-osgi-bundle I looked at export their own packages with version 1.0.0, regardless of the Weld release.

This would only make sense if the Weld public API were unchanged since Weld 1.x. Looking at the class lists, it is easy to see some differences, so the API did change.

The easiest fix would be to set the package version to the Weld release version. 

Semantic versioning would also be an option if it's possible to decide whether or not an API change was backward compatible. ",,,
106,WELD-1236,"{code}
...
Caused by: org.jboss.weld.interceptor.proxy.InterceptorException: Error while deserializing intercepted instance
	at org.jboss.weld.interceptor.builder.MethodReference$MethodHolderSerializationProxy.readResolve(MethodReference.java:138)
	at sun.reflect.NativeMethodAccessorImpl.invoke0(Native Method)
	...
	at java.io.ObjectInputStream.defaultReadObject(ObjectInputStream.java:524)
	at org.jboss.weld.interceptor.proxy.InterceptorMethodHandler.readObject(InterceptorMethodHandler.java:126)
	... 61 more
Caused by: java.lang.ClassNotFoundException: boolean
{code}",,,
115,WELD-1234,"When a stateful EJB is removed (as a result of one of its methods throwing an exception), the whole session scope is rendered useless, because the SessionBeanStore can never be attached again. When Weld tries to attach the bean store, a NoSuchEJBException is thrown as a result of invoking toString() on the EJB.

See the forum reference for more info.",,,
118,WELD-1145,"The following set of beans fail to deploy with 

{code}
public class Bar<X>
{
   public Bar(X x) {
      this.x = x;
   }
   
   public X x;
}
{code}

{code}
public class BarsProducer
{  
   private static Bar<Integer>[] bars = new Bar[]{new Bar<Integer>(new Integer(1))};
   
   @Produces
   public Bar<Integer>[] getBars() {
      return bars;
   }
}
{code}

{code}
public class Foo
{
   @Inject Bar<Integer>[] field;
}
{code}


{noformat}
14:23:47,915 ERROR [org.jboss.msc.service.fail] (MSC service thread 1-4) MSC000001: Failed to start service jboss.deployment.unit.""jboss-as-helloworld.war"".WeldService: org.jboss.msc.service.StartException in service jboss.deployment.unit.""jboss-as-helloworld.war"".WeldService: org.jboss.weld.exceptions.DeploymentException: WELD-001408 Unsatisfied dependencies for type [Bar[]] with qualifiers [@Default] at injection point [[field] @Inject org.jboss.as.quickstarts.helloworld.Foo.field]
        at org.jboss.as.weld.services.WeldService.start(WeldService.java:83)
        at org.jboss.msc.service.ServiceControllerImpl$StartTask.startService(ServiceControllerImpl.java:1811) [jboss-msc-1.0.2.GA-redhat-1.jar:1.0.2.GA-redhat-1]
        at org.jboss.msc.service.ServiceControllerImpl$StartTask.run(ServiceControllerImpl.java:1746) [jboss-msc-1.0.2.GA-redhat-1.jar:1.0.2.GA-redhat-1]
        at java.util.concurrent.ThreadPoolExecutor.runWorker(ThreadPoolExecutor.java:1110) [rt.jar:1.7.0]
        at java.util.concurrent.ThreadPoolExecutor$Worker.run(ThreadPoolExecutor.java:603) [rt.jar:1.7.0]
        at java.lang.Thread.run(Thread.java:722) [rt.jar:1.7.0]
Caused by: org.jboss.weld.exceptions.DeploymentException: WELD-001408 Unsatisfied dependencies for type [Bar[]] with qualifiers [@Default] at injection point [[field] @Inject org.jboss.as.quickstarts.helloworld.Foo.field]
        at org.jboss.weld.bootstrap.Validator.validateInjectionPoint(Validator.java:311)
        at org.jboss.weld.bootstrap.Validator.validateInjectionPoint(Validator.java:280)
        at org.jboss.weld.bootstrap.Validator.validateBean(Validator.java:143)
        at org.jboss.weld.bootstrap.Validator.validateRIBean(Validator.java:163)
        at org.jboss.weld.bootstrap.Validator.validateBeans(Validator.java:382)
        at org.jboss.weld.bootstrap.Validator.validateDeployment(Validator.java:367)
        at org.jboss.weld.bootstrap.WeldBootstrap.validateBeans(WeldBootstrap.java:380)
        at org.jboss.as.weld.WeldContainer.start(WeldContainer.java:83)
        at org.jboss.as.weld.services.WeldService.start(WeldService.java:76)
        ... 5 more
{noformat}


Also note that the src/test/java/org/jboss/weld/tests/arrays/ArrayInjectionTest.java will fail if @Inject is used to inject the arrays instead of the arquillian enrichment.",,,
120,WELD-935,"Shading = repackaging a dependency class inside your own jar (instead of depending on the jar of that class).

I've just spend quite some time trying to find such a classpath issue, which manifested it self as ""NoSuchMethodError on slf4j LocationAwareLogger.log(...)""
It turns out the weld-servlet jar was shading some of the slf4j classes.

Shading is evil. Here's why:
- It breaks maven/gradle/buildr/ivy dependency conflict resolution. If guvnor uses slf4j 1.6 and weld-servlet; and weld-servlet shades slf4J 1.5; maven will not detect a slf4j version conflict and will therefor have no chance to put only 1 version of slf4J in the classpath. As a result, there's no telling which slf4J version will be used (the first in the classpath, but that is very unstable)
- It distorts ANT's classpath: putting the weld-servlet jar (with slf4J 1.5) in your classpath can effectively turn the explicit slf4j-1.6.0.jar in your classpath into dead code or combine it with binary incompatibly slf4j extensions such as xstream-for-slf4j-1.6.0.jar (fictive example).
- Because the slf4j classes are actually in the weld-servlet jar, they cause bloat: the user might have already downloaded the real slf4j jar.
- Most importantly, because the (Red Hat and other) guys who create RPM's out of our jars say so. See slide 13 of this Fosdem presentation: http://sochotni.fedorapeople.org/fosdem2011-sochotnicky.pdf (video : http://ia600608.us.archive.org/16/items/fosdem_2011_free_java_guide_to_packaging_for_developers/20110205-fosdem11-guide_to_packaging.ogg)

Summary: shading will cause grief for your users. Why subject your users to grief? In this case, don't give them a good and a bad choice, only give them a good choice.",,,
132,WELD-1729,"In the following example with the bean of type {{Bean}} declared:

{code}
public class GetBeansExtension implements Extension {

    private <T> void processInjectionTarget(@Observes ProcessInjectionTarget<T> pit, BeanManager manager) {
    }

    private void afterBeanDiscovery(@Observes AfterBeanDiscovery abd, BeanManager manager) {
        manager.getBeans(Bean.class);
    }
}
{code}

The result of {{manager.getBeans(Bean.class)}} happens to be an empty list.

This happens for others lifecycle events like {{ProcessAnnotatedType}} but only when a {{BeanManager}} reference is injected in the observer method.",,,
136,WELD-1498,"Using Infinispan Cache via CDI cause ClassCastException

Setup
{code}
@Produces @ApplicationScoped
public EmbeddedCacheManager create() {
	return new DefaultCacheManager(...);
}

@Produces @ApplicationScoped
public Cache<String, Attachment> create(EmbeddedCacheManager manager) {
	return manager.getCache();
}
{code}

{code}
@Inject
private Cache<String, Attachment> cache;

public Attachment store(Attachment entity) {
    cache.getAdvancedCache().put(entity.getId(), entity);
    return entity;
}
{code}

cache.getAdvancedCache() cause ClassCastException

{code}
Caused by: java.lang.ClassCastException: org.jboss.weld.proxies.BasicCache$Cache$ConcurrentMap$Lifecycle$Listenable$Map$449205494$Proxy$_$$_WeldClientProxy cannot be cast to org.infinispan.AdvancedCache
at org.jboss.weld.proxies.BasicCache$Cache$ConcurrentMap$Lifecycle$Listenable$Map$449205494$Proxy$_$$_WeldClientProxy.getAdvancedCache(BasicCache$Cache$ConcurrentMap$Lifecycle$Listenable$Map$449205494$Proxy$_$$_WeldClientProxy.java) [weld-core-1.1.13.Final-redhat-1.jar:]
at org.cedj.geekseek.domain.attachment.AttachmentRepository.store(AttachmentRepository.java:32) [df4da6a4-e82c-403c-9815-03a170096317.jar:]
{code}

",,,
137,WELD-1623,"See also {{org.jboss.weld.context.AbstractConversationContext.deactivate()}}.

A user may send multiple parallel requests. In this case the cleanup may result in {{ConcurrentModificationException}} or some other inconsistencies.",,,
138,WELD-1492,"Weld does not report a definition error for the following producers:
{code}
@Produces Bar<Foo<?>> wildcardFooBarProducerField;
@Produces Bar<Foo<?>> produceWildcardFooBar() { ... }
@Produces @RequestScoped Bar<Foo<T>> typedFooBarProducerField;
@Produces @RequestScoped Bar<Foo<T>> produceTypedFooBar() { ... };
{code}

But it does report the error for simple(r) producers:
{code}
@Produces Foo<?> wildcardFooProducerField;
@Produces Foo<?> produceWildcardFoo() { ... }
@Produces @RequestScoped Foo<T> typedFooProducerField;
@Produces @RequestScoped Foo<T> produceTypedFoo() { ... };
{code}
",,,
181,WELD-1802,"When testing our system with multiple users, we sometimes get into a situation where one user gets the log in context of another user.  This typically happens when running parts of our system with many bugs/stacktraces, combined with a session timeout.

I am able to reproduce the error in a local test environment, and what I observe is that a thread that is involved in a certain error situation gets invalid state.  Requests that are processed by this thread gets session scoped beans that are related to the user that was logged in during the error situation.  Typically, I can refresh my browser and in the response I see that the logged in user and access rights in menus change whenever I hit a bad thread.  

The following information from the log file seems to be important:

{code}
2014-11-24 18:25:23,372 ERROR [io.undertow.request] (default task-5) UT005023: Exception handling request to /secure/counting/startCounting.xhtml: java.lang.IllegalStateException: UT000010: Session not found k8HV3WF4xJ6c8lx7HX8Dz3rM
	at io.undertow.server.session.InMemorySessionManager$SessionImpl.removeAttribute(InMemorySessionManager.java:389) [undertow-core-1.1.0.Final.jar:1.1.0.Final]
	at io.undertow.servlet.spec.HttpSessionImpl.removeAttribute(HttpSessionImpl.java:182) [undertow-servlet-1.1.0.Final.jar:1.1.0.Final]
	at io.undertow.servlet.spec.HttpSessionImpl.setAttribute(HttpSessionImpl.java:166) [undertow-servlet-1.1.0.Final.jar:1.1.0.Final]
	at no.evote.presentation.exceptions.ErrorPageRenderer.render(ErrorPageRenderer.java:84) [classes:]
	at no.evote.presentation.exceptions.ErrorPageRenderer.render500Error(ErrorPageRenderer.java:72) [classes:]
	at no.evote.presentation.exceptions.CustomExceptionHandler.handle(CustomExceptionHandler.java:85) [classes:]
	at com.sun.faces.lifecycle.Phase.doPhase(Phase.java:119) [jsf-impl-2.2.8-jbossorg-1.jar:]
	at com.sun.faces.lifecycle.LifecycleImpl.render(LifecycleImpl.java:219) [jsf-impl-2.2.8-jbossorg-1.jar:]
	at javax.faces.webapp.FacesServlet.service(FacesServlet.java:647) [jboss-jsf-api_2.2_spec-2.2.8.jar:2.2.8]
	at io.undertow.servlet.handlers.ServletHandler.handleRequest(ServletHandler.java:85) [undertow-servlet-1.1.0.Final.jar:1.1.0.Final]
	at io.undertow.servlet.handlers.FilterHandler$FilterChainImpl.doFilter(FilterHandler.java:130) [undertow-servlet-1.1.0.Final.jar:1.1.0.Final]
	at org.primefaces.webapp.filter.FileUploadFilter.doFilter(FileUploadFilter.java:72) [primefaces-5.0.8.jar:5.0.8]
	at io.undertow.servlet.core.ManagedFilter.doFilter(ManagedFilter.java:60) [undertow-servlet-1.1.0.Final.jar:1.1.0.Final]
	at io.undertow.servlet.handlers.FilterHandler$FilterChainImpl.doFilter(FilterHandler.java:132) [undertow-servlet-1.1.0.Final.jar:1.1.0.Final]
	at no.evote.service.security.DisableCachingFilter.doFilter(DisableCachingFilter.java:28) [classes:]
	at io.undertow.servlet.core.ManagedFilter.doFilter(ManagedFilter.java:60) [undertow-servlet-1.1.0.Final.jar:1.1.0.Final]
	at io.undertow.servlet.handlers.FilterHandler$FilterChainImpl.doFilter(FilterHandler.java:132) [undertow-servlet-1.1.0.Final.jar:1.1.0.Final]
	at no.evote.service.security.SelectRoleFilter.doFilter(SelectRoleFilter.java:68) [classes:]
	at io.undertow.servlet.core.ManagedFilter.doFilter(ManagedFilter.java:60) [undertow-servlet-1.1.0.Final.jar:1.1.0.Final]
	at io.undertow.servlet.handlers.FilterHandler$FilterChainImpl.doFilter(FilterHandler.java:132) [undertow-servlet-1.1.0.Final.jar:1.1.0.Final]
	at no.evote.service.security.CSRFFilter.doFilter(CSRFFilter.java:48) [classes:]
	at io.undertow.servlet.core.ManagedFilter.doFilter(ManagedFilter.java:60) [undertow-servlet-1.1.0.Final.jar:1.1.0.Final]
	at io.undertow.servlet.handlers.FilterHandler$FilterChainImpl.doFilter(FilterHandler.java:132) [undertow-servlet-1.1.0.Final.jar:1.1.0.Final]
	at no.valg.eva.admin.frontend.security.SamlAssertionFilter.doFilter(SamlAssertionFilter.java:92) [classes:]
	at io.undertow.servlet.core.ManagedFilter.doFilter(ManagedFilter.java:60) [undertow-servlet-1.1.0.Final.jar:1.1.0.Final]
	at io.undertow.servlet.handlers.FilterHandler$FilterChainImpl.doFilter(FilterHandler.java:132) [undertow-servlet-1.1.0.Final.jar:1.1.0.Final]
	at no.evote.presentation.util.filters.IEModeFilter.doFilter(IEModeFilter.java:38) [classes:]
	at io.undertow.servlet.core.ManagedFilter.doFilter(ManagedFilter.java:60) [undertow-servlet-1.1.0.Final.jar:1.1.0.Final]
	at io.undertow.servlet.handlers.FilterHandler$FilterChainImpl.doFilter(FilterHandler.java:132) [undertow-servlet-1.1.0.Final.jar:1.1.0.Final]
	at no.evote.presentation.util.filters.ForceLocaleFilter.doFilter(ForceLocaleFilter.java:55) [classes:]
	at io.undertow.servlet.core.ManagedFilter.doFilter(ManagedFilter.java:60) [undertow-servlet-1.1.0.Final.jar:1.1.0.Final]
	at io.undertow.servlet.handlers.FilterHandler$FilterChainImpl.doFilter(FilterHandler.java:132) [undertow-servlet-1.1.0.Final.jar:1.1.0.Final]
	at io.undertow.servlet.handlers.FilterHandler.handleRequest(FilterHandler.java:85) [undertow-servlet-1.1.0.Final.jar:1.1.0.Final]
	at io.undertow.servlet.handlers.security.ServletSecurityRoleHandler.handleRequest(ServletSecurityRoleHandler.java:61) [undertow-servlet-1.1.0.Final.jar:1.1.0.Final]
	at io.undertow.servlet.handlers.ServletDispatchingHandler.handleRequest(ServletDispatchingHandler.java:36) [undertow-servlet-1.1.0.Final.jar:1.1.0.Final]
	at org.wildfly.extension.undertow.security.SecurityContextAssociationHandler.handleRequest(SecurityContextAssociationHandler.java:78)
	at io.undertow.server.handlers.PredicateHandler.handleRequest(PredicateHandler.java:43) [undertow-core-1.1.0.Final.jar:1.1.0.Final]
	at io.undertow.servlet.handlers.security.SSLInformationAssociationHandler.handleRequest(SSLInformationAssociationHandler.java:131) [undertow-servlet-1.1.0.Final.jar:1.1.0.Final]
	at io.undertow.servlet.handlers.security.ServletAuthenticationCallHandler.handleRequest(ServletAuthenticationCallHandler.java:56) [undertow-servlet-1.1.0.Final.jar:1.1.0.Final]
	at io.undertow.server.handlers.PredicateHandler.handleRequest(PredicateHandler.java:43) [undertow-core-1.1.0.Final.jar:1.1.0.Final]
	at io.undertow.security.handlers.AbstractConfidentialityHandler.handleRequest(AbstractConfidentialityHandler.java:45) [undertow-core-1.1.0.Final.jar:1.1.0.Final]
	at io.undertow.servlet.handlers.security.ServletConfidentialityConstraintHandler.handleRequest(ServletConfidentialityConstraintHandler.java:63) [undertow-servlet-1.1.0.Final.jar:1.1.0.Final]
	at io.undertow.security.handlers.AuthenticationMechanismsHandler.handleRequest(AuthenticationMechanismsHandler.java:58) [undertow-core-1.1.0.Final.jar:1.1.0.Final]
	at io.undertow.servlet.handlers.security.CachedAuthenticatedSessionHandler.handleRequest(CachedAuthenticatedSessionHandler.java:70) [undertow-servlet-1.1.0.Final.jar:1.1.0.Final]
	at io.undertow.security.handlers.SecurityInitialHandler.handleRequest(SecurityInitialHandler.java:76) [undertow-core-1.1.0.Final.jar:1.1.0.Final]
	at io.undertow.server.handlers.PredicateHandler.handleRequest(PredicateHandler.java:43) [undertow-core-1.1.0.Final.jar:1.1.0.Final]
	at org.wildfly.extension.undertow.security.jacc.JACCContextIdHandler.handleRequest(JACCContextIdHandler.java:61)
	at io.undertow.server.handlers.PredicateHandler.handleRequest(PredicateHandler.java:43) [undertow-core-1.1.0.Final.jar:1.1.0.Final]
	at io.undertow.server.handlers.PredicateHandler.handleRequest(PredicateHandler.java:43) [undertow-core-1.1.0.Final.jar:1.1.0.Final]
	at io.undertow.servlet.handlers.ServletInitialHandler.handleFirstRequest(ServletInitialHandler.java:261) [undertow-servlet-1.1.0.Final.jar:1.1.0.Final]
	at io.undertow.servlet.handlers.ServletInitialHandler.dispatchRequest(ServletInitialHandler.java:247) [undertow-servlet-1.1.0.Final.jar:1.1.0.Final]
	at io.undertow.servlet.handlers.ServletInitialHandler.access$000(ServletInitialHandler.java:76) [undertow-servlet-1.1.0.Final.jar:1.1.0.Final]
	at io.undertow.servlet.handlers.ServletInitialHandler$1.handleRequest(ServletInitialHandler.java:166) [undertow-servlet-1.1.0.Final.jar:1.1.0.Final]
	at io.undertow.server.Connectors.executeRootHandler(Connectors.java:197) [undertow-core-1.1.0.Final.jar:1.1.0.Final]
	at io.undertow.server.HttpServerExchange$1.run(HttpServerExchange.java:759) [undertow-core-1.1.0.Final.jar:1.1.0.Final]
	at java.util.concurrent.ThreadPoolExecutor.runWorker(ThreadPoolExecutor.java:1145) [rt.jar:1.7.0_51]
	at java.util.concurrent.ThreadPoolExecutor$Worker.run(ThreadPoolExecutor.java:615) [rt.jar:1.7.0_51]
	at java.lang.Thread.run(Thread.java:744) [rt.jar:1.7.0_51]

2014-11-24 18:25:23,379 WARN  [org.jboss.weld.Context] (default task-5) WELD-000224: Unable to clear the bean store org.jboss.weld.context.beanstore.http.LazySessionBeanStore@133b87c6.
2014-11-24 18:25:23,379 WARN  [org.jboss.weld.Servlet] (default task-5) WELD-000712: Unable to dissociate context org.jboss.weld.context.http.LazyHttpConversationContextImpl@79d94ec0 when destroying request io.undertow.servlet.spec.HttpServletRequestImpl@29c15dbf
2014-11-24 18:25:23,381 ERROR [io.undertow.servlet.request] (default task-5) UT015005: Error invoking method requestDestroyed on listener class org.jboss.weld.servlet.WeldInitialListener: java.lang.IllegalStateException: UT000010: Session not found k8HV3WF4xJ6c8lx7HX8Dz3rM
	at io.undertow.server.session.InMemorySessionManager$SessionImpl.setAttribute(InMemorySessionManager.java:373) [undertow-core-1.1.0.Final.jar:1.1.0.Final]
	at io.undertow.servlet.spec.HttpSessionImpl.setAttribute(HttpSessionImpl.java:168) [undertow-servlet-1.1.0.Final.jar:1.1.0.Final]
	at org.jboss.weld.context.beanstore.http.AbstractSessionBeanStore.setAttribute(AbstractSessionBeanStore.java:67) [weld-core-impl-2.2.6.Final.jar:2014-10-03 10:05]
	at org.jboss.weld.context.beanstore.AttributeBeanStore.attach(AttributeBeanStore.java:88) [weld-core-impl-2.2.6.Final.jar:2014-10-03 10:05]
	at org.jboss.weld.context.AbstractConversationContext.deactivate(AbstractConversationContext.java:297) [weld-core-impl-2.2.6.Final.jar:2014-10-03 10:05]
	at org.jboss.weld.context.http.LazyHttpConversationContextImpl.deactivate(LazyHttpConversationContextImpl.java:75) [weld-core-impl-2.2.6.Final.jar:2014-10-03 10:05]
	at org.jboss.weld.servlet.ConversationContextActivator.deactivateConversationContext(ConversationContextActivator.java:154) [weld-core-impl-2.2.6.Final.jar:2014-10-03 10:05]
	at org.jboss.weld.servlet.HttpContextLifecycle.requestDestroyed(HttpContextLifecycle.java:274) [weld-core-impl-2.2.6.Final.jar:2014-10-03 10:05]
	at org.jboss.weld.servlet.WeldInitialListener.requestDestroyed(WeldInitialListener.java:143) [weld-core-impl-2.2.6.Final.jar:2014-10-03 10:05]
	at io.undertow.servlet.core.ApplicationListeners.requestDestroyed(ApplicationListeners.java:225) [undertow-servlet-1.1.0.Final.jar:1.1.0.Final]
	at io.undertow.servlet.handlers.ServletInitialHandler.handleFirstRequest(ServletInitialHandler.java:304) [undertow-servlet-1.1.0.Final.jar:1.1.0.Final]
	at io.undertow.servlet.handlers.ServletInitialHandler.dispatchRequest(ServletInitialHandler.java:247) [undertow-servlet-1.1.0.Final.jar:1.1.0.Final]
	at io.undertow.servlet.handlers.ServletInitialHandler.access$000(ServletInitialHandler.java:76) [undertow-servlet-1.1.0.Final.jar:1.1.0.Final]
	at io.undertow.servlet.handlers.ServletInitialHandler$1.handleRequest(ServletInitialHandler.java:166) [undertow-servlet-1.1.0.Final.jar:1.1.0.Final]
	at io.undertow.server.Connectors.executeRootHandler(Connectors.java:197) [undertow-core-1.1.0.Final.jar:1.1.0.Final]
	at io.undertow.server.HttpServerExchange$1.run(HttpServerExchange.java:759) [undertow-core-1.1.0.Final.jar:1.1.0.Final]
	at java.util.concurrent.ThreadPoolExecutor.runWorker(ThreadPoolExecutor.java:1145) [rt.jar:1.7.0_51]
	at java.util.concurrent.ThreadPoolExecutor$Worker.run(ThreadPoolExecutor.java:615) [rt.jar:1.7.0_51]
	at java.lang.Thread.run(Thread.java:744) [rt.jar:1.7.0_51]


{code}

After this happens, the thread task-5 is in an invalid state, and users served by this thread get context information from the previous user.

",,,
184,WELD-1775,"When the lazy conversation context initialization is enabled explicitly in web.xml, the conversation initialization observers do not get called at all, while conversation destruction observers do get called just fine.

I've seen WELD-1559.
{quote}We cannot fire the event without knowing if the current conversation is long-running or not which forces us to determine that non-lazily.{quote}
And CDI spec 6.7.4:
{quote}The conversation scope is active during all Servlet requests.{quote}
So it figures that lazy conversation context is at odds with the spec, but that doesn't mean initialization observers should not get called at all. They should be called whenever a conversation is actually initialized.",,,
193,WELD-1679,"Following the documentation http://docs.jboss.org/weld/reference/latest/en-US/html/environments.html. I'm trying to deploy a Weld example in Tomcat with unpackWars=""false"". BUT It seems to me that beans.xml isn't scanned properly in the case, there is always following exception:

{code}
org.jboss.weld.exceptions.DeploymentException: WELD-001408 Unsatisfied dependencies for type [DataBean] with qualifiers [@Default] at injection point [[field] @Inject private org.gatein.quickstart.cdi.CDIFilter.bean]
{code}",,,
204,WELD-1144,"This issue has been raised a couple times (WELD-705 and WELD-1062) and marked as 'resolved' both times, but still appears broken in 1.1.8.Final?

The documentation for ProcessAnnotatedType says it allows ""an extension class [to] process the annotations of a bean class before the container builds its metamodel"". However this appears very brittle. For example, any attempt to touch the AnnotatedFields of an AnnotatedType breaks superclass injection?

I attach a sample that uses processAnnotationType. All it does is *recreate* each AnnotatedField and put it back into a new Set. This is sufficient to break superclass injection (CdiTest1.mConfigurationTest1 is null). Note that putting the *same* AnnotatedField (not a recreated version) back into the new Set works fine.

Of course for a real use case I would do something more useful to each AnnotatedField that simply recreating it. For example I would change its type (like Solder's @Exact does) or add additional annotations. But I wanted to keep the test case simple.

My code is very similar to that in the CDI Reference Guide: http://docs.jboss.org/weld/reference/latest/en-US/html/extend.html#d0e5057",,,
217,WELD-1607,"Container: apache-tomcat-7.0.47
Weld version: 2.1.2
 
Weld is started over the web.xml with the listener: org.jboss.weld.environment.servlet.Listener
 
We deployed a WAR file with a PrimeFaces user interface and made many many automatic gui tests. After updating to this weld version and switching to the tomcat 7 we get this exception after a random time...
The exception occurs in differnt tests on different times, it is not possible to describe the bug to reproduce it...
 
After the exception occurs, the web app is no more useable or have undesirable side effects

java.lang.IllegalStateException: WELD-000341: Unable to load current conversations from the associated request, something went badly wrong when associate() was called
	at org.jboss.weld.context.AbstractConversationContext.getCurrentConversation(AbstractConversationContext.java:434)
	at org.jboss.weld.servlet.ConversationContextActivator.deactivateConversationContext(ConversationContextActivator.java:145)
	at org.jboss.weld.servlet.HttpContextLifecycle.requestDestroyed(HttpContextLifecycle.java:217)
	at org.jboss.weld.servlet.WeldInitialListener.requestDestroyed(WeldInitialListener.java:136)
	at org.jboss.weld.servlet.api.helpers.ForwardingServletListener.requestDestroyed(ForwardingServletListener.java:38)
	at org.apache.catalina.core.StandardContext.fireRequestDestroyEvent(StandardContext.java:6137)
	at org.apache.catalina.core.StandardHostValve.invoke(StandardHostValve.java:207)
	at org.apache.catalina.valves.ErrorReportValve.invoke(ErrorReportValve.java:100)
	at org.apache.catalina.valves.AccessLogValve.invoke(AccessLogValve.java:953)
	at org.apache.catalina.core.StandardEngineValve.invoke(StandardEngineValve.java:118)
	at org.apache.catalina.connector.CoyoteAdapter.service(CoyoteAdapter.java:408)
	at org.apache.coyote.http11.AbstractHttp11Processor.process(AbstractHttp11Processor.java:1041)
	at org.apache.coyote.AbstractProtocol$AbstractConnectionHandler.process(AbstractProtocol.java:603)
	at org.apache.tomcat.util.net.JIoEndpoint$SocketProcessor.run(JIoEndpoint.java:312)
	at java.util.concurrent.ThreadPoolExecutor.runWorker(ThreadPoolExecutor.java:1110)
	at java.util.concurrent.ThreadPoolExecutor$Worker.run(ThreadPoolExecutor.java:603)
	at java.lang.Thread.run(Thread.java:679)",,,
220,WELD-1605,"In my project, I have a class EntityManagerProducer. I have another class InitializerConfig that injects an EntityManager, which comes from a producer method in EntityManagerProducer.

EntityManagerProducer has no injections. And yet, if InitializerConfig is dependent-scoped, I get this warning:

{noformat}
15:16:47,079 WARN  [org.jboss.weld.Bean] (main) WELD-000018: Executing producer field or method [BackedAnnotatedMethod] @Produces com.sgi.song.gp.database.EntityManagerProducer.produceEntityManager() on incomplete declaring bean Managed Bean [class com.sgi.song.gp.database.EntityManagerProducer] with qualifiers [@Any @Default] due to circular injection
{noformat}

If InitializerConfig is application-scoped instead, this warning does not appear. InitializerConfig has no other injections.

I also have another application-scoped class ClusterSupportConfigurator that injects InitializerConfig (and nothing else). It produces a JChannel, and a different class injects @Any Instance<JChannel> and iterates over all produced JChannels. The iteration occurs twice: once during startup to connect all the JChannels, and again during shutdown (in a @PreDestroy method) to close all the JChannels. Again, I get a bogus circular injection warning, but curiously, this only happens during shutdown:

{noformat}
15:27:13,239 WARN  [org.jboss.weld.Bean] (Thread-2) WELD-000018: Executing producer field or method [BackedAnnotatedField] @Produces @ClusterMessaging private com.sgi.song.gp.protocol.SONGv1.cluster.ClusterSupportConfigurator.channel on incomplete declaring bean Managed Bean [class com.sgi.song.gp.protocol.SONGv1.cluster.ClusterSupportConfigurator] with qualifiers [@Any @Default] due to circular injection
{noformat}

In all cases, Weld doesn't provide any information to indicate what beans it thinks are part of this phantom cycle.",,,
221,WELD-1812,A user gets {{IllegalStateException}} if the method {{HttpSession.invalidate()}} is invoked inside an intercepted method (see the forum reference). This is likely caused by the fact that {{RequestScopedCache.endRequest()}} is also called during {{HttpContextLifecycle.sessionDestroyed(HttpSession)}} and so the current stack is removed before the invocation finishes.,,,
232,WELD-1134,"I upgraded Forge to Weld 1.1.8.Final, from 1.1.2.Final and now I am getting the following error:

{code}
com.google.common.collect.ComputationException: java.lang.NullPointerException
        at com.google.common.collect.ComputingConcurrentHashMap$ComputingMapAdapter.get(ComputingConcurrentHashMap.java:397)
        at org.jboss.weld.resources.SharedObjectCache.getTypeClosure(SharedObjectCache.java:82)
        at org.jboss.weld.resources.SharedObjectFacade.getTypeClosure(SharedObjectFacade.java:65)
        at org.jboss.weld.introspector.TypeClosureLazyValueHolder.computeValue(TypeClosureLazyValueHolder.java:52)
        at org.jboss.weld.introspector.TypeClosureLazyValueHolder.computeValue(TypeClosureLazyValueHolder.java:31)
        at org.jboss.weld.util.LazyValueHolder.get(LazyValueHolder.java:34)
        at org.jboss.weld.introspector.jlr.AbstractWeldAnnotated.getTypeClosure(AbstractWeldAnnotated.java:193)
        at org.jboss.weld.introspector.jlr.WeldMethodImpl.of(WeldMethodImpl.java:74)
        at org.jboss.weld.introspector.jlr.WeldClassImpl.<init>(WeldClassImpl.java:261)
        at org.jboss.weld.introspector.jlr.WeldClassImpl.of(WeldClassImpl.java:115)
        at org.jboss.weld.resources.ClassTransformer$TransformAnnotatedTypeToWeldClass.apply(ClassTransformer.java:88)
        at org.jboss.weld.resources.ClassTransformer$TransformAnnotatedTypeToWeldClass.apply(ClassTransformer.java:78)
        at com.google.common.collect.ComputingConcurrentHashMap$ComputingValueReference.compute(ComputingConcurrentHashMap.java:355)
        at com.google.common.collect.ComputingConcurrentHashMap$ComputingSegment.compute(ComputingConcurrentHashMap.java:184)
        at com.google.common.collect.ComputingConcurrentHashMap$ComputingSegment.getOrCompute(ComputingConcurrentHashMap.java:153)
        at com.google.common.collect.ComputingConcurrentHashMap.getOrCompute(ComputingConcurrentHashMap.java:69)
        at com.google.common.collect.ComputingConcurrentHashMap$ComputingMapAdapter.get(ComputingConcurrentHashMap.java:393)
        at org.jboss.weld.resources.ClassTransformer.loadClass(ClassTransformer.java:190)
        at org.jboss.weld.bootstrap.BeanDeployer.addClass(BeanDeployer.java:86)
        at org.jboss.weld.bootstrap.BeanDeployer.addClasses(BeanDeployer.java:123)
        at org.jboss.weld.bootstrap.BeanDeployment.createBeans(BeanDeployment.java:184)
        at org.jboss.weld.bootstrap.WeldBootstrap.deployBeans(WeldBootstrap.java:350)
        at org.jboss.weld.bootstrap.api.helpers.ForwardingBootstrap.deployBeans(ForwardingBootstrap.java:70)
        at org.jboss.weld.environment.se.Weld.initialize(Weld.java:133)
        at org.jboss.forge.shell.Bootstrap$1.run(Bootstrap.java:132)
        at java.lang.Thread.run(Thread.java:722)
Caused by: java.lang.NullPointerException
        at java.lang.reflect.Array.newArray(Native Method)
        at java.lang.reflect.Array.newInstance(Array.java:70)
        at org.jboss.weld.util.reflection.HierarchyDiscovery.discoverTypes(HierarchyDiscovery.java:99)
        at org.jboss.weld.util.reflection.HierarchyDiscovery.init(HierarchyDiscovery.java:74)
        at org.jboss.weld.util.reflection.HierarchyDiscovery.getTypeClosure(HierarchyDiscovery.java:58)
        at org.jboss.weld.resources.SharedObjectCache$4.apply(SharedObjectCache.java:58)
        at org.jboss.weld.resources.SharedObjectCache$4.apply(SharedObjectCache.java:55)
        at com.google.common.collect.ComputingConcurrentHashMap$ComputingValueReference.compute(ComputingConcurrentHashMap.java:355)
        at com.google.common.collect.ComputingConcurrentHashMap$ComputingSegment.compute(ComputingConcurrentHashMap.java:184)
        at com.google.common.collect.ComputingConcurrentHashMap$ComputingSegment.getOrCompute(ComputingConcurrentHashMap.java:153)
        at com.google.common.collect.ComputingConcurrentHashMap.getOrCompute(ComputingConcurrentHashMap.java:69)
        at com.google.common.collect.ComputingConcurrentHashMap$ComputingMapAdapter.get(ComputingConcurrentHashMap.java:393)
{code}

This line is the causing issue: Class<?> arrayClass = Array.newInstance(Reflections.getRawType(genericComponentType), 0).getClass();

genericComponentType is sun.reflect.generics.reflectiveObjects.TypeVariableImpl.

Need a test case to simulate that",,,
233,WELD-1534,"I believe this is a regression in the latest Weld release, as this was working in Weld 2.0.3.Final. Steps to reproduce included in issue.",,,
245,WELD-1104,"The Weld parent pom tells m2e to execute checkstyle on every incremental builds, that is on every file save.
This causes infinite build loops with m2e + JBoss Tools : JBIDE-11485

In Eclipse, checkstyle should either be run manually or via the checkstyle integration plugin (see https://bugs.eclipse.org/bugs/show_bug.cgi?id=347556).

Please consider the [pull request|https://github.com/weld/core/pull/191] fixing this issue.",,,
246,WELD-1584,"Caused by ""additionalBeanDeploymentArchive"" in the AS7 integration code that makes every two deployed beans transitively visible.",,,
257,WELD-364,Unneccessary restriction is currently present,,,
269,WELD-1647,"Basically it's to reflect all changes mentioned in CDI-425. Currently there are some checks for ""write/add/set"" methods mainly in BeforeBeanDiscovery, AfterTypeDiscovery and AfterBeanDiscovery AFAIK. 
There's need to expand these checks for all methods mentioned in the CDI issue - namely AfterDeploymentValidation, ProcessAnnotatedType, ProcessBean, ProcessBeanAttributes, ProcessInjectionPoint etc.
I am not sure, if there's need for some extra check for situation -e.g when accessing PAT during ProcessBean event, but this should result to IllegalStateException as well.   
",,,
299,WELD-1677,"When a bean class A extends the raw type of a parameterized class B, canonical types of B are added into types of A (in org.jboss.weld.util.reflection.HierarchyDiscovery#discoverTypes()). That causes problems in specialization validation as the getTypes() method of the specializing bean A returns even types it does not have.

Example:
{code}
class B<T> implements Collection<T> { ... }
{code}
{code}
class A extends B { ... }
{code}
Collection<T> should not be a type of bean A.",,,
320,WELD-1827,NoData,,,
322,WELD-1723,"Injection of parameterized types does not work correctly in 2.0.0.Alpha3 and up, if the parameterized type ""extends"" another type.  It used to work in 1.x and up to 2.0.0.Alpha2.

Example code:

{code}
public interface Foo<T extends Serializable> { } // will fail
public class FooBean implements Foo { }
public interface Bar<T> { } // will work
public class BarBean implements Bar { }
@Singleton
@Startup
public class TestSingleton {
    @Inject
    private Instance<Foo> foo;
    @Inject
    private Instance<Bar> bar;
    @PostConstruct
    public void init() {
        System.out.println(""##### foo is unsatisfied = "" + foo.isUnsatisfied());
        for (Foo f : foo)
            System.out.println(""foo is: "" + f.getClass().getCanonicalName());
        System.out.println(""##### bar is unsatisfied = "" + bar.isUnsatisfied());
        for (Bar b : bar)
            System.out.println(""bar is: "" + b.getClass().getCanonicalName());
    }
}
{code}

{code}
==================================
WORKS in Weld 1.x and 2.0.0.Alpha2: (this is the expected output)
==================================

16 [org.example.weldtest.App.main()] INFO org.jboss.weld.Version - WELD-000900 2.0.0 (Alpha2)
50 [org.example.weldtest.App.main()] INFO org.jboss.weld.Bootstrap - WELD-000101 Transactional services not available. Injection of @Inject UserTransaction not available. Transactional observers will be invoked synchronously.
236 [org.example.weldtest.App.main()] WARN org.jboss.weld.interceptor.util.InterceptionTypeRegistry - Class 'javax.ejb.PostActivate' not found, interception based on it is not enabled
236 [org.example.weldtest.App.main()] WARN org.jboss.weld.interceptor.util.InterceptionTypeRegistry - Class 'javax.ejb.PrePassivate' not found, interception based on it is not enabled
##### foo is unsatisfied = false
foo is: org.example.weldtest.FooBean
##### bar is unsatisfied = false
bar is: org.example.weldtest.BarBean

==============================
BROKEN ON: 2.0.0.Alpha3 and up:
===============================

14 [org.example.weldtest.App.main()] INFO org.jboss.weld.Version - WELD-000900 2.0.0 (Alpha3)
46 [org.example.weldtest.App.main()] INFO org.jboss.weld.Bootstrap - WELD-000101 Transactional services not available. Injection of @Inject UserTransaction not available. Transactional observers will be invoked synchronously.
276 [org.example.weldtest.App.main()] WARN org.jboss.weld.interceptor.util.InterceptionTypeRegistry - Class 'javax.ejb.PostActivate' not found, interception based on it is not enabled
276 [org.example.weldtest.App.main()] WARN org.jboss.weld.interceptor.util.InterceptionTypeRegistry - Class 'javax.ejb.PrePassivate' not found, interception based on it is not enabled
##### foo is unsatisfied = true
##### bar is unsatisfied = false
bar is: org.example.weldtest.BarBean

----

Aug 26, 2014 12:06:15 PM org.jboss.weld.bootstrap.WeldStartup <clinit>
INFO: WELD-000900: 2.2.4 (Final)
Aug 26, 2014 12:06:15 PM org.jboss.weld.bootstrap.WeldStartup startContainer
INFO: WELD-000101: Transactional services not available. Injection of @Inject UserTransaction not available. Transactional observers will be invoked synchronously.
Aug 26, 2014 12:06:15 PM org.jboss.weld.interceptor.util.InterceptionTypeRegistry <clinit>
WARN: WELD-001700: Interceptor annotation class javax.ejb.PostActivate not found, interception based on it is not enabled
Aug 26, 2014 12:06:15 PM org.jboss.weld.interceptor.util.InterceptionTypeRegistry <clinit>
WARN: WELD-001700: Interceptor annotation class javax.ejb.PrePassivate not found, interception based on it is not enabled
##### foo is unsatisfied = true
##### bar is unsatisfied = false
bar is: org.example.weldtest.BarBean
{code}

I have created a minimal working example, which is available at https://github.com/lngr/weldtest and also attached to this issue.

This was previously reported in WFLY-3632
",,,
343,WELD-1774,"The problem resides inside the standard tomcat valve which processes every incoming request. At the very beginning the valve evaluates whether the request is already considered as asynchronous or not. In the latter case the init event is fired which activates the weld context:

{code:title=org.apache.catalina.core.StandardHostValve.java|borderStyle=solid}
if (asyncAtStart || context.fireRequestInitEvent(request)) {
...
}
{code}

The *if* block also contains the execution of the business code which switches the request to the async mode. The following valve code checks the request mode after its procession is finished. In case it has become asynchronous, no destroy event is dispatched which unfortunately keeps the weld context initialized within the running thread:

{code:title=org.apache.catalina.core.StandardHostValve.java|borderStyle=solid}
if (!(request.isAsync() || (asyncAtStart &&
                    request.getAttribute(
                            RequestDispatcher.ERROR_EXCEPTION) != null))) {
    // Protect against NPEs if context was destroyed during a
    // long running request.
    if (context.getState().isAvailable()) {
        ...
        context.fireRequestDestroyEvent(request);
    }
}
{code}

Once the same thread is chosen to serve a request, the ""Conversation already active"" exception is thrown. Is there any workaround for this? Unfortunately this problem makes it impossible to use the jsf 2.2 on tomcat when using the asynchronous tasks. It's definitely possible to change the weld code to the behaviour that in case the context is already active, it is at first deactivated and subsequentially activated, but it is an awful hack.
",,,
353,WELD-1635,"The offending code 

{code}
   @SuppressWarnings(""unchecked"")
    private Object readResolve() throws ObjectStreamException {
        return new EnterpriseBeanProxyMethodHandler<T>((SessionBean<T>) manager.getPassivationCapableBean(beanId));
    }
{code}

creates a new SFSB session instead of reusing the reference

{code}
    public EnterpriseBeanProxyMethodHandler(SessionBean<T> bean) {
        this.bean = bean;
        this.manager = bean.getBeanManager();
        this.beanId = bean.getIdentifier();
        this.reference = bean.createReference();
        BeanLogger.LOG.createdSessionBeanProxy(bean);
    }
{code}

Introduced by commit 5b314063996383c64b5dd2ff0f8d3443b037bd1d

https://github.com/weld/core/commit/5b314063996383c64b5dd2ff0f8d3443b037bd1d",,,
354,WELD-1700,EjbServices is a per-BeanDeploymentArchive service (see WELD-1685).,,,
355,WELD-1685,"The reason is that {{org.jboss.weld.ejb.spi.EjbDescriptor}} provides no unique identifier within an entire Java EE application.

{{ejb-name}} does not have to be unique - see also the EJB spec (ejb-jar.xml XSD):
{quote}
The ejb-name element contains the name of an enterprise bean. The name must be unique within the ejb-jar file or .war file.
{quote}",,,
357,WELD-1620,"After upgrading from WELD 1.1.8.Final to 2.1.2.Final, I started to experience the following behavior.

I have two producer and two dispose methods producing/disposing instance of the same type. One pair is distinguished by a qualifier, the other pair is unqualified.

In version 1.1.8 this worked fine, the two couples where paired correctly.

In 2.1.2, this code produces an error

WELD-000077: Cannot declare multiple disposal methods for this producer method.

Producer method:  org.jboss.weld.bootstrap.ConcurrentBeanDeployer@3c720215
Disposal methods:  
  - Disposer method [[BackedAnnotatedMethod] public Bean.disposeQualified(@Disposes @Qualified Something)],
  - Disposer method [[BackedAnnotatedMethod] public Bean.dispose(@Disposes Something)]
	at org.jboss.weld.bootstrap.AbstractBeanDeployer.resolveDisposalMethod(AbstractBeanDeployer.java:193)
	at org.jboss.weld.bootstrap.AbstractBeanDeployer.createProducerMethod(AbstractBeanDeployer.java:216)
	at org.jboss.weld.bootstrap.AbstractBeanDeployer.createProducerMethods(AbstractBeanDeployer.java:202)
	at org.jboss.weld.bootstrap.AbstractBeanDeployer.createObserversProducersDisposers(AbstractBeanDeployer.java:179)


IMO this is because the unqualified disposer method, claims that it can dispose any products of the type, qualified or not. Trying to resolve disposing method of @Qualified Something is thus ambiguous.

Is this intentional change in behavior? Is it possible to somehow specify that the unqualified disposal method should be used only for unqualified products of Something?",,,
363,WELD-1716,See also https://issues.jboss.org/browse/WELD-1623?focusedCommentId=12992019&page=com.atlassian.jira.plugin.system.issuetabpanels:comment-tabpanel#comment-12992019,,,
366,WELD-1542,"See also 6.1 The Contextual interface:
{quote}
If an exception occurs while destroying an instance, the exception must be caught by the destroy() method.
{quote}",,,
371,WELD-1483,"Cloned from https://bugzilla.redhat.com/show_bug.cgi?id=999050

Description of problem:


Version-Release number of selected component (if applicable):
6.1.0.GA

How reproducible:
10%

Steps to Reproduce:
1. Create CDI Bean
2. Create a Interceptor Binding Annotation
3. Add Interceptor Binding to CDI Bean
4. Create a Interceptor
5. Run code, all OK
6. Add _any_ non Dependent scope to the Interceptor @Request|Session|ApplicationScope
7. Run code, Stackoverflow

Actual results:

org.jboss.weld.interceptor.proxy.SimpleInterceptionChain.invokeNextInterceptor(SimpleInterceptionChain.java:69)
16:22:29,943 ERROR [stderr] (http-localhost.localdomain/127.0.0.1:8080-2)       at org.jboss.weld.interceptor.proxy.InterceptorMethodHandler.executeInterception(InterceptorMethodHandler.java:112)
16:22:29,943 ERROR [stderr] (http-localhost.localdomain/127.0.0.1:8080-2)       at org.jboss.weld.interceptor.proxy.InterceptorMethodHandler.invoke(InterceptorMethodHandler.java:88)
16:22:29,943 ERROR [stderr] (http-localhost.localdomain/127.0.0.1:8080-2)       at org.jboss.weld.bean.proxy.CombinedInterceptorAndDecoratorStackMethodHandler.invoke(CombinedInterceptorAndDecoratorStackMethodHandler.java:55)
16:22:29,943 ERROR [stderr] (http-localhost.localdomain/127.0.0.1:8080-2)       at org.cedj.geekseek.web.rest.core.test.integration.TestResource$Proxy$_$$_WeldSubclass.get(TestResource$Proxy$_$$_WeldSubclass.java)
16:22:29,943 ERROR [stderr] (http-localhost.localdomain/127.0.0.1:8080-2)       at sun.reflect.GeneratedMethodAccessor89.invoke(Unknown Source)
16:22:29,943 ERROR [stderr] (http-localhost.localdomain/127.0.0.1:8080-2)       at sun.reflect.DelegatingMethodAccessorImpl.invoke(DelegatingMethodAccessorImpl.java:43)
16:22:29,943 ERROR [stderr] (http-localhost.localdomain/127.0.0.1:8080-2)       at java.lang.reflect.Method.invoke(Method.java:606)
16:22:29,943 ERROR [stderr] (http-localhost.localdomain/127.0.0.1:8080-2)       at org.jboss.weld.interceptor.proxy.SimpleInterceptionChain.invokeNextInterceptor(SimpleInterceptionChain.java:85)
16:22:29,943 ERROR [stderr] (http-localhost.localdomain/127.0.0.1:8080-2)       at org.jboss.weld.interceptor.proxy.InterceptorInvocationContext.proceed(InterceptorInvocationContext.java:127)
16:22:29,943 ERROR [stderr] (http-localhost.localdomain/127.0.0.1:8080-2)       at org.cedj.geekseek.web.rest.core.interceptor.RESTInterceptorEnabler.intercept(RESTInterceptorEnabler.java:44)
16:22:29,943 ERROR [stderr] (http-localhost.localdomain/127.0.0.1:8080-2)       at org.cedj.geekseek.web.rest.core.interceptor.RESTInterceptorEnabler$Proxy$_$$_WeldClientProxy.intercept(RESTInterceptorEnabler$Proxy$_$$_WeldClientProxy.java)
16:22:29,943 ERROR [stderr] (http-localhost.localdomain/127.0.0.1:8080-2)       at sun.reflect.GeneratedMethodAccessor87.invoke(Unknown Source)
16:22:29,944 ERROR [stderr] (http-localhost.localdomain/127.0.0.1:8080-2)       at sun.reflect.DelegatingMethodAccessorImpl.invoke(DelegatingMethodAccessorImpl.java:43)
16:22:29,944 ERROR [stderr] (http-localhost.localdomain/127.0.0.1:8080-2)       at java.lang.reflect.Method.invoke(Method.java:606)
16:22:29,944 ERROR [stderr] (http-localhost.localdomain/127.0.0.1:8080-2)       at org.jboss.weld.interceptor.proxy.SimpleMethodInvocation.invoke(SimpleMethodInvocation.java:30)
16:22:29,944 ERROR [stderr] (http-localhost.localdomain/127.0.0.1:8080-2)       at org.jboss.weld.interceptor.proxy.SimpleInterceptionChain.invokeNextInterceptor(SimpleInterceptionChain.java:69)

Expected results:

Pr CDI spec:
""An interceptor instance is a dependent object of the object it intercepts""

So, Scoped Interceptors is defined as non-portable behavior. 

Deployment Validation Exception would help, since Weld can't handle it.

Additional info:

Arquillian based test case to demonstrate the problem:
https://github.com/aslakknutsen/cdi-eap-interceptor-stackoverflow",,,
379,WELD-1704,"The following issue has been observed on Weld 1.1.x and Weld 2.2.x.

When using the Atmosphere Push Library https://github.com/Atmosphere/atmosphere (and potentially other libs or programming techniques) an Apache Tomcat 7 and 8 nio worker thread might stop processing one request and start processing another request without firing the requestDestroyed callback.
It can be assumed that this is correct, because the Push request has not been destroyed, it is actually still ongoing but no longer handled by a http thread.

The problem is that the second request on the same http worker thread will get a requestInitialized event.
The WeldInitial/EhancedListener will invoke

getSessionContext().associate(request)

however, because the worker thread was active it had a context which was not disassociated. Therefore the ThreadLocal in HttpSessionContextImpl ist still existing. As a consequence the current implementation will not set the session context but silently use it.

By not associating the context/threadLocal for the current session there is a session context from the previous request still active. This is especially a problem when the first request belonged to a different HTTP session.

This effectively leaks all @SessionScoped instances from HTTP Session A into HTTP Session B!

Fixing the issue is not really trivial, because the lifecycle of Push Requests (long polling, comet, websocket and derivates) is not clearly defined.
The best assumption that can be made is that with async push, ThreadLocals should not be used, because the Thread can serve multiple request ""at the same time"" (that is without firing callbacks to notice that the thread switched request).",,,
383,WELD-1797,"The original issue WELD-1141 is not fixed in the 1.1.x branch.

This issue is still present in JBoss that uses WELD 1.1.x.

This is a pull request to get this fixed in 1.1.x so it can be backported to JBoss EAP.",,,
386,WELD-1829,"classforName() in org.jboss.weld.environment.servlet.util.Reflections.java can fail unnecessarily in an OSGi environment. Sometimes the thread context classloader is set, but the class to be loaded is on the bundle classloader, and not the thread context classloader. This code in classforName() below line 47

 if (tccl != null) {
                return (Class<T>) tccl.loadClass(name);
            } else {
                return (Class<T>) Class.forName(name);
            }

should be replaced with, 

if (tccl != null) {
                try {
                    return (Class<T>) tccl.loadClass(name);
                } catch (ClassNotFoundException e) {
                    // could add debug trace here
                } catch (LinkageError e) {
                    // debug trace here also
                }
            }
            return (Class<T>) Class.forName(name);",,,
389,WELD-1823,"In CDI 1.2, section 6.5.3, 
The container must ensure that every injection point of type InjectionPoint and qualifier
@Default of any dependent object instantiated during this process receives:
• a null value if it is not being injected into any injection point.

The above is not working on weld 2.2.5. I created a test for this and confirmed that I got a not null injection point.
======================
{code:title=CDIBean2 .java|borderStyle=solid}
public class CDIBean2 {	
	private String data;	
	public String getData() {
		return data;
	}
	public void setData(String data) {
		this.data = data;
	}
}
{code}

{code:title=CDIBean.java|borderStyle=solid} 
public class CDIBean {
	
	CDIBean2 beanManagerInstance;

	public CDIBean(BeanManager manager){
		Set<Bean<?>> beanList = manager.getBeans(CDIBean2.class);
		if (beanList!=null && !beanList.isEmpty()){
			Bean<?> bean = beanList.iterator().next();
			CreationalContext<?> context = manager.createCreationalContext(bean);
			beanManagerInstance = (CDIBean2) manager.getReference(bean, CDIBean2.class, context);
		}
	}
	
	public String getData() {
		return beanManagerInstance.getData();
	}

	public void setData(String data) {
		beanManagerInstance.setData(data);
	}
{code}
{code:title=CDIBean2Producer.java|borderStyle=solid}
public class CDIBean2Producer {
	
	@Produces
	public CDIBean2 produce(InjectionPoint ip){
		
		if(ip != null){			
			throw new RuntimeException(""InjectionPoint exists when producing CDIBean2"");
		}		
		return new CDIBean2();		
	}
}
{code}
{code:title=CDIBeanProducer.java|borderStyle=solid}
public class CDIBeanProducer {
	
	@Inject
	private BeanManager manager;
	
	@Produces
	public CDIBean produce(InjectionPoint ip){
		
		if(ip == null){
			throw new RuntimeException(""InjectionPoint is NULL when producing CDIBean"");
		}		
		return new CDIBean(manager);		
	}
}
{code}
{code:title=TestServlet.java|borderStyle=solid}
@WebServlet(""/ProducerNullIPServlet"")
public class TestServlet extends HttpServlet {

    private static final long serialVersionUID = 1L;

    @Inject
    private CDIBean bean;
    @Inject
    private BeanManager manager;
    @Inject
    private Instance<AnotherBean> anotherBeanInstance;

    //@Override
    @Override
    protected void doGet(HttpServletRequest req, HttpServletResponse resp) throws ServletException, IOException {
        doPost(req, resp);
    }

    //@Override
    @Override
    protected void doPost(HttpServletRequest req, HttpServletResponse resp) throws ServletException, IOException {

        PrintWriter out = resp.getWriter();

        Set<Bean<?>> beanList = manager.getBeans(CDIBean2.class);
        if (beanList != null && !beanList.isEmpty()) {
            Bean<?> bean = beanList.iterator().next();
            CreationalContext<?> context = manager.createCreationalContext(bean);
            CDIBean2 beanManagerInstance = (CDIBean2) manager.getReference(bean, CDIBean2.class, context);
            beanManagerInstance.setData(""Test2"");
        }
        out.println(""Test Sucessful!"");
    }
}
{code}
The injection point I got in @Produces
	public CDIBean2 produce(InjectionPoint ip){..} refers to the @Inject
    private CDIBean bean, which is incorrect.",,,
395,WELD-1808,"If an {{org.jboss.weld.environment.servlet.Listener}} is registered, it should be responsible for the shutdown. Otherwise the container will be always shut down before any listeners declared in {{web.xml}}.",,,
406,WELD-1805,"I get NullPointerException during handleNavigation call when using Weld with JSF 2.2 and OmniFaces 2.0 library. It happens because of WeldApplication is missing the new JSF 2.2 getFlowHandler() method. More detatils are in [OmniFaces issue|https://github.com/omnifaces/omnifaces/issues/75#issuecomment-65004140] .
",,,
410,WELD-1690,"Having a simple bean

{code}
@Model
public class Controller {
    @Inject
    Conversation conversation;

    public void begin() {
        conversation.begin();
    }

    public void end() {
        conversation.end();
    }
{code}

invoked from a JSF view,

trying to end the same conversation from two parallel request results in

org.jboss.weld.context.BusyConversationException: WELD-000322 Conversation lock timed out: 1

it seems that the lock was not released, thus the second thread keeps waiting for the conversation timeout. 

The expected result (unless the conversation ending really took so long) would be for the second thread to end in org.jboss.weld.context.NonexistentConversationException: WELD-000321: No conversation found to restore for id 1

Other notes:

increasing the CONCURRENT_ACCESS_TIMEOUT makes the issue more apparent. ",,,
412,WELD-1785,http://lists.jboss.org/pipermail/cdi-dev/2014-November/005708.html,,,
508,WELD-1779,"The Exception that is throw is:
{noformat}
java.lang.NoSuchFieldException: BEAN_INSTANCE_CACHE
	at java.lang.Class.getDeclaredField(Class.java:1948)
	at org.jboss.weld.security.GetDeclaredFieldAction.run(GetDeclaredFieldAction.java:33)
	at org.jboss.weld.security.GetDeclaredFieldAction.run(GetDeclaredFieldAction.java:22)
	at java.security.AccessController.doPrivileged(AccessController.java:-2)
	at org.jboss.weld.bean.proxy.ClientProxyFactory.create(ClientProxyFactory.java:118)
	at org.jboss.weld.bean.proxy.ClientProxyProvider.createClientProxy(ClientProxyProvider.java:180)
	at org.jboss.weld.bean.proxy.ClientProxyProvider.createClientProxy(ClientProxyProvider.java:170)
	at org.jboss.weld.bean.proxy.ClientProxyProvider.access$100(ClientProxyProvider.java:45)
	at org.jboss.weld.bean.proxy.ClientProxyProvider$CreateClientProxy.load(ClientProxyProvider.java:56)
	at org.jboss.weld.bean.proxy.ClientProxyProvider$CreateClientProxy.load(ClientProxyProvider.java:52)
	at com.google.common.cache.LocalCache$LoadingValueReference.loadFuture(LocalCache.java:3524)
	at com.google.common.cache.LocalCache$Segment.loadSync(LocalCache.java:2317)
	at com.google.common.cache.LocalCache$Segment.lockedGetOrLoad(LocalCache.java:2280)
	at com.google.common.cache.LocalCache$Segment.get(LocalCache.java:2195)
	at com.google.common.cache.LocalCache.get(LocalCache.java:3934)
	at com.google.common.cache.LocalCache.getOrLoad(LocalCache.java:3938)
	at com.google.common.cache.LocalCache$LocalLoadingCache.get(LocalCache.java:4821)
	at org.jboss.weld.util.cache.LoadingCacheUtils.getCacheValue(LoadingCacheUtils.java:49)
	at org.jboss.weld.util.cache.LoadingCacheUtils.getCastCacheValue(LoadingCacheUtils.java:74)
	at org.jboss.weld.bean.proxy.ClientProxyProvider.getClientProxy(ClientProxyProvider.java:204)
	at org.jboss.weld.manager.BeanManagerImpl.getReference(BeanManagerImpl.java:734)
	at org.jboss.weld.manager.BeanManagerImpl.getReference(BeanManagerImpl.java:760)
	at org.jboss.weld.bean.builtin.InstanceImpl.getBeanInstance(InstanceImpl.java:86)
	at org.jboss.weld.bean.builtin.InstanceImpl.get(InstanceImpl.java:76)
{noformat}

The problem is in org.jboss.weld.bean.proxy.ClientProxyFactory.create(BeanInstance) where the thread local cache field CACHE_FIELD is accessed if unsafe proxies are used even if the scope is not cacheable.",,,
516,WELD-1778,The reason is that {{@ThreadScope}} is not part of the composite index used during discovery (Weld SE doesn't support implicit bean archives without beans.xml descriptor).,,,
528,WELD-1746,"{noformat}
14:08:25,955 ERROR [org.apache.catalina.core.ContainerBase.[jboss.web].[default-host].[/jboss-numberguess].[FacesServlet]] (http-/127.0.0.1:8080-3) JBWEB000236: Servlet.service() for servlet FacesServlet threw exception: java.lang.NullPointerException
	at org.jboss.weld.context.AbstractContext.destroy(AbstractContext.java:128) [weld-core-1.1.25.Final.jar:2014-08-26 15:57]
	at org.jboss.weld.context.AbstractContext.destroy(AbstractContext.java:142) [weld-core-1.1.25.Final.jar:2014-08-26 15:57]
	at org.jboss.weld.context.AbstractConversationContext.destroyConversation(AbstractConversationContext.java:340) [weld-core-1.1.25.Final.jar:2014-08-26 15:57]
	at org.jboss.weld.context.AbstractConversationContext.cleanUpConversationMap(AbstractConversationContext.java:288) [weld-core-1.1.25.Final.jar:2014-08-26 15:57]
	at org.jboss.weld.context.AbstractConversationContext.deactivate(AbstractConversationContext.java:273) [weld-core-1.1.25.Final.jar:2014-08-26 15:57]
	at org.jboss.weld.jsf.WeldPhaseListener.deactivateConversations(WeldPhaseListener.java:149) [weld-core-1.1.25.Final.jar:2014-08-26 15:57]
	at org.jboss.weld.jsf.WeldPhaseListener.afterPhase(WeldPhaseListener.java:91) [weld-core-1.1.25.Final.jar:2014-08-26 15:57]
	at com.sun.faces.lifecycle.Phase.handleAfterPhase(Phase.java:189) [jsf-impl-2.1.28.redhat-6.jar:2.1.28.redhat-6]
	at com.sun.faces.lifecycle.Phase.doPhase(Phase.java:107) [jsf-impl-2.1.28.redhat-6.jar:2.1.28.redhat-6]
	at com.sun.faces.lifecycle.LifecycleImpl.render(LifecycleImpl.java:139) [jsf-impl-2.1.28.redhat-6.jar:2.1.28.redhat-6]
	at javax.faces.webapp.FacesServlet.service(FacesServlet.java:594) [jboss-jsf-api_2.1_spec-2.1.28.Final-redhat-1.jar:2.1.28.Final-redhat-1]
	at org.apache.catalina.core.ApplicationFilterChain.internalDoFilter(ApplicationFilterChain.java:295) [jbossweb-7.5.0.Beta1.jar:7.5.0.Beta1]
	at org.apache.catalina.core.ApplicationFilterChain.doFilter(ApplicationFilterChain.java:214) [jbossweb-7.5.0.Beta1.jar:7.5.0.Beta1]
	at org.apache.catalina.core.StandardWrapperValve.invoke(StandardWrapperValve.java:231) [jbossweb-7.5.0.Beta1.jar:7.5.0.Beta1]
	at org.apache.catalina.core.StandardContextValve.invoke(StandardContextValve.java:149) [jbossweb-7.5.0.Beta1.jar:7.5.0.Beta1]
	at org.jboss.as.web.security.SecurityContextAssociationValve.invoke(SecurityContextAssociationValve.java:169) [jboss-as-web-7.5.0.Final-redhat-2.jar:7.5.0.Final-redhat-2]
	at org.apache.catalina.core.StandardHostValve.invoke(StandardHostValve.java:145) [jbossweb-7.5.0.Beta1.jar:7.5.0.Beta1]
	at org.apache.catalina.valves.ErrorReportValve.invoke(ErrorReportValve.java:97) [jbossweb-7.5.0.Beta1.jar:7.5.0.Beta1]
	at org.apache.catalina.core.StandardEngineValve.invoke(StandardEngineValve.java:102) [jbossweb-7.5.0.Beta1.jar:7.5.0.Beta1]
	at org.apache.catalina.connector.CoyoteAdapter.service(CoyoteAdapter.java:344) [jbossweb-7.5.0.Beta1.jar:7.5.0.Beta1]
	at org.apache.coyote.http11.Http11Processor.process(Http11Processor.java:855) [jbossweb-7.5.0.Beta1.jar:7.5.0.Beta1]
	at org.apache.coyote.http11.Http11Protocol$Http11ConnectionHandler.process(Http11Protocol.java:653) [jbossweb-7.5.0.Beta1.jar:7.5.0.Beta1]
	at org.apache.tomcat.util.net.JIoEndpoint$Worker.run(JIoEndpoint.java:926) [jbossweb-7.5.0.Beta1.jar:7.5.0.Beta1]
	at java.lang.Thread.run(Thread.java:744) [rt.jar:1.7.0_45]

14:08:25,964 ERROR [org.apache.catalina.core.ContainerBase.[jboss.web].[default-host]] (http-/127.0.0.1:8080-3) JBWEB000238: Exception sending request destroyed lifecycle event to listener instance of class org.jboss.weld.servlet.WeldListener: java.lang.NullPointerException
	at org.jboss.weld.context.AbstractContext.destroy(AbstractContext.java:128) [weld-core-1.1.25.Final.jar:2014-08-26 15:57]
	at org.jboss.weld.context.AbstractContext.destroy(AbstractContext.java:142) [weld-core-1.1.25.Final.jar:2014-08-26 15:57]
	at org.jboss.weld.context.AbstractConversationContext.deactivate(AbstractConversationContext.java:246) [weld-core-1.1.25.Final.jar:2014-08-26 15:57]
	at org.jboss.weld.servlet.WeldListener.requestDestroyed(WeldListener.java:156) [weld-core-1.1.25.Final.jar:2014-08-26 15:57]
	at org.apache.catalina.core.StandardHostValve.invoke(StandardHostValve.java:175) [jbossweb-7.5.0.Beta1.jar:7.5.0.Beta1]
	at org.apache.catalina.valves.ErrorReportValve.invoke(ErrorReportValve.java:97) [jbossweb-7.5.0.Beta1.jar:7.5.0.Beta1]
	at org.apache.catalina.core.StandardEngineValve.invoke(StandardEngineValve.java:102) [jbossweb-7.5.0.Beta1.jar:7.5.0.Beta1]
	at org.apache.catalina.connector.CoyoteAdapter.service(CoyoteAdapter.java:344) [jbossweb-7.5.0.Beta1.jar:7.5.0.Beta1]
	at org.apache.coyote.http11.Http11Processor.process(Http11Processor.java:855) [jbossweb-7.5.0.Beta1.jar:7.5.0.Beta1]
	at org.apache.coyote.http11.Http11Protocol$Http11ConnectionHandler.process(Http11Protocol.java:653) [jbossweb-7.5.0.Beta1.jar:7.5.0.Beta1]
	at org.apache.tomcat.util.net.JIoEndpoint$Worker.run(JIoEndpoint.java:926) [jbossweb-7.5.0.Beta1.jar:7.5.0.Beta1]
	at java.lang.Thread.run(Thread.java:744) [rt.jar:1.7.0_45]
{noformat}",,,
529,WELD-1766,"In WildFly 8.1.0.Final, I observed that sometimes an injected instance of a custom scoped component was an old instance, belonging to a scope that had already been removed. After a long investigation, I found the root cause of this problem. It has to do with the bean instance caching that happens in client proxies for built in scoped beans (see Weld's class ClientProxyFactory). All beans with the same bean type make use of the same client proxy class, and this proxy class determines whether instances are cached or not. If, for a certain bean type, the first proxy that needs to be constructed is for a built in scoped bean, a caching proxy class is created, and that class will also be used for all future proxies, even if they refer to a bean that is custom scoped.

See ""steps to reproduce"" for further details.

The problem can be fixed by including a caching indicator in the name of the generated client proxy class (see pull request).
",,,
545,WELD-1558,"Weld unable to distinguish beans, then it's nested static classes with the same class name and package, but different enclosing classes. Weld generates the same proxy name for such classes and tries to inject incorrect bean.",,,
549,WELD-1759,"The stack trace looks like this:

{noformat}
2014-09-30 16:59:53,074 ERROR [io.undertow.request] (default task-58) UT005023: Exception handling request to /4900ad8b-90a5-4ec0-abf5-f919c09208ff/TestUpgradeServlet: java.security.AccessControlException: WFSM000001: Permission check failed (permission ""(""java.lang.RuntimePermission"" ""getClassLoader"")"" in code source ""(vfs:/content/4900ad8b-90a5-4ec0-abf5-f919c09208ff.war/WEB-INF/classes <no signer certificates>)"" of ""null"")
        at org.wildfly.security.manager.WildFlySecurityManager.checkPermission(WildFlySecurityManager.java:264) [wildfly-security-manager-1.1.0.Beta1-SNAPSHOT.jar:1.1.0.Beta1-SNAPSHOT]
        at org.wildfly.security.manager.WildFlySecurityManager.checkPermission(WildFlySecurityManager.java:172) [wildfly-security-manager-1.1.0.Beta1-SNAPSHOT.jar:1.1.0.Beta1-SNAPSHOT]
        at java.lang.ClassLoader.checkClassLoaderPermission(ClassLoader.java:1561) [rt.jar:1.7.0_51]
        at java.lang.Class.getClassLoader(Class.java:614) [rt.jar:1.7.0_51]
        at org.jboss.as.weld.services.bootstrap.ProxyServicesImpl._getClassLoader(ProxyServicesImpl.java:86) [wildfly-weld-9.0.0.Alpha2-SNAPSHOT.jar:9.0.0.Alpha2-SNAPSHOT]
        at org.jboss.as.weld.services.bootstrap.ProxyServicesImpl.getClassLoader(ProxyServicesImpl.java:79) [wildfly-weld-9.0.0.Alpha2-SNAPSHOT.jar:9.0.0.Alpha2-SNAPSHOT]
        at org.jboss.weld.bean.proxy.ProxyFactory.resolveClassLoaderForBeanProxy(ProxyFactory.java:836) [weld-core-impl-2.2.5.Final.jar:2014-09-15 07:54]
        at org.jboss.weld.bean.proxy.ProxyFactory.<init>(ProxyFactory.java:169) [weld-core-impl-2.2.5.Final.jar:2014-09-15 07:54]
        at org.jboss.weld.bean.proxy.InterceptedSubclassFactory.<init>(InterceptedSubclassFactory.java:80) [weld-core-impl-2.2.5.Final.jar:2014-09-15 07:54]
        at org.jboss.weld.bean.proxy.InterceptedSubclassFactory.<init>(InterceptedSubclassFactory.java:67) [weld-core-impl-2.2.5.Final.jar:2014-09-15 07:54]
        at org.jboss.weld.injection.producer.SubclassedComponentInstantiator.createEnhancedSubclass(SubclassedComponentInstantiator.java:98) [weld-core-impl-2.2.5.Final.jar:2014-09-15 07:54]
        at org.jboss.weld.injection.producer.SubclassedComponentInstantiator.initEnhancedSubclass(SubclassedComponentInstantiator.java:82) [weld-core-impl-2.2.5.Final.jar:2014-09-15 07:54]
        at org.jboss.weld.injection.producer.SubclassedComponentInstantiator.<init>(SubclassedComponentInstantiator.java:75) [weld-core-impl-2.2.5.Final.jar:2014-09-15 07:54]
        at org.jboss.weld.injection.producer.SubclassedComponentInstantiator.forInterceptedDecoratedBean(SubclassedComponentInstantiator.java:59) [weld-core-impl-2.2.5.Final.jar:2014-09-15 07:54]
        at org.jboss.weld.injection.producer.BeanInjectionTarget.initializeAfterBeanDiscovery(BeanInjectionTarget.java:138) [weld-core-impl-2.2.5.Final.jar:2014-09-15 07:54]
        at org.jboss.weld.injection.producer.InjectionTargetInitializationContext.initialize(InjectionTargetInitializationContext.java:42) [weld-core-impl-2.2.5.Final.jar:2014-09-15 07:54]
        at org.jboss.weld.injection.producer.InjectionTargetService.addInjectionTargetToBeInitialized(InjectionTargetService.java:55) [weld-core-impl-2.2.5.Final.jar:2014-09-15 07:54]
        at org.jboss.weld.injection.producer.InjectionTargetService.addInjectionTargetToBeInitialized(InjectionTargetService.java:49) [weld-core-impl-2.2.5.Final.jar:2014-09-15 07:54]
        at org.jboss.weld.injection.producer.WeldInjectionTargetBuilderImpl.build(WeldInjectionTargetBuilderImpl.java:80) [weld-core-impl-2.2.5.Final.jar:2014-09-15 07:54]
        at org.jboss.as.weld.injection.InjectionTargets.createInjectionTarget(InjectionTargets.java:78) [wildfly-weld-9.0.0.Alpha2-SNAPSHOT.jar:9.0.0.Alpha2-SNAPSHOT]
        at org.jboss.as.weld.deployment.WeldClassIntrospector.getInjectionTarget(WeldClassIntrospector.java:90) [wildfly-weld-9.0.0.Alpha2-SNAPSHOT.jar:9.0.0.Alpha2-SNAPSHOT]
        at org.jboss.as.weld.deployment.WeldClassIntrospector.createFactory(WeldClassIntrospector.java:57) [wildfly-weld-9.0.0.Alpha2-SNAPSHOT.jar:9.0.0.Alpha2-SNAPSHOT]
        at org.jboss.as.ee.component.ComponentRegistry.createInstanceFactory(ComponentRegistry.java:76)
        at org.wildfly.extension.undertow.deployment.UndertowDeploymentInfoService$ComponentClassIntrospector.createInstanceFactory(UndertowDeploymentInfoService.java:1292)
        at io.undertow.servlet.spec.HttpServletRequestImpl.upgrade(HttpServletRequestImpl.java:470) [undertow-servlet-1.1.0.Beta8.jar:1.1.0.Beta8]
------> at org.jboss.as.test.integration.ee.injection.support.servlet.TestUpgradeServlet.doGet(TestUpgradeServlet.java:45) [classes:]
        at javax.servlet.http.HttpServlet.service(HttpServlet.java:687) [jboss-servlet-api_3.1_spec-1.0.0.Final.jar:1.0.0.Final]
        at javax.servlet.http.HttpServlet.service(HttpServlet.java:790) [jboss-servlet-api_3.1_spec-1.0.0.Final.jar:1.0.0.Final]
        at io.undertow.servlet.handlers.ServletHandler.handleRequest(ServletHandler.java:85) [undertow-servlet-1.1.0.Beta8.jar:1.1.0.Beta8]
        at io.undertow.servlet.handlers.security.ServletSecurityRoleHandler.handleRequest(ServletSecurityRoleHandler.java:61) [undertow-servlet-1.1.0.Beta8.jar:1.1.0.Beta8]
        at io.undertow.servlet.handlers.ServletDispatchingHandler.handleRequest(ServletDispatchingHandler.java:36) [undertow-servlet-1.1.0.Beta8.jar:1.1.0.Beta8]
        at org.wildfly.extension.undertow.security.SecurityContextAssociationHandler.handleRequest(SecurityContextAssociationHandler.java:78)
        at io.undertow.server.handlers.PredicateHandler.handleRequest(PredicateHandler.java:43) [undertow-core-1.1.0.Beta8.jar:1.1.0.Beta8]
        at io.undertow.servlet.handlers.security.SSLInformationAssociationHandler.handleRequest(SSLInformationAssociationHandler.java:131) [undertow-servlet-1.1.0.Beta8.jar:1.1.0.Beta8]
        at io.undertow.servlet.handlers.security.ServletAuthenticationCallHandler.handleRequest(ServletAuthenticationCallHandler.java:56) [undertow-servlet-1.1.0.Beta8.jar:1.1.0.Beta8]
        at io.undertow.server.handlers.PredicateHandler.handleRequest(PredicateHandler.java:43) [undertow-core-1.1.0.Beta8.jar:1.1.0.Beta8]
        at io.undertow.security.handlers.AbstractConfidentialityHandler.handleRequest(AbstractConfidentialityHandler.java:45) [undertow-core-1.1.0.Beta8.jar:1.1.0.Beta8]
        at io.undertow.servlet.handlers.security.ServletConfidentialityConstraintHandler.handleRequest(ServletConfidentialityConstraintHandler.java:61) [undertow-servlet-1.1.0.Beta8.jar:1.1.0.Beta8]
        at io.undertow.security.handlers.AuthenticationMechanismsHandler.handleRequest(AuthenticationMechanismsHandler.java:58) [undertow-core-1.1.0.Beta8.jar:1.1.0.Beta8]
        at io.undertow.servlet.handlers.security.CachedAuthenticatedSessionHandler.handleRequest(CachedAuthenticatedSessionHandler.java:70) [undertow-servlet-1.1.0.Beta8.jar:1.1.0.Beta8]
        at io.undertow.security.handlers.NotificationReceiverHandler.handleRequest(NotificationReceiverHandler.java:50) [undertow-core-1.1.0.Beta8.jar:1.1.0.Beta8]
        at io.undertow.security.handlers.SecurityInitialHandler.handleRequest(SecurityInitialHandler.java:76) [undertow-core-1.1.0.Beta8.jar:1.1.0.Beta8]
        at io.undertow.server.handlers.PredicateHandler.handleRequest(PredicateHandler.java:43) [undertow-core-1.1.0.Beta8.jar:1.1.0.Beta8]
        at org.wildfly.extension.undertow.security.jacc.JACCContextIdHandler.handleRequest(JACCContextIdHandler.java:61)
        at io.undertow.server.handlers.PredicateHandler.handleRequest(PredicateHandler.java:43) [undertow-core-1.1.0.Beta8.jar:1.1.0.Beta8]
        at io.undertow.server.handlers.PredicateHandler.handleRequest(PredicateHandler.java:43) [undertow-core-1.1.0.Beta8.jar:1.1.0.Beta8]
        at io.undertow.servlet.handlers.ServletInitialHandler.handleFirstRequest(ServletInitialHandler.java:259) [undertow-servlet-1.1.0.Beta8.jar:1.1.0.Beta8]
        at io.undertow.servlet.handlers.ServletInitialHandler.dispatchRequest(ServletInitialHandler.java:246) [undertow-servlet-1.1.0.Beta8.jar:1.1.0.Beta8]
        at io.undertow.servlet.handlers.ServletInitialHandler.access$000(ServletInitialHandler.java:75) [undertow-servlet-1.1.0.Beta8.jar:1.1.0.Beta8]
        at io.undertow.servlet.handlers.ServletInitialHandler$1$1.run(ServletInitialHandler.java:171) [undertow-servlet-1.1.0.Beta8.jar:1.1.0.Beta8]
        at java.security.AccessController.doPrivileged(Native Method) [rt.jar:1.7.0_51]
        at io.undertow.servlet.handlers.ServletInitialHandler$1.handleRequest(ServletInitialHandler.java:168) [undertow-servlet-1.1.0.Beta8.jar:1.1.0.Beta8]
        at io.undertow.server.Connectors.executeRootHandler(Connectors.java:197) [undertow-core-1.1.0.Beta8.jar:1.1.0.Beta8]
        at io.undertow.server.HttpServerExchange$1.run(HttpServerExchange.java:737) [undertow-core-1.1.0.Beta8.jar:1.1.0.Beta8]
        at java.util.concurrent.ThreadPoolExecutor.runWorker(ThreadPoolExecutor.java:1145) [rt.jar:1.7.0_51]
        at java.util.concurrent.ThreadPoolExecutor$Worker.run(ThreadPoolExecutor.java:615) [rt.jar:1.7.0_51]
        at java.lang.Thread.run(Thread.java:744) [rt.jar:1.7.0_51]
{noformat}

The arrow indicates the position of the failed protection domain on the stack.  I think that something in this stack should be executing with privileges, but I'm not really sure what... maybe the proxy factory where the class loader is acquired?

If this bug belongs somewhere else (e.g. in UT or WFCORE or WFLY), feel free to move it.",,,
550,WELD-1748,See CDITCK-450 for details,,,
553,WELD-1707,NoData,,,
593,WELD-1651,"Having this e.g this class:
{code}
public class BeanDefault<T extends AbstractClass> {
}
{code}
 and its specialization like this:
{code}
@Specializes
public class BeanCustom<T extends AbstractClass> extends BeanDefault<T> {
}
{code}

will result in:
{noformat}
Caused by: org.jboss.weld.exceptions.DefinitionException: WELD-001511: Specializing bean Managed Bean [class mypackage.BeanCustom] with qualifiers [@Any @Default] does not have bean type class mypackage.BeanDefault<T> of specialized bean Managed Bean [class mypackage.BeanDefault] with qualifiers [@Any @Default]
{noformat}

This is IMHO inappropriate since the type BeanDefault<T> is present. CDI spec says just:
{quote}
Formally, a bean X is said to specialize another bean Y if either:
...
Furthermore, X must have all the bean types of Y. If X does not have some bean type of Y, the container automatically de-
tects the problem and treats it as a definition error.
{quote}


",,,
630,WELD-1747,"This needs to be fixed in 1.x branch as well.
Described and reproducer attached here: https://issues.apache.org/jira/browse/DELTASPIKE-720",,,
634,WELD-1456,ProgrammaticallyAddedProcessBeanAttributesTest counts the number of ProcessBeanAttributes events and expects the count to be 0 in the end (That would suggest that no PBA was fired for built-in beans nor beans added via AfterBeanDiscovery.addBean()). However this is incorrect since an application server may bundle extensions that register (synthetic) annotated types. These are not built-in beans per definition and therefore they affect the counter in the test.,,,
637,WELD-1736,The subclass may not declare annotations from the component class and therefore the interception model my be invalid.,,,
643,WELD-1734,NoData,,,
664,WELD-1725,NoData,,,
668,WELD-1711,"In the weld-osgi-bundle manifest, all imports of Guava packages ({{com.google.common.*}}) are marked as optional.

This seems to be a left-over of Weld 1.x. 

As far as I can see, the dependency is mandatory in Weld's core logic, so the optional directive should be deleted from the manifest.

The impact is more than cosmetic:

Weld 2.2 imports {{javax.annotation}} 1.2 whereas Guava does not specify a version for {{javax.annotation}}.

Running on Vanilla Equinox 3.9.1 where {{javax.annotation}} is exported by the system bundle, you may get a {{ClassNotFoundException}}, since Guava gets wired to {{javax.annotation}} 0.0 from the system bundle and Weld does not get wired to the optional Guava dependency at all due to a package uses conflict for {{javax.annotation}}.

Making the Guava dependency mandatory would either lead to a consistent wiring for Guava, or at least to a resolution error instead of a runtime exception. The user must then fix the resolution problem by manually removing {{javax.annotation}} from the list of system packages.",,,
670,WELD-1709,"As stated in the CDI specification, the {{@WtihAnnotations}} annotation can appear on any member of the annotated type. However, Weld is only delivering the {{ProcessAnnotatedType}} events for types whose annotated constructors are public.",,,
674,WELD-1571,"When injecting an @ApplicationScoped bean, which extends a class that does not have a no-arg constructor, the following NPE occurs:
{code}
Caused by: java.lang.NullPointerException
	at org.jboss.weld.bean.proxy.ClientProxyProvider.getClientProxy(ClientProxyProvider.java:214) [weld-core-impl-2.1.1.Final.jar:2013-12-03 09:59]
	at org.jboss.weld.manager.BeanManagerImpl.getReference(BeanManagerImpl.java:727) [weld-core-impl-2.1.1.Final.jar:2013-12-03 09:59]
	at org.jboss.weld.manager.BeanManagerImpl.getReference(BeanManagerImpl.java:789) [weld-core-impl-2.1.1.Final.jar:2013-12-03 09:59]
	at org.jboss.weld.injection.FieldInjectionPoint.inject(FieldInjectionPoint.java:92) [weld-core-impl-2.1.1.Final.jar:2013-12-03 09:59]
	at org.jboss.weld.util.Beans.injectBoundFields(Beans.java:358) [weld-core-impl-2.1.1.Final.jar:2013-12-03 09:59]
	at org.jboss.weld.util.Beans.injectFieldsAndInitializers(Beans.java:369) [weld-core-impl-2.1.1.Final.jar:2013-12-03 09:59]
	at org.jboss.weld.injection.producer.DefaultInjector.inject(DefaultInjector.java:72) [weld-core-impl-2.1.1.Final.jar:2013-12-03 09:59]
	at org.jboss.weld.injection.producer.ResourceInjector.inject(ResourceInjector.java:60) [weld-core-impl-2.1.1.Final.jar:2013-12-03 09:59]
	at org.jboss.weld.injection.producer.DefaultInjector$1.proceed(DefaultInjector.java:66) [weld-core-impl-2.1.1.Final.jar:2013-12-03 09:59]
	at org.jboss.weld.injection.InjectionContextImpl.run(InjectionContextImpl.java:48) [weld-core-impl-2.1.1.Final.jar:2013-12-03 09:59]
	at org.jboss.weld.injection.producer.DefaultInjector.inject(DefaultInjector.java:64) [weld-core-impl-2.1.1.Final.jar:2013-12-03 09:59]
	at org.jboss.weld.injection.producer.BasicInjectionTarget.inject(BasicInjectionTarget.java:90) [weld-core-impl-2.1.1.Final.jar:2013-12-03 09:59]
	at org.jboss.weld.bean.ManagedBean.create(ManagedBean.java:150) [weld-core-impl-2.1.1.Final.jar:2013-12-03 09:59]
	at org.jboss.weld.context.AbstractContext.get(AbstractContext.java:94) [weld-core-impl-2.1.1.Final.jar:2013-12-03 09:59]
	at org.jboss.weld.bean.proxy.ContextBeanInstance.getInstance(ContextBeanInstance.java:98) [weld-core-impl-2.1.1.Final.jar:2013-12-03 09:59]
	at org.jboss.weld.bean.proxy.ProxyMethodHandler.invoke(ProxyMethodHandler.java:78) [weld-core-impl-2.1.1.Final.jar:2013-12-03 09:59]
	at nl.topicus.digdag.rest.integration.RemoteClientBuilder$Proxy$_$$_WeldClientProxy.createTopicusClient(Unknown Source) [classes:]
	at nl.topicus.digdag.rest.RemoteAuthenticationRESTService.getRemoteAuthentication(RemoteAuthenticationRESTService.java:223) [classes:]
{code}

Debugging the code in ClientProxyProvider.getClientProxy reveals that this caused by the following problem (in Proxies.getUnproxyableTypesExceptionInt):
{code}
org.jboss.weld.exceptions.UnproxyableResolutionException: WELD-001435: Normal scoped bean class org.openid4java.consumer.AbstractNonceVerifier is not proxyable because it has no no-args constructor - Managed Bean [class nl.topicus.digdag.rest.integration.CachedNonceVerifier] with qualifiers [@Any @Default].
{code}

CachedNonceVerifier extends AbstractNonceVerifier. CachedNonceVerifier does have a no-arg constructor, AbstractNonceVerifier does not, but I do not see why it would need it as CachedNonceVerifier is the type that is proxied.",,,
678,WELD-1706,"Using an empty beans.xml, the following error occurs when Weld SE tries to merge the beans.xml files:
{noformat}
org.jboss.weld.exceptions.IllegalStateException: WELD-001201: Error loading beans.xml unknown
	at org.jboss.weld.xml.BeansXmlParser.parse(BeansXmlParser.java:62)
	at org.jboss.weld.xml.BeansXmlParser.parse(BeansXmlParser.java:124)
	at org.jboss.weld.bootstrap.WeldBootstrap.parse(WeldBootstrap.java:126)
	at org.jboss.weld.environment.se.Weld.mergeToOne(Weld.java:255)
	at org.jboss.weld.environment.se.Weld.createDeployment(Weld.java:230)
	at org.jboss.weld.environment.se.Weld.initialize(Weld.java:148)
	at org.jboss.weld.environment.se.test.CDIProviderTest.testCDIProvider(CDIProviderTest.java:19)
	at sun.reflect.NativeMethodAccessorImpl.invoke0(Native Method)
	at sun.reflect.NativeMethodAccessorImpl.invoke(Unknown Source)
	at sun.reflect.DelegatingMethodAccessorImpl.invoke(Unknown Source)
	at java.lang.reflect.Method.invoke(Unknown Source)
	at org.junit.runners.model.FrameworkMethod$1.runReflectiveCall(FrameworkMethod.java:44)
	at org.junit.internal.runners.model.ReflectiveCallable.run(ReflectiveCallable.java:15)
	at org.junit.runners.model.FrameworkMethod.invokeExplosively(FrameworkMethod.java:41)
	at org.junit.internal.runners.statements.InvokeMethod.evaluate(InvokeMethod.java:20)
	at org.junit.runners.BlockJUnit4ClassRunner.runChild(BlockJUnit4ClassRunner.java:76)
	at org.junit.runners.BlockJUnit4ClassRunner.runChild(BlockJUnit4ClassRunner.java:50)
	at org.junit.runners.ParentRunner$3.run(ParentRunner.java:193)
	at org.junit.runners.ParentRunner$1.schedule(ParentRunner.java:52)
{noformat}",,,
681,WELD-1702,NoData,,,
692,WELD-1699,"The interceptor model is stored with ejbDescriptor.getImplementationClass() as the key but is later retrieved with ejbDescriptor.getBeanClass().

Modify lookup logic so that it uses the same key. In addition, expand SubclassedComponentDescriptorTest to cover this scenario.",,,
698,WELD-1657,Backport the fix for WELD-1452 together with the testcase to Weld 1.1,,,
707,WELD-1550,"I'm trying to use weld SE in a standard desktop app, and I've created a couple of Interceptors to ensure that certain methods are called on the EDT. 

An example of one of my annotations:

@InterceptorBinding
@Target({ElementType.METHOD, ElementType.TYPE})
@Retention(RetentionPolicy.RUNTIME)
public @interface InvokeOnEDT
{
}


And the actual interceptor:

@InvokeOnEDT
@Interceptor
@Priority(1)
public class InvokeOnEDTInterceptor
{
    private static final Logger logger = Logger.getLogger(InvokeOnEDTInterceptor.class);

    @AroundInvoke
    public Object ensureOnEDT(InvocationContext ctx) throws Exception
    {
        logger.warn(""INV intercepted: "" + ctx);
        return ctx.proceed();
    }
}

When I try to initialize the weld container, I get the following exception on any class that uses this annotation on a method and extends a swing component (JPanel is the primary offender):


org.jboss.weld.exceptions.WeldException: WELD-001524: Unable to load proxy class for bean Managed Bean [class xxxx.xxxx.core.view.gui.maptools.ShapeEditorPanel3D] with qualifiers [@Any @Default] with class class xxx.xxxx.core.view.gui.maptools.ShapeEditorPanel3D using classloader sun.misc.Launcher$AppClassLoader@6c5bdfae
        at org.jboss.weld.bean.proxy.ProxyFactory.getProxyClass(ProxyFactory.java:315)
        at org.jboss.weld.injection.producer.SubclassedComponentInstantiator.createEnhancedSubclass(SubclassedComponentInstantiator.java:83)
        at org.jboss.weld.injection.producer.SubclassedComponentInstantiator.initEnhancedSubclass(SubclassedComponentInstantiator.java:65)

        at org.jboss.weld.injection.producer.SubclassedComponentInstantiator.<init>(SubclassedComponentInstantiator.java:58)

        at org.jboss.weld.injection.producer.SubclassedComponentInstantiator.<init>(SubclassedComponentInstantiator.java:54)

        at org.jboss.weld.injection.producer.BeanInjectionTarget.initializeAfterBeanDiscovery(BeanInjectionTarget.java:127)

        at org.jboss.weld.injection.producer.InjectionTargetInitializationContext.initialize(InjectionTargetInitializationContext.java:42)

        at org.jboss.weld.injection.producer.InjectionTargetService.initialize(InjectionTargetService.java:58)

        at org.jboss.weld.bootstrap.WeldStartup.deployBeans(WeldStartup.java:413)

        at org.jboss.weld.bootstrap.WeldBootstrap.deployBeans(WeldBootstrap.java:76)

        at org.jboss.weld.bootstrap.api.helpers.ForwardingBootstrap.deployBeans(ForwardingBootstrap.java:63)

        at org.jboss.weld.environment.se.Weld.initialize(Weld.java:143)

        at XXXXLauncher.main(XXXXLauncher.java:137)

Caused by: java.lang.RuntimeException: java.lang.IllegalAccessError: class xxx.xxxx.core.view.gui.maptools.ShapeEditorPanel3D$Proxy$_$$_WeldSubclass cannot access its superinterface javax.swing.TransferHandler$HasGetTransferHandler

        at org.jboss.weld.util.bytecode.ClassFileUtils.toClass(ClassFileUtils.java:101)

        at org.jboss.weld.bean.proxy.ProxyFactory.createProxyClass(ProxyFactory.java:423)

        at org.jboss.weld.bean.proxy.ProxyFactory.getProxyClass(ProxyFactory.java:308)

        ... 12 more

Caused by: java.lang.IllegalAccessError: class xxx.xxxx.core.view.gui.maptools.ShapeEditorPanel3D$Proxy$_$$_WeldSubclass cannot access its superinterface javax.swing.TransferHandler$HasGetTransferHandler

        at java.lang.ClassLoader.defineClass1(Native Method)

        at java.lang.ClassLoader.defineClass(ClassLoader.java:791)

        at sun.reflect.NativeMethodAccessorImpl.invoke0(Native Method)

        at sun.reflect.NativeMethodAccessorImpl.invoke(NativeMethodAccessorImpl.java:57)

        at sun.reflect.DelegatingMethodAccessorImpl.invoke(DelegatingMethodAccessorImpl.java:43)

        at java.lang.reflect.Method.invoke(Method.java:601)

        at org.jboss.weld.util.bytecode.ClassFileUtils.toClass2(ClassFileUtils.java:108)

        at org.jboss.weld.util.bytecode.ClassFileUtils.toClass(ClassFileUtils.java:97)

        ... 14 more

 

This happens on any class that derives from something like JPanel.  This seems like a bug to me, but I found almost nothing googling for this except some several year old posts about spring AOP.",,,
716,WELD-1683,NoData,,,
739,WELD-1669,"If a class which is used as type argument is missing from the deployment, an exception is thrown and the deployment fails. 

The behaviour should be consistent with other similar cases (WELD-1215, WELD-1515), and the broken class should just be ignored and not cause a deployment failure.

Example, {{Bar.class}} is missing:
{code}
public class FooBarProducer {
    
    public Foo<Bar> produceFooBar() {
        return new Foo<Bar>();
    }
}
{code}

Result:
{noformat}
19:15:49,504 ERROR [org.jboss.msc.service.fail] (MSC service thread 1-8) MSC000001: Failed to start service jboss.deployment.unit.""0d036027-2297-41de-95ae-9d2d1dd562ca.jar"".WeldStartService: org.jboss.msc.service.StartException in service jboss.deployment.unit.""0d036027-2297-41de-95ae-9d2d1dd562ca.jar"".WeldStartService: Failed to start service
	at org.jboss.msc.service.ServiceControllerImpl$StartTask.run(ServiceControllerImpl.java:1936) [jboss-msc-1.1.5.Final-redhat-1.jar:1.1.5.Final-redhat-1]
	at java.util.concurrent.ThreadPoolExecutor.runWorker(ThreadPoolExecutor.java:1145) [rt.jar:1.7.0_17]
	at java.util.concurrent.ThreadPoolExecutor$Worker.run(ThreadPoolExecutor.java:615) [rt.jar:1.7.0_17]
	at java.lang.Thread.run(Thread.java:722) [rt.jar:1.7.0_17]
Caused by: org.jboss.weld.exceptions.WeldException: WELD-000830 Unable to load the cache value for the key class reproducer.FooBarProducer
	at org.jboss.weld.util.cache.LoadingCacheUtils.getCacheValue(LoadingCacheUtils.java:73)
	at org.jboss.weld.util.cache.LoadingCacheUtils.getCastCacheValue(LoadingCacheUtils.java:112)
	at org.jboss.weld.util.cache.LoadingCacheUtils.getCastCacheValue(LoadingCacheUtils.java:93)
	at org.jboss.weld.resources.ClassTransformer.loadClass(ClassTransformer.java:164)
	at org.jboss.weld.bootstrap.BeanDeployer.loadWeldClass(BeanDeployer.java:116)
	at org.jboss.weld.bootstrap.BeanDeployer.addClass(BeanDeployer.java:79)
	at org.jboss.weld.bootstrap.BeanDeployer.addClasses(BeanDeployer.java:135)
	at org.jboss.weld.bootstrap.BeanDeployment.createBeans(BeanDeployment.java:184)
	at org.jboss.weld.bootstrap.WeldBootstrap.deployBeans(WeldBootstrap.java:349)
	at org.jboss.as.weld.WeldStartService.start(WeldStartService.java:63)
	at org.jboss.msc.service.ServiceControllerImpl$StartTask.startService(ServiceControllerImpl.java:1980) [jboss-msc-1.1.5.Final-redhat-1.jar:1.1.5.Final-redhat-1]
	at org.jboss.msc.service.ServiceControllerImpl$StartTask.run(ServiceControllerImpl.java:1913) [jboss-msc-1.1.5.Final-redhat-1.jar:1.1.5.Final-redhat-1]
	... 3 more
Caused by: com.google.common.util.concurrent.UncheckedExecutionException: java.lang.TypeNotPresentException: Type reproducer.Bar not present
	at com.google.common.cache.LocalCache$Segment.get(LocalCache.java:2258)
	at com.google.common.cache.LocalCache.get(LocalCache.java:3990)
	at com.google.common.cache.LocalCache.getOrLoad(LocalCache.java:3994)
	at com.google.common.cache.LocalCache$LocalLoadingCache.get(LocalCache.java:4878)
	at org.jboss.weld.util.cache.LoadingCacheUtils.getCacheValue(LoadingCacheUtils.java:71)
	... 14 more
Caused by: java.lang.TypeNotPresentException: Type reproducer.Bar not present
	at sun.reflect.generics.factory.CoreReflectionFactory.makeNamedType(CoreReflectionFactory.java:117) [rt.jar:1.7.0_17]
	at sun.reflect.generics.visitor.Reifier.visitClassTypeSignature(Reifier.java:125) [rt.jar:1.7.0_17]
	at sun.reflect.generics.tree.ClassTypeSignature.accept(ClassTypeSignature.java:49) [rt.jar:1.7.0_17]
	at sun.reflect.generics.visitor.Reifier.reifyTypeArguments(Reifier.java:68) [rt.jar:1.7.0_17]
	at sun.reflect.generics.visitor.Reifier.visitClassTypeSignature(Reifier.java:138) [rt.jar:1.7.0_17]
	at sun.reflect.generics.tree.ClassTypeSignature.accept(ClassTypeSignature.java:49) [rt.jar:1.7.0_17]
	at sun.reflect.generics.repository.MethodRepository.getReturnType(MethodRepository.java:68) [rt.jar:1.7.0_17]
	at java.lang.reflect.Method.getGenericReturnType(Method.java:244) [rt.jar:1.7.0_17]
	at org.jboss.weld.introspector.jlr.WeldMethodImpl.of(WeldMethodImpl.java:70)
	at org.jboss.weld.introspector.jlr.WeldClassImpl.<init>(WeldClassImpl.java:241)
	at org.jboss.weld.introspector.jlr.WeldClassImpl.of(WeldClassImpl.java:126)
	at org.jboss.weld.resources.ClassTransformer$TransformTypeToWeldClass.load(ClassTransformer.java:60)
	at org.jboss.weld.resources.ClassTransformer$TransformTypeToWeldClass.load(ClassTransformer.java:51)
	at com.google.common.cache.LocalCache$LoadingValueReference.loadFuture(LocalCache.java:3589)
	at com.google.common.cache.LocalCache$Segment.loadSync(LocalCache.java:2374)
	at com.google.common.cache.LocalCache$Segment.lockedGetOrLoad(LocalCache.java:2337)
	at com.google.common.cache.LocalCache$Segment.get(LocalCache.java:2252)
	... 18 more
Caused by: java.lang.ClassNotFoundException: reproducer.Bar from [Module ""deployment.0d036027-2297-41de-95ae-9d2d1dd562ca.jar:main"" from Service Module Loader]
	at org.jboss.modules.ModuleClassLoader.findClass(ModuleClassLoader.java:213) [jboss-modules.jar:1.3.3.Final-redhat-1]
	at org.jboss.modules.ConcurrentClassLoader.performLoadClassUnchecked(ConcurrentClassLoader.java:459) [jboss-modules.jar:1.3.3.Final-redhat-1]
	at org.jboss.modules.ConcurrentClassLoader.performLoadClassChecked(ConcurrentClassLoader.java:408) [jboss-modules.jar:1.3.3.Final-redhat-1]
	at org.jboss.modules.ConcurrentClassLoader.performLoadClass(ConcurrentClassLoader.java:389) [jboss-modules.jar:1.3.3.Final-redhat-1]
	at org.jboss.modules.ConcurrentClassLoader.loadClass(ConcurrentClassLoader.java:134) [jboss-modules.jar:1.3.3.Final-redhat-1]
	at java.lang.Class.forName0(Native Method) [rt.jar:1.7.0_17]
	at java.lang.Class.forName(Class.java:266) [rt.jar:1.7.0_17]
	at sun.reflect.generics.factory.CoreReflectionFactory.makeNamedType(CoreReflectionFactory.java:114) [rt.jar:1.7.0_17]
	... 34 more
{noformat}",,,
747,WELD-1695,"Currently, the log message reads (for all supported Jetty versions):
{quote}
Jetty 7.2+ detected, CDI injection will be available in Listeners, Servlets and Filters.
{quote}
This is not correct. Listener injection is only available in Jetty 9.1.1.v20140108 and later.",,,
756,WELD-1694,"When JSF integration create an ExpressionFactory, the instance created is not cached to be reused in next calls. The object creation in the Weblogic is expensive, because of JNDI lookup to obtain the BeanManager.

My application has many runtime EL to be evaluated, and the request is spensive because of this ExpressionFactory creation overhead.",,,
757,WELD-1689,"Weld is calling InjectionServices.aroundInject() twice.

{noformat}
AutoDeployer@7338 daemon, prio=5, in group 'main', status: 'RUNNING'
     blocks ContainerBackgroundProcessor[StandardEngine[glassfish-web]]@7345
      at org.glassfish.weld.services.InjectionServicesImpl.aroundInject(InjectionServicesImpl.java:177)
      at org.jboss.weld.injection.InjectionContextImpl.run(InjectionContextImpl.java:46)
      at org.jboss.weld.injection.producer.DefaultInjector.inject(DefaultInjector.java:68)
      at org.jboss.weld.injection.producer.ResourceInjector.access$101(ResourceInjector.java:46)
      at org.jboss.weld.injection.producer.ResourceInjector$1.proceed(ResourceInjector.java:70)
      at org.glassfish.weld.services.InjectionServicesImpl.aroundInject(InjectionServicesImpl.java:177)
      at org.jboss.weld.injection.InjectionContextImpl.run(InjectionContextImpl.java:46)
      at org.jboss.weld.injection.producer.ResourceInjector.inject(ResourceInjector.java:65)
      at org.jboss.weld.injection.producer.BasicInjectionTarget.inject(BasicInjectionTarget.java:109)
      at org.glassfish.weld.services.JCDIServiceImpl.createManagedObject(JCDIServiceImpl.java:336)
      at org.glassfish.weld.services.JCDIServiceImpl.createManagedObject(JCDIServiceImpl.java:263)
      at com.sun.enterprise.container.common.impl.managedbean.ManagedBeanManagerImpl.createManagedBean(ManagedBeanManagerImpl.java:485)
      at com.sun.enterprise.container.common.impl.managedbean.ManagedBeanManagerImpl.createManagedBean(ManagedBeanManagerImpl.java:439)
      at com.sun.enterprise.container.common.impl.util.InjectionManagerImpl.createManagedObject(InjectionManagerImpl.java:336)
      at com.sun.enterprise.web.WebContainer.createListenerInstance(WebContainer.java:1023)
      at com.sun.enterprise.web.WebModule.createListenerInstance(WebModule.java:2158)
      at org.apache.catalina.core.StandardContext.createListener(StandardContext.java:3421)
      at org.apache.catalina.core.StandardContext.loadListener(StandardContext.java:5446)
      at com.sun.enterprise.web.WebModule.loadListener(WebModule.java:1788)
      at org.apache.catalina.core.StandardContext.addListener(StandardContext.java:3300)
      at org.apache.catalina.core.StandardContext.addApplicationListener(StandardContext.java:2508)
      at com.sun.enterprise.web.TomcatDeploymentConfig.configureApplicationListener(TomcatDeploymentConfig.java:251)
      at com.sun.enterprise.web.TomcatDeploymentConfig.configureWebModule(TomcatDeploymentConfig.java:110)
      at com.sun.enterprise.web.WebModuleContextConfig.start(WebModuleContextConfig.java:264)
      at org.apache.catalina.startup.ContextConfig.lifecycleEvent(ContextConfig.java:486)
      at org.apache.catalina.util.LifecycleSupport.fireLifecycleEvent(LifecycleSupport.java:163)
      at org.apache.catalina.core.StandardContext.start(StandardContext.java:5895)
      at com.sun.enterprise.web.WebModule.start(WebModule.java:691)
      at org.apache.catalina.core.ContainerBase.addChildInternal(ContainerBase.java:1041)
      at org.apache.catalina.core.ContainerBase.addChild(ContainerBase.java:1024)
      at org.apache.catalina.core.StandardHost.addChild(StandardHost.java:747)
      at com.sun.enterprise.web.WebContainer.loadWebModule(WebContainer.java:2286)
      at com.sun.enterprise.web.WebContainer.loadWebModule(WebContainer.java:1932)
      at com.sun.enterprise.web.WebApplication.start(WebApplication.java:139)
      at org.glassfish.internal.data.EngineRef.start(EngineRef.java:122)
      at org.glassfish.internal.data.ModuleInfo.start(ModuleInfo.java:291)
      at org.glassfish.internal.data.ApplicationInfo.start(ApplicationInfo.java:352)
      at com.sun.enterprise.v3.server.ApplicationLifecycle.deploy(ApplicationLifecycle.java:500)
      at com.sun.enterprise.v3.server.ApplicationLifecycle.deploy(ApplicationLifecycle.java:219)
      at org.glassfish.deployment.admin.DeployCommand.execute(DeployCommand.java:491)
      at com.sun.enterprise.v3.admin.CommandRunnerImpl$2$1.run(CommandRunnerImpl.java:539)
      at com.sun.enterprise.v3.admin.CommandRunnerImpl$2$1.run(CommandRunnerImpl.java:535)
      at java.security.AccessController.doPrivileged(AccessController.java:-1)
      at javax.security.auth.Subject.doAs(Subject.java:356)
      at com.sun.enterprise.v3.admin.CommandRunnerImpl$2.execute(CommandRunnerImpl.java:534)
      at com.sun.enterprise.v3.admin.CommandRunnerImpl$3.run(CommandRunnerImpl.java:565)
      at com.sun.enterprise.v3.admin.CommandRunnerImpl$3.run(CommandRunnerImpl.java:557)
      at java.security.AccessController.doPrivileged(AccessController.java:-1)
      at javax.security.auth.Subject.doAs(Subject.java:356)
      at com.sun.enterprise.v3.admin.CommandRunnerImpl.doCommand(CommandRunnerImpl.java:556)
      at com.sun.enterprise.v3.admin.CommandRunnerImpl.doCommand(CommandRunnerImpl.java:1464)
      at com.sun.enterprise.v3.admin.CommandRunnerImpl.access$1300(CommandRunnerImpl.java:109)
      at com.sun.enterprise.v3.admin.CommandRunnerImpl$ExecutionContext.execute(CommandRunnerImpl.java:1846)
      at org.glassfish.deployment.autodeploy.AutoOperation.run(AutoOperation.java:164)
      at org.glassfish.deployment.autodeploy.AutoDeployer.deploy(AutoDeployer.java:597)
      at org.glassfish.deployment.autodeploy.AutoDeployer.deployAll(AutoDeployer.java:484)
      at org.glassfish.deployment.autodeploy.AutoDeployer.run(AutoDeployer.java:412)
      at org.glassfish.deployment.autodeploy.AutoDeployer.run(AutoDeployer.java:403)
      at org.glassfish.deployment.autodeploy.AutoDeployService$1.run(AutoDeployService.java:233)
      at java.util.TimerThread.mainLoop(Timer.java:555)
      at java.util.TimerThread.run(Timer.java:505)
{noformat}",,,
760,WELD-1691,"It is legal to have multiple session beans sharing the same class but each having a different EJB name. Since Weld does not reflect the EJB name within the session bean ID, only one SessionBean instance is created per class.",,,
761,WELD-1682,"Trying to lookup the BeanManager using CDI.current().getBeanManager() from a class that is not a bean often results in the following exception:
{code}
Caused by: org.jboss.weld.exceptions.IllegalStateException: WELD-001328: Unable to identify the correct BeanManager. The calling class nl.topicus.eduarte.services.CdiUtil is not placed in bean archive
        at org.jboss.weld.SimpleCDI.unsatisfiedBeanManager(SimpleCDI.java:89)
        at org.jboss.weld.servlet.StaticWeldProvider$EnhancedCDI.unsatisfiedBeanManager(StaticWeldProvider.java:39)
        at org.jboss.weld.SimpleCDI$ClassNameToBeanManager.findBeanManager(SimpleCDI.java:67)
        at org.jboss.weld.SimpleCDI$ClassNameToBeanManager.load(SimpleCDI.java:47)
        at org.jboss.weld.SimpleCDI$ClassNameToBeanManager.load(SimpleCDI.java:40)
        at com.google.common.cache.LocalCache$LoadingValueReference.loadFuture(LocalCache.java:3524)
        at com.google.common.cache.LocalCache$Segment.loadSync(LocalCache.java:2317)
        at com.google.common.cache.LocalCache$Segment.lockedGetOrLoad(LocalCache.java:2280)
        at com.google.common.cache.LocalCache$Segment.get(LocalCache.java:2195)
        at com.google.common.cache.LocalCache.get(LocalCache.java:3934)
        at com.google.common.cache.LocalCache.getOrLoad(LocalCache.java:3938)
        at com.google.common.cache.LocalCache$LocalLoadingCache.get(LocalCache.java:4821)
        at com.google.common.cache.LocalCache$LocalLoadingCache.getUnchecked(LocalCache.java:4827)
        at org.jboss.weld.SimpleCDI.getBeanManager(SimpleCDI.java:105)
        at org.jboss.weld.SimpleCDI.getBeanManager(SimpleCDI.java:38)
        at nl.topicus.eduarte.services.CdiUtil.inject(CdiUtil.java:18)
{code}

Changing the CdiUtil class to be non-final with @Dependent fixes the error, but now my class is a bean, even though it should not be used this way.
",,,
769,WELD-1586,"Two session beans:
- same name
- implementing the same local interface (Animal) and declaring no other views
- deployed in two different modules, one module (A) is visible to the other (B).

When trying to inject Animal in the module B, once I get an instance of the first bean, next time an instance of the second one. The correct behavior would be DeploymentException due to ambiguous dependency.
{code}
interface Animal {}
{code}
{code}
@Stateful(name = ""Animal"")
public class Cat implements Animal {}
{code}
{code}
@Stateful(name = ""Animal"")
public class Dog implements Animal {}
{code}

{code}
public class Bar {
    @Inject
    private Animal animal;
}
{code}
Deployment structure:
EAR
 - ejb.jar: Animal, Dog
 - test.war: Bar, Cat",,,
770,WELD-1675,"Overriden method public Set<Type> getTypeClosure() is not used for session beans. For example this session bean still has Object, Pasta, ItalianFood types:
{code}
@Stateless
public class Pasta extends ItalianFood {}
{code}
however the overriden method returns set containing only Pasta, Object types.",,,
782,WELD-1674,"The id generated by org.jboss.weld.environment.se.discovery.url.URLScanner.getId(String) is not unique in case of directories.

In eclipse compiled classes of a java project will be saved in a folder called classes. If there are more projects which depend on each other this will result in duplicate ids with the value 'classes'.

Later on this id will be used during creation of the bean managers an  therefore on e bean manager will be overridden by another one if the BeanDeploymentArchive provides the same id.

At the this will lead to dependency resolution error because of missing beans.",,,
784,WELD-1619,"Project that tries to illustrate error:
https://drive.google.com/file/d/0B_dEiNBGUsxqaG5tdTVuT2RqT00/edit?usp=sharing

Summary:
- surefire threaded option
- test thread calls weld.shutdown()
- all other threads still working will have random problems using their own non shared weld containers


Context:
I am creating some UI Tests based on selenium. UI testing is overall a slow process with the opening of the browser and all the orchestration, so multi-threading the tests is a must.

Initially I was using Google Guice for IoC, but I have switched to weld. 
The UI tests used to be successful in Guice using surefire <threadCound></threadCoun> configuration property.
When I switched to Weld, this stopped being the case.
The tests consistently break with several different exceptions at several different points of the life cycle of the test.

Summary of test policy:
Each test class contains a Weld and WeldContainer object that is unique to itself and not shared in any way. There are no race conditions on  these objects, since each test class contains a single test, and each test is given a single thread by the surefire plugin.

What seems to be happening here is that the 
weld.shutdown();

call seems to have a cross cutting power across all the running threads.
That is, even though each test class has its own weld object that it uses to create a weld container.
As soon as the first test thread concludes the test and reaches the tearDown() moment, and invokes weld.shutdown(), from this point onward the ramaining tests seem to start dieing with arbitrary exceptions.

For example, I have head tests where the container.initilize() appears to be very successful, but after that trying to get a bean from the container will result in a:
WELD-001308 Unable to resolve any beans for Types: 

Other tests that seem to have passe the @Test() point ad have reached teh tearDown() phase, these will failing trying to close the weld instance variable with arbtirary erros, such as:

java.lang.NullPointerException
	at org.jboss.weld.environment.se.ShutdownManager.shutdown(ShutdownManager.java:42)
	at org.jboss.weld.environment.se.ShutdownManager$Proxy$_$$_WeldClientProxy.shutdown(ShutdownManager$Proxy$_$$_WeldClientProxy.java)
	at org.jboss.weld.environment.se.Weld.shutdown(Weld.java:218)


Or such as:
java.lang.IllegalStateException: Singleton is not set. Is your Thread.currentThread().getContextClassLoader() set correctly?
        at org.jboss.weld.bootstrap.api.helpers.IsolatedStaticSingletonProvider$IsolatedStaticSingleton.get(IsolatedStaticSingletonProvider.java:52)
        at org.jboss.weld.Container.instance(Container.java:67)
        at org.jboss.weld.bean.AbstractBean.initialize(AbstractBean.java:134)
        at org.jboss.weld.bean.AbstractClassBean.initialize(AbstractClassBean.java:205)
        at org.jboss.weld.bean.ManagedBean.initialize(ManagedBean.java:327)
        at org.jboss.weld.bootstrap.AbstractBeanDeployer.deploy(AbstractBeanDeployer.java:116)
        at org.jboss.weld.bootstrap.BeanDeployment.deployBeans(BeanDeployment.java:217)
        at org.jboss.weld.bootstrap.WeldBootstrap.deployBeans(WeldBootstrap.java:365)
        at org.jboss.weld.bootstrap.api.helpers.ForwardingBootstrap.deployBeans(ForwardingBootstrap.java:70)
        at org.jboss.weld.environment.se.Weld.initialize(Weld.java:137)
        at WeldBugReportSurefireTest.setUp(WeldBugReportSurefireTest.java:65)



It is very hard to decide on an exception to report, so many take place an arbitrarly. 

To make the tests pass I have have to use surefire configured for forking, witout re-use of forks. This solves my multi-threading issue.
But I am concerned with the erros I am getting, because I can envision scenarios where an application really needs to created different container objects that it shutsdown when appropriate without disturbing the other opened containers, as you can do with guice.


I have tried to compile a small project where this error can be reproduced.
I cannot use the real project for privacy reasons, so the exceptions that my sample project yields do not correspond exactly to the ones I get in my project... 

In this project, tests can be triggered through the comand line with either:
mvn test
mvn -P parallel test
the mvn test runs one test at a time, the normal way, and should be successful.
the mvn -P parallel test 
should break most of the time with arbitrary exceptions on arbitrary test classes

And if the managed bean DummyManagedBean.java has a flag property that can be used to get the tests to pass when in parallel.
what this flag will do is make the thread postpone the test for long enough, for all other threads to complete their business logic, thus avoiding a weld shutdown to occur before the tests complete.


",,,
790,WELD-1517,"{code}

public class ObserverTest {

    final private static Logger log = Logger.getLogger(ObserverTest.class.getName());

    public void start(@Observes @Initialized(ApplicationScoped.class) Object o) throws Exception {
        log.info(""### START"");
    }

    public void stop(@Observes @Destroyed(ApplicationScoped.class) Object o) throws Exception {
        log.info(""### STOP"");
    }
}
{code}

The {{@Destroyed(ApplicationScoped.class)}} event is never fired. Most likely this code in {{org.jboss.weld.environment.servlet.Listener}} is wrong:

{code}
    @Override
    public void contextDestroyed(ServletContextEvent sce) {
        /* Wrong order:

        bootstrap.shutdown();
        if (container != null) {
            container.destroy(new ContainerContext(sce, null));
        }
        super.contextDestroyed(sce);
         */

        // Workaround:
        if (container != null) {
            container.destroy(new ContainerContext(sce, null));
        }
        super.contextDestroyed(sce);
        bootstrap.shutdown();
    }
{code}
",,,
792,WELD-1671,"In EventTypeAssignabilityRules, method isAssignableFrom(Type type1, Type[] types2) seems to be incorrect - it is called from isTypeInsideBounds() with expectation that type1 has to assignableFrom each Type from types2, not from at least one as is the case.

Other such incorrect methods are:
- isAssignableFrom(Type type1, Set<? extends Type> types2)
- isAssignableFrom(Type[] types1, Type type2)",,,
794,WELD-1575,"This bugfix is similiar to problem reported by WELD-1155.

In Java SE the following occurred:
- One thread (T1) is resolving an ordinary build-in-scope-proxy that has not yet been initialized. 
- The production take place in another thread (T2). In our application this is caused by a special producer methodology. One transitive @Injection Point is a @SessionScoped bean (SB). This @SessionScoped-Bean (SB)is produced correctly.
- Then in the origin Thread (A) the code passes the proxy related to (SB). (SB )gets produced again for the identical session !

The problem is caused by a similiar fixed problem reported by WELD-1155. 

AttributeBeanStore#attach is copying some Maps (in Thread A). This copies are not changed by production (in Thread B).

The bugfix for WELD-1155 has taken place in a http-related context that is not used in Java SE.

Is it possible to move-up the bugfix into the base-implementations that are currently also used with Java-SE ?




",,,
801,WELD-1660,"Following code fails with NPE, because the priority is null in org.jboss.weld.bootstrap.enablement.GlobalEnablementBuilder#getGlobalAlternativeMap

{code}
public void afterTypeDiscovery(@Observes AfterTypeDiscovery event) {
        event.getAlternatives().add(IntegerBean.class);
}
{code}

Stacktrace:
{noformat}
13:54:10,245 ERROR [org.jboss.msc.service.fail] (MSC service thread 1-6) MSC000001: Failed to start service jboss.deployment.unit.""4ded9a73-c1a8-48b2-b884-ec631181e7b3.war"".WeldStartService: org.jboss.msc.service.StartException in service jboss.deployment.unit.""4ded9a73-c1a8-48b2-b884-ec631181e7b3.war"".WeldStartService: Failed to start service
	at org.jboss.msc.service.ServiceControllerImpl$StartTask.run(ServiceControllerImpl.java:1904) [jboss-msc-1.2.2.Final.jar:1.2.2.Final]
	at java.util.concurrent.ThreadPoolExecutor.runWorker(ThreadPoolExecutor.java:1145) [rt.jar:1.7.0_45]
	at java.util.concurrent.ThreadPoolExecutor$Worker.run(ThreadPoolExecutor.java:615) [rt.jar:1.7.0_45]
	at java.lang.Thread.run(Thread.java:744) [rt.jar:1.7.0_45]
Caused by: java.lang.NullPointerException: null value in entry: class org.jboss.cdi.tck.tests.definition.bean.custom.IntegerBean=null
	at com.google.common.collect.CollectPreconditions.checkEntryNotNull(CollectPreconditions.java:33)
	at com.google.common.collect.SingletonImmutableBiMap.<init>(SingletonImmutableBiMap.java:39)
	at com.google.common.collect.ImmutableBiMap.of(ImmutableBiMap.java:57)
	at com.google.common.collect.ImmutableMap.of(ImmutableMap.java:80)
	at com.google.common.collect.ImmutableMap.copyOf(ImmutableMap.java:292)
	at org.jboss.weld.bootstrap.enablement.GlobalEnablementBuilder.getGlobalAlternativeMap(GlobalEnablementBuilder.java:193)
	at org.jboss.weld.bootstrap.enablement.GlobalEnablementBuilder.createModuleEnablement(GlobalEnablementBuilder.java:236)
	at org.jboss.weld.bootstrap.BeanDeployment.createEnablement(BeanDeployment.java:219)
	at org.jboss.weld.bootstrap.WeldStartup.startInitialization(WeldStartup.java:363)
	at org.jboss.weld.bootstrap.WeldBootstrap.startInitialization(WeldBootstrap.java:76)
	at org.jboss.as.weld.WeldStartService.start(WeldStartService.java:91)
	at org.jboss.msc.service.ServiceControllerImpl$StartTask.startService(ServiceControllerImpl.java:1948) [jboss-msc-1.2.2.Final.jar:1.2.2.Final]
	at org.jboss.msc.service.ServiceControllerImpl$StartTask.run(ServiceControllerImpl.java:1881) [jboss-msc-1.2.2.Final.jar:1.2.2.Final]
	... 3 more

{noformat}

",,,
819,WELD-1664,"When generating a proxy, ProxyFactory excludes static methods on Classes but not on Interfaces. Java 8 allows us to have static methods on Interface and Weld fails to create a proxy when we have it:

{noformat}
javax.servlet.ServletException: WELD-001524: Unable to load proxy class for bean Managed Bean [class sample.BackingBean] with qualifiers [@Default @Any @Named] with class class sample. BackingBean using classloader ModuleClassLoader for Module ""deployment.JavaEE7Test.war:main"" from Service Module Loader
{noformat}

Thanks for Shinsuke Oda-san for detailed blog about this issue.

http://odashinsuke.hatenablog.com/entry/2014/04/24/203850
http://odashinsuke.hatenablog.com/entry/2014/04/25/194216",,,
824,WELD-1601,"While trying to deploy JSF2.2/CDI porltes on Liferay 6.2 on Wildfly (#938) a NPE is thrown in WeldInitialListener.requestInitialized method :

{code}
11:02:27,525 ERROR [default task-10][render_portlet_jsp:132] null
java.lang.NullPointerException
at org.jboss.weld.servlet.WeldInitialListener.requestInitialized(WeldInitialListener.java:144)
at org.jboss.weld.servlet.WeldCrossContextFilter.doFilter(WeldCrossContextFilter.java:58)
at com.liferay.portal.kernel.servlet.filters.invoker.InvokerFilterChain.processDoFilter(InvokerFilterChain.java:204)
at com.liferay.portal.kernel.servlet.filters.invoker.InvokerFilterChain.doFilter(InvokerFilterChain.java:109)
at com.liferay.cdi.portlet.bridge.CDICrossContextFilter.doFilter(CDICrossContextFilter.java:49)
at com.liferay.portal.kernel.servlet.filters.invoker.InvokerFilterChain.processDoFilter(InvokerFilterChain.java:204)
at com.liferay.portal.kernel.servlet.filters.invoker.InvokerFilterChain.doFilter(InvokerFilterChain.java:109)
at com.liferay.portal.kernel.servlet.filters.invoker.InvokerFilter.doFilter(InvokerFilter.java:96)
at io.undertow.servlet.core.ManagedFilter.doFilter(ManagedFilter.java:56)at io.undertow.servlet.handlers.FilterHandler$FilterChainImpl.doFilter(FilterHandler.java:132)
at io.undertow.servlet.handlers.FilterHandler.handleRequest(FilterHandler.java:85)
at io.undertow.servlet.handlers.security.ServletSecurityRoleHandler.handleRequest(ServletSecurityRoleHandler.java:61)
at io.undertow.servlet.handlers.ServletDispatchingHandler.handleRequest(ServletDispatchingHandler.java:36)
at io.undertow.server.handlers.PredicateHandler.handleRequest(PredicateHandler.java:25)
at io.undertow.server.handlers.PredicateHandler.handleRequest(PredicateHandler.java:25)
at io.undertow.server.handlers.PredicateHandler.handleRequest(PredicateHandler.java:25)
at io.undertow.servlet.handlers.ServletInitialHandler.dispatchRequest(ServletInitialHandler.java:229)
at io.undertow.servlet.handlers.ServletInitialHandler.dispatchToServlet(ServletInitialHandler.java:178)
at io.undertow.servlet.spec.RequestDispatcherImpl.include(RequestDispatcherImpl.java:275)
at com.liferay.portlet.InvokerPortletImpl.invoke(InvokerPortletImpl.java:604)
{code}

Tracking down 2.1.2.Final source code I identified that WeldCrossContextFilter creates a new instance of WeldInitialListener which has no constructors or initialization mechanism so beanManager and lifeclyce fields are null. After fixing that, another NPE is thrown because the SessionHandler hard-codes not to create the session if is still not crated. A portlet session must be created within the first render attempt.

I created a fix for the two issues that allows the Liferay example portlet (https://github.com/liferay/liferay-faces/tree/master/demos/bridge/jsf2-cdi-portlet) render. https://github.com/parsek-doo/weld-core/compare/weld:2.1...2.1.2-portlet?expand=1",,,
826,WELD-1654,"There is need to update/rewrite following chapters:

http://docs.jboss.org/weld/reference/latest/en-US/html_single/#tomcat
http://docs.jboss.org/weld/reference/latest/en-US/html_single/#jetty

Tomcat 6 is not supported.",,,
830,WELD-1650,"There's significant performance regression in boot time of  Weld SE. Test uses 10000 annotated beans with default bean-discovery mode (without jandex). This issue was introduced with 2.2.0.Alpha1 version. Numbers are following:

||Weld version|| boot time (s)||
| 2.1.2.Final | 34.73 |
| 2.2.0.Alpha1 | 41.85 |

I did commit bisect and it looks like it was introduced with this commit b5cb5e6904460d9cdbee6266ec789444c397b205. It needs further investigation. 
 ",,,
838,WELD-1638,"Specification versions should be unified throughout the documentation and examples. 
This pertains to mentions of the spec version in text (_""...to any other container that supports Java EE 6...""_, etc.) but also to links to descriptors and XSDs (application, web, faces-config, beans, ..) in code snippets and examples. 
There are now some mentions to EE6, some to EE7 (sub-)specifications.

I'm not sure if we should go EE7 all the way, or retain mentions to EE6 in sentences like ""...can be run on a wide range of servers, including [...] and any compliant Java EE 6 container..."".
The examples are still runnable on EE6 servers.",,,
896,WELD-1618,"{{Weld1368Test}} fails in JRE 1.8. 
The archive fails to deploy with a definition exception with message SPECIALIZING_BEAN_MISSING_SPECIALIZED_TYPE.

This problem does not occur in the 2.0 branch or in other JREs than 1.8.

Another problem is, that the message itself is missing, the actual exception message is:
{noformat}
Exception message for key SPECIALIZING_BEAN_MISSING_SPECIALIZED_TYPE not found due to Can't find resource for bundle ch.qos.cal10n.util.CAL10NResourceBundle, key SPECIALIZING_BEAN_MISSING_SPECIALIZED_TYPE
{noformat}",,,
899,WELD-1617,"The test {{DecorateGenericObserverTest}} fails in JRE 1.8:
{noformat}
java.lang.AssertionError: expected:<1> but was:<2>
	at org.junit.Assert.fail(Assert.java:91)
	...
	at org.jboss.weld.tests.decorators.genericobserver.DecorateGenericObserverTest.shouldInvokeDecoratorsWhenObservingGenericEvents(DecorateGenericObserverTest.java:62)
	...
{noformat}

Both, the decorated and the decorator methods get called twice in a single event firing.

This problem does not occur in 2.0 branch, the test passes there.",,,
902,WELD-1633,"* 16.2 AfterTypeDiscovery missing

* 16.2  {code}  if ( pat.getAnnotatedType().isAnnotionPresent(Ignore.class) ) pat.veto();   {code}
        typo  ""isAnnotionPresent""

* 16.2   The @Ignore example should probably use @WithAnnotations({Ignore.class})

* 16.3 BeanManager interface,
    getInjectionTargetFactory missing
    getProducerFactory missing

    createBean incorrect argument types (should use InjectionTargetFactory / ProducerFactory)

* 16.6  ""The Bean interface""  obsolete, should be updated to CDI 1.1 (split to BeanAttributes interface)

* 16.7 ""Registering a Bean""

    there are some imports in the example, but not all (the other examples have the same issue)

* 16.8 The QualifiedNameExtension is just utterly broken and probably never could have worked the way it is written.

* 16.8 ServiceAlternativeExtension example, changing isAnnotationPresent is not enough (I doubt it is ever called), the trick is to do it in getAnnotations()

* 16.9 BeanAttributes doesn't seem to have isNullable (Bean<T> do)

* 16.10 The ConfigExtension example

  at.getClass().getSimpleName() + "".properties"";

should be

  at.getJavaClass().getSimpleName() + "".properties"";

also, consider using getDeclaredField instead of getField

* 16.12  There is no  javax.enterprise.inject.spi.ProcessModule in CDI 1.1
",,,
903,WELD-1548,"Compiler may add bridge methods to make methods of package-private base class visible:
{code}
// Note package-private visibility
abstract Bar {
   @Inject
   public void init(Qux qux) {
     ...
   }
}
public Foo extends Bar {
}
{code}
Weld assumes these methods override the original methods -> Foo has no injection points.",,,
905,WELD-1563,NoData,,,
906,WELD-1596,"I tried deploying a simple Weld application on Google App Engine but it gave me a AccessControlException:

{code}
Failed startup of context com.google.apphosting.utils.jetty.RuntimeAppEngineWebAppContext@1e3b5cb{/,/base/data/home/apps/s~kapsalonreflection-rest/3-0.373473512476989111}
java.security.AccessControlException: access denied (""java.lang.RuntimePermission"" ""modifyThreadGroup"")
	at java.security.AccessControlContext.checkPermission(AccessControlContext.java:375)
	at java.security.AccessController.checkPermission(AccessController.java:565)
	at java.lang.SecurityManager.checkPermission(SecurityManager.java:549)
	at com.google.apphosting.runtime.security.CustomSecurityManager.checkPermission(CustomSecurityManager.java:56)
	at com.google.apphosting.runtime.security.CustomSecurityManager.checkAccess(CustomSecurityManager.java:131)
	at java.lang.ThreadGroup.checkAccess(ThreadGroup.java:315)
	at java.lang.ThreadGroup.checkParentAccess(ThreadGroup.java:135)
	at java.lang.ThreadGroup.<init>(ThreadGroup.java:117)
	at java.lang.ThreadGroup.<init>(ThreadGroup.java:96)
	at org.jboss.weld.bootstrap.events.ContainerLifecycleEventPreloader.<init>(ContainerLifecycleEventPreloader.java:58)
	at org.jboss.weld.bootstrap.WeldStartup.addImplementationServices(WeldStartup.java:293)
	at org.jboss.weld.bootstrap.WeldStartup.startContainer(WeldStartup.java:203)
	at org.jboss.weld.bootstrap.WeldBootstrap.startContainer(WeldBootstrap.java:67)
	at org.jboss.weld.bootstrap.WeldBootstrap.startContainer(WeldBootstrap.java:63)
	at org.jboss.weld.environment.servlet.Listener.contextInitialized(Listener.java:140)
	at org.mortbay.jetty.handler.ContextHandler.startContext(ContextHandler.java:548)
	at org.mortbay.jetty.servlet.Context.startContext(Context.java:136)
	at org.mortbay.jetty.webapp.WebAppContext.startContext(WebAppContext.java:1250)
	at org.mortbay.jetty.handler.ContextHandler.doStart(ContextHandler.java:517)
	at org.mortbay.jetty.webapp.WebAppContext.doStart(WebAppContext.java:467)
	at org.mortbay.component.AbstractLifeCycle.start(AbstractLifeCycle.java:50)
	at com.google.apphosting.runtime.jetty.AppVersionHandlerMap.createHandler(AppVersionHandlerMap.java:219)
	at com.google.apphosting.runtime.jetty.AppVersionHandlerMap.getHandler(AppVersionHandlerMap.java:194)
	at com.google.apphosting.runtime.jetty.JettyServletEngineAdapter.serviceRequest(JettyServletEngineAdapter.java:134)
	at com.google.apphosting.runtime.JavaRuntime$RequestRunnable.run(JavaRuntime.java:446)
	at com.google.tracing.TraceContext$TraceContextRunnable.runInContext(TraceContext.java:437)
	at com.google.tracing.TraceContext$TraceContextRunnable$1.run(TraceContext.java:444)
	at com.google.tracing.CurrentContext.runInContext(CurrentContext.java:188)
	at com.google.tracing.TraceContext$AbstractTraceContextCallback.runInInheritedContextNoUnref(TraceContext.java:308)
	at com.google.tracing.TraceContext$AbstractTraceContextCallback.runInInheritedContext(TraceContext.java:300)
	at com.google.tracing.TraceContext$TraceContextRunnable.run(TraceContext.java:441)
	at com.google.apphosting.runtime.ThreadGroupPool$PoolEntry.run(ThreadGroupPool.java:251)
	at java.lang.Thread.run(Thread.java:724)
{code}

Weld version I used is latest 2.1.2 Final.
I also tried with latest from 1.x branch (1.1.17.Final) and with this one I can deploy successfully to Google App Engine infrastructure.

Should Weld 2.x run on Google App Engine or are there no efforts for this?",,,
909,WELD-1600,"When a noncontextual object with injected values is serialized and later deserialized in a new container (ie. after restarting the container), the following NPE occurs:
{code}
java.lang.NullPointerException
  at org.jboss.weld.annotated.slim.backed.BackedAnnotatedField$SerializationProxy.getCandidates(BackedAnnotatedField.java:114)
  at org.jboss.weld.annotated.slim.backed.BackedAnnotatedMember$BackedAnnotatedMemberSerializationProxy.resolve(BackedAnnotatedMember.java:57)
  at org.jboss.weld.annotated.slim.backed.BackedAnnotatedField$SerializationProxy.readResolve(BackedAnnotatedField.java:109)
  at sun.reflect.NativeMethodAccessorImpl.invoke0(Native Method)
  at sun.reflect.NativeMethodAccessorImpl.invoke(NativeMethodAccessorImpl.java:57)
  at sun.reflect.DelegatingMethodAccessorImpl.invoke(DelegatingMethodAccessorImpl.java:43)
  at java.lang.reflect.Method.invoke(Method.java:606)
  at java.io.ObjectStreamClass.invokeReadResolve(ObjectStreamClass.java:1104)
  at java.io.ObjectInputStream.readOrdinaryObject(ObjectInputStream.java:1807)
....
{code}

The reason is that BackedAnnotatedMemberSerializationProxy.type is null, because the type is not yet known to the container. Serializing the object and then deserializing works as expected.",,,
920,WELD-1603,"example: there are 2 decorators and both have a lot in common and therefore there is an abstract class they inherit from. the abstract class specifies abstract methods. if the concrete decorator is a normal class, it works without issues. if the concrete decorator is an abstract class (= abstract decorator), it fails.",,,
926,WELD-1592,See section *18.3. Servlet containers (such as Tomcat or Jetty)*. {{org.jboss.weld.environment.servlet.Listener}} not only boots Weld and forwards ServletRequestListener and HttpSessionListener notifications to {{org.jboss.weld.servlet.WeldInitialListener}} but also does some container-specific configuration.,,,
927,WELD-1567,http://docs.jboss.org/weld/reference/latest/en-US/html/environments.html#d0e5488 still mentions the old listener.,,,
928,WELD-1583,"We should distinguish between:

* bean with passivating scope
* interceptor
* decorator

Currently, a common error message ValidatorLogger.LOG.injectionPointHasNonSerializableDependency() is used, which does not match the interceptor/decorator case.",,,
930,WELD-1562,"{code}
@Named
public class BeanA {...}
{code}
{code}
@Specializes
public class BeanB extends BeanA {...}
{code}
{code}
@Specializes
public class BeanC extends BeanB {
    public String getPropC() { return ""PropC from BeanC here!""; }
}
{code}",,,
935,WELD-1564,"We use CDI extensively in our application.
On performance testing, we see a lot of instances of WeldInterceptorClassMetaData retained in the heap.
This is residing in the old generation and does not let the GC reclaim any memory.

The CDI scopes used in the application -
RequestScope
SessionScope
ViewScope
",,,
936,WELD-1582,"Request fails with following exception:
{noformat}
09:42:38,459 ERROR [io.undertow.request] (default I/O-2) Blocking request failed HttpServerExchange{ GET /testapp/home.jsf}: java.lang.NullPointerException
	at org.jboss.weld.context.http.HttpConversationContextImpl.getRequestAttribute(HttpConversationContextImpl.java:47)
	at org.jboss.weld.context.http.HttpConversationContextImpl.getRequestAttribute(HttpConversationContextImpl.java:13)
	at org.jboss.weld.context.AbstractConversationContext.copyConversationIdGeneratorAndConversationsToSession(AbstractConversationContext.java:177)
	at org.jboss.weld.context.AbstractConversationContext.sessionCreated(AbstractConversationContext.java:185)
	at org.jboss.weld.servlet.ConversationContextActivator.sessionCreated(ConversationContextActivator.java:187)
	at org.jboss.weld.servlet.HttpContextLifecycle.sessionCreated(HttpContextLifecycle.java:122)
	at org.jboss.weld.servlet.WeldInitialListener.sessionCreated(WeldInitialListener.java:107)
	at io.undertow.servlet.core.ApplicationListeners.sessionCreated(ApplicationListeners.java:256)
	at io.undertow.servlet.core.SessionListenerBridge.sessionCreated(SessionListenerBridge.java:36)
	at io.undertow.server.session.SessionListeners.sessionCreated(SessionListeners.java:32)
	at io.undertow.server.session.InMemorySessionManager.createSession(InMemorySessionManager.java:121)
	at io.undertow.servlet.spec.ServletContextImpl.getSession(ServletContextImpl.java:677)
	at io.undertow.servlet.spec.ServletContextImpl.getSession(ServletContextImpl.java:691)
	at io.undertow.servlet.handlers.SessionRestoringHandler.handleRequest(SessionRestoringHandler.java:110)
	at io.undertow.server.handlers.PathHandler.handleRequest(PathHandler.java:56)
	at io.undertow.server.handlers.NameVirtualHostHandler.handleRequest(NameVirtualHostHandler.java:53)
	at io.undertow.server.handlers.error.SimpleErrorPageHandler.handleRequest(SimpleErrorPageHandler.java:76)
	at io.undertow.server.handlers.CanonicalPathHandler.handleRequest(CanonicalPathHandler.java:43)
	at io.undertow.server.handlers.ChannelUpgradeHandler.handleRequest(ChannelUpgradeHandler.java:158)
	at io.undertow.server.Connectors.executeRootHandler(Connectors.java:164)
	at io.undertow.server.protocol.http.HttpReadListener.handleEvent(HttpReadListener.java:142)
	at io.undertow.server.protocol.http.HttpReadListener.handleEvent(HttpReadListener.java:46)
	at org.xnio.ChannelListeners.invokeChannelListener(ChannelListeners.java:92) [xnio-api-3.2.0.Beta4.jar:3.2.0.Beta4]
	at org.xnio.conduits.ReadReadyHandler$ChannelListenerHandler.readReady(ReadReadyHandler.java:66) [xnio-api-3.2.0.Beta4.jar:3.2.0.Beta4]
	at org.xnio.nio.NioSocketConduit.handleReady(NioSocketConduit.java:87) [xnio-nio-3.2.0.Beta4.jar:3.2.0.Beta4]
	at org.xnio.nio.WorkerThread.run(WorkerThread.java:531) [xnio-nio-3.2.0.Beta4.jar:3.2.0.Beta4]
{noformat}",,,
938,WELD-1513,"When using Weld-SE a StackOverflowException is generated from running the following code.

",,,
942,WELD-1560,"Tests which need to be fixed: org.jboss.weld.environment.servlet.test.provider.CustomCDIProviderTestBase
org.jboss.weld.environment.se.test.provider.custom.CustomCDIProviderTest
For description, see https://issues.jboss.org/browse/CDITCK-375",,,
951,WELD-1529,"The embedded tomcat ftest is broken in the permalink example.

Running

mvn clean verify -Ptomcat -Darquillian=tomcat-embedded-6

will fail the tests with

{noformat}
SEVERE: Exception sending request destroyed lifecycle event to listener instance of class org.jboss.weld.environment.servlet.Listener
java.lang.AbstractMethodError: org.apache.catalina.connector.RequestFacade.isAsyncStarted()Z
        at org.jboss.weld.servlet.HttpContextLifecycle.requestDestroyed(HttpContextLifecycle.java:222)
        at org.jboss.weld.servlet.WeldInitialListener.requestDestroyed(WeldInitialListener.java:118)
        at org.jboss.weld.servlet.api.helpers.ForwardingServletListener.requestDestroyed(ForwardingServletListener.java:38)
        at org.apache.catalina.core.StandardContextValve.invoke(StandardContextValve.java:204)
        at org.apache.catalina.core.StandardHostValve.invoke(StandardHostValve.java:127)
        at org.apache.catalina.valves.ErrorReportValve.invoke(ErrorReportValve.java:103)
        at org.apache.catalina.core.StandardEngineValve.invoke(StandardEngineValve.java:109)
        at org.apache.catalina.connector.CoyoteAdapter.service(CoyoteAdapter.java:293)
        at org.apache.coyote.http11.Http11Processor.process(Http11Processor.java:861)
        at org.apache.coyote.http11.Http11Protocol$Http11ConnectionHandler.process(Http11Protocol.java:606)
        at org.apache.tomcat.util.net.JIoEndpoint$Worker.run(JIoEndpoint.java:489)
        at java.lang.Thread.run(Thread.java:724)
{noformat}

The problem is the servlet api 3 dependency on the classpath when running the embedded test, as it confuses Weld into thinking isAsync is supported on tomcat6.",,,
952,WELD-1556,"The latest org.apache.tomcat.InstanceManager (7.0.47) interface is not fully implemented.
public Object newInstance(Class<?> clazz) implementation is missing in  org.jboss.weld.environment.tomcat7.WeldInstanceManger",,,
956,WELD-1553,"Backport the check from https://github.com/weld/core/blob/master/impl/src/main/java/org/jboss/weld/bean/proxy/util/SerializableClientProxy.java#L57
to Weld 1.1",,,
958,WELD-1437,"Weld observes {{AfterBeanDiscovery}} events with {{@Default}} qualifier. However, if another CDI container is present, e.g. if another module is using OpenWebBeans to manage CDI solely for this component, then Weld will receive this event and throw an {{IllegalStateException}}:

{code}
Exception in thread ""main"" java.lang.IllegalStateException: Singleton is not set
	at org.jboss.weld.bootstrap.api.helpers.IsolatedStaticSingletonProvider$IsolatedStaticSingleton.get(IsolatedStaticSingletonProvider.java:52)
	at org.jboss.weld.Container.instance(Container.java:54)
	at org.jboss.weld.context.AbstractContext.<init>(AbstractContext.java:67)
	at org.jboss.weld.context.AbstractManagedContext.<init>(AbstractManagedContext.java:11)
	at org.jboss.weld.context.AbstractUnboundContext.<init>(AbstractUnboundContext.java:31)
	at org.jboss.weld.environment.se.contexts.ThreadContext.<init>(ThreadContext.java:40)
	at org.jboss.weld.environment.se.WeldSEBeanRegistrant.registerWeldSEContexts(WeldSEBeanRegistrant.java:49)
	at sun.reflect.NativeMethodAccessorImpl.invoke0(Native Method)
	at sun.reflect.NativeMethodAccessorImpl.invoke(NativeMethodAccessorImpl.java:39)
	at sun.reflect.DelegatingMethodAccessorImpl.invoke(DelegatingMethodAccessorImpl.java:25)
	at java.lang.reflect.Method.invoke(Method.java:597)
	at org.apache.webbeans.event.ObserverMethodImpl.notify(ObserverMethodImpl.java:267)
	at org.apache.webbeans.event.NotificationManager.fireEvent(NotificationManager.java:474)
	at org.apache.webbeans.container.BeanManagerImpl.fireEvent(BeanManagerImpl.java:440)
	at org.apache.webbeans.container.BeanManagerImpl.fireEvent(BeanManagerImpl.java:430)
	at org.apache.webbeans.config.BeansDeployer.fireAfterBeanDiscoveryEvent(BeansDeployer.java:332)
	at org.apache.webbeans.config.BeansDeployer.deploy(BeansDeployer.java:192)
	at org.apache.webbeans.lifecycle.AbstractLifeCycle.startApplication(AbstractLifeCycle.java:129)
	at com.company.mavenproject1.boot.BootWebBeans.startApplication(BootWebBeans.java:41)
	at com.company.mavenproject1.boot.BootWebBeans.run(BootWebBeans.java:28)
	at com.company.mavenproject1.boot.BootWebBeans.main(BootWebBeans.java:23)
{code}

I consider this being a major issue because it implies that it's impossible to develop components / modules / bean archives (whatever you call it) which use a private CDI container. As soon as Weld is present on the class path, e.g. to manage CDI for the client application, you will get this {{IllegalStateException}}.",,,
959,WELD-1552,"If I define a producer with an injection point for buil-in bean InjectionPoint like this :

{code:java}
@Produces
@Named
public OAuthSession getCurrentSession(InjectionPoint ip) {…}
{code}

And I call {{\#\{currentSession\}}} in JSF or JSP page, I get an exception {code}
WELD-000009: Dynamic lookup of Implicit Bean [javax.enterprise.inject.spi.InjectionPoint] with qualifiers [@Default] is not supported
{code}
thrown by {{InjectionPointBean.getInjectionPoint()}} method.
In Weld 1.x I had a null value injected in my InjectionPoint.

According to the CDI 1.1 spec : ""6.5.3. Contextual reference for a bean"", the correct behavior should be the Weld 1.x one : returning a null InjectionPoint.",,,
960,WELD-1545,NoData,,,
962,WELD-1543,https://issues.apache.org/jira/browse/DELTASPIKE-436,,,
969,WELD-1537,NoData,,,
971,WELD-1521,"*Scenario:*

I'm trying to add an interceptor to a class in a third-party lib where I can't modify {{beans.xml}}.

As a workaround, I observe {{ProcessAnnotatedType}} in a portable extension to add an {{@Interceptors}} annotation to the given bean type.

*Problem:*

This causes an exception, apparently due to this piece of code in {{AbstractClassBean}}:

{code}
private void initClassDeclaredEjbInterceptors() {
  Class<?>[] classDeclaredInterceptors = null;
  if (getWeldAnnotated().isAnnotationPresent(...)) {
    Annotation interceptorsAnnotation = getType().getAnnotation(...);
            // ...
  }
}
{code}

The CDI type model is checked for the presence of an annotation, but then the actual annotation is read from the raw class and not from the CDI model.
",,,
977,WELD-1525,"The tests yield an error for several classes: {{Java.Lang.ClassFormatError: Absent Code Attribute In Method That Is Not Native Or Abstract In Class File ...}}
The dependencies need to be updated.",,,
981,WELD-1037,"I have a view with a system event like so

<f:metadata>
   <f:event type=""preRenderView"" listener=""#{fileUploadBean.checkAccessToken}"" />
</f:metadata>

the listener is just a faces managed bean and performs a redirect using FacesContext.getCurrentInstance().getExternalContext().redirect(...);
This leads to an exception. When I disable Weld by removing the empty beans.xml file the redirect works fine.

java.lang.IllegalStateException
	org.apache.catalina.connector.ResponseFacade.sendRedirect(ResponseFacade.java:436)
	javax.servlet.http.HttpServletResponseWrapper.sendRedirect(HttpServletResponseWrapper.java:170)
	org.jboss.weld.servlet.ConversationPropagationFilter$1.sendRedirect(ConversationPropagationFilter.java:90)
	com.sun.faces.context.ExternalContextImpl.redirect(ExternalContextImpl.java:576)
	org.dirtybxl.upload.FileUploadBean.redirectToAuthenticationEntrypoint(FileUploadBean.java:105)
	org.dirtybxl.upload.FileUploadBean.checkAccessToken(FileUploadBean.java:87)
	sun.reflect.NativeMethodAccessorImpl.invoke0(Native Method)
	sun.reflect.NativeMethodAccessorImpl.invoke(NativeMethodAccessorImpl.java:39)
	sun.reflect.DelegatingMethodAccessorImpl.invoke(DelegatingMethodAccessorImpl.java:25)
	java.lang.reflect.Method.invoke(Method.java:597)
	org.apache.el.parser.AstValue.invoke(AstValue.java:196)
	org.apache.el.MethodExpressionImpl.invoke(MethodExpressionImpl.java:276)
	org.jboss.weld.util.el.ForwardingMethodExpression.invoke(ForwardingMethodExpression.java:43)
	org.jboss.weld.el.WeldMethodExpression.invoke(WeldMethodExpression.java:56)
	com.sun.faces.facelets.el.TagMethodExpression.invoke(TagMethodExpression.java:105)
	com.sun.faces.facelets.tag.jsf.core.DeclarativeSystemEventListener.processEvent(EventHandler.java:131)
	javax.faces.component.UIComponent$ComponentSystemEventListenerAdapter.processEvent(UIComponent.java:2508)
	javax.faces.event.SystemEvent.processListener(SystemEvent.java:106)
	com.sun.faces.application.ApplicationImpl.processListeners(ApplicationImpl.java:2129)
	com.sun.faces.application.ApplicationImpl.invokeComponentListenersFor(ApplicationImpl.java:2077)
	com.sun.faces.application.ApplicationImpl.publishEvent(ApplicationImpl.java:286)
	com.sun.faces.application.ApplicationImpl.publishEvent(ApplicationImpl.java:244)
	org.jboss.as.weld.webtier.jsf.ForwardingApplication.publishEvent(ForwardingApplication.java:293)
	com.sun.faces.lifecycle.RenderResponsePhase.execute(RenderResponsePhase.java:108)
	com.sun.faces.lifecycle.Phase.doPhase(Phase.java:101)
	com.sun.faces.lifecycle.LifecycleImpl.render(LifecycleImpl.java:139)
	javax.faces.webapp.FacesServlet.service(FacesServlet.java:594)
	org.primefaces.webapp.filter.FileUploadFilter.doFilter(FileUploadFilter.java:79)
	org.jboss.weld.servlet.ConversationPropagationFilter.doFilter(ConversationPropagationFilter.java:67)",,,
993,WELD-1444,"After the OSGi version upgrade, weld-osgi examples are no longer working as containers versions are using older OSGi version.",,,
1024,WELD-1247,"The equals() implementation is incorrect

{code} 
@Override
public boolean equals(Object obj) {
//my fix
     if (obj !=null && obj instanceof ForwardingMethodExpression){
    		obj=((ForwardingMethodExpression)obj).delegate();
    	}
//my fix end
     return this == obj || delegate().equals(obj);
}
{code} 
If the obj is a WeldMethodExpression, it returns false which cause add duplicated listener in Mojarra 2.1

Please see Mojarra  javax.faces.component.UIComponentBase
{code} 
public void subscribeToEvent(Class<? extends SystemEvent> eventClass,
       ComponentSystemEventListener componentListener) {
...
    if (!listenersForEventClass.contains(facesLifecycleListener)) { // see here
        listenersForEventClass.add(facesLifecycleListener);
    }

}
{code} 
",,,
1036,WELD-1407,"While trying to use the 1.2.0.Beta1 of weld-osgi, launching weld-osgi bundles in felix wasn't working properly as some runtime dependencies were not satified

{code}
Constraint violation for package 'org.jboss.weld.environment.se' when resolving module 14.0
  between existing export 14.0.org.jboss.weld.environment.se
   NO BLAME and uses constraint 2.0.org.jboss.weld.environment.se
   BLAMED ON [[14.0] package; (&(package=org.jboss.weld.environment.se)(version>=1.2.0.SNAPSHOT))]
{code}

The problem is bnd files that generates OSGi manifest.mf have hard coded versions:

in core / environments / osgi / core / integration / src / main / resources / META-INF / weld-osgi-core-integration.bnd

{code}
...
 org.jboss.weld.environment.se.events; \
 org.jboss.weld.environment.se.bindings; \
 org.jboss.weld.environment.se.threading; \
 org.jboss.weld.environment.se.beans; \
 org.jboss.weld.environment.se.discovery; \
 org.jboss.weld.environment.se.discovery.url; \
 org.jboss.weld.environment.se.contexts; \
 org.jboss.weld.messages; version=1.2.0-SNAPSHOT
...
{code}
This should be fixed to avoid issues for the next release.

Additional work may be needed to remove all the hard coded dependencies in theses files (mostly testing and checking if it's really necessary)",,,
1067,WELD-1406,"Following the Weld-OSGi user guide (http://docs.jboss.org/weld/reference/1.2.0.Beta1/weld-osgi/user-guide/html/)  with the latest 1.2.0-SNAPSHOT version,
Starting the custom bundle is throwing the exception:

{code}16:13:32.164 [Gogo shell]    ERROR o.j.w.e.o.i.i.Weld - Initialization of Weld instance for bundle com.sample.hello-world-multilingual [10] caused an error: java.lang.NoClassDefFoundError: org/jboss/weld/interceptor/InterceptorBindingType 
java.lang.NoClassDefFoundError: org/jboss/weld/interceptor/InterceptorBindingType
{code}

This is because {{InterceptorBindingType}} class is used in {{weld-osgi-core-integration}} and the package is not imported in {{weld-osgi-core-integration}} nor exported in weld-osgi-core-mandatory",,,
1098,WELD-1408,"WELD-1307 is removing the bundle from {{managed}} map and then the stop task is checking if the bundle is in the map (in the following lines). stop management is then never executed and stop events are not sent as expected.
This can be easily reproduced with the user guide http://docs.jboss.org/weld/reference/1.2.0.Beta1/weld-osgi/user-guide/html/ch02.html#d0e306 example : ""Goodbye World!"" is never printed

at {{org.jboss.weld.environment.osgi.impl.integration.IntegrationActivator.stopManagement(IntegrationActivator.java:241)}}

{code}
            if (future == null) {
            final CDIContainer container = managed.remove(bundle.getBundleId());
{code}

but the stop events are fired if 
{code}
if (started.get() && managed.containsKey(bundle.getBundleId())) {
{code}
",,,
1129,WELD-1526,"The container returns a wrong context path URL, resulting in: {{java.lang.NumberFormatException: For input string: ""8080home.jsf""}}",,,
1131,WELD-1522,"The problem is a context might try to create a new bean instance even if no CreationalContext is given.

It seems the CDI spec is not completely clear in this area:
{quote}
The get() method may not create a new instance of the given contextual type unless a CreationalContext is given.
{quote}
But it doesn't specify which of the two methods. The javadoc on the other hand states the {{javax.enterprise.context.spi.Context.get(Contextual<T>, CreationalContext<T>)}} method returns ""the contextual instance"".

Nevertheless I think it would be definitely better to call {{javax.enterprise.context.spi.Context.get(Contextual<T>)}} to avoid confusion.",,,
1140,WELD-1515,"The following CDI extension *fails to deploy* if Foo is not on classpath:

{code}
public class BrokenExtension implements Extension {
    private Foo foo;
}
{code}

However, if the missing dependency is not a field but a parent class as in the following, the extension is disregarded by the container, but the archive *deploys successfully*:
{code}
public class BrokenExtension extends Foo implements Extension {
}
{code}

It would be more consistent if the behaviour from the second case applied in both cases.",,,
1147,WELD-1506,"{code}
java.lang.RuntimeException: Unable to instantiate Drone via org.openqa.selenium.htmlunit.HtmlUnitDriver(Capabilities)
        at org.jboss.arquillian.drone.webdriver.factory.SecurityActions.newInstance(SecurityActions.java:160)
        at org.jboss.arquillian.drone.webdriver.factory.HtmlUnitDriverFactory.createInstance(HtmlUnitDriverFactory.java:86)
        at org.jboss.arquillian.graphene.drone.factory.GrapheneHtmlUnitDriverFactory.createInstance(GrapheneHtmlUnitDriverFactory.java:74)
        at org.jboss.arquillian.graphene.drone.factory.GrapheneHtmlUnitDriverFactory.createInstance(GrapheneHtmlUnitDriverFactory.java:39)
        at org.jboss.arquillian.drone.webdriver.factory.WebDriverFactory.createInstance(WebDriverFactory.java:129)
        at org.jboss.arquillian.graphene.drone.factory.GrapheneWebDriverFactory.createInstance(GrapheneWebDriverFactory.java:80)
        at org.jboss.arquillian.graphene.drone.factory.GrapheneWebDriverFactory.createInstance(GrapheneWebDriverFactory.java:41)
        at org.jboss.arquillian.drone.impl.DroneCreator.createWebTestBrowser(DroneCreator.java:71)
        at sun.reflect.NativeMethodAccessorImpl.invoke0(Native Method)
        at sun.reflect.NativeMethodAccessorImpl.invoke(NativeMethodAccessorImpl.java:57)
        at sun.reflect.DelegatingMethodAccessorImpl.invoke(DelegatingMethodAccessorImpl.java:43)
        at java.lang.reflect.Method.invoke(Method.java:606)
        at org.jboss.arquillian.core.impl.ObserverImpl.invoke(ObserverImpl.java:94)
        at org.jboss.arquillian.core.impl.EventContextImpl.invokeObservers(EventContextImpl.java:99)
        at org.jboss.arquillian.core.impl.EventContextImpl.proceed(EventContextImpl.java:81)
        at org.jboss.arquillian.core.impl.ManagerImpl.fire(ManagerImpl.java:135)
        at org.jboss.arquillian.core.impl.ManagerImpl.fire(ManagerImpl.java:115)
        at org.jboss.arquillian.core.impl.EventImpl.fire(EventImpl.java:67)
        at org.jboss.arquillian.drone.impl.DroneConfigurator.configureDrone(DroneConfigurator.java:116)
        at sun.reflect.NativeMethodAccessorImpl.invoke0(Native Method)
        at sun.reflect.NativeMethodAccessorImpl.invoke(NativeMethodAccessorImpl.java:57)
        at sun.reflect.DelegatingMethodAccessorImpl.invoke(DelegatingMethodAccessorImpl.java:43)
        at java.lang.reflect.Method.invoke(Method.java:606)
        at org.jboss.arquillian.core.impl.ObserverImpl.invoke(ObserverImpl.java:94)
        at org.jboss.arquillian.core.impl.EventContextImpl.invokeObservers(EventContextImpl.java:99)
        at org.jboss.arquillian.core.impl.EventContextImpl.proceed(EventContextImpl.java:81)
        at org.jboss.arquillian.test.impl.TestContextHandler.createClassContext(TestContextHandler.java:75)
        at sun.reflect.NativeMethodAccessorImpl.invoke0(Native Method)
        at sun.reflect.NativeMethodAccessorImpl.invoke(NativeMethodAccessorImpl.java:57)
        at sun.reflect.DelegatingMethodAccessorImpl.invoke(DelegatingMethodAccessorImpl.java:43)
        at java.lang.reflect.Method.invoke(Method.java:606)
        at org.jboss.arquillian.core.impl.ObserverImpl.invoke(ObserverImpl.java:94)
        at org.jboss.arquillian.core.impl.EventContextImpl.proceed(EventContextImpl.java:88)
        at org.jboss.arquillian.test.impl.TestContextHandler.createSuiteContext(TestContextHandler.java:60)
        at sun.reflect.NativeMethodAccessorImpl.invoke0(Native Method)
        at sun.reflect.NativeMethodAccessorImpl.invoke(NativeMethodAccessorImpl.java:57)
        at sun.reflect.DelegatingMethodAccessorImpl.invoke(DelegatingMethodAccessorImpl.java:43)
        at java.lang.reflect.Method.invoke(Method.java:606)
        at org.jboss.arquillian.core.impl.ObserverImpl.invoke(ObserverImpl.java:94)
        at org.jboss.arquillian.core.impl.EventContextImpl.proceed(EventContextImpl.java:88)
        at org.jboss.arquillian.core.impl.ManagerImpl.fire(ManagerImpl.java:135)
        at org.jboss.arquillian.core.impl.ManagerImpl.fire(ManagerImpl.java:115)
        at org.jboss.arquillian.test.impl.EventTestRunnerAdaptor.beforeClass(EventTestRunnerAdaptor.java:80)
        at org.jboss.arquillian.junit.Arquillian$2.evaluate(Arquillian.java:182)
        at org.jboss.arquillian.junit.Arquillian.multiExecute(Arquillian.java:314)
        at org.jboss.arquillian.junit.Arquillian.access$100(Arquillian.java:46)
        at org.jboss.arquillian.junit.Arquillian$3.evaluate(Arquillian.java:199)
        at org.junit.runners.ParentRunner.run(ParentRunner.java:236)
        at org.jboss.arquillian.junit.Arquillian.run(Arquillian.java:147)
        at org.apache.maven.surefire.junit4.JUnit4Provider.execute(JUnit4Provider.java:252)
        at org.apache.maven.surefire.junit4.JUnit4Provider.executeTestSet(JUnit4Provider.java:141)
        at org.apache.maven.surefire.junit4.JUnit4Provider.invoke(JUnit4Provider.java:112)
        at sun.reflect.NativeMethodAccessorImpl.invoke0(Native Method)
        at sun.reflect.NativeMethodAccessorImpl.invoke(NativeMethodAccessorImpl.java:57)
        at sun.reflect.DelegatingMethodAccessorImpl.invoke(DelegatingMethodAccessorImpl.java:43)
        at java.lang.reflect.Method.invoke(Method.java:606)
        at org.apache.maven.surefire.util.ReflectionUtils.invokeMethodWithArray(ReflectionUtils.java:189)
        at org.apache.maven.surefire.booter.ProviderFactory$ProviderProxy.invoke(ProviderFactory.java:165)
        at org.apache.maven.surefire.booter.ProviderFactory.invokeProvider(ProviderFactory.java:85)
        at org.apache.maven.surefire.booter.ForkedBooter.runSuitesInProcess(ForkedBooter.java:115)
        at org.apache.maven.surefire.booter.ForkedBooter.main(ForkedBooter.java:75)
Caused by: java.lang.NoSuchFieldError: NO_FORMAT
        at org.apache.log4j.spi.LoggingEvent.<init>(LoggingEvent.java:106)
        at org.apache.log4j.Category.forcedLog(Category.java:118)
        at org.apache.log4j.Category.log(Category.java:288)
        at org.apache.commons.logging.impl.Log4JLogger.debug(Log4JLogger.java:177)
        at com.gargoylesoftware.htmlunit.WebClient.getPage(WebClient.java:290)
        at com.gargoylesoftware.htmlunit.WebClient.getPage(WebClient.java:369)
        at org.openqa.selenium.htmlunit.HtmlUnitDriver.get(HtmlUnitDriver.java:346)
        at org.openqa.selenium.htmlunit.HtmlUnitDriver.get(HtmlUnitDriver.java:322)
        at org.openqa.selenium.htmlunit.HtmlUnitDriver.<init>(HtmlUnitDriver.java:162)
        at org.openqa.selenium.htmlunit.HtmlUnitDriver.<init>(HtmlUnitDriver.java:185)
        at sun.reflect.NativeConstructorAccessorImpl.newInstance0(Native Method)
        at sun.reflect.NativeConstructorAccessorImpl.newInstance(NativeConstructorAccessorImpl.java:57)
        at sun.reflect.DelegatingConstructorAccessorImpl.newInstance(DelegatingConstructorAccessorImpl.java:45)
        at java.lang.reflect.Constructor.newInstance(Constructor.java:526)
        at org.jboss.arquillian.drone.webdriver.factory.SecurityActions.newInstance(SecurityActions.java:142)
        ... 60 more
{code}",,,
1155,WELD-1509,Tomcat is probably not running neither because of the same JSF-API in the dependencies.,,,
1175,WELD-1481,We should either remove this section (20.1. Excluding classes from scanning and deployment) or reword the contents to follow the spec (12.4 Bean discovery).,,,
1177,WELD-1504,"{{@PreDestroy}} callbacks are not invoked. Although this is not clearly defined in the spec Weld should support {{javax.inject.Singleton}} beans. The lifecycle should be identical to {{@ApplicationScoped}}.
",,,
1181,WELD-1499,"Weld only calls {{conversation.lock()}} when using an existing conversation. It never locks the conversation when the conversation is created. Since a new request with the same cid can be started before the first request (the one that created the conversation) has finished, there can in fact be two requests associated with the same conversation.",,,
1193,WELD-1500,"As soon as a conversation is marked long-running, it is assigned a cid. If the html response of the request that began the conversation contains links to resources (e.g. images) that include the cid in their urls, the browser may request these resources before the first request has finished. 

Weld stores conversations in the cid-to-conversation map only at the end of a request. All requests that are received by the server before the first request has finished, will therefore receive a NonexistentConversationException.

Weld should be able to look up a conversation by id as soon as the conversation is assigned an id.",,,
1205,WELD-1418,"There's a race condition in AbstractConversationContext when create first conversation scope if it's the first request of one session.
Suppose such scenario
# User requests a jsf page
# weld creates a conversations map in the AbstractConversationContext.associate()
# Because it is the first request, there's no session. Weld keep this map in request
# A conversation scoped bean is created and put to the map.
# In somewhere, a session is created
# In the render phase, server sends partial response back. The page need some jsf resource, eg, jsf2 ajax or jsf resource
# Browser requests the new jsf resource
# At this time  The first request has not finished. So it doesn't reach dissociate() and doesn't put conversations map in the session.
# Meanwhile  The second request reach associate(). There's no conversations map in the session, and the session is existing. It puts its new map! <====
# Then, even the first request reach dissociate(), because there's already a map, it doesn't put its owner anymore. <====

A quick and dirty fix is always create session before associate(). However, it's better to merge the map in the dissociate()


I upload a example which is very easy to reproduce the problem.




",,,
1217,WELD-1493,"For producer fields with an invalid type (containing a wildcard or type variable), the exception message does not mention producer fields, but producer methods: ""A producer method cannot have a return type parameterized with wildcards. Method {0}""
",,,
1260,WELD-1494,Weld should throw a definition exception when a producer's return type is an array with a component type that is a type variable or a parameterized type containing a wildcard ({{T[]}} or {{Foo<?>[]}}). ,,,
1303,WELD-1473,"I have the following session bean
{code}
@Stateless
public class MockLoginActionBean extends LoginActionBean { }

its superclass
{code}
public class LoginActionBean implements LoginAction { }
{code}

and an interface
{code}
public interface LoginAction { }
{code}

According to the spec., the bean types of an instance of a MockLoginActionBean should only be Object, MockLoginActionBean and LoginActionBean, however also LoginAction is contained in the set returned by javax.enterprise.inject.spi.BeanAttributes.getTypes(). This holds whether the superclass (LoginActionBean) is a session bean or not, even if the interface LoginAction is annotated @Remote or @Local.
",,,
1311,WELD-1451,"Injecting a session bean that specializes another session bean is failing deployment due to an ambiguous dependency exception.  The reason for the  exception is because the injection point injects by the interface of the EBJs.  If I make the injection point type the EJB class it successfully deploys.  Below is  the summary of the classes that are included in the attachment.

This works ok in Weld 2.0 with GlassFish but fails on existing WLS which 
is using 1.1.10.Final and also fails with 1.1.13.Final.
Class Summary:
@Local
public interface AccountBeanLocal {}

@Stateless
public class AccountBean implements AccountBeanLocal {}

@Stateless
@Specializes
public class MockAccountBean extends AccountBean {}

public class EarSpecializeServlet extends HttpServlet {}
     @Inject
     AccountBeanLocal bean;
...
}


If I change the injection point to the super class then it deploys fine.
     @Inject
     AccountBean bean;",,,
1318,WELD-1466,"BeanManager.getBeans() throws an exception if the state of the container is anything other than VALIDATED or INITIALIZED. 

The message of the exception is ""BeanManager method getBeans() is not available during application initialization"", which is misleading when the container is in the SHUTDOWN state. 

Actually, the spec doesn't even say that an exception should be thrown when shutdown. But it sounds reasonable that it should.

We should either not throw the exception or change the message to something like ""... getBeans() is not available during application initialization or after shutdown"" (or split these two cases and have different messages for each case).",,,
1321,WELD-1373,"maven-enforcer-plugin 1.2 reports dependency convergence error:

  +-org.jboss.weld.se:weld-se-core:1.1.11.Final
    +-org.jboss.weld:weld-spi:1.1.Final
      +-javax.enterprise:cdi-api:1.0-SP3
and
  +-org.jboss.weld.se:weld-se-core:1.1.11.Final
    +-javax.enterprise:cdi-api:1.0-SP4
and
  +-org.jboss.weld:weld-core:1.1.11.Final
    +-javax.enterprise:cdi-api:1.0-SP4
and
  +-org.jboss.weld:weld-core:1.1.11.Final
    +-org.jboss.weld:weld-api:1.1.Final
      +-javax.enterprise:cdi-api:1.0-SP3

With that, we can't use maven-enforcer-plugin in the top POM of our project.",,,
1322,WELD-1126,"It is actually not problem of Weld functionality, but some problem of HtmlUnit used in tests. ",,,
1336,WELD-1215,"If there is a library that contains a class that is invalid because it implements something that is not on the classpath then if it also contains a nested class then deployment will fail.

Here is example output from weld SE in a junit test demonstrating this behaviour:

java.lang.NoClassDefFoundError: org/apache/commons/collections/Closure
	at java.lang.ClassLoader.defineClass1(Native Method)
	at java.lang.ClassLoader.defineClass(ClassLoader.java:787)
	at java.security.SecureClassLoader.defineClass(SecureClassLoader.java:142)
	at java.net.URLClassLoader.defineClass(URLClassLoader.java:447)
	at java.net.URLClassLoader.access$100(URLClassLoader.java:71)
	at java.net.URLClassLoader$1.run(URLClassLoader.java:361)
	at java.net.URLClassLoader$1.run(URLClassLoader.java:355)
	at java.security.AccessController.doPrivileged(Native Method)
	at java.net.URLClassLoader.findClass(URLClassLoader.java:354)
	at java.lang.ClassLoader.loadClass(ClassLoader.java:423)
	at sun.misc.Launcher$AppClassLoader.loadClass(Launcher.java:308)
	at java.lang.ClassLoader.loadClass(ClassLoader.java:356)
	at java.lang.Class.getDeclaringClass(Native Method)
	at java.lang.Class.getEnclosingClass(Class.java:1105)
	at java.lang.Class.getSimpleBinaryName(Class.java:1240)
	at java.lang.Class.isMemberClass(Class.java:1230)
	at org.jboss.weld.util.reflection.Reflections.isNonStaticInnerClass(Reflections.java:139)
	at org.jboss.weld.bootstrap.BeanDeployer.addClass(BeanDeployer.java:78)
	at org.jboss.weld.bootstrap.BeanDeployer.addClasses(BeanDeployer.java:123)
	at org.jboss.weld.bootstrap.BeanDeployment.createBeans(BeanDeployment.java:184)
	at org.jboss.weld.bootstrap.WeldBootstrap.deployBeans(WeldBootstrap.java:350)
	at org.jboss.weld.bootstrap.api.helpers.ForwardingBootstrap.deployBeans(ForwardingBootstrap.java:70)
	at org.jboss.weld.environment.se.Weld.initialize(Weld.java:133)
	at org.test.AppTest.test(AppTest.java:16)
	at sun.reflect.NativeMethodAccessorImpl.invoke0(Native Method)
	at sun.reflect.NativeMethodAccessorImpl.invoke(NativeMethodAccessorImpl.java:57)
	at sun.reflect.DelegatingMethodAccessorImpl.invoke(DelegatingMethodAccessorImpl.java:43)
	at java.lang.reflect.Method.invoke(Method.java:601)
	at org.junit.runners.model.FrameworkMethod$1.runReflectiveCall(FrameworkMethod.java:45)
	at org.junit.internal.runners.model.ReflectiveCallable.run(ReflectiveCallable.java:15)
	at org.junit.runners.model.FrameworkMethod.invokeExplosively(FrameworkMethod.java:42)
	at org.junit.internal.runners.statements.InvokeMethod.evaluate(InvokeMethod.java:20)
	at org.junit.runners.ParentRunner.runLeaf(ParentRunner.java:263)
	at org.junit.runners.BlockJUnit4ClassRunner.runChild(BlockJUnit4ClassRunner.java:68)
	at org.junit.runners.BlockJUnit4ClassRunner.runChild(BlockJUnit4ClassRunner.java:47)
	at org.junit.runners.ParentRunner$3.run(ParentRunner.java:231)
	at org.junit.runners.ParentRunner$1.schedule(ParentRunner.java:60)
	at org.junit.runners.ParentRunner.runChildren(ParentRunner.java:229)
	at org.junit.runners.ParentRunner.access$000(ParentRunner.java:50)
	at org.junit.runners.ParentRunner$2.evaluate(ParentRunner.java:222)
	at org.junit.runners.ParentRunner.run(ParentRunner.java:300)
	at org.eclipse.jdt.internal.junit4.runner.JUnit4TestReference.run(JUnit4TestReference.java:50)
	at org.eclipse.jdt.internal.junit.runner.TestExecution.run(TestExecution.java:38)
	at org.eclipse.jdt.internal.junit.runner.RemoteTestRunner.runTests(RemoteTestRunner.java:467)
	at org.eclipse.jdt.internal.junit.runner.RemoteTestRunner.runTests(RemoteTestRunner.java:683)
	at org.eclipse.jdt.internal.junit.runner.RemoteTestRunner.run(RemoteTestRunner.java:390)
	at org.eclipse.jdt.internal.junit.runner.RemoteTestRunner.main(RemoteTestRunner.java:197)
Caused by: java.lang.ClassNotFoundException: org.apache.commons.collections.Closure
	at java.net.URLClassLoader$1.run(URLClassLoader.java:366)
	at java.net.URLClassLoader$1.run(URLClassLoader.java:355)
	at java.security.AccessController.doPrivileged(Native Method)
	at java.net.URLClassLoader.findClass(URLClassLoader.java:354)
	at java.lang.ClassLoader.loadClass(ClassLoader.java:423)
	at sun.misc.Launcher$AppClassLoader.loadClass(Launcher.java:308)
	at java.lang.ClassLoader.loadClass(ClassLoader.java:356)
	... 47 more

Attached is a simple project that demonstrates the issue
",,,
1340,WELD-1299,"If unsafe instantiators are unabled, UnsafeInstantiator is used to create instances of enhanced subclasses. As a result, an @Inject annotated constructor is not called. For now, UnsafeInstantiator should only be used for instantiation of client proxies.

The bug can be reproduces by modifying PerDeploymentInstantiatorWithTest to include:

assertNotNull(bean.getUnproxiable().getBm());",,,
1345,WELD-1174,See the forum discussion at https://community.jboss.org/thread/203007,,,
1373,WELD-1178,"If exception is thrown during render response (JSF app) then ExceptionHandler (seam3) is notified after conversation context has been deactivated. If such exception handler wants to redirect to error page using following code:

NavigationHandler navHandler = context.getApplication().getNavigationHandler();
navHandler.handleNavigation(context, """", viewId+""?faces-redirect=true"");

then ConversationAwareViewHandler will get called on getActionURL(FacesContext facesContext, String viewId)
which doesn't check if conversation context is active and calls conversation.isTransient, which in turn throws exception (context inactive).

I'd say there should be no call to conversation if context is inactive.",,,
1385,WELD-1217,"Adding a method to an interceptor that does not match the expected signature causes a warning to be logged. This throws an error due to a missing resource entry.

java.util.MissingResourceException: Can't find resource for bundle ch.qos.cal10n.util.CAL10NResourceBundle, key INTERCEPTOR_METHOD_DOES_NOT_HAVE_CORRECT_TYPE_OF_ARGUMENT
	at java.util.ResourceBundle.getObject(ResourceBundle.java:374)
	at java.util.ResourceBundle.getString(ResourceBundle.java:334)
	at ch.qos.cal10n.MessageConveyor.getMessage(MessageConveyor.java:82)
	at org.jboss.weld.logging.WeldMessageConveyor.getMessage(WeldMessageConveyor.java:66)
	at org.slf4j.cal10n.LocLogger.warn(LocLogger.java:141)
	at org.jboss.weld.interceptor.reader.InterceptorMetadataUtils.isValidBusinessMethodInterceptorMethod(InterceptorMetadataUtils.java:109)
",,,
1388,WELD-1192,"{code}
11:50:54,213 ERROR [org.jboss.msc.service.fail] (MSC service thread 1-2) MSC00001: Failed to start service jboss.deployment.unit.""Cerberus.ear"".WeldService: org.jboss.msc.service.StartException in service jboss.deployment.unit.""Cerberus.ear"".WeldService: java.lang.NullPointerException
	at org.jboss.as.weld.services.WeldService.start(WeldService.java:83)
	at org.jboss.msc.service.ServiceControllerImpl$StartTask.startService(ServiceControllerImpl.java:1811) [jboss-msc-1.0.2.GA.jar:1.0.2.GA]
	at org.jboss.msc.service.ServiceControllerImpl$StartTask.run(ServiceControllerImpl.java:1746) [jboss-msc-1.0.2.GA.jar:1.0.2.GA]
	at java.util.concurrent.ThreadPoolExecutor.runWorker(Unknown Source) [rt.jar:1.7.0_05]
	at java.util.concurrent.ThreadPoolExecutor$Worker.run(Unknown Source) [rt.jar:1.7.0_05]
	at java.lang.Thread.run(Unknown Source) [rt.jar:1.7.0_05]
Caused by: java.lang.NullPointerException
	at org.jboss.weld.bootstrap.Validator.validateBean(Validator.java:147)
	at org.jboss.weld.bootstrap.Validator.validateRIBean(Validator.java:163)
	at org.jboss.weld.bootstrap.Validator.validateBeans(Validator.java:382)
	at org.jboss.weld.bootstrap.Validator.validateDeployment(Validator.java:367)
	at org.jboss.weld.bootstrap.WeldBootstrap.validateBeans(WeldBootstrap.java:380)
	at org.jboss.as.weld.WeldContainer.start(WeldContainer.java:83)
	at org.jboss.as.weld.services.WeldService.start(WeldService.java:76)
	... 5 more
{code}",,,
1392,WELD-1191,"My project has a JSF converter that is made injectable by Seam Faces. It extends the Seam Faces Converter abstract class:

{code}
@FacesConverter(""QueryField"")
@RequestScoped
public class QueryFieldConverter extends Converter<QueryField<?>>
{code}

In AS 7.1.1.Final, this is not a problem. In a recent AS 7.2.0.Alpha1 snapshot (which uses Weld 1.1.9.Final), I get the following exception:

{code}
11:56:41,539 ERROR [org.jboss.msc.service.fail] (MSC service thread 1-15) MSC00001: Failed to start service jboss.deployment.unit.""Cerberus.ear"".WeldService: org.jboss.msc.service.StartException in service jboss.deployment.unit.""Cerberus.ear"".WeldService: org.jboss.weld.exceptions.UnproxyableResolutionException: WELD-001435 Normal scoped bean class com.lapis.cerberus.status.query.QueryField is not proxyable because it has no no-args constructor - Managed Bean [class com.lapis.cerberus.portal.convert.QueryFieldConverter] with qualifiers [@Any @Default].
	at org.jboss.as.weld.services.WeldService.start(WeldService.java:83)
	at org.jboss.msc.service.ServiceControllerImpl$StartTask.startService(ServiceControllerImpl.java:1811) [jboss-msc-1.0.2.GA.jar:1.0.2.GA]
	at org.jboss.msc.service.ServiceControllerImpl$StartTask.run(ServiceControllerImpl.java:1746) [jboss-msc-1.0.2.GA.jar:1.0.2.GA]
	at java.util.concurrent.ThreadPoolExecutor.runWorker(Unknown Source) [rt.jar:1.7.0_05]
	at java.util.concurrent.ThreadPoolExecutor$Worker.run(Unknown Source) [rt.jar:1.7.0_05]
	at java.lang.Thread.run(Unknown Source) [rt.jar:1.7.0_05]
Caused by: org.jboss.weld.exceptions.UnproxyableResolutionException: WELD-001435 Normal scoped bean class com.lapis.cerberus.status.query.QueryField is not proxyable because it has no no-args constructor - Managed Bean [class com.lapis.cerberus.portal.convert.QueryFieldConverter] with qualifiers [@Any @Default].
	at org.jboss.weld.util.Proxies.getUnproxyableClassException(Proxies.java:214)
	at org.jboss.weld.util.Proxies.getUnproxyableTypeException(Proxies.java:184)
	at org.jboss.weld.util.Proxies.getUnproxyableTypesExceptionInt(Proxies.java:195)
	at org.jboss.weld.util.Proxies.getUnproxyableTypesException(Proxies.java:169)
	at org.jboss.weld.bootstrap.Validator.validateBean(Validator.java:147)
	at org.jboss.weld.bootstrap.Validator.validateRIBean(Validator.java:163)
	at org.jboss.weld.bootstrap.Validator.validateBeans(Validator.java:382)
	at org.jboss.weld.bootstrap.Validator.validateDeployment(Validator.java:367)
	at org.jboss.weld.bootstrap.WeldBootstrap.validateBeans(WeldBootstrap.java:380)
	at org.jboss.as.weld.WeldContainer.start(WeldContainer.java:83)
	at org.jboss.as.weld.services.WeldService.start(WeldService.java:76)
	... 5 more
{code}

If I'm not mistaken, Converter should be a bean type of QueryFieldConverter, but QueryField should not, given that QueryFieldConverter does not extend QueryField (which is an abstract class). Therefore, Weld should not be trying to proxy it.

I attempted to work around this issue by using @Typed to specify which types should be considered bean types. The mere presence of that annotation results in this exception:

{code}
11:50:54,213 ERROR [org.jboss.msc.service.fail] (MSC service thread 1-2) MSC00001: Failed to start service jboss.deployment.unit.""Cerberus.ear"".WeldService: org.jboss.msc.service.StartException in service jboss.deployment.unit.""Cerberus.ear"".WeldService: java.lang.NullPointerException
	at org.jboss.as.weld.services.WeldService.start(WeldService.java:83)
	at org.jboss.msc.service.ServiceControllerImpl$StartTask.startService(ServiceControllerImpl.java:1811) [jboss-msc-1.0.2.GA.jar:1.0.2.GA]
	at org.jboss.msc.service.ServiceControllerImpl$StartTask.run(ServiceControllerImpl.java:1746) [jboss-msc-1.0.2.GA.jar:1.0.2.GA]
	at java.util.concurrent.ThreadPoolExecutor.runWorker(Unknown Source) [rt.jar:1.7.0_05]
	at java.util.concurrent.ThreadPoolExecutor$Worker.run(Unknown Source) [rt.jar:1.7.0_05]
	at java.lang.Thread.run(Unknown Source) [rt.jar:1.7.0_05]
Caused by: java.lang.NullPointerException
	at org.jboss.weld.bootstrap.Validator.validateBean(Validator.java:147)
	at org.jboss.weld.bootstrap.Validator.validateRIBean(Validator.java:163)
	at org.jboss.weld.bootstrap.Validator.validateBeans(Validator.java:382)
	at org.jboss.weld.bootstrap.Validator.validateDeployment(Validator.java:367)
	at org.jboss.weld.bootstrap.WeldBootstrap.validateBeans(WeldBootstrap.java:380)
	at org.jboss.as.weld.WeldContainer.start(WeldContainer.java:83)
	at org.jboss.as.weld.services.WeldService.start(WeldService.java:76)
	... 5 more
{code}",,,
1393,WELD-1171,"{code}
com.google.common.collect.ComputationException: java.lang.ArrayIndexOutOfBoundsException: 2
	at com.google.common.collect.ComputingConcurrentHashMap$ComputingMapAdapter.get(ComputingConcurrentHashMap.java:397)
	at org.jboss.weld.resources.ClassTransformer.getAnnotatedType(ClassTransformer.java:182)
	at org.jboss.weld.bootstrap.BeanDeployer.processAnnotatedTypes(BeanDeployer.java:155)
	at org.jboss.weld.bootstrap.BeanDeployment.createBeans(BeanDeployment.java:215)
	at org.jboss.weld.bootstrap.WeldBootstrap.deployBeans(WeldBootstrap.java:399)
	at org.jboss.arquillian.container.weld.ee.embedded_1_1.mock.TestContainer.startContainer(TestContainer.java:257)
	at org.jboss.arquillian.container.weld.ee.embedded_1_1.WeldEEMockContainer.deploy(WeldEEMockContainer.java:98)
	at org.jboss.arquillian.container.impl.client.container.ContainerDeployController$3.call(ContainerDeployController.java:161)
	at org.jboss.arquillian.container.impl.client.container.ContainerDeployController$3.call(ContainerDeployController.java:128)
	at org.jboss.arquillian.container.impl.client.container.ContainerDeployController.executeOperation(ContainerDeployController.java:271)
	at org.jboss.arquillian.container.impl.client.container.ContainerDeployController.deploy(ContainerDeployController.java:127)
	at sun.reflect.NativeMethodAccessorImpl.invoke0(Native Method)
	at sun.reflect.NativeMethodAccessorImpl.invoke(NativeMethodAccessorImpl.java:57)
	at sun.reflect.DelegatingMethodAccessorImpl.invoke(DelegatingMethodAccessorImpl.java:43)
	at java.lang.reflect.Method.invoke(Method.java:601)
	at org.jboss.arquillian.core.impl.ObserverImpl.invoke(ObserverImpl.java:90)
	at org.jboss.arquillian.core.impl.EventContextImpl.invokeObservers(EventContextImpl.java:99)
	at org.jboss.arquillian.core.impl.EventContextImpl.proceed(EventContextImpl.java:81)
	at org.jboss.arquillian.container.impl.client.ContainerDeploymentContextHandler.createDeploymentContext(ContainerDeploymentContextHandler.java:78)
	at sun.reflect.NativeMethodAccessorImpl.invoke0(Native Method)
	at sun.reflect.NativeMethodAccessorImpl.invoke(NativeMethodAccessorImpl.java:57)
	at sun.reflect.DelegatingMethodAccessorImpl.invoke(DelegatingMethodAccessorImpl.java:43)
	at java.lang.reflect.Method.invoke(Method.java:601)
	at org.jboss.arquillian.core.impl.ObserverImpl.invoke(ObserverImpl.java:90)
	at org.jboss.arquillian.core.impl.EventContextImpl.proceed(EventContextImpl.java:88)
	at org.jboss.arquillian.container.impl.client.ContainerDeploymentContextHandler.createContainerContext(ContainerDeploymentContextHandler.java:57)
	at sun.reflect.NativeMethodAccessorImpl.invoke0(Native Method)
	at sun.reflect.NativeMethodAccessorImpl.invoke(NativeMethodAccessorImpl.java:57)
	at sun.reflect.DelegatingMethodAccessorImpl.invoke(DelegatingMethodAccessorImpl.java:43)
	at java.lang.reflect.Method.invoke(Method.java:601)
	at org.jboss.arquillian.core.impl.ObserverImpl.invoke(ObserverImpl.java:90)
	at org.jboss.arquillian.core.impl.EventContextImpl.proceed(EventContextImpl.java:88)
	at org.jboss.arquillian.container.impl.client.container.DeploymentExceptionHandler.verifyExpectedExceptionDuringDeploy(DeploymentExceptionHandler.java:50)
	at sun.reflect.NativeMethodAccessorImpl.invoke0(Native Method)
	at sun.reflect.NativeMethodAccessorImpl.invoke(NativeMethodAccessorImpl.java:57)
	at sun.reflect.DelegatingMethodAccessorImpl.invoke(DelegatingMethodAccessorImpl.java:43)
	at java.lang.reflect.Method.invoke(Method.java:601)
	at org.jboss.arquillian.core.impl.ObserverImpl.invoke(ObserverImpl.java:90)
	at org.jboss.arquillian.core.impl.EventContextImpl.proceed(EventContextImpl.java:88)
	at org.jboss.arquillian.core.impl.ManagerImpl.fire(ManagerImpl.java:135)
	at org.jboss.arquillian.core.impl.ManagerImpl.fire(ManagerImpl.java:115)
	at org.jboss.arquillian.core.impl.EventImpl.fire(EventImpl.java:67)
	at org.jboss.arquillian.container.impl.client.container.ContainerDeployController$1.perform(ContainerDeployController.java:95)
	at org.jboss.arquillian.container.impl.client.container.ContainerDeployController$1.perform(ContainerDeployController.java:80)
	at org.jboss.arquillian.container.impl.client.container.ContainerDeployController.forEachDeployment(ContainerDeployController.java:263)
	at org.jboss.arquillian.container.impl.client.container.ContainerDeployController.forEachManagedDeployment(ContainerDeployController.java:239)
	at org.jboss.arquillian.container.impl.client.container.ContainerDeployController.deployManaged(ContainerDeployController.java:79)
	at sun.reflect.NativeMethodAccessorImpl.invoke0(Native Method)
	at sun.reflect.NativeMethodAccessorImpl.invoke(NativeMethodAccessorImpl.java:57)
	at sun.reflect.DelegatingMethodAccessorImpl.invoke(DelegatingMethodAccessorImpl.java:43)
	at java.lang.reflect.Method.invoke(Method.java:601)
	at org.jboss.arquillian.core.impl.ObserverImpl.invoke(ObserverImpl.java:90)
	at org.jboss.arquillian.core.impl.EventContextImpl.invokeObservers(EventContextImpl.java:99)
	at org.jboss.arquillian.core.impl.EventContextImpl.proceed(EventContextImpl.java:81)
	at org.jboss.arquillian.core.impl.ManagerImpl.fire(ManagerImpl.java:135)
	at org.jboss.arquillian.core.impl.ManagerImpl.fire(ManagerImpl.java:115)
	at org.jboss.arquillian.core.impl.EventImpl.fire(EventImpl.java:67)
	at org.jboss.arquillian.container.test.impl.client.ContainerEventController.execute(ContainerEventController.java:101)
	at sun.reflect.NativeMethodAccessorImpl.invoke0(Native Method)
	at sun.reflect.NativeMethodAccessorImpl.invoke(NativeMethodAccessorImpl.java:57)
	at sun.reflect.DelegatingMethodAccessorImpl.invoke(DelegatingMethodAccessorImpl.java:43)
	at java.lang.reflect.Method.invoke(Method.java:601)
	at org.jboss.arquillian.core.impl.ObserverImpl.invoke(ObserverImpl.java:90)
	at org.jboss.arquillian.core.impl.EventContextImpl.invokeObservers(EventContextImpl.java:99)
	at org.jboss.arquillian.core.impl.EventContextImpl.proceed(EventContextImpl.java:81)
	at org.jboss.arquillian.test.impl.TestContextHandler.createClassContext(TestContextHandler.java:75)
	at sun.reflect.NativeMethodAccessorImpl.invoke0(Native Method)
	at sun.reflect.NativeMethodAccessorImpl.invoke(NativeMethodAccessorImpl.java:57)
	at sun.reflect.DelegatingMethodAccessorImpl.invoke(DelegatingMethodAccessorImpl.java:43)
	at java.lang.reflect.Method.invoke(Method.java:601)
	at org.jboss.arquillian.core.impl.ObserverImpl.invoke(ObserverImpl.java:90)
	at org.jboss.arquillian.core.impl.EventContextImpl.proceed(EventContextImpl.java:88)
	at org.jboss.arquillian.test.impl.TestContextHandler.createSuiteContext(TestContextHandler.java:60)
	at sun.reflect.NativeMethodAccessorImpl.invoke0(Native Method)
	at sun.reflect.NativeMethodAccessorImpl.invoke(NativeMethodAccessorImpl.java:57)
	at sun.reflect.DelegatingMethodAccessorImpl.invoke(DelegatingMethodAccessorImpl.java:43)
	at java.lang.reflect.Method.invoke(Method.java:601)
	at org.jboss.arquillian.core.impl.ObserverImpl.invoke(ObserverImpl.java:90)
	at org.jboss.arquillian.core.impl.EventContextImpl.proceed(EventContextImpl.java:88)
	at org.jboss.arquillian.core.impl.ManagerImpl.fire(ManagerImpl.java:135)
	at org.jboss.arquillian.core.impl.ManagerImpl.fire(ManagerImpl.java:115)
	at org.jboss.arquillian.test.impl.EventTestRunnerAdaptor.beforeClass(EventTestRunnerAdaptor.java:80)
	at org.jboss.arquillian.junit.Arquillian$2.evaluate(Arquillian.java:182)
	at org.jboss.arquillian.junit.Arquillian.multiExecute(Arquillian.java:314)
	at org.jboss.arquillian.junit.Arquillian.access$100(Arquillian.java:46)
	at org.jboss.arquillian.junit.Arquillian$3.evaluate(Arquillian.java:199)
	at org.junit.runners.ParentRunner.run(ParentRunner.java:236)
	at org.jboss.arquillian.junit.Arquillian.run(Arquillian.java:147)
	at org.eclipse.jdt.internal.junit4.runner.JUnit4TestReference.run(JUnit4TestReference.java:50)
	at org.eclipse.jdt.internal.junit.runner.TestExecution.run(TestExecution.java:38)
	at org.eclipse.jdt.internal.junit.runner.RemoteTestRunner.runTests(RemoteTestRunner.java:467)
	at org.eclipse.jdt.internal.junit.runner.RemoteTestRunner.runTests(RemoteTestRunner.java:683)
	at org.eclipse.jdt.internal.junit.runner.RemoteTestRunner.run(RemoteTestRunner.java:390)
	at org.eclipse.jdt.internal.junit.runner.RemoteTestRunner.main(RemoteTestRunner.java:197)
Caused by: java.lang.ArrayIndexOutOfBoundsException: 2
	at org.jboss.weld.util.AnnotatedTypes$AnnotatedConstructorComparator.compare(AnnotatedTypes.java:117)
	at org.jboss.weld.util.AnnotatedTypes$AnnotatedConstructorComparator.compare(AnnotatedTypes.java:101)
	at java.util.TimSort.countRunAndMakeAscending(TimSort.java:329)
	at java.util.TimSort.sort(TimSort.java:189)
	at java.util.TimSort.sort(TimSort.java:173)
	at java.util.Arrays.sort(Arrays.java:659)
	at java.util.Collections.sort(Collections.java:217)
	at org.jboss.weld.util.AnnotatedTypes.createTypeId(AnnotatedTypes.java:217)
	at org.jboss.weld.util.AnnotatedTypes.createTypeId(AnnotatedTypes.java:175)
	at org.jboss.weld.resources.ClassTransformer$TransformExternalAnnotatedTypeToSlimAnnotatedType.apply(ClassTransformer.java:81)
	at org.jboss.weld.resources.ClassTransformer$TransformExternalAnnotatedTypeToSlimAnnotatedType.apply(ClassTransformer.java:77)
	at com.google.common.collect.ComputingConcurrentHashMap$ComputingValueReference.compute(ComputingConcurrentHashMap.java:355)
	at com.google.common.collect.ComputingConcurrentHashMap$ComputingSegment.compute(ComputingConcurrentHashMap.java:184)
	at com.google.common.collect.ComputingConcurrentHashMap$ComputingSegment.getOrCompute(ComputingConcurrentHashMap.java:153)
	at com.google.common.collect.ComputingConcurrentHashMap.getOrCompute(ComputingConcurrentHashMap.java:69)
	at com.google.common.collect.ComputingConcurrentHashMap$ComputingMapAdapter.get(ComputingConcurrentHashMap.java:393)	... 93 more
{code}",,,
1394,WELD-1172,"{code}
com.google.common.collect.ComputationException: org.jboss.weld.exceptions.DefinitionException: WELD-000614 Incorrect number of AnnotatedParameters 0 on AnnotatedMethod [UnbackedAnnotatedConstructor] private org.jboss.solder.exception.filter.StackFrameFilterResult(). AnnotatedMethod has [] as parameters but should have [class java.lang.String, int] as parameters
	at com.google.common.collect.ComputingConcurrentHashMap$ComputingMapAdapter.get(ComputingConcurrentHashMap.java:397)
	at org.jboss.weld.resources.ClassTransformer.getEnhancedAnnotatedType(ClassTransformer.java:204)
	at org.jboss.weld.enums.EnumService.addEnumClass(EnumService.java:67)
	at org.jboss.weld.bootstrap.BeanDeployer.processEnums(BeanDeployer.java:179)
	at org.jboss.weld.bootstrap.BeanDeployment.createBeans(BeanDeployment.java:247)
	at org.jboss.weld.bootstrap.WeldBootstrap.deployBeans(WeldBootstrap.java:399)
	at org.jboss.arquillian.container.weld.ee.embedded_1_1.mock.TestContainer.startContainer(TestContainer.java:257)
	at org.jboss.arquillian.container.weld.ee.embedded_1_1.WeldEEMockContainer.deploy(WeldEEMockContainer.java:98)
	at org.jboss.arquillian.container.impl.client.container.ContainerDeployController$3.call(ContainerDeployController.java:161)
	at org.jboss.arquillian.container.impl.client.container.ContainerDeployController$3.call(ContainerDeployController.java:128)
	at org.jboss.arquillian.container.impl.client.container.ContainerDeployController.executeOperation(ContainerDeployController.java:271)
	at org.jboss.arquillian.container.impl.client.container.ContainerDeployController.deploy(ContainerDeployController.java:127)
	at sun.reflect.GeneratedMethodAccessor70.invoke(Unknown Source)
	at sun.reflect.DelegatingMethodAccessorImpl.invoke(DelegatingMethodAccessorImpl.java:25)
	at java.lang.reflect.Method.invoke(Method.java:597)
	at org.jboss.arquillian.core.impl.ObserverImpl.invoke(ObserverImpl.java:90)
	at org.jboss.arquillian.core.impl.EventContextImpl.invokeObservers(EventContextImpl.java:99)
	at org.jboss.arquillian.core.impl.EventContextImpl.proceed(EventContextImpl.java:81)
	at org.jboss.arquillian.container.impl.client.container.DeploymentExceptionHandler.verifyExpectedExceptionDuringDeploy(DeploymentExceptionHandler.java:50)
	at sun.reflect.GeneratedMethodAccessor69.invoke(Unknown Source)
	at sun.reflect.DelegatingMethodAccessorImpl.invoke(DelegatingMethodAccessorImpl.java:25)
	at java.lang.reflect.Method.invoke(Method.java:597)
	at org.jboss.arquillian.core.impl.ObserverImpl.invoke(ObserverImpl.java:90)
	at org.jboss.arquillian.core.impl.EventContextImpl.proceed(EventContextImpl.java:88)
	at org.jboss.arquillian.container.impl.client.ContainerDeploymentContextHandler.createDeploymentContext(ContainerDeploymentContextHandler.java:78)
	at sun.reflect.GeneratedMethodAccessor59.invoke(Unknown Source)
	at sun.reflect.DelegatingMethodAccessorImpl.invoke(DelegatingMethodAccessorImpl.java:25)
	at java.lang.reflect.Method.invoke(Method.java:597)
	at org.jboss.arquillian.core.impl.ObserverImpl.invoke(ObserverImpl.java:90)
	at org.jboss.arquillian.core.impl.EventContextImpl.proceed(EventContextImpl.java:88)
	at org.jboss.arquillian.container.impl.client.ContainerDeploymentContextHandler.createContainerContext(ContainerDeploymentContextHandler.java:57)
	at sun.reflect.GeneratedMethodAccessor56.invoke(Unknown Source)
	at sun.reflect.DelegatingMethodAccessorImpl.invoke(DelegatingMethodAccessorImpl.java:25)
	at java.lang.reflect.Method.invoke(Method.java:597)
	at org.jboss.arquillian.core.impl.ObserverImpl.invoke(ObserverImpl.java:90)
	at org.jboss.arquillian.core.impl.EventContextImpl.proceed(EventContextImpl.java:88)
	at org.jboss.arquillian.core.impl.ManagerImpl.fire(ManagerImpl.java:135)
	at org.jboss.arquillian.core.impl.ManagerImpl.fire(ManagerImpl.java:115)
	at org.jboss.arquillian.core.impl.EventImpl.fire(EventImpl.java:67)
	at org.jboss.arquillian.container.impl.client.container.ContainerDeployController$1.perform(ContainerDeployController.java:95)
	at org.jboss.arquillian.container.impl.client.container.ContainerDeployController$1.perform(ContainerDeployController.java:80)
	at org.jboss.arquillian.container.impl.client.container.ContainerDeployController.forEachDeployment(ContainerDeployController.java:263)
	at org.jboss.arquillian.container.impl.client.container.ContainerDeployController.forEachManagedDeployment(ContainerDeployController.java:239)
	at org.jboss.arquillian.container.impl.client.container.ContainerDeployController.deployManaged(ContainerDeployController.java:79)
	at sun.reflect.GeneratedMethodAccessor63.invoke(Unknown Source)
	at sun.reflect.DelegatingMethodAccessorImpl.invoke(DelegatingMethodAccessorImpl.java:25)
	at java.lang.reflect.Method.invoke(Method.java:597)
	at org.jboss.arquillian.core.impl.ObserverImpl.invoke(ObserverImpl.java:90)
	at org.jboss.arquillian.core.impl.EventContextImpl.invokeObservers(EventContextImpl.java:99)
	at org.jboss.arquillian.core.impl.EventContextImpl.proceed(EventContextImpl.java:81)
	at org.jboss.arquillian.core.impl.ManagerImpl.fire(ManagerImpl.java:135)
	at org.jboss.arquillian.core.impl.ManagerImpl.fire(ManagerImpl.java:115)
	at org.jboss.arquillian.core.impl.EventImpl.fire(EventImpl.java:67)
	at org.jboss.arquillian.container.test.impl.client.ContainerEventController.execute(ContainerEventController.java:101)
	at sun.reflect.GeneratedMethodAccessor60.invoke(Unknown Source)
	at sun.reflect.DelegatingMethodAccessorImpl.invoke(DelegatingMethodAccessorImpl.java:25)
	at java.lang.reflect.Method.invoke(Method.java:597)
	at org.jboss.arquillian.core.impl.ObserverImpl.invoke(ObserverImpl.java:90)
	at org.jboss.arquillian.core.impl.EventContextImpl.invokeObservers(EventContextImpl.java:99)
	at org.jboss.arquillian.core.impl.EventContextImpl.proceed(EventContextImpl.java:81)
	at org.jboss.arquillian.test.impl.TestContextHandler.createClassContext(TestContextHandler.java:75)
	at sun.reflect.GeneratedMethodAccessor52.invoke(Unknown Source)
	at sun.reflect.DelegatingMethodAccessorImpl.invoke(DelegatingMethodAccessorImpl.java:25)
	at java.lang.reflect.Method.invoke(Method.java:597)
	at org.jboss.arquillian.core.impl.ObserverImpl.invoke(ObserverImpl.java:90)
	at org.jboss.arquillian.core.impl.EventContextImpl.proceed(EventContextImpl.java:88)
	at org.jboss.arquillian.test.impl.TestContextHandler.createSuiteContext(TestContextHandler.java:60)
	at sun.reflect.GeneratedMethodAccessor51.invoke(Unknown Source)
	at sun.reflect.DelegatingMethodAccessorImpl.invoke(DelegatingMethodAccessorImpl.java:25)
	at java.lang.reflect.Method.invoke(Method.java:597)
	at org.jboss.arquillian.core.impl.ObserverImpl.invoke(ObserverImpl.java:90)
	at org.jboss.arquillian.core.impl.EventContextImpl.proceed(EventContextImpl.java:88)
	at org.jboss.arquillian.core.impl.ManagerImpl.fire(ManagerImpl.java:135)
	at org.jboss.arquillian.core.impl.ManagerImpl.fire(ManagerImpl.java:115)
	at org.jboss.arquillian.test.impl.EventTestRunnerAdaptor.beforeClass(EventTestRunnerAdaptor.java:80)
	at org.jboss.arquillian.junit.Arquillian$2.evaluate(Arquillian.java:182)
	at org.jboss.arquillian.junit.Arquillian.multiExecute(Arquillian.java:314)
	at org.jboss.arquillian.junit.Arquillian.access$100(Arquillian.java:46)
	at org.jboss.arquillian.junit.Arquillian$3.evaluate(Arquillian.java:199)
	at org.junit.runners.ParentRunner.run(ParentRunner.java:236)
	at org.jboss.arquillian.junit.Arquillian.run(Arquillian.java:147)
	at org.apache.maven.surefire.junit4.JUnit4Provider.execute(JUnit4Provider.java:236)
	at org.apache.maven.surefire.junit4.JUnit4Provider.executeTestSet(JUnit4Provider.java:134)
	at org.apache.maven.surefire.junit4.JUnit4Provider.invoke(JUnit4Provider.java:113)
	at sun.reflect.NativeMethodAccessorImpl.invoke0(Native Method)
	at sun.reflect.NativeMethodAccessorImpl.invoke(NativeMethodAccessorImpl.java:39)
	at sun.reflect.DelegatingMethodAccessorImpl.invoke(DelegatingMethodAccessorImpl.java:25)
	at java.lang.reflect.Method.invoke(Method.java:597)
	at org.apache.maven.surefire.util.ReflectionUtils.invokeMethodWithArray(ReflectionUtils.java:189)
	at org.apache.maven.surefire.booter.ProviderFactory$ProviderProxy.invoke(ProviderFactory.java:165)
	at org.apache.maven.surefire.booter.ProviderFactory.invokeProvider(ProviderFactory.java:85)
	at org.apache.maven.surefire.booter.ForkedBooter.runSuitesInProcess(ForkedBooter.java:103)
	at org.apache.maven.surefire.booter.ForkedBooter.main(ForkedBooter.java:74)
Caused by: org.jboss.weld.exceptions.DefinitionException: WELD-000614 Incorrect number of AnnotatedParameters 0 on AnnotatedMethod [UnbackedAnnotatedConstructor] private org.jboss.solder.exception.filter.StackFrameFilterResult(). AnnotatedMethod has [] as parameters but should have [class java.lang.String, int] as parameters
	at org.jboss.weld.annotated.enhanced.jlr.AbstractEnhancedAnnotatedCallable.validateParameterCount(AbstractEnhancedAnnotatedCallable.java:56)
	at org.jboss.weld.annotated.enhanced.jlr.EnhancedAnnotatedConstructorImpl.<init>(EnhancedAnnotatedConstructorImpl.java:73)
	at org.jboss.weld.annotated.enhanced.jlr.EnhancedAnnotatedConstructorImpl.of(EnhancedAnnotatedConstructorImpl.java:57)
	at org.jboss.weld.annotated.enhanced.jlr.EnhancedAnnotatedTypeImpl.<init>(EnhancedAnnotatedTypeImpl.java:183)
	at org.jboss.weld.annotated.enhanced.jlr.EnhancedAnnotatedTypeImpl.of(EnhancedAnnotatedTypeImpl.java:109)
	at org.jboss.weld.resources.ClassTransformer$TransformSlimAnnotatedTypeToEnhancedAnnotatedType.apply(ClassTransformer.java:89)
	at org.jboss.weld.resources.ClassTransformer$TransformSlimAnnotatedTypeToEnhancedAnnotatedType.apply(ClassTransformer.java:86)
	at com.google.common.collect.ComputingConcurrentHashMap$ComputingValueReference.compute(ComputingConcurrentHashMap.java:355)
	at com.google.common.collect.ComputingConcurrentHashMap$ComputingSegment.compute(ComputingConcurrentHashMap.java:184)
	at com.google.common.collect.ComputingConcurrentHashMap$ComputingSegment.getOrCompute(ComputingConcurrentHashMap.java:153)
	at com.google.common.collect.ComputingConcurrentHashMap.getOrCompute(ComputingConcurrentHashMap.java:69)
	at com.google.common.collect.ComputingConcurrentHashMap$ComputingMapAdapter.get(ComputingConcurrentHashMap.java:393)
	... 92 more

{code}",,,
1395,WELD-1128,"When the jar-path contains a plus or an exclamation point then the deploy of the jar failed with a FileNotFound-Exception:

D:\tmp\lauf\client N!P\bin>""C:\Program files (x86)\Java\jdk1.7.0_02\bin\java"" -Xmx500M -jar startclient.jar
07.05.12 12:14  INFO WELD-000900 1.1.8 (Final) [org.jboss.weld.Version]
07.05.12 12:14 DEBUG URL Type: jar [org.jboss.weld.environment.se.discovery.url.URLScanner]
07.05.12 12:14 DEBUG URL Type: jar [org.jboss.weld.environment.se.discovery.url.URLScanner]
07.05.12 12:14 DEBUG URL Type: jar [org.jboss.weld.environment.se.discovery.url.URLScanner]
07.05.12 12:14 DEBUG URL Type: jar [org.jboss.weld.environment.se.discovery.url.URLScanner]
07.05.12 12:14 DEBUG URL Type: jar [org.jboss.weld.environment.se.discovery.url.URLScanner]
07.05.12 12:14 DEBUG URL Type: jar [org.jboss.weld.environment.se.discovery.url.URLScanner]
07.05.12 12:14 DEBUG URL Type: jar [org.jboss.weld.environment.se.discovery.url.URLScanner]
07.05.12 12:14 DEBUG URL Type: jar [org.jboss.weld.environment.se.discovery.url.URLScanner]
07.05.12 12:14 DEBUG URL Type: jar [org.jboss.weld.environment.se.discovery.url.URLScanner]
07.05.12 12:14 DEBUG URL Type: jar [org.jboss.weld.environment.se.discovery.url.URLScanner]
07.05.12 12:14 DEBUG URL Type: jar [org.jboss.weld.environment.se.discovery.url.URLScanner]
07.05.12 12:14 DEBUG URL Type: jar [org.jboss.weld.environment.se.discovery.url.URLScanner]
07.05.12 12:14 DEBUG URL Type: jar [org.jboss.weld.environment.se.discovery.url.URLScanner]
07.05.12 12:14 DEBUG URL Type: jar [org.jboss.weld.environment.se.discovery.url.URLScanner]
07.05.12 12:14 DEBUG URL Type: jar [org.jboss.weld.environment.se.discovery.url.URLScanner]
07.05.12 12:14 DEBUG URL Type: jar [org.jboss.weld.environment.se.discovery.url.URLScanner]
07.05.12 12:14 DEBUG URL Type: jar [org.jboss.weld.environment.se.discovery.url.URLScanner]
07.05.12 12:14 DEBUG URL Type: jar [org.jboss.weld.environment.se.discovery.url.URLScanner]
07.05.12 12:14 DEBUG URL Type: jar [org.jboss.weld.environment.se.discovery.url.URLScanner]
07.05.12 12:14 DEBUG URL Type: jar [org.jboss.weld.environment.se.discovery.url.URLScanner]
07.05.12 12:14 DEBUG URL Type: jar [org.jboss.weld.environment.se.discovery.url.URLScanner]
07.05.12 12:14 DEBUG URL Type: jar [org.jboss.weld.environment.se.discovery.url.URLScanner]
07.05.12 12:14 DEBUG URL Type: jar [org.jboss.weld.environment.se.discovery.url.URLScanner]
07.05.12 12:14 DEBUG URL Type: jar [org.jboss.weld.environment.se.discovery.url.URLScanner]
07.05.12 12:14 DEBUG URL Type: jar [org.jboss.weld.environment.se.discovery.url.URLScanner]
07.05.12 12:14 DEBUG URL Type: jar [org.jboss.weld.environment.se.discovery.url.URLScanner]
07.05.12 12:14 DEBUG URL Type: jar [org.jboss.weld.environment.se.discovery.url.URLScanner]
07.05.12 12:14 DEBUG URL Type: jar [org.jboss.weld.environment.se.discovery.url.URLScanner]
07.05.12 12:14 DEBUG URL Type: jar [org.jboss.weld.environment.se.discovery.url.URLScanner]
07.05.12 12:14 DEBUG URL Type: jar [org.jboss.weld.environment.se.discovery.url.URLScanner]
07.05.12 12:14 DEBUG URL Type: jar [org.jboss.weld.environment.se.discovery.url.URLScanner]
07.05.12 12:14 DEBUG URL Type: jar [org.jboss.weld.environment.se.discovery.url.URLScanner]
07.05.12 12:14 DEBUG URL Type: jar [org.jboss.weld.environment.se.discovery.url.URLScanner]
07.05.12 12:14 DEBUG URL Type: jar [org.jboss.weld.environment.se.discovery.url.URLScanner]
07.05.12 12:14 DEBUG URL Type: jar [org.jboss.weld.environment.se.discovery.url.URLScanner]
07.05.12 12:14 DEBUG URL Type: jar [org.jboss.weld.environment.se.discovery.url.URLScanner]
07.05.12 12:14 DEBUG URL Type: jar [org.jboss.weld.environment.se.discovery.url.URLScanner]
07.05.12 12:14 DEBUG URL Type: jar [org.jboss.weld.environment.se.discovery.url.URLScanner]
07.05.12 12:14 DEBUG URL Type: jar [org.jboss.weld.environment.se.discovery.url.URLScanner]
07.05.12 12:14 DEBUG URL Type: jar [org.jboss.weld.environment.se.discovery.url.URLScanner]
07.05.12 12:14 TRACE scanning: file:/D:/tmp/lauf/client N [org.jboss.weld.environment.se.discovery.url.FileSystemURLHandler]
07.05.12 12:14 TRACE archive: D:\tmp\lauf\client N [org.jboss.weld.environment.se.discovery.url.FileSystemURLHandler]
07.05.12 12:14  WARN could not read entries [org.jboss.weld.environment.se.discovery.url.FileSystemURLHandler]
java.io.FileNotFoundException: D:\tmp\lauf\client N (Das System kann die angegebene Datei nicht finden)
        at java.util.zip.ZipFile.open(Native Method)
        at java.util.zip.ZipFile.<init>(ZipFile.java:214)
        at java.util.zip.ZipFile.<init>(ZipFile.java:144)
        at java.util.zip.ZipFile.<init>(ZipFile.java:158)
        at org.jboss.weld.environment.se.discovery.url.FileSystemURLHandler.handleArchiveByFile(FileSystemURLHandler.java:71)
        at org.jboss.weld.environment.se.discovery.url.FileSystemURLHandler.handle(FileSystemURLHandler.java:58)
        at org.jboss.weld.environment.se.discovery.url.URLScanner.scan(URLScanner.java:102)
        at org.jboss.weld.environment.se.discovery.url.WeldSEUrlDeployment.<init>(WeldSEUrlDeployment.java:39)
        at org.jboss.weld.environment.se.Weld.createDeployment(Weld.java:177)
        at org.jboss.weld.environment.se.Weld.initialize(Weld.java:127)
        at de.nupis.kernel.plugins.Pluginzentrale.ladePlugins(Pluginzentrale.java:216)
        at de.nupis.kernel.Kernel.startePluginzentrale(Kernel.java:137)
        at de.nupis.kernel.Start.starteClient(Start.java:205)
        at de.nupis.kernel.Start.starteKernel(Start.java:126)
        at de.nupis.kernel.Start.main(Start.java:1518)

As you can see, the path is trimmed at the exclamation point. If the path contains a plus-sign it's converted to a space (an so the resulting path is invalid):


D:\tmp\lauf\client N+P\bin>""C:\Program files (x86)\Java\jdk1.7.0_02\bin\java"" -Xmx500M -jar startclient.jar
07.05.12 12:19  INFO WELD-000900 1.1.8 (Final) [org.jboss.weld.Version]
07.05.12 12:19 DEBUG URL Type: jar [org.jboss.weld.environment.se.discovery.url.URLScanner]
07.05.12 12:19 DEBUG URL Type: jar [org.jboss.weld.environment.se.discovery.url.URLScanner]
07.05.12 12:19 DEBUG URL Type: jar [org.jboss.weld.environment.se.discovery.url.URLScanner]
07.05.12 12:19 DEBUG URL Type: jar [org.jboss.weld.environment.se.discovery.url.URLScanner]
07.05.12 12:19 DEBUG URL Type: jar [org.jboss.weld.environment.se.discovery.url.URLScanner]
07.05.12 12:19 DEBUG URL Type: jar [org.jboss.weld.environment.se.discovery.url.URLScanner]
07.05.12 12:19 DEBUG URL Type: jar [org.jboss.weld.environment.se.discovery.url.URLScanner]
07.05.12 12:19 DEBUG URL Type: jar [org.jboss.weld.environment.se.discovery.url.URLScanner]
07.05.12 12:19 DEBUG URL Type: jar [org.jboss.weld.environment.se.discovery.url.URLScanner]
07.05.12 12:19 DEBUG URL Type: jar [org.jboss.weld.environment.se.discovery.url.URLScanner]
07.05.12 12:19 DEBUG URL Type: jar [org.jboss.weld.environment.se.discovery.url.URLScanner]
07.05.12 12:19 DEBUG URL Type: jar [org.jboss.weld.environment.se.discovery.url.URLScanner]
07.05.12 12:19 DEBUG URL Type: jar [org.jboss.weld.environment.se.discovery.url.URLScanner]
07.05.12 12:19 DEBUG URL Type: jar [org.jboss.weld.environment.se.discovery.url.URLScanner]
07.05.12 12:19 DEBUG URL Type: jar [org.jboss.weld.environment.se.discovery.url.URLScanner]
07.05.12 12:19 DEBUG URL Type: jar [org.jboss.weld.environment.se.discovery.url.URLScanner]
07.05.12 12:19 DEBUG URL Type: jar [org.jboss.weld.environment.se.discovery.url.URLScanner]
07.05.12 12:19 DEBUG URL Type: jar [org.jboss.weld.environment.se.discovery.url.URLScanner]
07.05.12 12:19 DEBUG URL Type: jar [org.jboss.weld.environment.se.discovery.url.URLScanner]
07.05.12 12:19 DEBUG URL Type: jar [org.jboss.weld.environment.se.discovery.url.URLScanner]
07.05.12 12:19 DEBUG URL Type: jar [org.jboss.weld.environment.se.discovery.url.URLScanner]
07.05.12 12:19 DEBUG URL Type: jar [org.jboss.weld.environment.se.discovery.url.URLScanner]
07.05.12 12:19 DEBUG URL Type: jar [org.jboss.weld.environment.se.discovery.url.URLScanner]
07.05.12 12:19 DEBUG URL Type: jar [org.jboss.weld.environment.se.discovery.url.URLScanner]
07.05.12 12:19 DEBUG URL Type: jar [org.jboss.weld.environment.se.discovery.url.URLScanner]
07.05.12 12:19 DEBUG URL Type: jar [org.jboss.weld.environment.se.discovery.url.URLScanner]
07.05.12 12:19 DEBUG URL Type: jar [org.jboss.weld.environment.se.discovery.url.URLScanner]
07.05.12 12:19 DEBUG URL Type: jar [org.jboss.weld.environment.se.discovery.url.URLScanner]
07.05.12 12:19 DEBUG URL Type: jar [org.jboss.weld.environment.se.discovery.url.URLScanner]
07.05.12 12:19 DEBUG URL Type: jar [org.jboss.weld.environment.se.discovery.url.URLScanner]
07.05.12 12:19 DEBUG URL Type: jar [org.jboss.weld.environment.se.discovery.url.URLScanner]
07.05.12 12:19 DEBUG URL Type: jar [org.jboss.weld.environment.se.discovery.url.URLScanner]
07.05.12 12:19 DEBUG URL Type: jar [org.jboss.weld.environment.se.discovery.url.URLScanner]
07.05.12 12:19 DEBUG URL Type: jar [org.jboss.weld.environment.se.discovery.url.URLScanner]
07.05.12 12:19 DEBUG URL Type: jar [org.jboss.weld.environment.se.discovery.url.URLScanner]
07.05.12 12:19 DEBUG URL Type: jar [org.jboss.weld.environment.se.discovery.url.URLScanner]
07.05.12 12:19 DEBUG URL Type: jar [org.jboss.weld.environment.se.discovery.url.URLScanner]
07.05.12 12:19 DEBUG URL Type: jar [org.jboss.weld.environment.se.discovery.url.URLScanner]
07.05.12 12:19 DEBUG URL Type: jar [org.jboss.weld.environment.se.discovery.url.URLScanner]
07.05.12 12:19 DEBUG URL Type: jar [org.jboss.weld.environment.se.discovery.url.URLScanner]
07.05.12 12:19 TRACE scanning: file:/D:/tmp/lauf/client N P/bin/de_nupis_einstellungen_client.jar [org.jboss.weld.environment.se.discovery.url.FileSystemURLHandler]
07.05.12 12:19 TRACE archive: D:\tmp\lauf\client N P\bin\de_nupis_einstellungen_client.jar [org.jboss.weld.environment.se.discovery.url.FileSystemURLHandler]
07.05.12 12:19  WARN could not read entries [org.jboss.weld.environment.se.discovery.url.FileSystemURLHandler]
java.io.FileNotFoundException: D:\tmp\lauf\client N P\bin\de_nupis_einstellungen_client.jar (Das System kann den angegebenen Pfad nicht finden)
        at java.util.zip.ZipFile.open(Native Method)
        at java.util.zip.ZipFile.<init>(ZipFile.java:214)
        at java.util.zip.ZipFile.<init>(ZipFile.java:144)
        at java.util.zip.ZipFile.<init>(ZipFile.java:158)
        at org.jboss.weld.environment.se.discovery.url.FileSystemURLHandler.handleArchiveByFile(FileSystemURLHandler.java:71)
        at org.jboss.weld.environment.se.discovery.url.FileSystemURLHandler.handle(FileSystemURLHandler.java:58)
        at org.jboss.weld.environment.se.discovery.url.URLScanner.scan(URLScanner.java:102)
        at org.jboss.weld.environment.se.discovery.url.WeldSEUrlDeployment.<init>(WeldSEUrlDeployment.java:39)
        at org.jboss.weld.environment.se.Weld.createDeployment(Weld.java:177)
        at org.jboss.weld.environment.se.Weld.initialize(Weld.java:127)
        at de.nupis.kernel.plugins.Pluginzentrale.ladePlugins(Pluginzentrale.java:216)
        at de.nupis.kernel.Kernel.startePluginzentrale(Kernel.java:137)
        at de.nupis.kernel.Start.starteClient(Start.java:205)
        at de.nupis.kernel.Start.starteKernel(Start.java:126)
        at de.nupis.kernel.Start.main(Start.java:1518)
",,,
1403,WELD-993,"Following web service resource definition (see CDI 1.0 section 3.5 Resources) results in:
*WELD-000025 Tried to create an EEResourceProducerField, but no @Resource, @PersistenceContext, @PersistenceUnit, @WebServiceRef or @EJB is present*

{code}
public class SheepWSProducer {

    @Produces
    @WebServiceRef
    SheepWS sheepWS;
}
{code}

There is no CDI TCK test for this yet.

The problem is very likely related to weird checking code in *org.jboss.weld.bean.builtin.ee.EEResourceProducerField.checkEEResource()* - the first group evaluates to false and is inverted to true with ""!"" operator and thus exception is thrown:
{code}
...
 if (!
(
getWeldAnnotated().isAnnotationPresent(ejbApiAbstraction.RESOURCE_ANNOTATION_CLASS) 
|| getWeldAnnotated().isAnnotationPresent(persistenceApiAbstraction.PERSISTENCE_CONTEXT_ANNOTATION_CLASS) 
|| getWeldAnnotated().isAnnotationPresent(persistenceApiAbstraction.PERSISTENCE_UNIT_ANNOTATION_CLASS) 
|| getWeldAnnotated().isAnnotationPresent(ejbApiAbstraction.EJB_ANNOTATION_CLASS)
) 
|| getWeldAnnotated().isAnnotationPresent(wsApiAbstraction.WEB_SERVICE_REF_ANNOTATION_CLASS)
)
      {
         throw new IllegalStateException(INVALID_RESOURCE_PRODUCER_FIELD, getWeldAnnotated());
      }
...
{code}

Should be replaced with something like:
{code}
...
 if (!
(
getWeldAnnotated().isAnnotationPresent(ejbApiAbstraction.RESOURCE_ANNOTATION_CLASS) 
|| getWeldAnnotated().isAnnotationPresent(persistenceApiAbstraction.PERSISTENCE_CONTEXT_ANNOTATION_CLASS) 
|| getWeldAnnotated().isAnnotationPresent(persistenceApiAbstraction.PERSISTENCE_UNIT_ANNOTATION_CLASS) 
|| getWeldAnnotated().isAnnotationPresent(ejbApiAbstraction.EJB_ANNOTATION_CLASS)
|| getWeldAnnotated().isAnnotationPresent(wsApiAbstraction.WEB_SERVICE_REF_ANNOTATION_CLASS)
)
)
      {
         throw new IllegalStateException(INVALID_RESOURCE_PRODUCER_FIELD, getWeldAnnotated());
      }
{code}",,,
1410,WELD-1137,"{{PermalinkTest}} fails when executed on Solaris 10, even though it works in other environments.

{noformat}
java.lang.AssertionError: A name of comment's author expected
	at org.junit.Assert.fail(Assert.java:91)
	at org.junit.Assert.assertTrue(Assert.java:43)
	at org.jboss.weld.examples.permalink.ftest.PermalinkTest.permanentLinkTest(PermalinkTest.java:104)
	at sun.reflect.NativeMethodAccessorImpl.invoke0(Native Method)
	at sun.reflect.NativeMethodAccessorImpl.invoke(NativeMethodAccessorImpl.java:57)
	at sun.reflect.DelegatingMethodAccessorImpl.invoke(DelegatingMethodAccessorImpl.java:43)
        ...
{noformat}

The test class contains two tests --  {{permanentLinkTest}} and {{addCommentOnTopicTest}}.
The {{permanentLinkTest}} fails when it's executed first, because its success is contingent on content generated by {{addCommentOnTopicTest}}.
Given that the order of test execution is arbitrary, {{permanentLinkTest}} actually gets executed first sometimes.

Thus, correct order of execution should be enforced, for example by annotating the methods with {{@org.jboss.arquillian.junit.InSequence}} or by eliminating dependence between test methods.",,,
1411,WELD-1132,"The problem is with how java reflection handles arrays. Different JDKs and supposedly even different methods in the same JDK use two different representations of an array:

From http://weblogs.java.net/blog/kohsuke/archive/2008/12/introspecting_g.html
{quote}
Note that there's a little overlap between Class and GenericArrayType. a type like String[] can be represented either as String[].class or GenericArrayType(String.class). Different JDK methods return different forms (I filed a bug on this but forgot which one), so your code should anticipate both patterns.
{quote}

In JDK6 {{new TypeLiteral<Integer[]>() {}.getType()}} returns {{GenericArrayType(Integer.class)}}, while in JDK7 it returns {{Integer[].class}}. 

Since {{Integer[]}} is not a generic array, we can skip using {{TypeLiteral}} and simply use {{Integer[].class}} as the expected value. However, {{TypeVariableResolver}} should also be modified so it never returns {{GenericArrayType}}, when the array isn't generic.
",,,
1414,WELD-1097,"See also https://github.com/weld/core/pull/187

When firing event via built-in Event bean Weld gets the event type information through reflection and the problem seems to be in {{org.jboss.weld.bean.builtin.AbstractFacade.getFacadeType()}} method.

For example for this injection point
{code}
@Inject
Event<Foo[]> fooEvent;
{code}
the result of the call to getActualTypeArguments()[0] is GenericArrayType with component type Foo (not sure why... I'd expect it to be Class).",,,
1452,WELD-1096,"See forum and pull-request for more info.
",,,
1454,WELD-1007,"I use {{org.jboss.weld.environment.se.StartMain}} to bootstrap weld se environment. Project is compiled and packaged by maven. When starting assembly it fails with such stacktrace:
{quote}
Exception in thread ""main"" com.google.common.collect.ComputationException: java.lang.ArrayIndexOutOfBoundsException: 3
        at com.google.common.collect.ComputingConcurrentHashMap.compute(ComputingConcurrentHashMap.java:218)
        at com.google.common.collect.ComputingConcurrentHashMap.apply(ComputingConcurrentHashMap.java:100)
        at com.google.common.collect.MapMaker$ComputingMapAdapter.get(MapMaker.java:515)
        at org.jboss.weld.resources.ClassTransformer.loadClass(ClassTransformer.java:183)
        at org.jboss.weld.introspector.jlr.WeldClassImpl.<init>(WeldClassImpl.java:128)
        at org.jboss.weld.introspector.jlr.WeldClassImpl.of(WeldClassImpl.java:98)
        at org.jboss.weld.resources.ClassTransformer$TransformTypeToWeldClass.apply(ClassTransformer.java:54)
        at org.jboss.weld.resources.ClassTransformer$TransformTypeToWeldClass.apply(ClassTransformer.java:42)
        at com.google.common.collect.ComputingConcurrentHashMap.compute(ComputingConcurrentHashMap.java:206)
        at com.google.common.collect.ComputingConcurrentHashMap.apply(ComputingConcurrentHashMap.java:100)
        at com.google.common.collect.MapMaker$ComputingMapAdapter.get(MapMaker.java:515)
        at org.jboss.weld.resources.ClassTransformer.loadClass(ClassTransformer.java:183)
        at org.jboss.weld.introspector.jlr.WeldClassImpl.<init>(WeldClassImpl.java:128)
        at org.jboss.weld.introspector.jlr.WeldClassImpl.of(WeldClassImpl.java:98)
        at org.jboss.weld.resources.ClassTransformer$TransformTypeToWeldClass.apply(ClassTransformer.java:54)
        at org.jboss.weld.resources.ClassTransformer$TransformTypeToWeldClass.apply(ClassTransformer.java:42)
        at com.google.common.collect.ComputingConcurrentHashMap.compute(ComputingConcurrentHashMap.java:206)
        at com.google.common.collect.ComputingConcurrentHashMap.apply(ComputingConcurrentHashMap.java:100)
        at com.google.common.collect.MapMaker$ComputingMapAdapter.get(MapMaker.java:515)
        at org.jboss.weld.resources.ClassTransformer.loadClass(ClassTransformer.java:183)
        at org.jboss.weld.bootstrap.BeanDeployer.addClass(BeanDeployer.java:95)
        at org.jboss.weld.bootstrap.BeanDeployer.addClasses(BeanDeployer.java:134)
        at org.jboss.weld.bootstrap.BeanDeployment.createBeans(BeanDeployment.java:191)
        at org.jboss.weld.bootstrap.WeldBootstrap.deployBeans(WeldBootstrap.java:368)
        at org.jboss.weld.environment.se.Weld.initialize(Weld.java:92)
        at org.jboss.weld.environment.se.StartMain.go(StartMain.java:46)
        at org.jboss.weld.environment.se.StartMain.main(StartMain.java:59)
Caused by: java.lang.ArrayIndexOutOfBoundsException: 3
        at org.jboss.weld.introspector.jlr.WeldConstructorImpl.<init>(WeldConstructorImpl.java:113)
        at org.jboss.weld.introspector.jlr.WeldConstructorImpl.of(WeldConstructorImpl.java:70)
        at org.jboss.weld.introspector.jlr.WeldClassImpl.<init>(WeldClassImpl.java:210)
        at org.jboss.weld.introspector.jlr.WeldClassImpl.of(WeldClassImpl.java:98)
        at org.jboss.weld.resources.ClassTransformer$TransformTypeToWeldClass.apply(ClassTransformer.java:54)
        at org.jboss.weld.resources.ClassTransformer$TransformTypeToWeldClass.apply(ClassTransformer.java:42)
        at com.google.common.collect.ComputingConcurrentHashMap.compute(ComputingConcurrentHashMap.java:206)
{quote}

When I try to run this project in IntelliJ IDEA it works fine with such exec command:
{quote}
/home/gross/soft/jdk1.7.0_02/bin/java -Didea.launcher.port=7537 -Didea.launcher.bin.path=/opt/idea/bin -Dfile.encoding=UTF-8 -classpath /home/gross/soft/jdk1.7.0_02/jre/lib/deploy.jar:/home/gross/soft/jdk1.7.0_02/jre/lib/jce.jar:/home/gross/soft/jdk1.7.0_02/jre/lib/jsse.jar:/home/gross/soft/jdk1.7.0_02/jre/lib/rt.jar:/home/gross/soft/jdk1.7.0_02/jre/lib/management-agent.jar:/home/gross/soft/jdk1.7.0_02/jre/lib/javaws.jar:/home/gross/soft/jdk1.7.0_02/jre/lib/plugin.jar:/home/gross/soft/jdk1.7.0_02/jre/lib/resources.jar:/home/gross/soft/jdk1.7.0_02/jre/lib/charsets.jar:/home/gross/soft/jdk1.7.0_02/jre/lib/alt-rt.jar:/home/gross/soft/jdk1.7.0_02/jre/lib/ext/localedata.jar:/home/gross/soft/jdk1.7.0_02/jre/lib/ext/sunec.jar:/home/gross/soft/jdk1.7.0_02/jre/lib/ext/zipfs.jar:/home/gross/soft/jdk1.7.0_02/jre/lib/ext/dnsns.jar:/home/gross/soft/jdk1.7.0_02/jre/lib/ext/sunjce_provider.jar:/home/gross/soft/jdk1.7.0_02/jre/lib/ext/sunpkcs11.jar:/home/gross/crawler/app/target/classes:/home/gross/crawler/common/target/classes:/home/gross/.m2/repository/org/slf4j/slf4j-api/1.5.10/slf4j-api-1.5.10.jar:/home/gross/.m2/repository/org/jboss/resteasy/resteasy-jaxrs/2.2.2.GA/resteasy-jaxrs-2.2.2.GA.jar:/home/gross/.m2/repository/org/jboss/resteasy/jaxrs-api/2.2.2.GA/jaxrs-api-2.2.2.GA.jar:/home/gross/.m2/repository/org/scannotation/scannotation/1.0.3/scannotation-1.0.3.jar:/home/gross/.m2/repository/javassist/javassist/3.12.1.GA/javassist-3.12.1.GA.jar:/home/gross/.m2/repository/javax/annotation/jsr250-api/1.0/jsr250-api-1.0.jar:/home/gross/.m2/repository/javax/activation/activation/1.1/activation-1.1.jar:/home/gross/.m2/repository/commons-httpclient/commons-httpclient/3.1/commons-httpclient-3.1.jar:/home/gross/.m2/repository/commons-codec/commons-codec/1.5/commons-codec-1.5.jar:/home/gross/.m2/repository/org/apache/httpcomponents/httpclient/4.0.3/httpclient-4.0.3.jar:/home/gross/.m2/repository/org/apache/httpcomponents/httpcore/4.0.1/httpcore-4.0.1.jar:/home/gross/.m2/repository/net/jcip/jcip-annotations/1.0/jcip-annotations-1.0.jar:/home/gross/.m2/repository/org/slf4j/slf4j-log4j12/1.5.10/slf4j-log4j12-1.5.10.jar:/home/gross/.m2/repository/log4j/log4j/1.2.16/log4j-1.2.16.jar:/home/gross/.m2/repository/org/slf4j/jcl-over-slf4j/1.5.10/jcl-over-slf4j-1.5.10.jar:/home/gross/.m2/repository/org/apache/commons/commons-io/1.3.2/commons-io-1.3.2.jar:/home/gross/.m2/repository/org/apache/commons/commons-compress/1.1/commons-compress-1.1.jar:/home/gross/.m2/repository/org/apache/james/apache-mime4j-dom/0.8-SNAPSHOT/apache-mime4j-dom-0.8-SNAPSHOT.jar:/home/gross/.m2/repository/org/apache/james/apache-mime4j-core/0.8-SNAPSHOT/apache-mime4j-core-0.8-SNAPSHOT.jar:/home/gross/.m2/repository/org/jboss/weld/se/weld-se-core/1.1.2.Final/weld-se-core-1.1.2.Final.jar:/home/gross/.m2/repository/org/jboss/weld/weld-spi/1.1.Beta2/weld-spi-1.1.Beta2.jar:/home/gross/.m2/repository/org/jboss/weld/weld-api/1.1.Beta2/weld-api-1.1.Beta2.jar:/home/gross/.m2/repository/org/jboss/weld/weld-core/1.1.2.Final/weld-core-1.1.2.Final.jar:/home/gross/.m2/repository/com/google/guava/guava/r06/guava-r06.jar:/home/gross/.m2/repository/org/jboss/spec/javax/interceptor/jboss-interceptors-api_1.1_spec/1.0.0.Beta1/jboss-interceptors-api_1.1_spec-1.0.0.Beta1.jar:/home/gross/.m2/repository/org/jboss/interceptor/jboss-interceptor-spi/2.0.0.CR1/jboss-interceptor-spi-2.0.0.CR1.jar:/home/gross/.m2/repository/org/jboss/interceptor/jboss-interceptor-core/2.0.0.CR1/jboss-interceptor-core-2.0.0.CR1.jar:/home/gross/.m2/repository/org/slf4j/slf4j-ext/1.5.10/slf4j-ext-1.5.10.jar:/home/gross/.m2/repository/ch/qos/cal10n/cal10n-api/0.7.2/cal10n-api-0.7.2.jar:/home/gross/.m2/repository/javax/el/el-api/2.2/el-api-2.2.jar:/home/gross/.m2/repository/javax/enterprise/cdi-api/1.0-SP4/cdi-api-1.0-SP4.jar:/home/gross/.m2/repository/javax/inject/javax.inject/1/javax.inject-1.jar:/home/gross/.m2/repository/org/jboss/resteasy/resteasy-jaxb-provider/2.2.2.GA/resteasy-jaxb-provider-2.2.2.GA.jar:/home/gross/.m2/repository/com/sun/xml/bind/jaxb-impl/2.2.4/jaxb-impl-2.2.4.jar:/home/gross/.m2/repository/javax/xml/bind/jaxb-api/2.2.3/jaxb-api-2.2.3.jar:/home/gross/.m2/repository/javax/xml/stream/stax-api/1.0/stax-api-1.0.jar:/home/gross/.m2/repository/com/sun/xml/stream/sjsxp/1.0.1/sjsxp-1.0.1.jar:/home/gross/.m2/repository/org/jboss/resteasy/resteasy-jettison-provider/2.2.2.GA/resteasy-jettison-provider-2.2.2.GA.jar:/home/gross/.m2/repository/org/codehaus/jettison/jettison/1.2/jettison-1.2.jar:/opt/idea/lib/idea_rt.jar com.intellij.rt.execution.application.AppMain org.jboss.weld.environment.se.StartMain
{quote}

I think, it's dependencies interfere problem, but haven't yet found the solution.",,,
1457,WELD-909,"Given a page like

{code}
<?xml version=""1.0"" encoding=""ISO-8859-1""?>
<!DOCTYPE html PUBLIC ""-//W3C//DTD XHTML 1.0 Transitional//EN"" ""http://www.w3.org/TR/xhtml1/DTD/xhtml1-transitional.dtd"">
<html xmlns=""http://www.w3.org/1999/xhtml""
	xmlns:ui=""http://java.sun.com/jsf/facelets""
	xmlns:h=""http://java.sun.com/jsf/html""
	xmlns:f=""http://java.sun.com/jsf/core"">
<h:head>
	<meta http-equiv=""Content-Type"" content=""text/html; charset=ISO-8859-1"" />
	<title>Concept</title>
</h:head>
<h:body>
	<f:view>
		<h:form>
			<h:commandButton value=""redirect"" action=""page?faces-redirect=true""/>
			<h:commandButton value=""non-transient"" action=""#{backingBean.nonTransient}""/>
		</h:form>
	</f:view>
</h:body>
</html>
{code}

and a backing bean like

{code}
package fi.nik.concept;

import javax.enterprise.context.Conversation;
import javax.inject.Inject;
import javax.inject.Named;

@Named
public class BackingBean 
{
	@Inject
	private Conversation conversation;

	public String nonTransient() 
	{
		conversation.begin();
		return ""page?faces-redirect=true"";
	}
}
{code}

clicking ""redirect"" with non-transient conversations work fine but clicking ""non-transient"" duplicates the faces mappings and cid to something like http://localhost:8080/concept/faces/faces/page.xhtml?cid=1&cid=1 and clicking ""redirect"" after keeps the URL like that.

It works normally after that (since the faces mapping is still hit and the cid is repeated with the same value) but it looks a bit odd.


Would have written a test for it but git on Windows is... a bit nonlinear at times.",,,
1460,WELD-1016,"The CDI spec says:
{quote}
An interceptor instance is a dependent object of the object it inter-cepts.
{quote}

The Interceptors spec says:
{quote}
The lifecycle of an interceptor instance is the same as that of the target class instance with which it
is associated. When the target instance is created, a corresponding interceptor instance is created for
each associated interceptor class. These interceptor instances are destroyed when the target instance
is removed.
{quote}

and also

{quote}
An interceptor instance may hold state.
{quote}

It is clear that at most one instance of an interceptor class should be created for an instance of a CDI bean. However, Weld currently creates an instance per method per target instance.

Having a simple intercepted bean:
{code:JAVA}
@ApplicationScoped
@LionBinding
public class Lion
    public Object foo() {
        return null;
    }

    public Object bar() {
        return null;
    }
}
{code}

* multiple invocations of a single method (e.g. foo()) are intercepted by the same interceptor instance
* when invoking different methods on the same bean instance, every method is intercepted by a different interceptor instance - which is wrong",,,
1467,WELD-1077,"When an interceptor is applied for a method in a class with final equals method the generated proxy class could not be loaded by JVM due to java.lang.VerifyError: class org.jboss.weld.tests.interceptors.finalEquals.2050313848$Proxy$_$$_WeldSubclass overrides final method equals.(Ljava/lang/Object;)Z

I creted a pull request for Arquillain test case demonstrating this issue.",,,
1471,WELD-1003,"using weld-se with SE 5 dont't work. We found out that classes uses methods that aren't declared in JDK 5 but in JDK 6.
E.G. weld-se (1.1.2.Final) org.jboss.weld.xml.BeansXmlHandler.getContainer() calls String.isEmpty().
Hence, the initialization of the container via 'WeldContainer weld = new Weld().initialize()' failed .",,,
1475,WELD-878,"It seems that org.jboss.weld.jsf.WeldPhaseListener fails to activate conversation context if a conversation is not found by the supplied conversation id. This problem is potentially related to [SEAMCATCH-46],[WELD-855].

JSR-299 6.7.4 Conversation context lifecycle has a requirement that 'If the propagated conversation cannot be restored, the container _must associate the request with a new transient conversation_ and throw an exception of type javax.enterprise.context.NonexistentConversationException from the restore view phase of the JSF lifecycle.'. However, the implementation of org.jboss.weld.jsf.WeldPhaseListener.activateConversations fails to do that if a conversation is not found by the conversation id.
 
{code}
   private void activateConversations(FacesContext facesContext)
   {
      ConversationContext conversationContext = instance().select(HttpConversationContext.class).get();
      String cid = getConversationId(facesContext, conversationContext);
      log.debug(RESUMING_CONVERSATION, cid);
      if (cid != null && conversationContext.getConversation(cid) == null)
      {
         throw new NonexistentConversationException(NO_CONVERSATION_FOUND_TO_RESTORE, cid);
      }
      conversationContext.activate(cid);
   }
{code}

Recovering from the exception becomes difficult since the context is not active. Typical symptom is 'java.lang.IllegalStateException: Unable to load current conversations from the associated request, something went badly wrong when associate() was called
at org.jboss.weld.context.AbstractConversationContext.getCurrentConversation(AbstractConversationContext.java:413)'
",,,
1476,WELD-938,"log4j.xml in weld-se-core-1.1.1.Final.jar overrides other (user's) log4j configuration in log4j.properties.
User needs either configure log4j programatically or remove it from the jar manually.

Could it be removed from this jar?

Or if someone really wishes to have some default logging config, there could be an optional dependency on an artifact with this file (+ slf4j-log4j12 and log4j dependencies).",,,
1477,WELD-1518,Singleton is not set. Is your Thread.currentThread().getContextClassLoader() is observed once CrossContextForwardTest finishes on Jetty and Tomcat. The test passes but an exception is logged on shutdown.,,,
1480,WELD-1627,"See the spec, section 12.5 ""Integration with Unified EL"".

Theoretically this may cause problems because:
{quote}
A contextual reference is not, in general, required to implement all concrete bean types of the bean.
{quote}
In practice, this is rather a minor issue because it seems that Weld proxies implement all bean types of the bean.
",,,
1482,WELD-1811,"DefinitionException should be thrown during deployment when using e.g following decorator class:
{code}
@Decorator
@Priority(10)
public abstract class TimestampLogger implements Logger {

    public TimestampLogger(@Delegate @Any Logger logger){

    }
}
{code}",,,
1486,WELD-1800,"Attempt to install weld osgi example bundle fails with:
{noformat}
Caused by: org.osgi.framework.BundleException: Unresolved constraint in bundle org.jboss.weld.examples.weld-osgi-paint-core [68]: Unable to resolve 68.0: missing requirement [68.0] org.ops4j.pax.cdi.extension; (&(extension=pax-cdi-extension)(version>=0.7)(!(version>=0.8)))
	at org.apache.felix.framework.Felix.resolveBundleRevision(Felix.java:4002)[org.apache.felix.framework-4.4.1.jar:]
	at org.apache.felix.framework.Felix.startBundle(Felix.java:2045)[org.apache.felix.framework-4.4.1.jar:]
	at org.apache.felix.framework.BundleImpl.start(BundleImpl.java:976)[org.apache.felix.framework-4.4.1.jar:]
	at org.apache.felix.framework.BundleImpl.start(BundleImpl.java:963)[org.apache.felix.framework-4.4.1.jar:]
	at org.apache.karaf.bundle.command.Install.execute(Install.java:96)[21:org.apache.karaf.bundle.core:4.0.0.M1]
	... 11 more
{noformat}",,,
1488,WELD-841,"The org.jboss.weld.tests.beanDeployment.managed.single.BootstrapTest, and other related tests [listed below], fails against latest GlassFish 3.1. In this test, the Bean[Tuna] in the test is packaged in a bundled library under WEB-INF/lib. The Test Servlet uses a (non-spec) method called getBeans() that just returns the beans owned by the WAR's BeanManager and asserts if Tuna is found. An alternative method, getAccessibleBeans(), which should return all accessible beans, should be used. [Thanks to Pete for his analysis.]

> >> Failed tests:
> >>  testBeanBelongingToParentActivityBelongsToChildActivity(org.jboss.weld.tests.activities.ActivitiesTest)
> >>  testObserverBelongingToParentActivityBelongsToChildActivity(org.jboss.weld.tests.activities.ActivitiesTest)
> >>  testObserverBelongingToParentFiresForChildActivity(org.jboss.weld.tests.activities.ActivitiesTest)
> >>  testInjectedManagerIsCurrentActivity(org.jboss.weld.tests.activities.current.InjectedManagerCurrentActivityTest)
> >>  testMultipleSimpleBean(org.jboss.weld.tests.beanDeployment.managed.multiple.BootstrapTest)
> >>  testSingleSimpleBean(org.jboss.weld.tests.beanDeployment.managed.single.BootstrapTest)
> >>  testMultipleEnterpriseAndSimpleBean(org.jboss.weld.tests.beanDeployment.mixed.BootstrapTest)
> >>  testProducerMethodBean(org.jboss.weld.tests.beanDeployment.producers.singleProducerMethod.BootstrapTest)
> >>  testMultipleEnterpriseBean(org.jboss.weld.tests.beanDeployment.session.multiple.BootstrapTest)
> >> 
> >> Tests in error:
> >>  testBeanBelongingToParentActivityCanBeInjectedIntoChildActivityBean(org.jboss.weld.tests.activities.ActivitiesTest)
> >>  testInstanceProcessedByCurrentActivity(org.jboss.weld.tests.activities.current.InstanceCurrentActivityTest)

",,,
1489,WELD-1634,"Weld claims in Tomcat server log:
""INFO: Tomcat 7+ detected, CDI injection will be available in Servlets and Filters. Injection into Listeners is not supported""

The documentation states "" Listener injection should also work on Tomcat 7.0.50 and newer versions. "" 

and it indeed seems to work on Tomcat 7.0.52.  ",,,
1493,WELD-1628,"{{[BeansXmlHandler|https://github.com/weld/core/blob/2.2.0.Beta2/impl/src/main/java/org/jboss/weld/xml/BeansXmlHandler.java]}} calls {{interpolate()}} method even for absent (_null_) values. 

This can lead in a client which overrides this method to {{NullPointerException}}. This is for example the case in Wildfly. See the related bug: [WFLY-3147|https://issues.jboss.org/browse/WFLY-3147].

The talk about this issue in weld-dev mailing list: 
http://lists.jboss.org/pipermail/weld-dev/2014-March/003224.html

",,,
1494,WELD-1621,"Is it correct that the ServletContext can be injected only into request-scoped beans? IMO ServletContext by nature is an application-scoped object.

Also this spec says that ServletContext is application-scoped bean:
http://docs.jboss.org/seam/3/servlet/latest/reference/en-US/html/injectablerefs.html#injectablerefs.servlet_context",,,
1504,WELD-1547,"When trying to inject an existing object, not a CDI bean, BeanManager.createInjectionTarget can give all kinds of warnings about the class:
WELD-001519: An InjectionTarget is created for an abstract class Foo. It will not be possible to produce instances of this type!
WELD-001529: An InjectionTarget is created for a class Foo which does not have any appropriate constructor.
WELD-001533: An InjectionTarget is created for a non-static inner class Foo. It will not be possible to produce instances of this type!

These warnings are unavoidable, spamming the log with hundreds of warnings for all classes I need to create an InjectionTarget for. As long as I do not call produce on the targets, there is no problem. I think these level of these should be lowered, probably to debug, as you are only interested in these messages when debugging injection targets.",,,
1506,WELD-580,"Around-invoke methods have the following signature:
 Object <METHOD>(InvocationContext) throws Exception

Interceptors that does not follow that should cause a DefinitionException. 

In current impl they are registered, enabled but can not be resolved on Bean lookup.",,,
1514,WELD-1448,"This error occurred when stopping a bundle:
{code}
16:19:57.466 [Felix Shell T] ERROR o.j.w.e.o.i.i.Weld - Shutdown of Weld instance for bundle org.jboss.weld.osgi.examples.weld-osgi-paint-triangle [14] caused an error: java.lang.StringIndexOutOfBoundsException: String index out of range: -1
{code}

This is a cal10n bug when a message contain the string {code}\\""{code}

Which is the case in ./impl/src/main/resources/org/jboss/weld/messages/context_en.properties

The version 0.7.7 which is already used in the 2.0.0 branch. The fix consists in cherry picking the changesets in the 1.2 branch",,,
1516,WELD-1111,"See the spec *4.2. Inheritance of member-level metadata*.

{code}
class Bar<T> {
    @Inject Baz<T> baz;
}
class Foo extends Bar<String> {}
{code}

The required type of inherited injection point on {{Foo}} is {{Baz<T>}} but should be {{Baz<String>}}.
",,,
1532,WELD-1750,"Not really a problem,but created deployable artifacts will be larger than necessary.",,,
1546,WELD-2161,"There's multimodule project with producer in dependency jar which produces bean with qualifier annotation. This bean should be injected in main module.

Weld is initialized using {{org.jboss.weld.environment.servlet.Listener}}:

{code:java}
public class Main {
  public static void main(String[] args) throws Exception {
    ServletContextHandler handler = new ServletContextHandler();
    handler.addEventListener(new Listener());
    handler.addServlet(Consumer.class, ""/*"");

    Server server = new Server(8080);
    server.setHandler(handler);
    server.start();
    server.join();
  }
}
{code}

Servlet code:
{code:java}
@ApplicationScoped
public class Consumer extends HttpServlet {
  @Inject
  @BindingAnnotation
  private String s;

  public String t() {
    return ""test: "" + s;
  }

  @Override
  protected void doGet(HttpServletRequest req, HttpServletResponse resp) throws ServletException, IOException {
    resp.setStatus(HttpServletResponse.SC_OK);
    resp.setContentType(""text/plain"");
    resp.getWriter().write(t());
  }
}
{code}

Other jar contains producer for {{@BindingAnnotation String}}:
{code:java}
@ApplicationScoped
public class Producer {
  @Produces
  @BindingAnnotation
  public String get() {
    return ""test"";
  }
}
{code}

Same project works fine with weld-servlet-core 2.3.3.Final. Demo project is published at https://github.com/grossws/weld-bug-qualifier-inject.git, see *Steps to Reproduce*",,,
1559,WELD-1837,"Weld SE has a problem while scanning bean archives, if the application has multiple archives with an empty beans.xml. Only the last detected archive is considered.

An empty beans.xml is represented with the constant org.jboss.weld.bootstrap.spi.BeansXml.EMPTY_BEANS_XML. The problem is, that implementations of org.jboss.weld.environment.deployment.discovery.BeansXml use this .EMPTY_BEANS_XML as key in a HashMap, which should contain all discovered bean archives. But because the key for jars with an empty beans.xml is always the same, they are not discovered properly.",,,
1565,WELD-1906,"Caught by WildFly testsuite:

org.jboss.as.test.clustering.cluster.cdi.CdiFailoverTestCase(SYNC-tcp).testGracefulUndeployFailover: <no details avaliable>

org.jboss.as.test.clustering.cluster.cdi.CdiFailoverTestCase(SYNC-tcp).testGracefulSimpleFailover: <no details avaliable>


{noformat}
2015-03-26 16:45:15,570 ERROR [io.undertow.request] (default task-1) UT005023: Exception handling request to /cdi-failover/cdi: java.lang.NullPointerException
        at java.util.ArrayDeque.addFirst(ArrayDeque.java:228)
        at org.jboss.weld.injection.ThreadLocalStack$Stack.push(ThreadLocalStack.java:94)
        at org.jboss.weld.injection.ThreadLocalStack.push(ThreadLocalStack.java:131)
        at org.jboss.weld.bean.proxy.InjectionPointPropagatingEnterpriseTargetBeanInstance.invoke(InjectionPointPropagatingEnterpriseTargetBeanInstance.java:61)
        at org.jboss.weld.bean.proxy.ProxyMethodHandler.invoke(ProxyMethodHandler.java:100)
        at org.jboss.as.test.clustering.cluster.cdi.Incrementor$64999020$Proxy$_$$_Weld$EnterpriseProxy$.increment(Unknown Source)
        at sun.reflect.NativeMethodAccessorImpl.invoke0(Native Method)
        at sun.reflect.NativeMethodAccessorImpl.invoke(NativeMethodAccessorImpl.java:62)
        at sun.reflect.DelegatingMethodAccessorImpl.invoke(DelegatingMethodAccessorImpl.java:43)
        at java.lang.reflect.Method.invoke(Method.java:483)
        at org.jboss.weld.bean.proxy.AbstractBeanInstance.invoke(AbstractBeanInstance.java:38)
        at org.jboss.weld.bean.proxy.ProxyMethodHandler.invoke(ProxyMethodHandler.java:100)
        at org.jboss.weld.proxies.Incrementor$64999020$Proxy$_$$_WeldClientProxy.increment(Unknown Source)
        at org.jboss.as.test.clustering.cluster.cdi.CdiServlet.doGet(CdiServlet.java:56)
        at javax.servlet.http.HttpServlet.service(HttpServlet.java:687)
        at javax.servlet.http.HttpServlet.service(HttpServlet.java:790)
        at io.undertow.servlet.handlers.ServletHandler.handleRequest(ServletHandler.java:86)
        at io.undertow.servlet.handlers.security.ServletSecurityRoleHandler.handleRequest(ServletSecurityRoleHandler.java:62)
        at io.undertow.servlet.handlers.ServletDispatchingHandler.handleRequest(ServletDispatchingHandler.java:36)
        at org.wildfly.extension.undertow.security.SecurityContextAssociationHandler.handleRequest(SecurityContextAssociationHandler.java:78)
        at io.undertow.server.handlers.PredicateHandler.handleRequest(PredicateHandler.java:43)
        at io.undertow.servlet.handlers.security.SSLInformationAssociationHandler.handleRequest(SSLInformationAssociationHandler.java:131)
        at io.undertow.servlet.handlers.security.ServletAuthenticationCallHandler.handleRequest(ServletAuthenticationCallHandler.java:57)
        at io.undertow.server.handlers.PredicateHandler.handleRequest(PredicateHandler.java:43)
        at io.undertow.security.handlers.AbstractConfidentialityHandler.handleRequest(AbstractConfidentialityHandler.java:46)
        at io.undertow.servlet.handlers.security.ServletConfidentialityConstraintHandler.handleRequest(ServletConfidentialityConstraintHandler.java:64)
        at io.undertow.security.handlers.AuthenticationMechanismsHandler.handleRequest(AuthenticationMechanismsHandler.java:58)
        at io.undertow.servlet.handlers.security.CachedAuthenticatedSessionHandler.handleRequest(CachedAuthenticatedSessionHandler.java:70)
        at io.undertow.security.handlers.NotificationReceiverHandler.handleRequest(NotificationReceiverHandler.java:50)
        at io.undertow.security.handlers.SecurityInitialHandler.handleRequest(SecurityInitialHandler.java:76)
        at io.undertow.server.handlers.PredicateHandler.handleRequest(PredicateHandler.java:43)
        at org.wildfly.extension.undertow.security.jacc.JACCContextIdHandler.handleRequest(JACCContextIdHandler.java:61)
        at io.undertow.server.handlers.PredicateHandler.handleRequest(PredicateHandler.java:43)
        at io.undertow.server.handlers.PredicateHandler.handleRequest(PredicateHandler.java:43)
        at io.undertow.servlet.handlers.ServletInitialHandler.handleFirstRequest(ServletInitialHandler.java:278)
        at io.undertow.servlet.handlers.ServletInitialHandler.dispatchRequest(ServletInitialHandler.java:255)
        at io.undertow.servlet.handlers.ServletInitialHandler.access$000(ServletInitialHandler.java:80)
        at io.undertow.servlet.handlers.ServletInitialHandler$1.handleRequest(ServletInitialHandler.java:174)
        at io.undertow.server.Connectors.executeRootHandler(Connectors.java:199)
        at io.undertow.server.HttpServerExchange$1.run(HttpServerExchange.java:774)
        at java.util.concurrent.ThreadPoolExecutor.runWorker(ThreadPoolExecutor.java:1142)
        at java.util.concurrent.ThreadPoolExecutor$Worker.run(ThreadPoolExecutor.java:617)
        at java.lang.Thread.run(Thread.java:745)
{noformat}",,,
1567,WELD-1904,"We're missing a return statement here:

https://github.com/weld/core/blob/master/impl/src/main/java/org/jboss/weld/config/WeldConfiguration.java#L380

Therefore, the method always returns Collections.emptyMap() no matter what options are set.",,,
1754,WELD-1834,"- Bar extends Foo
- Bar have one public no-arg constructor
- Foo have one public with args constructor
- Bar is ApplicationScoped

Instance<Foo> instance
instance.get() produce an error.
Indeed we can't create Foo proxy but we can create Bar proxy
@See pull request",,,
1832,WELD-2127,"ScanResult.extractBeanArchiveId() does not deal properly with deployment paths containing the Windows file separator (i.e. ""\""), and as a result bean archive IDs are not set. This in turn causes session replication not to work in our case.

I'm attaching a document that contains details of the issue, a test program which illustrates the issue, and a potential fix.",,,
1836,WELD-2156,"Multimap {{declaredMetaAnnotationMap}} can be modified by means of {{getDeclaredMetaAnnotations()}}. This causes {{ConcurrentModificationException}} during bootstrap when using Java 9 where {{HashMap#computeIfAbsent()}} detects concurrent modifications.

This is not an issue for Weld 2.3 where a regular Map is used.",,,
1840,WELD-2110,"The current check is too strict, see also ""10.2.1. The Event interface"":
{quote}
If the specified type contains a type variable, an IllegalArgumentException is thrown.
{quote}
",,,
1850,WELD-2119,"The fix for WELD-2092 corrected this issue for normal-scoped CDI beans, but EJB session beans still hit the same issue.",,,
1860,WELD-2142,"Fix the note in ""Enabling interceptors"" and ""Enabling decorators"" sections.",,,
1862,WELD-2131,"Using a Service class like this:

{code:java}
@Interceptors(MyInterceptor.class)
public class TestService {
...
}

@ManagedBean
public class MyInterceptor {
Object field;
@AroundConstruct
    public void wrapConstructor(InvocationContext ctx) throws Exception {
         field = new Object();
}
 @AroundInvoke
    public Object guard(final InvocationContext context) throws Exception {
        assert field != null;
}
}
{code}

I would expect the assert to pass. However it fails, because weld creates two instances of this interceptor, one for each Interception Type.

I did not see this documented, and I am not sure if it is a bug. If not, more documentation would help.

JSR 318 seems to say this:
http://download.oracle.com/otndocs/jcp/interceptors-1_2-mrel2-spec/
""Except as noted below, when the target instance is created, a corresponding interceptor instance is created for each associated interceptor class.""

""The applicability of a method-level interceptor to more than one method of an associated target class does  not  affect  the  relationship  between  the  interceptor  instance  and  the  target  class—only  a  single  instance of the interceptor class is created per target class instance""
",,,
1873,WELD-2100,"It does not reflect the changes introduced in CDI-7:
{quote}
An event is delivered to an observer method if:
* The observer method has no event qualifiers or has a subset of the event qualifiers...
{quote}
",,,
1874,WELD-2092,We should double-check whether this could break anything...,,,
1882,WELD-1941,"The CDI spec states:
3.1.5. Default bean name for a managed bean
The default name for a managed bean is the unqualified class name of the bean class, after
converting the first character to lower case.
For example, if the bean class is named ProductList, the default bean name is productList. 

This does not happen if the class name has two or more capital letters at the beginning, instead it does not decapitalize the first letter. e.g. if the class is named JSFBean the default bean name is JSFBean not jSFBean as excpected.",,,
2030,WELD-1887,"Seems that Tomcat session passivation between restarts combined with development environments leads to this false possitive:

http://stackoverflow.com/questions/28713747/weld-000227-bean-identifier-index-inconsistency-detected-the-distributed-cont",,,
2093,WELD-1839,"{noformat}
2015-01-14 01:46:42,173 SEVERE [javax.enterprise.resource.webcontainer.jsf.config] (MSC service thread 1-1) Critical error during deployment: : org.jboss.weld.exceptions.IllegalStateException: WELD-001332: BeanManager method getReference() is not available during application initialization
	at org.jboss.weld.bean.builtin.BeanManagerProxy.checkContainerState(BeanManagerProxy.java:246) [weld-core-impl.jar:2015-01-14 01:40]
	at org.jboss.weld.bean.builtin.BeanManagerProxy.getReference(BeanManagerProxy.java:88) [weld-core-impl.jar:2015-01-14 01:40]
	at com.sun.faces.application.JavaFlowLoaderHelper.loadFlows(JavaFlowLoaderHelper.java:78) [jsf-impl-2.2.8-jbossorg-1.jar:]
	at com.sun.faces.application.ApplicationAssociate$PostConstructApplicationListener.processEvent(ApplicationAssociate.java:298) [jsf-impl-2.2.8-jbossorg-1.jar:]
	at javax.faces.event.SystemEvent.processListener(SystemEvent.java:108) [jboss-jsf-api_2.2_spec-2.2.8.jar:2.2.8]
	at com.sun.faces.application.ApplicationImpl.processListeners(ApplicationImpl.java:2190) [jsf-impl-2.2.8-jbossorg-1.jar:]
	at com.sun.faces.application.ApplicationImpl.invokeListenersFor(ApplicationImpl.java:2163) [jsf-impl-2.2.8-jbossorg-1.jar:]
	at com.sun.faces.application.ApplicationImpl.publishEvent(ApplicationImpl.java:296) [jsf-impl-2.2.8-jbossorg-1.jar:]
	at org.jboss.as.jsf.injection.weld.ForwardingApplication.publishEvent(ForwardingApplication.java:294) [wildfly-jsf-injection-8.2.0.Final.jar:8.2.0.Final]
	at com.sun.faces.config.ConfigManager.publishPostConfigEvent(ConfigManager.java:692) [jsf-impl-2.2.8-jbossorg-1.jar:]
	at com.sun.faces.config.ConfigureListener.contextInitialized(ConfigureListener.java:260) [jsf-impl-2.2.8-jbossorg-1.jar:]
	at io.undertow.servlet.core.ApplicationListeners.contextInitialized(ApplicationListeners.java:173) [undertow-servlet-1.1.0.Final.jar:1.1.0.Final]
	at io.undertow.servlet.core.DeploymentManagerImpl.deploy(DeploymentManagerImpl.java:193) [undertow-servlet-1.1.0.Final.jar:1.1.0.Final]
	at org.wildfly.extension.undertow.deployment.UndertowDeploymentService.startContext(UndertowDeploymentService.java:87)
	at org.wildfly.extension.undertow.deployment.UndertowDeploymentService.start(UndertowDeploymentService.java:72)
	at org.jboss.msc.service.ServiceControllerImpl$StartTask.startService(ServiceControllerImpl.java:1948)
	at org.jboss.msc.service.ServiceControllerImpl$StartTask.run(ServiceControllerImpl.java:1881)
	at java.util.concurrent.ThreadPoolExecutor.runWorker(ThreadPoolExecutor.java:1142) [rt.jar:1.8.0_20]
	at java.util.concurrent.ThreadPoolExecutor$Worker.run(ThreadPoolExecutor.java:617) [rt.jar:1.8.0_20]
	at java.lang.Thread.run(Thread.java:745) [rt.jar:1.8.0_20]
{noformat}",,,
2100,WELD-2031,"In reference to ..
https://docs.jboss.org/weld/reference/latest/en-US/html/environments.html#_jetty

That doesn't do what you think it does.
Since you are calling Set on serverClasses with an array you are overwriting all of the previous serverClasses entries with your entry.
And since your entry starts with a ""-"" (negation), you essentially wind up with no serverClasses entries.
Which basically removes all of the WebApp ClassLoader isolation. (a bad thing)

In Jetty 8, there were no options for ""append"" or ""prepend"" of the serverClasses, so you would essentially have to copy/paste the entries into a new list with your entry at the top.

In Jetty 9.0 thru 9.2 you can prepend the list, however your single entry isn't enough.

{{  <!-- relax the classloader to allow weld to see jetty server and servlet classes -->
  <Call name=""prependServerClass"">
    <Arg>-org.eclipse.jetty.server.</Arg>
  </Call>
  <Call name=""prependServerClass"">
    <Arg>-org.eclipse.jetty.servlet.</Arg>
  </Call>
}}

This would be the minimum feature set to support to access the ServletContextHandler$Decorator

But even this is too much to expose, so Jetty 9.3 made the exposure even easier, but it will require code changes in Weld to support properly.

First, the [org.eclipse.jetty.servlet.ServletContextHandler$Decorator|http://download.eclipse.org/jetty/9.3.3.v20150827/apidocs/org/eclipse/jetty/servlet/ServletContextHandler.Decorator.html] has been deprecated.

It has been replaced with [org.eclipse.jetty.util.Decorator|http://download.eclipse.org/jetty/9.3.3.v20150827/apidocs/org/eclipse/jetty/util/Decorator.html]

To add/remove Decorators, you use the [org.eclipse.jetty.util.DecoratedObjectFactory|http://download.eclipse.org/jetty/9.3.3.v20150827/apidocs/org/eclipse/jetty/util/DecoratedObjectFactory.html] accessed via a ServletContext.getAttribute(DecoratedObjectFactory.ATTR)
",,,
2103,WELD-2052,"When the session is destroyed (e.g. due to logging out), then its conversations are destroyed right away, in the {{session.invalidate();}} call. According to the spec, this is wrong.
CDI 1.2 spec 6.7.4. Conversation context lifecycle:
{quote}
When the HTTP servlet session is invalidated, all long-running conversation contexts created during the current session are destroyed, after the servlet service() method completes.
{quote}
(CDI 2 spec early draft makes the same statement in 19.3.4 Conversation context lifecycle in Java EE.)",,,
2128,WELD-1959,org.jboss.weld.environment.deployment.WeldResourceLoader#classForName is not able load required class org.eclipse.jetty.servlet.ServletHandler. See   org.jboss.weld.environment.jetty.JettyContainer,,,
2130,WELD-2017,"I'm getting ThreadLocal leaks during Tomcat reload when using the latest WELD:

{quote}
Aug 21, 2015 2:42:10 PM org.apache.catalina.core.StandardContext reload
INFORMATION: Reloading Context with name \[/webapp\] has started
Aug 21, 2015 2:42:10 PM org.apache.catalina.loader.WebappClassLoaderBase checkThreadLocalMapForLeaks
SCHWERWIEGEND: *The web application \[webapp\] created a ThreadLocal with key of type \[java.lang.ThreadLocal\] (value \[java.lang.ThreadLocal@e6a486\]) and a value of type \[org.jboss.weld.context.AbstractManagedContext.ManagedState\] (value \[org.jboss.weld.context.AbstractManagedContext$ManagedState@30506b\])* but failed to remove it when the web application was stopped. Threads are going to be renewed over time to try and avoid a probable memory leak.
\[...\]
{quote}",,,
2142,WELD-2065,"This seems to be a regression/behavioural change from 2.2.6 (the last time I was trying this).

Scenario: I have an Arquillian test that is leveraging somewhere in its hierarchy an EntityManager. That entity manager is injected using @PersistenceContext.  In Weld 2.2.6 that field would end up being null.  In 2.3.1, that field is now throwing a Null Pointer Exception

{code}
java.lang.NullPointerException
at org.jboss.weld.util.Preconditions.checkNotNull(Preconditions.java:51)
at org.jboss.weld.injection.AbstractResourceInjection.<init>(AbstractResourceInjection.java:39)
at org.jboss.weld.injection.FieldResourceInjection.<init>(FieldResourceInjection.java:48)
at org.jboss.weld.injection.ResourceInjectionFactory$ResourceInjectionProcessor.createFieldResourceInjection(ResourceInjectionFactory.java:217)
at org.jboss.weld.injection.ResourceInjectionFactory$ResourceInjectionProcessor.createResourceInjections(ResourceInjectionFactory.java:189)
at org.jboss.weld.injection.ResourceInjectionFactory.discoverType(ResourceInjectionFactory.java:449)
at org.jboss.weld.injection.ResourceInjectionFactory.getResourceInjections(ResourceInjectionFactory.java:97)
at org.jboss.weld.injection.producer.ResourceInjector.<init>(ResourceInjector.java:59)
at org.jboss.weld.injection.producer.ResourceInjector.of(ResourceInjector.java:49)
at org.jboss.weld.injection.producer.BeanInjectionTarget.<init>(BeanInjectionTarget.java:63)
at org.jboss.weld.injection.producer.BeanInjectionTarget.createDefault(BeanInjectionTarget.java:47)
at org.jboss.weld.manager.InjectionTargetFactoryImpl.chooseInjectionTarget(InjectionTargetFactoryImpl.java:128)
at org.jboss.weld.manager.InjectionTargetFactoryImpl.createInjectionTarget(InjectionTargetFactoryImpl.java:87)
at org.jboss.weld.bean.ManagedBean.<init>(ManagedBean.java:100)
at org.jboss.weld.bean.ManagedBean.of(ManagedBean.java:80)
at org.jboss.weld.bootstrap.AbstractBeanDeployer.createManagedBean(AbstractBeanDeployer.java:261)
at org.jboss.weld.bootstrap.BeanDeployer.createClassBean(BeanDeployer.java:228)
at org.jboss.weld.bootstrap.ConcurrentBeanDeployer$2.doWork(ConcurrentBeanDeployer.java:78)
at org.jboss.weld.bootstrap.ConcurrentBeanDeployer$2.doWork(ConcurrentBeanDeployer.java:75)
at org.jboss.weld.executor.IterativeWorkerTaskFactory$1.call(IterativeWorkerTaskFactory.java:63)
at org.jboss.weld.executor.IterativeWorkerTaskFactory$1.call(IterativeWorkerTaskFactory.java:56)
at java.util.concurrent.FutureTask.run(FutureTask.java:266)
at java.util.concurrent.ThreadPoolExecutor.runWorker(ThreadPoolExecutor.java:1142)
at java.util.concurrent.ThreadPoolExecutor$Worker.run(ThreadPoolExecutor.java:617)
at java.lang.Thread.run(Thread.java:745)
{code}",,,
2212,WELD-2014,Similarly to [org.jboss.weld.tck.BeansImpl|https://github.com/weld/core/blob/master/porting-package/src/main/java/org/jboss/weld/tck/BeansImpl.java].,,,
2224,WELD-2043,"7.2. Container invocations and interception:
{quote}
When the container invokes a method of a bean, the invocation may or may not be treated as a business method invocation:
* ...
* Invocations of producer, disposer and observer methods by the container are business method invocations and are intercepted by method interceptors and decorators.
* ...
{quote}

It looks like a regression introduced in this commit:
https://github.com/weld/core/commit/e084e5533e972f6420f852a2e555169ba792d675",,,
2253,WELD-2069,NoData,,,
2463,WELD-2090,https://github.com/weld/core/commit/9b12cdf03fd7e2de5d48cfd2558eed6e1b74f7d0,,,
2470,WELD-2048,"However, an integrator might create injection targets (and register them for validation) for EJBs and other EE componets in parallel (at least there is no requirement not to do so).",,,
2471,WELD-2019,http://mail.openjdk.java.net/pipermail/lambda-dev/2015-August/012146.html,,,
2482,WELD-2050,"Note that the change of the producer method identifier is not backward compatible (passivation, clustering, etc.). On the other hand, all other identifiers already include the ID of the corresponding BeanManager which is not under the control of Weld anyway.",,,
2488,WELD-1999,"The exception is thrown if the bean is packaged in a WAR inside an EAR archive.

The FieldInjectionPoint.SerializationProxy.readResolve() is called, which in turn attempts to load the bean class using the ResourceLoader service. However, the ResourceLoader is based on the EAR module and cannot load a bean from the WAR.

The stack trace:
16:51:46,808 WARN  [org.jboss.as.clustering.web.infinispan] (http-/127.0.0.1:8180-1) JBAS010322: Failed to load session DR8BkKvLhPfb8XVKkb16Nbe3: java.lang.RuntimeException: JBAS010333: Failed to load session attributes for session: DR8BkKvLhPfb8XVKkb16Nbe3
	at org.jboss.as.clustering.web.infinispan.DistributedCacheManager$2.invoke(DistributedCacheManager.java:229)
	at org.jboss.as.clustering.web.infinispan.DistributedCacheManager$2.invoke(DistributedCacheManager.java:212)
	at org.jboss.as.clustering.infinispan.invoker.SimpleCacheInvoker.invoke(SimpleCacheInvoker.java:34)
	at org.jboss.as.clustering.infinispan.invoker.BatchCacheInvoker.invoke(BatchCacheInvoker.java:48)
	at org.jboss.as.clustering.infinispan.invoker.RetryingCacheInvoker.invoke(RetryingCacheInvoker.java:85)
	at org.jboss.as.clustering.web.infinispan.DistributedCacheManager$ForceSynchronousCacheInvoker.invoke(DistributedCacheManager.java:550)
	at org.jboss.as.clustering.web.infinispan.DistributedCacheManager.getData(DistributedCacheManager.java:238)
	at org.jboss.as.clustering.web.infinispan.DistributedCacheManager.getSessionData(DistributedCacheManager.java:196)
	at org.jboss.as.web.session.DistributableSessionManager.loadSession(DistributableSessionManager.java:1429) [jboss-as-web-7.4.0.Final-redhat-19.jar:7.4.0.Final-redhat-19]
	at org.jboss.as.web.session.DistributableSessionManager.findSession(DistributableSessionManager.java:688) [jboss-as-web-7.4.0.Final-redhat-19.jar:7.4.0.Final-redhat-19]
	at org.jboss.as.web.session.DistributableSessionManager.findSession(DistributableSessionManager.java:84) [jboss-as-web-7.4.0.Final-redhat-19.jar:7.4.0.Final-redhat-19]
	at org.apache.catalina.connector.Request.doGetSession(Request.java:2629) [jbossweb-7.4.8.Final-redhat-4.jar:7.4.8.Final-redhat-4]
	at org.apache.catalina.connector.Request.getSession(Request.java:2381) [jbossweb-7.4.8.Final-redhat-4.jar:7.4.8.Final-redhat-4]
	at org.apache.catalina.connector.RequestFacade.getSession(RequestFacade.java:791) [jbossweb-7.4.8.Final-redhat-4.jar:7.4.8.Final-redhat-4]
	at org.jboss.weld.context.beanstore.http.LazySessionBeanStore.getSession(LazySessionBeanStore.java:73) [weld-core-1.1.23.Final-redhat-1.jar:1.1.23.Final-redhat-1]
	at org.jboss.weld.context.beanstore.http.LazySessionBeanStore.<init>(LazySessionBeanStore.java:59) [weld-core-1.1.23.Final-redhat-1.jar:1.1.23.Final-redhat-1]
	at org.jboss.weld.context.http.HttpSessionContextImpl.associate(HttpSessionContextImpl.java:28) [weld-core-1.1.23.Final-redhat-1.jar:1.1.23.Final-redhat-1]
	at org.jboss.weld.context.http.HttpSessionContextImpl.associate(HttpSessionContextImpl.java:16) [weld-core-1.1.23.Final-redhat-1.jar:1.1.23.Final-redhat-1]
	at org.jboss.weld.servlet.WeldListener.requestInitialized(WeldListener.java:205) [weld-core-1.1.23.Final-redhat-1.jar:1.1.23.Final-redhat-1]
	at org.apache.catalina.core.StandardHostValve.invoke(StandardHostValve.java:134) [jbossweb-7.4.8.Final-redhat-4.jar:7.4.8.Final-redhat-4]
	at org.apache.catalina.valves.ErrorReportValve.invoke(ErrorReportValve.java:97) [jbossweb-7.4.8.Final-redhat-4.jar:7.4.8.Final-redhat-4]
	at org.apache.catalina.core.StandardEngineValve.invoke(StandardEngineValve.java:102) [jbossweb-7.4.8.Final-redhat-4.jar:7.4.8.Final-redhat-4]
	at org.apache.catalina.connector.CoyoteAdapter.service(CoyoteAdapter.java:344) [jbossweb-7.4.8.Final-redhat-4.jar:7.4.8.Final-redhat-4]
	at org.apache.coyote.http11.Http11Processor.process(Http11Processor.java:856) [jbossweb-7.4.8.Final-redhat-4.jar:7.4.8.Final-redhat-4]
	at org.apache.coyote.http11.Http11Protocol$Http11ConnectionHandler.process(Http11Protocol.java:653) [jbossweb-7.4.8.Final-redhat-4.jar:7.4.8.Final-redhat-4]
	at org.apache.tomcat.util.net.JIoEndpoint$Worker.run(JIoEndpoint.java:926) [jbossweb-7.4.8.Final-redhat-4.jar:7.4.8.Final-redhat-4]
	at java.lang.Thread.run(Thread.java:745) [rt.jar:1.7.0_80]
Caused by: org.jboss.weld.resources.spi.ResourceLoadingException: java.lang.ClassNotFoundException: org.jboss.tools.example.controller.MemberController from [Module ""deployment.javaee6earPOC-ear.ear:main"" from Service Module Loader]
	at org.jboss.as.weld.WeldModuleResourceLoader.classForName(WeldModuleResourceLoader.java:74) [jboss-as-weld-7.4.0.Final-redhat-19.jar:7.4.0.Final-redhat-19]
	at org.jboss.weld.injection.FieldInjectionPoint$SerializationProxy.getInjectionTargetClass(FieldInjectionPoint.java:214) [weld-core-1.1.23.Final-redhat-1.jar:1.1.23.Final-redhat-1]
	at org.jboss.weld.injection.FieldInjectionPoint$SerializationProxy.readResolve(FieldInjectionPoint.java:210) [weld-core-1.1.23.Final-redhat-1.jar:1.1.23.Final-redhat-1]
	at sun.reflect.NativeMethodAccessorImpl.invoke0(Native Method) [rt.jar:1.7.0_80]
	at sun.reflect.NativeMethodAccessorImpl.invoke(NativeMethodAccessorImpl.java:57) [rt.jar:1.7.0_80]
	at sun.reflect.DelegatingMethodAccessorImpl.invoke(DelegatingMethodAccessorImpl.java:43) [rt.jar:1.7.0_80]
	at java.lang.reflect.Method.invoke(Method.java:606) [rt.jar:1.7.0_80]
	at org.jboss.marshalling.reflect.SerializableClass.callReadResolve(SerializableClass.java:413)
	at org.jboss.marshalling.river.RiverUnmarshaller.doReadNewObject(RiverUnmarshaller.java:1270)
	at org.jboss.marshalling.river.RiverUnmarshaller.doReadObject(RiverUnmarshaller.java:272)
	at org.jboss.marshalling.river.RiverUnmarshaller.doReadObject(RiverUnmarshaller.java:209)
	at org.jboss.marshalling.river.RiverUnmarshaller.readFields(RiverUnmarshaller.java:1712)
	at org.jboss.marshalling.river.RiverUnmarshaller.doInitSerializable(RiverUnmarshaller.java:1628)
	at org.jboss.marshalling.river.RiverUnmarshaller.doReadNewObject(RiverUnmarshaller.java:1269)
	at org.jboss.marshalling.river.RiverUnmarshaller.doReadObject(RiverUnmarshaller.java:272)
	at org.jboss.marshalling.river.RiverUnmarshaller.doReadObject(RiverUnmarshaller.java:209)
	at org.jboss.marshalling.river.RiverUnmarshaller.doReadCollectionObject(RiverUnmarshaller.java:180)
	at org.jboss.marshalling.river.RiverUnmarshaller.readCollectionData(RiverUnmarshaller.java:773)
	at org.jboss.marshalling.river.RiverUnmarshaller.doReadObject(RiverUnmarshaller.java:649)
	at org.jboss.marshalling.river.RiverUnmarshaller.doReadObject(RiverUnmarshaller.java:209)
	at org.jboss.marshalling.river.RiverUnmarshaller.readFields(RiverUnmarshaller.java:1712)
	at org.jboss.marshalling.river.RiverUnmarshaller.doInitSerializable(RiverUnmarshaller.java:1628)
	at org.jboss.marshalling.river.RiverUnmarshaller.doInitSerializable(RiverUnmarshaller.java:1591)
	at org.jboss.marshalling.river.RiverUnmarshaller.doReadNewObject(RiverUnmarshaller.java:1269)
	at org.jboss.marshalling.river.RiverUnmarshaller.doReadObject(RiverUnmarshaller.java:272)
	at org.jboss.marshalling.river.RiverUnmarshaller.doReadObject(RiverUnmarshaller.java:209)
	at org.jboss.marshalling.river.RiverUnmarshaller.readFields(RiverUnmarshaller.java:1712)
	at org.jboss.marshalling.river.RiverUnmarshaller.doInitSerializable(RiverUnmarshaller.java:1628)
	at org.jboss.marshalling.river.RiverUnmarshaller.doReadNewObject(RiverUnmarshaller.java:1269)
	at org.jboss.marshalling.river.RiverUnmarshaller.doReadObject(RiverUnmarshaller.java:272)
	at org.jboss.marshalling.river.RiverUnmarshaller.doReadObject(RiverUnmarshaller.java:209)
	at org.jboss.marshalling.river.RiverUnmarshaller.readFields(RiverUnmarshaller.java:1712)
	at org.jboss.marshalling.river.RiverUnmarshaller.doInitSerializable(RiverUnmarshaller.java:1628)
	at org.jboss.marshalling.river.RiverUnmarshaller.doReadNewObject(RiverUnmarshaller.java:1269)
	at org.jboss.marshalling.river.RiverUnmarshaller.doReadObject(RiverUnmarshaller.java:272)
	at org.jboss.marshalling.river.RiverUnmarshaller.doReadObject(RiverUnmarshaller.java:209)
	at org.jboss.marshalling.river.RiverUnmarshaller.doReadCollectionObject(RiverUnmarshaller.java:180)
	at org.jboss.marshalling.river.RiverUnmarshaller.readCollectionData(RiverUnmarshaller.java:773)
	at org.jboss.marshalling.river.RiverUnmarshaller.doReadObject(RiverUnmarshaller.java:649)
	at org.jboss.marshalling.river.RiverUnmarshaller.doReadObject(RiverUnmarshaller.java:209)
	at org.jboss.marshalling.river.RiverUnmarshaller.readFields(RiverUnmarshaller.java:1712)
	at org.jboss.marshalling.river.RiverUnmarshaller.doInitSerializable(RiverUnmarshaller.java:1628)
	at org.jboss.marshalling.river.RiverUnmarshaller.doInitSerializable(RiverUnmarshaller.java:1591)
	at org.jboss.marshalling.river.RiverUnmarshaller.doReadNewObject(RiverUnmarshaller.java:1269)
	at org.jboss.marshalling.river.RiverUnmarshaller.doReadObject(RiverUnmarshaller.java:272)
	at org.jboss.marshalling.river.RiverUnmarshaller.doReadObject(RiverUnmarshaller.java:209)
	at org.jboss.marshalling.river.RiverUnmarshaller.readFields(RiverUnmarshaller.java:1712)
	at org.jboss.marshalling.river.RiverUnmarshaller.doInitSerializable(RiverUnmarshaller.java:1628)
	at org.jboss.marshalling.river.RiverUnmarshaller.doReadNewObject(RiverUnmarshaller.java:1269)
	at org.jboss.marshalling.river.RiverUnmarshaller.doReadObject(RiverUnmarshaller.java:272)
	at org.jboss.marshalling.river.RiverUnmarshaller.doReadObject(RiverUnmarshaller.java:209)
	at org.jboss.marshalling.river.RiverUnmarshaller.readFields(RiverUnmarshaller.java:1712)
	at org.jboss.marshalling.river.RiverUnmarshaller.doInitSerializable(RiverUnmarshaller.java:1628)
	at org.jboss.marshalling.river.RiverUnmarshaller.doReadNewObject(RiverUnmarshaller.java:1269)
	at org.jboss.marshalling.river.RiverUnmarshaller.doReadObject(RiverUnmarshaller.java:272)
	at org.jboss.marshalling.river.RiverUnmarshaller.doReadObject(RiverUnmarshaller.java:209)
	at org.jboss.marshalling.AbstractObjectInput.readObject(AbstractObjectInput.java:41)
	at org.jboss.as.clustering.SimpleMarshalledValue.get(SimpleMarshalledValue.java:122)
	at org.jboss.as.clustering.web.impl.SessionAttributeMarshallerImpl.unmarshal(SessionAttributeMarshallerImpl.java:72)
	at org.jboss.as.clustering.web.infinispan.FineSessionAttributeStorage.load(FineSessionAttributeStorage.java:82)
	at org.jboss.as.clustering.web.infinispan.DistributedCacheManager$2.invoke(DistributedCacheManager.java:227)
	... 26 more
Caused by: java.lang.ClassNotFoundException: org.jboss.tools.example.controller.MemberController from [Module ""deployment.javaee6earPOC-ear.ear:main"" from Service Module Loader]
	at org.jboss.modules.ModuleClassLoader.findClass(ModuleClassLoader.java:213) [jboss-modules.jar:1.3.3.Final-redhat-1]
	at org.jboss.modules.ConcurrentClassLoader.performLoadClassUnchecked(ConcurrentClassLoader.java:459) [jboss-modules.jar:1.3.3.Final-redhat-1]
	at org.jboss.modules.ConcurrentClassLoader.performLoadClassChecked(ConcurrentClassLoader.java:408) [jboss-modules.jar:1.3.3.Final-redhat-1]
	at org.jboss.modules.ConcurrentClassLoader.performLoadClass(ConcurrentClassLoader.java:389) [jboss-modules.jar:1.3.3.Final-redhat-1]
	at org.jboss.modules.ConcurrentClassLoader.loadClass(ConcurrentClassLoader.java:134) [jboss-modules.jar:1.3.3.Final-redhat-1]
	at org.jboss.as.weld.WeldModuleResourceLoader.classForName(WeldModuleResourceLoader.java:68) [jboss-as-weld-7.4.0.Final-redhat-19.jar:7.4.0.Final-redhat-19]
	... 86 more",,,
2562,WELD-2143,"When multiple wars, in the same ear, share a library with a CDI extension, the CDI extension is only loaded for 1 of the wars. If, for example, this CDI extension registers a bean, this bean is only available in one of the wars, resulting in an unsatisfied dependency.

I've attached a demo-project, with 4 modules:
 - a shared lib with a CDI extension
 - 2 (almost) identical wars
 - an ear, containing both wars

The wars, when deployed directly, function fine. However, when deployed together in the ear, you get the following exception:
{code}
Caused by: org.jboss.weld.exceptions.DeploymentException: WELD-001408: Unsatisfied dependencies for type TestBean with qualifiers @Default
  at injection point [BackedAnnotatedField] @Inject private nl.topicus.TestServlet2.testBean
  at nl.topicus.TestServlet2.testBean(TestServlet2.java:0)
{code}

The exception is triggered in TestServlet1 or TestServlet2, depending on the order of initialization.

As war1 and war2 use different classloaders for loading TestExtension, I expect the extension to load for both wars, with a different instance of 'TestBean'. Stepping through the code, I noticed that the extension is instantiated and registered twice, however AfterBeanDiscovery only fires on one of the two. This seems to be caused by org.jboss.weld.resolution.TypeSafeResolver.findMatching overwriting the first extension by the second in 'result'. ExtensionObserverMethodImpl implements equals and hashCode via its id, which contain no information about the BeanManager.",,,
2592,WELD-2174,"Not available LICENSE file in source directory structure
Please. Added license and copyright notice.
the fedora pakaging guideline is very strictly precise about this problem
https://fedoraproject.org/wiki/Packaging:LicensingGuidelines?rd=Packaging/LicensingGuidelines#License_Text
thanks
regards",,,
2600,WELD-2173,"Not available LICENSE file in source directory structure
Please. Added license and copyright notice.
the fedora pakaging guideline is very strictly precise about this problem
https://fedoraproject.org/wiki/Packaging:LicensingGuidelines?rd=Packaging/LicensingGuidelines#License_Text
thanks
regards",,,
2601,WELD-2159,"When you are doing in your extension something like:
{code}
   void observesABD(@Observes AfterBeanDiscovery abd) throws NoSuchMethodException {
      
        Method melonMethod = FruitObserver.class.getMethod(""observesMelon"", Melon.class);
        abd.addObserverMethod().read(melonMethod) ...

} 
{code}
 and ""observesMelon"" doesn't have any @Observes param then Weld fails with NPE:
{code}
java.lang.NullPointerException
	at org.jboss.weld.bootstrap.events.builder.ObserverMethodConfiguratorImpl.read(ObserverMethodConfiguratorImpl.java:94)
	at org.jboss.cdi.tck.tests.extensions.configurators.observerMethod.AfterBeanDiscoveryObserver.observesABD(AfterBeanDiscoveryObserver.java:62)
	at sun.reflect.NativeMethodAccessorImpl.invoke0(Native Method)
	at sun.reflect.NativeMethodAccessorImpl.invoke(NativeMethodAccessorImpl.java:62)
	at sun.reflect.DelegatingMethodAccessorImpl.invoke(DelegatingMethodAccessorImpl.java:43)
	at java.lang.reflect.Method.invoke(Method.java:497)
	at org.jboss.weld.injection.StaticMethodInjectionPoint.invoke(StaticMethodInjectionPoint.java:96)
	at org.jboss.weld.injection.StaticMethodInjectionPoint.invoke(StaticMethodInjectionPoint.java:86)
	at org.jboss.weld.injection.MethodInvocationStrategy$SimpleMethodInvocationStrategy.invoke(MethodInvocationStrategy.java:129)
	at org.jboss.weld.event.ObserverMethodImpl.sendEvent(ObserverMethodImpl.java:344)
	at org.jboss.weld.event.ExtensionObserverMethodImpl.sendEvent(ExtensionObserverMethodImpl.java:123)
	at org.jboss.weld.event.ObserverMethodImpl.sendEvent(ObserverMethodImpl.java:322)
	at org.jboss.weld.event.ObserverMethodImpl.notify(ObserverMethodImpl.java:300)
	at org.jboss.weld.util.Observers.notify(Observers.java:140)
	at org.jboss.weld.event.ObserverNotifier.notifySyncObservers(ObserverNotifier.java:300)
	at org.jboss.weld.event.ObserverNotifier.notify(ObserverNotifier.java:288)
	at org.jboss.weld.event.ObserverNotifier.fireEvent(ObserverNotifier.java:165)
	at org.jboss.weld.event.ObserverNotifier.fireEvent(ObserverNotifier.java:159)
	at org.jboss.weld.bootstrap.events.AbstractContainerEvent.fire(AbstractContainerEvent.java:53)
	at org.jboss.weld.bootstrap.events.AbstractDefinitionContainerEvent.fire(AbstractDefinitionContainerEvent.java:44)
	at org.jboss.weld.bootstrap.events.AfterBeanDiscoveryImpl.fire(AfterBeanDiscoveryImpl.java:74)
	at org.jboss.weld.bootstrap.WeldStartup.deployBeans(WeldStartup.java:419)
	at org.jboss.weld.bootstrap.WeldBootstrap.deployBeans(WeldBootstrap.java:83)
	at org.jboss.as.weld.WeldStartService.start(WeldStartService.java:95)
	at org.jboss.msc.service.ServiceControllerImpl$StartTask.startService(ServiceControllerImpl.java:1948)
	at org.jboss.msc.service.ServiceControllerImpl$StartTask.run(ServiceControllerImpl.java:1881)
	at java.util.concurrent.ThreadPoolExecutor.runWorker(ThreadPoolExecutor.java:1142)
	at java.util.concurrent.ThreadPoolExecutor$Worker.run(ThreadPoolExecutor.java:617)
	at java.lang.Thread.run(Thread.java:74
{code}",,,
2603,WELD-2166,"Code:
{code}
        WeldContainer weld = new Weld()
                .containerId(id)
                .disableDiscovery()
                .beanClasses(classes)
                .addInterceptor(TransactionalInterceptor.class)
                .addBeanClass(TransactionSupport.class)
                .extensions(new TransactionExtension(), new OsgiExtension())
                .initialize();
{code}

Exception:
{code}
java.lang.UnsupportedOperationException
	at com.google.common.collect.UnmodifiableIterator.remove(UnmodifiableIterator.java:43)
	at com.google.common.collect.TransformedIterator.remove(TransformedIterator.java:53)
	at org.jboss.weld.bootstrap.enablement.GlobalEnablementBuilder.filter(GlobalEnablementBuilder.java:296)
	at org.jboss.weld.bootstrap.enablement.GlobalEnablementBuilder.createModuleEnablement(GlobalEnablementBuilder.java:239)
	at org.jboss.weld.bootstrap.BeanDeployment.createEnablement(BeanDeployment.java:213)
	at org.jboss.weld.bootstrap.WeldStartup.startInitialization(WeldStartup.java:389)
	at org.jboss.weld.bootstrap.WeldBootstrap.startInitialization(WeldBootstrap.java:76)
	at org.jboss.weld.environment.se.Weld.initialize(Weld.java:583)
	at org.apache.aries.jpa.cdi.AbstractTest.createCdi(AbstractTest.java:141)
	at org.apache.aries.jpa.cdi.AbstractTest.createCdi(AbstractTest.java:129)
	at org.apache.aries.jpa.cdi.SimpleTest.test(SimpleTest.java:54)
{code}

The collection comes from {{Weld#buildSyntheticBeansXml()}} which creates immutable collections.",,,
2608,WELD-2160,"I have a CDI bean.

{code:java}
@Named(""viewCDI"")
//+@javax.enterprise.context.SessionScoped
//+@com.rico.cdi.CDIViewScoped
//-@javax.faces.view.ViewScoped
//-@javax.faces.bean.ViewScoped
public class HelloViewScoped implements java.io.Serializable{
  private Date  created;  
  public HelloViewScoped(){
    created=new Date();  
  }
  public Date getCreated() {
    return created;
  }
}
{code}


In beans.xml I wrote: 
*version=""1.1"" bean-discovery-mode=""annotated"">*

The problem is that  is is not visible to JSF wen I use @javax.faces.view.ViewScoped

The only path to get it visibe is to write a Stereotype annotation:

{code:java}
@javax.enterprise.inject.Stereotype
@javax.faces.view.ViewScoped
@Target(TYPE)
@Retention(RUNTIME)
public @interface CDIViewScoped  {}
{code}




 

  
  
  
}",,,
2614,WELD-2148,"Calling {{Instance.destroy}} for dependent stateless session bean as follows:
{code}
Instance<SLSessionBean> sessionBeanInstance =	CDI.current().select(SLSessionBean.class);
SLSessionBean sessionBean = sessionBeanInstance.get();
sessionBean.ping();
sessionBeanInstance.destroy(sessionBean);
{code}
throws {{UnsupportedOperationException}}",,,
2624,WELD-2089,"In Camel CDI, the {{PropertiesComponent}} class extends an -abstract- *unproxyable* class in the upcoming Apache Camel version 2.17.

In that case, Weld proxies for the {{PropertiesComponent}} do not extend {{PropertiesComponent}} anymore and only implement interfaces of the type closure. That break the client applications.

Note that it stills work with {{@Typed}}:
{code}
@Produces
@Typed(PropertiesComponent.class)
@ApplicationScoped
@Named(""properties"")
private static PropertiesComponent configuration() {
    Properties properties = new Properties();
    properties.put(""property"", ""value"");
    PropertiesComponent component = new PropertiesComponent();
    component.setInitialProperties(properties);
    return component;
}
{code}

Note that it works as well with Weld 1.x.",,,
2631,WELD-2088,"{code}
import javax.ejb.Stateless;
import javax.enterprise.inject.spi.InjectionPoint;
import javax.inject.Inject;

@Stateless
public class StatelessBean {
 
        private InjectionPoint injectionPoint;
 
        public StatelessBean() {
                super();
        }
 
        @Inject
        protected void inject(InjectionPoint injectionPoint) {
                this.injectionPoint = injectionPoint;
        }
 
        public InjectionPoint getInjectionPoint() {
                return injectionPoint;
        }
}
{code}

Having the above posted bean and a servlet which {{@Inject StatelessBean statelessBean}}, then calling:
{code}
statelessBean.getInjectionPoint().toString());
{code}

will result in a NPE. The bean, however, is injected.

Here is a stacktrace with the NPE:
{code}
13:39:34,409 ERROR [io.undertow.request] (default task-1) UT005023: Exception handling request to /injectIntoStateless/testservlet: java.lang.NullPointerException
	at org.jboss.weld.injection.ForwardingInjectionPoint.toString(ForwardingInjectionPoint.java:60)
	at org.jboss.weld.injection.ForwardingInjectionPoint.toString(ForwardingInjectionPoint.java:60)
	at com.ibm.jcdi.test.TestServlet.doGet(TestServlet.java:37)
	at javax.servlet.http.HttpServlet.service(HttpServlet.java:687)
	at javax.servlet.http.HttpServlet.service(HttpServlet.java:790)
	at io.undertow.servlet.handlers.ServletHandler.handleRequest(ServletHandler.java:85)
	at io.undertow.servlet.handlers.security.ServletSecurityRoleHandler.handleRequest(ServletSecurityRoleHandler.java:62)
	at io.undertow.servlet.handlers.ServletDispatchingHandler.handleRequest(ServletDispatchingHandler.java:36)
	at org.wildfly.extension.undertow.security.SecurityContextAssociationHandler.handleRequest(SecurityContextAssociationHandler.java:78)
	at io.undertow.server.handlers.PredicateHandler.handleRequest(PredicateHandler.java:43)
	at io.undertow.servlet.handlers.security.SSLInformationAssociationHandler.handleRequest(SSLInformationAssociationHandler.java:131)
	at io.undertow.servlet.handlers.security.ServletAuthenticationCallHandler.handleRequest(ServletAuthenticationCallHandler.java:57)
	at io.undertow.server.handlers.PredicateHandler.handleRequest(PredicateHandler.java:43)
	at io.undertow.security.handlers.AbstractConfidentialityHandler.handleRequest(AbstractConfidentialityHandler.java:46)
	at io.undertow.servlet.handlers.security.ServletConfidentialityConstraintHandler.handleRequest(ServletConfidentialityConstraintHandler.java:64)
	at io.undertow.security.handlers.AuthenticationMechanismsHandler.handleRequest(AuthenticationMechanismsHandler.java:60)
	at io.undertow.servlet.handlers.security.CachedAuthenticatedSessionHandler.handleRequest(CachedAuthenticatedSessionHandler.java:77)
	at io.undertow.security.handlers.NotificationReceiverHandler.handleRequest(NotificationReceiverHandler.java:50)
	at io.undertow.security.handlers.AbstractSecurityContextAssociationHandler.handleRequest(AbstractSecurityContextAssociationHandler.java:43)
	at io.undertow.server.handlers.PredicateHandler.handleRequest(PredicateHandler.java:43)
	at org.wildfly.extension.undertow.security.jacc.JACCContextIdHandler.handleRequest(JACCContextIdHandler.java:61)
	at io.undertow.server.handlers.PredicateHandler.handleRequest(PredicateHandler.java:43)
	at io.undertow.server.handlers.PredicateHandler.handleRequest(PredicateHandler.java:43)
	at io.undertow.servlet.handlers.ServletInitialHandler.handleFirstRequest(ServletInitialHandler.java:284)
	at io.undertow.servlet.handlers.ServletInitialHandler.dispatchRequest(ServletInitialHandler.java:263)
	at io.undertow.servlet.handlers.ServletInitialHandler.access$000(ServletInitialHandler.java:81)
	at io.undertow.servlet.handlers.ServletInitialHandler$1.handleRequest(ServletInitialHandler.java:174)
	at io.undertow.server.Connectors.executeRootHandler(Connectors.java:202)
	at io.undertow.server.HttpServerExchange$1.run(HttpServerExchange.java:793)
	at java.util.concurrent.ThreadPoolExecutor.runWorker(ThreadPoolExecutor.java:1142)
	at java.util.concurrent.ThreadPoolExecutor$Worker.run(ThreadPoolExecutor.java:617)
	at java.lang.Thread.run(Thread.java:745)

{code}

Debugging shows that there is no specific implementation of toString method in ForwardingInjectionPoint (and any subclasses).

Adding toString implementation to {{SerializableForwardingInjectionPoint}} will make the NPE go away.

We also need to investigate if this is the case with other beans (not just stateless).

",,,
2634,WELD-2010,http://lists.jboss.org/pipermail/cdi-dev/2015-August/007043.html,,,
2643,WELD-2061,This is not a problem for Weld 3.x branch.,,,
2644,WELD-2056,"Originated from [DELTASPIKE-1010|https://issues.apache.org/jira/browse/DELTASPIKE-1010].

During Deltaspike test integration I came across a problem when using IBM JDK.
See the above mentioned issue for all the details.

NOTE: The name of this issue was derived from DS issue and is but a wild guess which may not be relevant!",,,
2645,WELD-2059,This behaviour has changed with https://issues.jboss.org/browse/CDI-545.,,,
2658,WELD-2055,"Running {{environment/se/tests}} on windows machine yields assertion error.
Looking at the console log I can see that Weld SE container shutdown hook was not triggered (there was no message about it).

Jenkins job - [link|https://jenkins.mw.lab.eng.bos.redhat.com/hudson/view/Weld/view/Weld%202%20Release/job/Weld-2.x-release-unit/90/jdk=jdk1.8,label=w2k8&&!ia64/console]

Problematic test with link to failing line: [link|https://github.com/weld/core/blob/2.3.1.Final/environments/se/tests/src/test/java/org/jboss/weld/environment/se/test/shutdown/hook/ShutdownHookTest.java#L81]

The above mentioned Jenkins job runs for Linux environment as well and the test passed.
I cannot be sure this is a regression as it is the first time we ran these tests against Win machines since they were added recently.",,,
2660,WELD-2046,"I have the following code. Please note that @Microservice annotation is my own extension to weld-se. It is recognized as a CDI bean.


{code:java}
   public interface SpecializationMicro {
      String hello();
   }

   @Sharp
   @Microservice
   public static class SpecializationMicroBean implements SpecializationMicro {

      @Override
      public String hello() {
         return ""normal"";
      }
   }

   @Specializes
   public static class MockSpecializationMicroBean extends SpecializationMicroBean {

      @Override
      public String hello() {
         return ""special"";
      }
   }

   @Qualifier
   @Target({ ElementType.TYPE, ElementType.METHOD, ElementType.FIELD, ElementType.PARAMETER })
   @Retention(RetentionPolicy.RUNTIME)
   public @interface Sharp {
   }

@Retention(RetentionPolicy.RUNTIME)
@Documented
@Inherited
@Named
@MicroserviceScoped
@Stereotype
@Target(ElementType.TYPE)
public @interface Microservice {
   String value() default """";
}
{code}



When I delete MockSpecializationMicroBean, the original bean SpecializationMicroBean is registered with qualifiers {{@Sharp}} and {{@Any}}.
However, the MockSpecializationMicroBean is registered with qualifiers {{@Sharp}} {{@Default}} and {{@Any}}. I believe the {{@Default}} qualifier whould not be there.",,,
2662,WELD-2038,NoData,,,
2663,WELD-2025,"I enabled the development mode, when open up the weld probe page, 

http://localhost:8080/horizon/weld-probe#/context/application

it popup a dialog shows the message: ""Unable to get JSON data: parsererror""
Also in the JS console: it shows: ""Error while processing route: context"".

I have several application scoped beans and also I'm using old flat jar deployment.",,,
2671,WELD-2024,"We should remove all JDK7 API occurences and setup travis CI job to run the build against multiple JDKs (probably openjdk6, oraclejdk7 and oraclejdk8).",,,
2683,WELD-2011,"If the *indexUrlString* that is used in {{JandexIndexBeanArchiveHandler.loadJandexIndex(String s)}}  contains a '%' sign, an {{IllegalArgumentException}} is thrown.

Having a '%' in an URL that is not meant to escape some character (like %20 for space) is totally fine both on Windows and Unix machines.
Executing {{java.net.URL.openStream()}}, as it happens in the {{JandexIndexBeanArchiveHandler.loadJandexIndex(String s)}}, leads to execution of {{sun.net.www.ParseUtil.decode(String s)}} which expects an encoded URL string. If the URL is not encoded, a {{NumberFormatException}} is catched by {{sun.net.www.ParseUtil}} and an {{IllegalArgumentException}} is thrown.

Therefore, the URL should be encoded (possibly by using the {{java.net.URLEncoder}}) before trying to call the openStream method. 


I found another Issue with a similar title but missing description: https://issues.jboss.org/browse/WELD-1987",,,
2684,WELD-1987,"Attached sample web application with embedded Jetty. To launch it use {{AppRunner.main}} method.

During startup we got:
{code:java}
java.lang.IllegalArgumentException: can't parse argument number: 
	at java.text.MessageFormat.makeFormat(MessageFormat.java:1429) ~[na:1.8.0_40]
	at java.text.MessageFormat.applyPattern(MessageFormat.java:479) ~[na:1.8.0_40]
	at java.text.MessageFormat.<init>(MessageFormat.java:362) ~[na:1.8.0_40]
	at java.text.MessageFormat.format(MessageFormat.java:840) ~[na:1.8.0_40]
	at org.jboss.logging.Slf4jLocationAwareLogger.doLog(Slf4jLocationAwareLogger.java:74) ~[jboss-logging-3.1.3.GA.jar:3.1.3.GA]
	at org.jboss.logging.Logger.logv(Logger.java:1938) ~[jboss-logging-3.1.3.GA.jar:3.1.3.GA]
	at org.jboss.logging.DelegatingBasicLogger.tracev(DelegatingBasicLogger.java:84) ~[jboss-logging-3.1.3.GA.jar:3.1.3.GA]
	at org.jboss.weld.environment.deployment.discovery.jandex.JandexIndexBeanArchiveHandler.loadJandexIndex(JandexIndexBeanArchiveHandler.java:104) ~[weld-environment-common-2.2.14.Final.jar:2015-06-24 15:18]
	at org.jboss.weld.environment.deployment.discovery.jandex.JandexIndexBeanArchiveHandler.getIndex(JandexIndexBeanArchiveHandler.java:73) ~[weld-environment-common-2.2.14.Final.jar:2015-06-24 15:18]
	at org.jboss.weld.environment.deployment.discovery.jandex.JandexIndexBeanArchiveHandler.handle(JandexIndexBeanArchiveHandler.java:59) ~[weld-environment-common-2.2.14.Final.jar:2015-06-24 15:18]
	at org.jboss.weld.environment.deployment.discovery.AbstractDiscoveryStrategy.performDiscovery(AbstractDiscoveryStrategy.java:91) ~[weld-environment-common-2.2.14.Final.jar:2015-06-24 15:18]
	at org.jboss.weld.environment.servlet.WeldServletLifecycle.createDeployment(WeldServletLifecycle.java:238) ~[weld-servlet-core-2.2.14.Final.jar:2015-06-24 15:18]
	at org.jboss.weld.environment.servlet.WeldServletLifecycle.initialize(WeldServletLifecycle.java:116) ~[weld-servlet-core-2.2.14.Final.jar:2015-06-24 15:18]
	at org.jboss.weld.environment.servlet.Listener.contextInitialized(Listener.java:56) ~[weld-servlet-core-2.2.14.Final.jar:2015-06-24 15:18]
	at org.eclipse.jetty.server.handler.ContextHandler.callContextInitialized(ContextHandler.java:794) ~[jetty-server-9.3.0.v20150612.jar:9.3.0.v20150612]
	at org.eclipse.jetty.servlet.ServletContextHandler.callContextInitialized(ServletContextHandler.java:522) ~[jetty-servlet-9.3.0.v20150612.jar:9.3.0.v20150612]
	at org.eclipse.jetty.server.handler.ContextHandler.startContext(ContextHandler.java:785) ~[jetty-server-9.3.0.v20150612.jar:9.3.0.v20150612]
	at org.eclipse.jetty.servlet.ServletContextHandler.startContext(ServletContextHandler.java:341) ~[jetty-servlet-9.3.0.v20150612.jar:9.3.0.v20150612]
	at org.eclipse.jetty.webapp.WebAppContext.startWebapp(WebAppContext.java:1357) ~[jetty-webapp-9.3.0.v20150612.jar:9.3.0.v20150612]
	at org.eclipse.jetty.webapp.WebAppContext.startContext(WebAppContext.java:1350) ~[jetty-webapp-9.3.0.v20150612.jar:9.3.0.v20150612]
	at org.eclipse.jetty.server.handler.ContextHandler.doStart(ContextHandler.java:734) ~[jetty-server-9.3.0.v20150612.jar:9.3.0.v20150612]
	at org.eclipse.jetty.servlet.ServletContextHandler.doStart(ServletContextHandler.java:258) ~[jetty-servlet-9.3.0.v20150612.jar:9.3.0.v20150612]
	at org.eclipse.jetty.webapp.WebAppContext.doStart(WebAppContext.java:512) ~[jetty-webapp-9.3.0.v20150612.jar:9.3.0.v20150612]
	at org.eclipse.jetty.util.component.AbstractLifeCycle.start(AbstractLifeCycle.java:68) [jetty-util-9.3.0.v20150612.jar:9.3.0.v20150612]
	at org.eclipse.jetty.util.component.ContainerLifeCycle.start(ContainerLifeCycle.java:132) [jetty-util-9.3.0.v20150612.jar:9.3.0.v20150612]
	at org.eclipse.jetty.server.Server.start(Server.java:405) [jetty-server-9.3.0.v20150612.jar:9.3.0.v20150612]
	at org.eclipse.jetty.util.component.ContainerLifeCycle.doStart(ContainerLifeCycle.java:114) [jetty-util-9.3.0.v20150612.jar:9.3.0.v20150612]
	at org.eclipse.jetty.server.handler.AbstractHandler.doStart(AbstractHandler.java:61) [jetty-server-9.3.0.v20150612.jar:9.3.0.v20150612]
	at org.eclipse.jetty.server.Server.doStart(Server.java:372) [jetty-server-9.3.0.v20150612.jar:9.3.0.v20150612]
	at org.eclipse.jetty.util.component.AbstractLifeCycle.start(AbstractLifeCycle.java:68) [jetty-util-9.3.0.v20150612.jar:9.3.0.v20150612]
	at com.xyz.AppRunner.startJettyJersey_AndWeld(AppRunner.java:47) [classes/:na]
	at com.xyz.AppRunner.main(AppRunner.java:19) [classes/:na]
Caused by: java.lang.NumberFormatException: For input string: """"
	at java.lang.NumberFormatException.forInputString(NumberFormatException.java:65) ~[na:1.8.0_40]
	at java.lang.Integer.parseInt(Integer.java:592) ~[na:1.8.0_40]
	at java.lang.Integer.parseInt(Integer.java:615) ~[na:1.8.0_40]
	at java.text.MessageFormat.makeFormat(MessageFormat.java:1427) ~[na:1.8.0_40]
	... 31 common frames omitted
{code}

As far as I can tell, the bug is caused by the *Jandex* tool.

The only known workaround which I'm aware, is to downgrade {{Weld}} to version before Jandex, for example: {{2.2.0.Final}}.",,,
2687,WELD-1992,NoData,,,
2689,WELD-1991,"The following interface defines two overloaded methods. Both take one parameter where one is of type ""java.util.Collection"", the other one of ""java.util.Set"":

{code:java}
public interface MyService {

  void run(Collection<String> values);

  void run(Set<Integer> values);

}
{code}

Furthermore a decorator is defined:

{code:java}
@Decorator
public interface MyServiceDecorator {

  @Inject @Delegate
  private MyService delegate;

  void run(Collection<String> values) {
    delegate.run(values);
  }

  void run(Set<Integer> values) {
    delegate.run(values);
  }

}
{code}

A client injects an instance of MyService and invokes ""run"" using a Set of integer values:

{code:java}
  @Inject
  private MyService myService;

  ...
    Set<Integer> values = new HashSet<>();
    myService.run(values);
  ...
{code}

It can be observed that the method "" void run(Collection<String> values)"" is invoked on the decorator - which is wrong. Changing the order of the method declarations in the interface MyService ""solves"" the problem.",,,
2703,WELD-1945,{{@PostConstruct}} interceptors declared in {{beans.xml}} are never called. They work if they are declared on the bean itself via {{@Interceptors}} (that was fixed in WELD-1391).,,,
2710,WELD-1971,"Wrt to CDI spec section ""6.6.5. Validation of passivation capable beans and
dependencies"" there is only passivation capable validation for field injectionPoint. This validation should work also for setter and constructor injection. This is reproducible by TCK test:
org.jboss.cdi.tck.tests.context.passivating.broken.producer.field.dependent.EnterpriseBeanWithIllegalDependencyTest",,,
2739,WELD-1963,NoData,,,
2743,WELD-1958,"Instead, the observers should be invoked if/when the conversation context is loaded lazily.",,,
2746,WELD-1932,"The following test failure occurred in {{org.jboss.weld.environment.se.test.context.session.BoundSessionContextTest.testConcurrentCalls}}:

{noformat}
java.util.concurrent.ExecutionException: java.util.ConcurrentModificationException
	at java.util.concurrent.FutureTask.report(FutureTask.java:122)
	at java.util.concurrent.FutureTask.get(FutureTask.java:192)
	at org.jboss.weld.environment.se.test.context.session.BoundSessionContextTest.testConcurrentCalls(BoundSessionContextTest.java:66)
Caused by: java.util.ConcurrentModificationException: null
	at java.util.HashMap$HashIterator.nextNode(HashMap.java:1429)
	at java.util.HashMap$KeyIterator.next(HashMap.java:1453)
	at com.google.common.collect.Iterators$8.computeNext(Iterators.java:735)
	at com.google.common.collect.AbstractIterator.tryToComputeNext(AbstractIterator.java:143)
	at com.google.common.collect.AbstractIterator.hasNext(AbstractIterator.java:138)
	at com.google.common.collect.Lists.newArrayList(Lists.java:144)
	at com.google.common.collect.Collections2$FilteredCollection.toArray(Collections2.java:234)
	at java.util.ArrayList.<init>(ArrayList.java:177)
	at org.jboss.weld.context.beanstore.AbstractNamingScheme.filterIds(AbstractNamingScheme.java:74)
	at org.jboss.weld.context.beanstore.AttributeBeanStore.getPrefixedAttributeNames(AttributeBeanStore.java:198)
	at org.jboss.weld.context.beanstore.AttributeBeanStore.attach(AttributeBeanStore.java:95)
	at org.jboss.weld.context.AbstractBoundContext.activate(AbstractBoundContext.java:66)
	at org.jboss.weld.environment.se.test.context.session.BoundSessionContextTest$ConcurrentCall.call(BoundSessionContextTest.java:92)
	at org.jboss.weld.environment.se.test.context.session.BoundSessionContextTest$ConcurrentCall.call(BoundSessionContextTest.java:75)
	at java.util.concurrent.FutureTask.run(FutureTask.java:266)
	at java.util.concurrent.ThreadPoolExecutor.runWorker(ThreadPoolExecutor.java:1142)
	at java.util.concurrent.ThreadPoolExecutor$Worker.run(ThreadPoolExecutor.java:617)
	at java.lang.Thread.run(Thread.java:745)
{noformat}

{{AbstractNamingScheme}} defers filtering of IDs to the guava Collections2 class which does not synchronize iteration over the given collection. 
Iteration over standard Java collections (HashMap in this case) must be {{synchronized(..)}} for thread safety, even if the supplied collection is an instance of {{Collections.synchronizedXXX()}}. ",,,
2751,WELD-1917,This is due to {{org.jboss.weld.AbstractCDI}} does not cache {{Instance}} instance.,,,
2756,WELD-1918,ClassFileServices.getClassFileInfo() is supposed to throw ClassFileInfoException if there is a problem obtaining ClassFileInfo for a given class. The implementation however throws ISE in that case: https://github.com/weld/core/blob/master/environments/common/src/main/java/org/jboss/weld/environment/deployment/discovery/jandex/JandexClassFileInfo.java#L60,,,
2757,WELD-1903,"Issue described by user at https://developer.jboss.org/message/922504. Problem is that the related check is never called in this case (not at https://github.com/weld/core/blob/2.2.9.Final/impl/src/main/java/org/jboss/weld/bootstrap/FastAnnotatedTypeLoader.java#L68 nor https://github.com/weld/core/blob/2.2.9.Final/impl/src/main/java/org/jboss/weld/bootstrap/AnnotatedTypeLoader.java#L75). The stacktrace call in this case looks like:
{noformat}
	  at org.jboss.weld.bootstrap.FastAnnotatedTypeLoader.loadAnnotatedType(FastAnnotatedTypeLoader.java:104)
	  at org.jboss.weld.bootstrap.AnnotatedTypeLoader.loadAnnotatedType(AnnotatedTypeLoader.java:60)
	  at org.jboss.weld.bootstrap.FastAnnotatedTypeLoader.loadAnnotatedType(FastAnnotatedTypeLoader.java:89)
	  at org.jboss.weld.bootstrap.BeanDeployer.addClass(BeanDeployer.java:97)
{noformat}",,,
2760,WELD-1907,"If a thread is not cleaned up properly (e.g. server push and/or async processing on Tomcat), lazy initialization will not be performed afterwards.",,,
2761,WELD-1874,"I have a test application using @initialized and @Destoryed to monitor the scope context creation/destory.
{code:title=HelloWorldExtensionTestServlet.java|borderStyle=solid}
@WebServlet(""/hello"")
public class HelloWorldExtensionTestServlet extends HttpServlet {

    @Inject
    HelloWorldExtensionBean hello;

    private static EventMetadata beanStartMetaData;
    private static EventMetadata beanStopMetaData;

    private static final long serialVersionUID = 8549700799591343964L;

    @Override
    protected void doGet(HttpServletRequest request, HttpServletResponse response) throws IOException {

        PrintWriter pw = response.getWriter();
        pw.write(hello.hello());
        pw.write(beanStartMetaData.getQualifiers().toString());
        pw.write(beanStopMetaData.getQualifiers().toString());
        pw.flush();
        pw.close();
    }

    public static void onStart(@Observes @Initialized(RequestScoped.class) Object e, EventMetadata em) {
        if (beanStartMetaData == null) {
            System.out.println(""Initialize Event request scope is happening"");
            beanStartMetaData = em;
        }
    }
    public static void onStop(@Observes @Destroyed(RequestScoped.class) Object e, EventMetadata em) {
        if (beanStopMetaData == null) {
            System.out.println(""Stop Event request scope is happening"");
            beanStopMetaData = em;
        }
    }

}

{code}
{code:title=HelloWorldExtensionBean.java|borderStyle=solid}
@RequestScoped
public class HelloWorldExtensionBean {

    public String hello() {
        return ""Hello World CDI 1.2!"";
    }

}
{code}

The application works fine. However, when I added a portal extension in the application, the app has stopped working and a NPE was thrown with the beanStartMetaData and beanStopMetaData null. It seems that the Initialized and Destoryed events are not fired.
",,,
2763,WELD-1894,NoData,,,
2770,WELD-1880,"getBeanManager().instance().select(RequestContext.class) won't select custom contexts

Also check other similar construct in Weld codebase.",,,
2777,WELD-1843,The id contains the absolute path (e.g. of a WEB-INF/classes folder in case of the exploded archive).,,,
2780,WELD-1884,"This is true for example for this class:
{code}
class Test {

    private final static ThreadLocal<Test> local = new ThreadLocal<Test>(){

        @Override
        protected Test initialValue(){
            return new Test();
        }
    };
}
{code}
In this case the org.jboss.weld.util.reflection.Reflections#isStatic(java.lang.Class<?>) method returns true for the anonymous type, which looks bit weird. ",,,
2786,WELD-1879,"There are two problems:
1) Implicit bean archive (without beans.xml file) doesn't display any bean discovery mode. It should likely display ""ANNOTATED"" mode value on WildFly.

2) Archive with beans.xml file and discovery mode set to ""none"" currently displays as mode ""ALL"". This is likely related to https://issues.jboss.org/browse/WFLY-4388",,,
2787,WELD-1881,"when I hit the /weld-probe url, it shows blank page. with the developer tools: I saw there are some JavaScript error:

 Error while processing route: beanArchives Cannot read property 'forEach' of undefined TypeError: Cannot read property 'forEach' of undefined
    at http://localhost:8080/horizon/weld-probe/client/probe.js:331:107
    at Array.forEach (native)
    at findLinksBdas (http://localhost:8080/horizon/weld-probe/client/probe.js:331:67)
    at buildBdaGraphData (http://localhost:8080/horizon/weld-probe/client/probe.js:329:147)
    at Probe.BeanArchivesRoute.Ember.Route.extend.model (http://localhost:8080/horizon/weld-probe/client/probe.js:246:1)
    at _ (http://localhost:8080/horizon/weld-probe/client/probe.js:221:9511)
    at r [as model] (http://localhost:8080/horizon/weld-probe/client/probe.js:221:8038)
    at K.extend.deserialize (http://localhost:8080/horizon/weld-probe/client/probe.js:222:13540)
    at p (http://localhost:8080/horizon/weld-probe/client/probe.js:227:18829)
    at Object.n.runSharedModelHook (http://localhost:8080/horizon/weld-probe/client/probe.js:226:30774)",,,
2788,WELD-1877,"{quote}
If a war has a file named beans.xml in both the WEB-INF directory and in the WEB-INF/classes/META-INF directory, then non-portable behavior results. 
{quote}
Weld should ignore the {{WEB-INF/classes/META-INF/beans.xml}} if {{WEB-INF/beans.xml}} exists. However, it's not ignored properly and the result is an inconsistent BDA graph.",,,
2800,WELD-1865,"When I deploy my WAR which contains DeltaSpike I get the following stacktrace. When I switch off Probe in web.xml, the issue is gone.
{code}
ERROR [org.jboss.msc.service.fail] MSC000001: Failed to start service jboss.deployment.unit.""shop.war"".WeldStartService: org.jboss.msc.service.StartException in service jboss.deployment.unit.""shop.war"".WeldStartService: Failed to start service
 at org.jboss.msc.service.ServiceControllerImpl$StartTask.run(ServiceControllerImpl.java:1904)
 at java.util.concurrent.ThreadPoolExecutor.runWorker(ThreadPoolExecutor.java:1142)
 at java.util.concurrent.ThreadPoolExecutor$Worker.run(ThreadPoolExecutor.java:617)
 at java.lang.Thread.run(Thread.java:745)
Caused by: org.jboss.weld.exceptions.DeploymentException: WELD-001436: Normal scoped bean class org.apache.deltaspike.core.util.ExceptionUtils$ExceptionHelper is not proxyable because it has a private constructor [EnhancedAnnotatedConstructorImpl] private org.apache.deltaspike.core.util.ExceptionUtils$ExceptionHelper() - class org.apache.deltaspike.core.util.ExceptionUtils$ExceptionHelper.
 at org.jboss.weld.injection.producer.InterceptionModelInitializer.init(InterceptionModelInitializer.java:113)
 at org.jboss.weld.injection.producer.BeanInjectionTarget.buildInterceptionModel(BeanInjectionTarget.java:92)
 at org.jboss.weld.injection.producer.BeanInjectionTarget.initializeInterceptionModel(BeanInjectionTarget.java:87)
 at org.jboss.weld.injection.producer.BeanInjectionTarget.initializeAfterBeanDiscovery(BeanInjectionTarget.java:97)
 at org.jboss.weld.injection.producer.InjectionTargetInitializationContext.initialize(InjectionTargetInitializationContext.java:42)
 at org.jboss.weld.injection.producer.InjectionTargetService.initialize(InjectionTargetService.java:63)
 at org.jboss.weld.bootstrap.WeldStartup.deployBeans(WeldStartup.java:429)
 at org.jboss.weld.bootstrap.WeldBootstrap.deployBeans(WeldBootstrap.java:83)
 at org.jboss.as.weld.WeldStartService.start(WeldStartService.java:95)
 at org.jboss.msc.service.ServiceControllerImpl$StartTask.startService(ServiceControllerImpl.java:1948)
 at org.jboss.msc.service.ServiceControllerImpl$StartTask.run(ServiceControllerImpl.java:1881)
 ... 3 more
{code}

This is the relevant part of DeltaSpike's ExceptionUtil:
{code}
@Typed()
public abstract class ExceptionUtils
{
    private ExceptionUtils()
    {
        // prevent instantiation
    }
{code}

The inner class ExceptionUtils.ExceptionHelper is ""private static"" and has just 1 private method.",,,
2814,WELD-1864,NoData,,,
2828,WELD-1862,This is due to {{org.jboss.weld.probe.Invocation.interceptedBean}} may be null for EE components (e.g. org.jboss.weld.servlet.WeldInitialListener).,,,
2830,WELD-1830,NoData,,,
2834,WELD-1857,All proxies require access to this package from 2.2.6.Final. See also WELD-1751 and WELD-1828.,,,
2835,WELD-1846,"I have created a Vaadin application with Vaadin-CDI and observer method in a @ViewScoped bean not executed when an event fired when this observer declared as @Observes(notifyObserver=Reception.IF_EXISTS) and the bean exists in that scope.
@ViewScoped is a Vaadin specific pseudo-scope created with DeltaSpike.
I have created a [Vaadin ticket|http://dev.vaadin.com/ticket/14891], but that resolved to [DeltaSpike issue|https://issues.apache.org/jira/browse/DELTASPIKE-818] and that resolved to WELD issue.

I have tried to upgrade weld-core in JBoss to 1.1.28.Final but observer still not executed.

I have tested it with WELD 2.1.2 on WildFly and there the observer is executed as excepted.",,,
2842,WELD-1841,"The folder {{examples/lib}} contains a complete distribution of Maven 2.0.10 and a {{maven-ant-tasks.jar}}. This seems greatly superfluous and has most likely been long overlooked. 

It was introduced and last touched in a prehistoric commit from 5 years ago, when examples had an Ant {{build.xml}}:
https://github.com/weld/core/commit/b031336f10a5fa36f282cf0acdeff1633343cf17

I guess {{examples/lib}} should be removed.",,,
2856,WELD-1842,"Having 
@Named(""foo.bar.baz"") class Bean1 and 
@Named(""foo.bar"") class Bean2

this fails as expected.

If we however have 
@Named(""foo.bar.baz"") class Bean1 and 
@Named(""foo"") class Bean2
then this invalid scenario is not detected by Weld
",,,
2863,WELD-1832,"As a result extensions and synthetic beans are added to a random bean archive. We should probably add an additional bean archive per ClassLoader, see also {{org.jboss.as.weld.deployment.WeldDeployment}}.",,,
2874,WELD-1831,"Currently {{ExternalBeanAttributesFactory}} throws DefinitionException whereas {{BeanAttributesFactory}} does nothing and adds an illegal type in the set of bean types. As a result if an extension wraps {{BeanAttributes}} produced by {{BeanAttributesFactory}} for a bean with an illegal type, a DefinitionException is thrown.

See also CDI-495 and https://issues.apache.org/jira/browse/DELTASPIKE-817.",,,
2926,WELD-2077,Events with qualifiers {{@Initialized(ApplicationScoped.class)}} and {{@Destroyed(ApplicationScoped.class)}} are fired twice for Weld SE. For {{@Initialized(ApplicationScoped.class)}} first with {{ContextEvent.APPLICATION_INITIALIZED}} as a payload and then with {{ContainerInitialized}}.,,,
2938,WELD-2133,"I don't know where ClassHierarchyComparator is used but I believe the implementation will not sort correctly (using Collections.sort(List, Comparator)) when the list contains classes that do not all belSubFoo,SubBaz,Foo,Baz,Bar,ong to the same hierarchy path.

https://github.com/weld/core/blob/master/impl/src/main/java/org/jboss/weld/bean/proxy/ClassHierarchyComparator.java

I believe the last line should be something like: 

    return c1.getName().compareTo(c2.getName());   //sort consistently

instead of 

    return 0;",,,
2972,WELD-2060,"Running a pure SE CDI application (such as weld/core/examples/se/hello-world )

logs these warning at startup

{noformat}
WARN: WELD-001700: Interceptor annotation class javax.ejb.PostActivate not found, interception based on it is not enabled
Nov 09, 2015 10:01:33 AM org.jboss.weld.interceptor.util.InterceptionTypeRegistry <clinit>
WARN: WELD-001700: Interceptor annotation class javax.ejb.PrePassivate not found, interception based on it is not enabled
Nov 09, 2015 10:01:33 AM org.jboss.weld.environment.se.WeldContainer initialize
{noformat}

Java SE users give a rat's a$$ about javax.ejb annotations and they shouldn't be bothered by them. ",,,
2994,WELD-2146,"When setting the {{org.jboss.weld.se.shutdownHook}} property programmatically, the following warning is logged:
{code}
WARN: WELD-001904: Unsupported configuration key found and ignored: org.jboss.weld.se.shutdownHook
{code}

This can be reproduced with the {{org.jboss.weld.environment.se.test.shutdown.hook.ShutdownHookNotRegisteredBuilderTest}} test.",,,
3002,WELD-2016,"||Version||Current value||Suggested value||
|Specification-Version|Weld OSGi-compatible version, e.g. {{2.3.0.CR1}}|CDI version, e.g. {{1.2}}|
|Implementation-Version|build timestamp, e.g. {{2015-08-21 10:37}}|Weld OSGi-compatible version

Note that the current Specification-Version does not meet javadoc requirements: https://docs.oracle.com/javase/8/docs/api/java/lang/Package.html#getSpecificationVersion--

To be honest I'm not sure what these versions mean and what are they used for. Previously, they were used to build a Weld version info string used in a log message during init. This is not the case any more (most of the time we use a separate properties file).

See also:
https://docs.oracle.com/javase/tutorial/deployment/jar/packageman.html
https://docs.oracle.com/javase/8/docs/technotes/guides/versioning/spec/versioning2.html#wp89936",,,
3050,WELD-2039,"I am trying to use Errai WebSocket support running in Jetty by manually registering the WebSocket endpoint in a ServletContextListener using the following code:


{code:java}
 ServerContainer container = (ServerContainer)context.getServletContext().getAttribute(ServerContainer.class.getName());
container.addEndpoint( ErraiWebSocketEndpoint.class);
{code}

When the Jetty starts up and I try to access the WebSocket endpoint the following exception is thrown:


{code:java}
java.lang.NullPointerException
	at org.jboss.weld.injection.InjectionPointFactory.getParameterInjectionPoints(InjectionPointFactory.java:249)
	at org.jboss.weld.injection.AbstractCallableInjectionPoint.<init>(AbstractCallableInjectionPoint.java:52)
	at org.jboss.weld.injection.ConstructorInjectionPoint.<init>(ConstructorInjectionPoint.java:63)
	at org.jboss.weld.injection.InjectionPointFactory.createConstructorInjectionPoint(InjectionPointFactory.java:174)
	at org.jboss.weld.injection.producer.DefaultInstantiator.<init>(DefaultInstantiator.java:46)
	at org.jboss.weld.injection.producer.BasicInjectionTarget.initInstantiator(BasicInjectionTarget.java:178)
	at org.jboss.weld.injection.producer.BasicInjectionTarget.<init>(BasicInjectionTarget.java:98)
	at org.jboss.weld.injection.producer.BasicInjectionTarget.<init>(BasicInjectionTarget.java:82)
	at org.jboss.weld.injection.producer.BeanInjectionTarget.<init>(BeanInjectionTarget.java:58)
	at org.jboss.weld.injection.producer.WeldInjectionTargetBuilderImpl.buildInternal(WeldInjectionTargetBuilderImpl.java:110)
	at org.jboss.weld.injection.producer.WeldInjectionTargetBuilderImpl.run(WeldInjectionTargetBuilderImpl.java:97)
	at org.jboss.weld.injection.producer.WeldInjectionTargetBuilderImpl.build(WeldInjectionTargetBuilderImpl.java:92)
	at org.jboss.weld.environment.servlet.inject.AbstractInjector$1.load(AbstractInjector.java:54)
	at org.jboss.weld.environment.servlet.inject.AbstractInjector$1.load(AbstractInjector.java:47)
	at com.google.common.cache.LocalCache$LoadingValueReference.loadFuture(LocalCache.java:3527)
	at com.google.common.cache.LocalCache$Segment.loadSync(LocalCache.java:2319)
	at com.google.common.cache.LocalCache$Segment.lockedGetOrLoad(LocalCache.java:2282)
	at com.google.common.cache.LocalCache$Segment.get(LocalCache.java:2197)
	at com.google.common.cache.LocalCache.get(LocalCache.java:3937)
	at com.google.common.cache.LocalCache.getOrLoad(LocalCache.java:3941)
	at com.google.common.cache.LocalCache$LocalLoadingCache.get(LocalCache.java:4824)
	at org.jboss.weld.util.cache.LoadingCacheUtils.getCacheValue(LoadingCacheUtils.java:49)
	at org.jboss.weld.util.cache.LoadingCacheUtils.getCastCacheValue(LoadingCacheUtils.java:74)
	at org.jboss.weld.environment.servlet.inject.AbstractInjector.inject(AbstractInjector.java:60)
	at org.jboss.weld.environment.jetty.JettyWeldInjector.inject(JettyWeldInjector.java:15)
	at org.jboss.weld.environment.jetty.WeldDecorator.decorate(WeldDecorator.java:105)
	at org.eclipse.jetty.util.DecoratedObjectFactory.decorate(DecoratedObjectFactory.java:77)
	at org.eclipse.jetty.websocket.server.WebSocketServerFactory.acceptWebSocket(WebSocketServerFactory.java:175)
	at org.eclipse.jetty.websocket.server.WebSocketUpgradeFilter.doFilter(WebSocketUpgradeFilter.java:207)
	at org.eclipse.jetty.servlet.ServletHandler$CachedChain.doFilter(ServletHandler.java:1669)
	at org.eclipse.jetty.servlet.ServletHandler.doHandle(ServletHandler.java:581)
	at org.eclipse.jetty.server.handler.ScopedHandler.handle(ScopedHandler.java:143)
	at org.eclipse.jetty.security.SecurityHandler.handle(SecurityHandler.java:513)
	at org.eclipse.jetty.server.session.SessionHandler.doHandle(SessionHandler.java:226)
	at org.eclipse.jetty.server.handler.ContextHandler.doHandle(ContextHandler.java:1156)
	at org.eclipse.jetty.servlet.ServletHandler.doScope(ServletHandler.java:511)
	at org.eclipse.jetty.server.session.SessionHandler.doScope(SessionHandler.java:185)
	at org.eclipse.jetty.server.handler.ContextHandler.doScope(ContextHandler.java:1088)
	at org.eclipse.jetty.server.handler.ScopedHandler.handle(ScopedHandler.java:141)
	at org.eclipse.jetty.server.handler.ContextHandlerCollection.handle(ContextHandlerCollection.java:213)
	at org.eclipse.jetty.server.handler.HandlerCollection.handle(HandlerCollection.java:109)
	at org.eclipse.jetty.server.handler.HandlerWrapper.handle(HandlerWrapper.java:119)
	at org.eclipse.jetty.server.Server.handle(Server.java:517)
	at org.eclipse.jetty.server.HttpChannel.handle(HttpChannel.java:306)
	at org.eclipse.jetty.server.HttpConnection.onFillable(HttpConnection.java:242)
	at org.eclipse.jetty.io.AbstractConnection$ReadCallback.succeeded(AbstractConnection.java:245)
	at org.eclipse.jetty.io.FillInterest.fillable(FillInterest.java:95)
	at org.eclipse.jetty.io.SelectChannelEndPoint$2.run(SelectChannelEndPoint.java:75)
	at org.eclipse.jetty.util.thread.strategy.ExecuteProduceConsume.produceAndRun(ExecuteProduceConsume.java:213)
	at org.eclipse.jetty.util.thread.strategy.ExecuteProduceConsume.run(ExecuteProduceConsume.java:147)
	at org.eclipse.jetty.util.thread.QueuedThreadPool.runJob(QueuedThreadPool.java:654)
	at org.eclipse.jetty.util.thread.QueuedThreadPool$3.run(QueuedThreadPool.java:572)
	at java.lang.Thread.run(Thread.java:745)
{code}

This error appears to originate from Weld attempting to decorate the provide object by attempting to load the class definition from cache that in turns reflects on the class in an attempt to identify an injection compatible constructor. In this case the Jetty org.eclipse.jetty.websocket.jsr356.endpoints.EndpointInstance class does not have a CDI compatible constructor and in actuality does not have any CDI injection points either. 

After analysis of the Weld code base I made the attached minor alteration to abort constructor reflection for parameters if a CDI compatible constructor is not identified. Since DefaultInstantiator is coded to support a null constructor definition I believe the change is sound although I have not performed any extended testing beyond confirming it fixed the NPE above.",,,
3058,WELD-1886,"IMHO, the probe should be transparent as much as possible.
Currently, the following Probe components are shown (without any distinction):
- bean detail, stereotypes contain MonitoredComponent
- bean archive, enabled interceptors contains org.jboss.weld.probe.InvocationMonitor",,,
3066,WELD-1858,"This is used by {{VersionLogger}}, so the current output looks like: 
{noformat}
WELD-000900: ${parsedVersion (osgiVersion})
{noformat}

Adding back the {{parsedVersion.osgiVersion}} property should fix the problem.",,,
3067,WELD-1852,"When discovery kicks in and the WebAppBeanArchiveScanner does its thing, there is a warning that is printed out that is bogus.

WELD-ENV-001004: Found both WEB-INF/beans.xml and WEB-INF/classes/META-INF/beans.xml. It's not portable to use both locations at the same time. Weld is going to use file:/home/joakim/code/path/to/WEB-INF/beans.xml.

Because of the following code ...

{code:java}
            // WEB-INF/classes
            URL beansXmlUrl = null;
            for (String resource : RESOURCES) {
                URL resourceUrl;
                resourceUrl = servletContext.getResource(resource);
                if (beansXmlUrl != null) {
                    WeldServletLogger.LOG.foundBothConfiguration(beansXmlUrl);
                } else {
                    beansXmlUrl = resourceUrl;
                }
            }
{code}

If the ""/WEB-INF/beans.xml"" exists, and the ""/WEB-INF/classes/META-INF/beans.xml"" does not, then this warning is printed out.

The conditional should be

{code:java}
                if ( (resourceUrl != null) && (beansXmlUrl != null) ) {
                    WeldServletLogger.LOG.foundBothConfiguration(beansXmlUrl);
                } else {
{code}
",,,
