,issue_id,commit_id
0,WFLY-2049,884
1,WFLY-2049,885
4,WFLY-2057,888
5,WFLY-2057,431
6,WFLY-2057,36
7,WFLY-2057,889
8,WFLY-2057,890
9,WFLY-2057,862
10,WFLY-2057,891
11,WFLY-2057,892
12,WFLY-2057,12
13,WFLY-2057,893
14,WFLY-2057,894
15,WFLY-2057,895
16,WFLY-2057,315
17,WFLY-2057,896
19,WFLY-1507,897
20,WFLY-1507,898
21,WFLY-1507,799
22,WFLY-1497,899
23,WFLY-1497,900
24,WFLY-1497,901
25,WFLY-2210,902
26,WFLY-2192,766
27,WFLY-2192,281
28,WFLY-2192,654
29,WFLY-2192,694
30,WFLY-2830,903
31,WFLY-2830,904
32,WFLY-2830,905
33,WFLY-2830,906
34,WFLY-2830,907
35,WFLY-2830,908
37,WFLY-2830,21
38,WFLY-2830,783
39,WFLY-2830,815
40,WFLY-2830,909
42,WFLY-1506,910
43,WFLY-1506,911
44,WFLY-1506,912
45,WFLY-1506,913
46,WFLY-1506,914
47,WFLY-1506,88
48,WFLY-1506,915
49,WFLY-2106,916
50,WFLY-2106,917
51,WFLY-2106,513
52,WFLY-2103,918
53,WFLY-2103,770
54,WFLY-2855,919
55,WFLY-2855,920
56,WFLY-2855,485
57,WFLY-2855,310
58,WFLY-2855,921
59,WFLY-2855,922
60,WFLY-2855,923
61,WFLY-2855,924
62,WFLY-2855,925
63,WFLY-2855,926
64,WFLY-2855,63
65,WFLY-2855,431
66,WFLY-2855,927
67,WFLY-2855,928
68,WFLY-2855,929
69,WFLY-2855,930
70,WFLY-2855,931
71,WFLY-2855,932
72,WFLY-2855,933
73,WFLY-2855,934
74,WFLY-2855,935
75,WFLY-2855,936
76,WFLY-1930,937
77,WFLY-1930,938
78,WFLY-1930,939
79,WFLY-1930,940
80,WFLY-1930,941
81,WFLY-1930,942
82,WFLY-1930,943
83,WFLY-1930,804
84,WFLY-1930,308
85,WFLY-1930,313
88,WFLY-1930,611
89,WFLY-1930,684
92,WFLY-1930,86
93,WFLY-1930,658
94,WFLY-1930,265
95,WFLY-1930,64
96,WFLY-1930,137
97,WFLY-1930,120
98,WFLY-1930,944
99,WFLY-1930,945
101,WFLY-1930,946
102,WFLY-1930,947
103,WFLY-1930,948
108,WFLY-1930,327
110,WFLY-1930,386
111,WFLY-1930,677
112,WFLY-1930,179
116,WFLY-1930,100
118,WFLY-1930,903
119,WFLY-1873,252
120,WFLY-1873,64
121,WFLY-1873,313
122,WFLY-1873,949
123,WFLY-1873,704
124,WFLY-2260,950
125,WFLY-2260,951
126,WFLY-2260,952
127,WFLY-2260,953
128,WFLY-2260,954
129,WFLY-2260,955
130,WFLY-2260,956
131,WFLY-2260,957
132,WFLY-2260,958
133,WFLY-2260,959
134,WFLY-2260,960
135,WFLY-2260,961
136,WFLY-2260,962
137,WFLY-2260,963
138,WFLY-2260,964
139,WFLY-2260,965
140,WFLY-2496,966
141,WFLY-2496,967
142,WFLY-2424,968
143,WFLY-2346,904
144,WFLY-2346,905
145,WFLY-2346,969
146,WFLY-2346,970
147,WFLY-2346,971
148,WFLY-2346,972
149,WFLY-2346,973
150,WFLY-2346,974
151,WFLY-2346,975
152,WFLY-2346,976
153,WFLY-2346,977
154,WFLY-2346,978
155,WFLY-2346,979
156,WFLY-2346,980
157,WFLY-2346,187
158,WFLY-2346,981
159,WFLY-2346,982
160,WFLY-2346,983
161,WFLY-2346,984
162,WFLY-2346,985
163,WFLY-2346,986
164,WFLY-2346,987
165,WFLY-2346,988
166,WFLY-2346,287
167,WFLY-2346,989
168,WFLY-2346,108
169,WFLY-2346,990
170,WFLY-2346,991
171,WFLY-2346,903
172,WFLY-2346,992
173,WFLY-2346,993
180,WFLY-2346,994
181,WFLY-2346,995
182,WFLY-2346,996
183,WFLY-1809,997
184,WFLY-2853,404
185,WFLY-2853,229
186,WFLY-2853,998
187,WFLY-2853,999
188,WFLY-2853,1000
189,WFLY-2853,757
190,WFLY-2853,575
191,WFLY-2853,1001
192,WFLY-2853,1002
193,WFLY-2853,1003
194,WFLY-2853,1004
195,WFLY-2853,525
198,WFLY-2853,1005
199,WFLY-2853,779
200,WFLY-2853,734
201,WFLY-2853,665
202,WFLY-2853,589
203,WFLY-2853,623
206,WFLY-2853,512
207,WFLY-2853,331
210,WFLY-2853,883
211,WFLY-2853,224
212,WFLY-2853,1006
213,WFLY-2853,1007
214,WFLY-2853,1008
215,WFLY-2853,132
217,WFLY-2853,297
219,WFLY-2853,828
220,WFLY-2853,257
221,WFLY-2853,571
222,WFLY-2853,285
223,WFLY-2853,319
224,WFLY-2853,1009
225,WFLY-2853,628
226,WFLY-2853,1010
227,WFLY-2853,315
228,WFLY-2853,386
229,WFLY-2853,677
230,WFLY-2853,1011
231,WFLY-2853,1012
232,WFLY-2853,1013
233,WFLY-2853,1014
234,WFLY-2853,115
236,WFLY-2853,1015
237,WFLY-2853,1016
238,WFLY-2853,1017
239,WFLY-2853,1018
240,WFLY-2853,1019
241,WFLY-2853,523
242,WFLY-2853,1020
243,WFLY-2853,1021
244,WFLY-2853,1022
245,WFLY-2853,1023
246,WFLY-2853,1024
247,WFLY-2895,852
248,WFLY-2829,282
249,WFLY-2762,1025
265,WFLY-3112,802
268,WFLY-3051,1034
269,WFLY-2099,1035
270,WFLY-2099,918
271,WFLY-2099,1036
277,WFLY-1532,1042
278,WFLY-2730,970
279,WFLY-2730,1043
280,WFLY-2730,1044
281,WFLY-2730,1045
282,WFLY-2730,1046
283,WFLY-2730,977
284,WFLY-2730,1047
285,WFLY-2730,187
286,WFLY-2730,983
287,WFLY-2730,989
288,WFLY-2730,990
289,WFLY-2730,991
290,WFLY-2730,903
291,WFLY-2730,969
292,WFLY-2730,1048
293,WFLY-2730,1049
294,WFLY-2730,1050
295,WFLY-2730,1051
296,WFLY-2730,1052
297,WFLY-2730,1053
298,WFLY-2730,341
299,WFLY-2730,588
300,WFLY-2730,49
301,WFLY-2730,62
302,WFLY-2730,1054
303,WFLY-2730,992
304,WFLY-2730,873
305,WFLY-2674,760
306,WFLY-2674,1055
307,WFLY-2674,1056
308,WFLY-2674,585
309,WFLY-2674,346
310,WFLY-2674,1057
311,WFLY-2868,1058
312,WFLY-2868,1059
313,WFLY-1634,7
314,WFLY-1634,59
315,WFLY-2291,1060
316,WFLY-2291,969
317,WFLY-2291,970
318,WFLY-2291,187
319,WFLY-2291,981
320,WFLY-2291,982
321,WFLY-2291,1061
322,WFLY-2291,108
323,WFLY-2291,1062
324,WFLY-2291,1063
325,WFLY-2291,995
326,WFLY-2291,990
327,WFLY-2291,991
328,WFLY-2291,1064
331,WFLY-2817,352
332,WFLY-2756,1049
333,WFLY-2756,188
334,WFLY-2756,1065
335,WFLY-1631,845
336,WFLY-1631,1066
338,WFLY-1631,658
339,WFLY-1626,382
340,WFLY-1938,1067
341,WFLY-1938,312
342,WFLY-1938,682
343,WFLY-1938,1068
344,WFLY-1938,1069
345,WFLY-1938,1070
346,WFLY-1938,1071
347,WFLY-1938,1072
348,WFLY-1938,1073
349,WFLY-1938,1074
350,WFLY-1938,1075
351,WFLY-1938,1076
352,WFLY-1938,1077
354,WFLY-1938,195
355,WFLY-2660,594
356,WFLY-2660,669
357,WFLY-2328,684
358,WFLY-2595,1078
359,WFLY-2595,1079
360,WFLY-2595,1080
361,WFLY-2595,1081
362,WFLY-2595,1082
363,WFLY-2595,1083
364,WFLY-2595,1084
365,WFLY-2595,1085
366,WFLY-2595,1086
367,WFLY-2595,12
368,WFLY-2595,435
369,WFLY-2595,98
370,WFLY-2595,1087
371,WFLY-2222,551
372,WFLY-2575,1088
373,WFLY-3002,1089
374,WFLY-3002,1090
375,WFLY-3002,1091
377,WFLY-3069,290
379,WFLY-3069,1092
383,WFLY-2663,1094
384,WFLY-2663,177
385,WFLY-2663,802
386,WFLY-2774,404
387,WFLY-2774,229
388,WFLY-2774,998
389,WFLY-2774,999
390,WFLY-2774,1000
391,WFLY-2774,757
392,WFLY-2774,575
393,WFLY-2774,1001
394,WFLY-2774,1002
395,WFLY-2774,1003
396,WFLY-2774,1004
397,WFLY-2774,525
400,WFLY-2774,1005
401,WFLY-2774,779
402,WFLY-2774,734
403,WFLY-2774,665
404,WFLY-2774,589
405,WFLY-2774,623
408,WFLY-2774,512
409,WFLY-2774,331
412,WFLY-2774,883
413,WFLY-2774,224
414,WFLY-2774,1006
415,WFLY-2774,1007
416,WFLY-2774,1008
417,WFLY-2774,132
419,WFLY-2774,297
421,WFLY-2774,828
422,WFLY-2774,257
423,WFLY-2774,571
424,WFLY-2774,285
425,WFLY-2774,319
426,WFLY-2774,1009
427,WFLY-2774,628
428,WFLY-2774,1010
429,WFLY-2774,315
430,WFLY-2774,386
431,WFLY-2774,677
432,WFLY-2774,1011
433,WFLY-2774,1012
434,WFLY-2774,1013
435,WFLY-2774,1014
436,WFLY-2774,115
438,WFLY-2774,1015
439,WFLY-2774,1016
440,WFLY-2774,1017
441,WFLY-2774,1018
442,WFLY-2774,1019
443,WFLY-2774,523
444,WFLY-2774,1020
445,WFLY-2774,1021
446,WFLY-2774,1022
447,WFLY-2774,1023
448,WFLY-2774,1024
449,WFLY-2059,792
450,WFLY-2059,1095
451,WFLY-2059,1096
452,WFLY-2059,1097
480,WFLY-951,490
482,WFLY-2436,1119
483,WFLY-2436,1120
484,WFLY-2436,145
485,WFLY-2436,202
486,WFLY-2436,903
487,WFLY-2513,968
488,WFLY-2513,1121
489,WFLY-2789,225
490,WFLY-878,902
491,WFLY-878,1122
492,WFLY-878,1123
493,WFLY-878,709
494,WFLY-878,668
495,WFLY-878,800
496,WFLY-878,1124
497,WFLY-878,1125
498,WFLY-878,764
499,WFLY-878,36
500,WFLY-878,1126
501,WFLY-878,1127
502,WFLY-878,1128
503,WFLY-878,1129
504,WFLY-878,903
505,WFLY-878,12
506,WFLY-878,1130
507,WFLY-878,1131
508,WFLY-878,1132
509,WFLY-878,1133
510,WFLY-878,1134
511,WFLY-878,176
512,WFLY-794,1135
513,WFLY-794,1136
514,WFLY-794,1137
515,WFLY-794,1138
516,WFLY-794,1139
517,WFLY-794,1140
518,WFLY-12,904
519,WFLY-12,905
520,WFLY-12,1141
521,WFLY-12,1142
522,WFLY-12,1143
523,WFLY-12,1144
524,WFLY-12,1145
525,WFLY-12,1146
526,WFLY-12,1147
527,WFLY-12,553
528,WFLY-12,1148
529,WFLY-12,1149
530,WFLY-12,1150
531,WFLY-12,124
532,WFLY-12,1151
533,WFLY-12,1152
534,WFLY-12,1153
535,WFLY-12,1154
536,WFLY-12,1155
537,WFLY-12,1156
538,WFLY-12,1157
539,WFLY-12,824
540,WFLY-12,1158
541,WFLY-12,1159
542,WFLY-12,1160
543,WFLY-12,1161
544,WFLY-12,1162
545,WFLY-12,514
547,WFLY-12,460
548,WFLY-12,724
549,WFLY-12,1163
550,WFLY-12,219
551,WFLY-12,1164
552,WFLY-12,1165
553,WFLY-12,1166
554,WFLY-12,1167
555,WFLY-12,1168
556,WFLY-12,328
557,WFLY-12,1169
558,WFLY-12,1170
559,WFLY-12,1171
560,WFLY-12,1172
561,WFLY-12,1173
562,WFLY-12,1174
564,WFLY-12,1175
565,WFLY-12,1176
566,WFLY-12,1177
567,WFLY-12,1178
568,WFLY-12,1179
569,WFLY-12,635
570,WFLY-12,37
572,WFLY-12,1180
573,WFLY-12,408
574,WFLY-12,1181
575,WFLY-12,1182
576,WFLY-12,1183
577,WFLY-12,18
578,WFLY-12,807
579,WFLY-12,1184
580,WFLY-12,1185
581,WFLY-12,1186
582,WFLY-12,1187
583,WFLY-12,1188
584,WFLY-12,1189
585,WFLY-12,1190
586,WFLY-12,898
587,WFLY-12,1191
588,WFLY-12,1192
589,WFLY-12,1193
590,WFLY-12,488
591,WFLY-12,716
592,WFLY-12,607
593,WFLY-12,111
594,WFLY-12,509
595,WFLY-12,1194
596,WFLY-12,1195
597,WFLY-12,142
598,WFLY-12,383
599,WFLY-12,1196
600,WFLY-12,1197
601,WFLY-12,999
602,WFLY-12,1198
603,WFLY-12,1199
604,WFLY-12,1200
605,WFLY-12,329
606,WFLY-12,839
607,WFLY-12,1201
608,WFLY-12,1202
609,WFLY-12,1203
610,WFLY-12,1204
611,WFLY-12,1205
612,WFLY-12,316
613,WFLY-12,1206
614,WFLY-12,1207
615,WFLY-12,89
617,WFLY-12,1208
618,WFLY-12,1209
619,WFLY-12,1210
620,WFLY-12,1211
621,WFLY-12,415
622,WFLY-12,1212
623,WFLY-12,1213
624,WFLY-12,1214
625,WFLY-12,1215
626,WFLY-12,135
631,WFLY-12,468
633,WFLY-12,1216
634,WFLY-12,1217
635,WFLY-12,1218
636,WFLY-12,1219
637,WFLY-12,1220
638,WFLY-12,409
639,WFLY-12,882
640,WFLY-12,1221
641,WFLY-12,1222
642,WFLY-12,1223
643,WFLY-12,1224
644,WFLY-12,1225
645,WFLY-12,1226
646,WFLY-12,1227
647,WFLY-12,1228
648,WFLY-12,1229
649,WFLY-12,1230
650,WFLY-12,1231
651,WFLY-12,1232
652,WFLY-12,1233
653,WFLY-12,1234
654,WFLY-12,1235
655,WFLY-12,1236
656,WFLY-12,1237
657,WFLY-12,1238
658,WFLY-12,1239
659,WFLY-12,1240
660,WFLY-12,1241
661,WFLY-12,153
662,WFLY-12,1242
663,WFLY-12,1243
664,WFLY-12,1244
665,WFLY-12,1245
666,WFLY-12,1246
667,WFLY-12,1247
668,WFLY-12,1248
669,WFLY-12,1249
670,WFLY-12,1250
671,WFLY-12,1251
672,WFLY-12,1252
673,WFLY-12,1253
674,WFLY-12,1254
675,WFLY-12,1255
676,WFLY-12,1256
677,WFLY-12,1257
678,WFLY-12,1258
679,WFLY-12,1259
680,WFLY-12,1260
681,WFLY-12,1261
682,WFLY-12,1262
683,WFLY-12,1263
684,WFLY-12,1264
685,WFLY-12,742
686,WFLY-12,1265
687,WFLY-12,1266
688,WFLY-12,292
690,WFLY-12,560
691,WFLY-12,1267
692,WFLY-12,1057
693,WFLY-12,1268
694,WFLY-12,342
696,WFLY-12,1269
697,WFLY-12,216
698,WFLY-12,754
699,WFLY-12,735
700,WFLY-12,38
701,WFLY-12,636
702,WFLY-12,1270
703,WFLY-12,1271
704,WFLY-12,1272
705,WFLY-12,1273
706,WFLY-12,1274
707,WFLY-12,445
708,WFLY-12,36
709,WFLY-12,1275
710,WFLY-12,576
711,WFLY-12,1276
712,WFLY-12,701
713,WFLY-12,801
714,WFLY-12,1277
715,WFLY-12,1278
716,WFLY-12,1279
717,WFLY-12,1280
718,WFLY-12,1281
719,WFLY-12,1282
720,WFLY-12,1283
721,WFLY-12,1284
722,WFLY-12,1129
723,WFLY-12,1285
724,WFLY-12,1286
725,WFLY-12,1287
726,WFLY-12,1288
727,WFLY-12,1289
728,WFLY-12,1290
729,WFLY-12,1291
730,WFLY-12,903
731,WFLY-12,12
732,WFLY-12,1292
733,WFLY-12,686
734,WFLY-12,1293
735,WFLY-12,1294
736,WFLY-12,1295
737,WFLY-12,1296
738,WFLY-12,1297
739,WFLY-12,1298
740,WFLY-12,1299
741,WFLY-12,552
743,WFLY-12,1300
744,WFLY-12,1301
745,WFLY-12,1302
746,WFLY-12,1303
747,WFLY-12,1304
748,WFLY-12,1305
749,WFLY-12,1306
750,WFLY-12,1307
751,WFLY-12,1308
752,WFLY-12,1309
753,WFLY-12,257
754,WFLY-12,1310
755,WFLY-12,1311
756,WFLY-12,474
757,WFLY-12,1312
758,WFLY-12,1313
759,WFLY-12,1314
760,WFLY-12,1315
761,WFLY-12,1316
762,WFLY-12,1317
763,WFLY-12,1318
764,WFLY-12,1319
765,WFLY-12,1320
766,WFLY-12,1321
767,WFLY-12,1322
768,WFLY-12,1323
769,WFLY-12,1324
770,WFLY-12,1325
771,WFLY-12,506
774,WFLY-12,1326
775,WFLY-12,1327
776,WFLY-12,1328
777,WFLY-12,1329
778,WFLY-12,1330
779,WFLY-12,476
780,WFLY-12,1331
781,WFLY-12,1332
782,WFLY-12,1333
783,WFLY-12,745
784,WFLY-12,1334
785,WFLY-12,1335
786,WFLY-12,1336
787,WFLY-12,1337
788,WFLY-12,1338
789,WFLY-12,799
790,WFLY-12,540
791,WFLY-12,672
792,WFLY-12,603
793,WFLY-12,784
794,WFLY-12,1339
795,WFLY-12,1340
796,WFLY-12,1341
797,WFLY-12,1342
798,WFLY-12,1343
799,WFLY-12,1344
800,WFLY-12,1345
801,WFLY-12,102
802,WFLY-12,831
803,WFLY-12,163
804,WFLY-12,76
805,WFLY-12,358
816,WFLY-12,1346
822,WFLY-12,1347
823,WFLY-12,1348
833,WFLY-2365,1352
835,WFLY-1531,237
836,WFLY-1531,480
837,WFLY-2498,138
838,WFLY-2498,1353
839,WFLY-2521,904
840,WFLY-2521,905
841,WFLY-2521,1141
842,WFLY-2521,1142
843,WFLY-2521,1143
844,WFLY-2521,1144
845,WFLY-2521,1145
846,WFLY-2521,1146
847,WFLY-2521,1147
848,WFLY-2521,553
849,WFLY-2521,1148
850,WFLY-2521,1149
851,WFLY-2521,1150
852,WFLY-2521,124
853,WFLY-2521,1151
854,WFLY-2521,1152
855,WFLY-2521,1153
856,WFLY-2521,1154
857,WFLY-2521,1155
858,WFLY-2521,1156
859,WFLY-2521,1157
860,WFLY-2521,824
861,WFLY-2521,1158
862,WFLY-2521,1159
863,WFLY-2521,1160
864,WFLY-2521,1161
865,WFLY-2521,1162
866,WFLY-2521,514
868,WFLY-2521,460
869,WFLY-2521,724
870,WFLY-2521,1163
871,WFLY-2521,219
872,WFLY-2521,1164
873,WFLY-2521,1165
874,WFLY-2521,1166
875,WFLY-2521,1167
876,WFLY-2521,1168
877,WFLY-2521,328
878,WFLY-2521,1169
879,WFLY-2521,1170
880,WFLY-2521,1171
881,WFLY-2521,1172
882,WFLY-2521,1173
883,WFLY-2521,1174
885,WFLY-2521,1175
886,WFLY-2521,1176
887,WFLY-2521,1177
888,WFLY-2521,1178
889,WFLY-2521,1179
890,WFLY-2521,635
891,WFLY-2521,37
893,WFLY-2521,1180
894,WFLY-2521,408
895,WFLY-2521,1181
896,WFLY-2521,1182
897,WFLY-2521,1183
898,WFLY-2521,18
899,WFLY-2521,807
900,WFLY-2521,1184
901,WFLY-2521,1185
902,WFLY-2521,1186
903,WFLY-2521,1187
904,WFLY-2521,1188
905,WFLY-2521,1189
906,WFLY-2521,1190
907,WFLY-2521,898
908,WFLY-2521,1191
909,WFLY-2521,1192
910,WFLY-2521,1193
911,WFLY-2521,488
912,WFLY-2521,716
913,WFLY-2521,607
914,WFLY-2521,111
915,WFLY-2521,509
916,WFLY-2521,1194
917,WFLY-2521,1195
918,WFLY-2521,142
919,WFLY-2521,383
920,WFLY-2521,1196
921,WFLY-2521,1197
922,WFLY-2521,999
923,WFLY-2521,1198
924,WFLY-2521,1199
925,WFLY-2521,1200
926,WFLY-2521,329
927,WFLY-2521,839
928,WFLY-2521,1201
929,WFLY-2521,1202
930,WFLY-2521,1203
931,WFLY-2521,1204
932,WFLY-2521,1205
933,WFLY-2521,316
934,WFLY-2521,1206
935,WFLY-2521,1207
936,WFLY-2521,89
938,WFLY-2521,1208
939,WFLY-2521,1209
940,WFLY-2521,1210
941,WFLY-2521,1211
942,WFLY-2521,415
943,WFLY-2521,1212
944,WFLY-2521,1213
945,WFLY-2521,1214
946,WFLY-2521,1215
947,WFLY-2521,135
952,WFLY-2521,468
954,WFLY-2521,1216
955,WFLY-2521,1217
956,WFLY-2521,1218
957,WFLY-2521,1219
958,WFLY-2521,1220
959,WFLY-2521,409
960,WFLY-2521,882
961,WFLY-2521,1221
962,WFLY-2521,1222
963,WFLY-2521,1223
964,WFLY-2521,1224
965,WFLY-2521,1225
966,WFLY-2521,1226
967,WFLY-2521,1227
968,WFLY-2521,1228
969,WFLY-2521,1229
970,WFLY-2521,1230
971,WFLY-2521,1231
972,WFLY-2521,1232
973,WFLY-2521,1233
974,WFLY-2521,1234
975,WFLY-2521,1235
976,WFLY-2521,1236
977,WFLY-2521,1237
978,WFLY-2521,1238
979,WFLY-2521,1239
980,WFLY-2521,1240
981,WFLY-2521,1241
982,WFLY-2521,153
983,WFLY-2521,1242
984,WFLY-2521,1243
985,WFLY-2521,1244
986,WFLY-2521,1245
987,WFLY-2521,1246
988,WFLY-2521,1247
989,WFLY-2521,1248
990,WFLY-2521,1249
991,WFLY-2521,1250
992,WFLY-2521,1251
993,WFLY-2521,1252
994,WFLY-2521,1253
995,WFLY-2521,1254
996,WFLY-2521,1255
997,WFLY-2521,1256
998,WFLY-2521,1257
999,WFLY-2521,1258
1000,WFLY-2521,1259
1001,WFLY-2521,1260
1002,WFLY-2521,1261
1003,WFLY-2521,1262
1004,WFLY-2521,1263
1005,WFLY-2521,1264
1006,WFLY-2521,742
1007,WFLY-2521,1265
1008,WFLY-2521,1266
1009,WFLY-2521,292
1011,WFLY-2521,560
1012,WFLY-2521,1267
1013,WFLY-2521,1057
1014,WFLY-2521,1268
1015,WFLY-2521,342
1017,WFLY-2521,1269
1018,WFLY-2521,216
1019,WFLY-2521,754
1020,WFLY-2521,735
1021,WFLY-2521,38
1022,WFLY-2521,636
1023,WFLY-2521,1270
1024,WFLY-2521,1271
1025,WFLY-2521,1272
1026,WFLY-2521,1273
1027,WFLY-2521,1274
1028,WFLY-2521,445
1029,WFLY-2521,36
1030,WFLY-2521,1275
1031,WFLY-2521,576
1032,WFLY-2521,1276
1033,WFLY-2521,701
1034,WFLY-2521,801
1035,WFLY-2521,1277
1036,WFLY-2521,1278
1037,WFLY-2521,1279
1038,WFLY-2521,1280
1039,WFLY-2521,1281
1040,WFLY-2521,1282
1041,WFLY-2521,1283
1042,WFLY-2521,1284
1043,WFLY-2521,1129
1044,WFLY-2521,1285
1045,WFLY-2521,1286
1046,WFLY-2521,1287
1047,WFLY-2521,1288
1048,WFLY-2521,1289
1049,WFLY-2521,1290
1050,WFLY-2521,1291
1051,WFLY-2521,903
1052,WFLY-2521,12
1053,WFLY-2521,1292
1054,WFLY-2521,686
1055,WFLY-2521,1293
1056,WFLY-2521,1294
1057,WFLY-2521,1295
1058,WFLY-2521,1296
1059,WFLY-2521,1297
1060,WFLY-2521,1298
1061,WFLY-2521,1299
1062,WFLY-2521,552
1064,WFLY-2521,1300
1065,WFLY-2521,1301
1066,WFLY-2521,1302
1067,WFLY-2521,1303
1068,WFLY-2521,1304
1069,WFLY-2521,1305
1070,WFLY-2521,1306
1071,WFLY-2521,1307
1072,WFLY-2521,1308
1073,WFLY-2521,1309
1074,WFLY-2521,257
1075,WFLY-2521,1310
1076,WFLY-2521,1311
1077,WFLY-2521,474
1078,WFLY-2521,1312
1079,WFLY-2521,1313
1080,WFLY-2521,1314
1081,WFLY-2521,1315
1082,WFLY-2521,1316
1083,WFLY-2521,1317
1084,WFLY-2521,1318
1085,WFLY-2521,1319
1086,WFLY-2521,1320
1087,WFLY-2521,1321
1088,WFLY-2521,1322
1089,WFLY-2521,1323
1090,WFLY-2521,1324
1091,WFLY-2521,1325
1092,WFLY-2521,506
1095,WFLY-2521,1326
1096,WFLY-2521,1327
1097,WFLY-2521,1328
1098,WFLY-2521,1329
1099,WFLY-2521,1330
1100,WFLY-2521,476
1101,WFLY-2521,1331
1102,WFLY-2521,1332
1103,WFLY-2521,1333
1104,WFLY-2521,745
1105,WFLY-2521,1334
1106,WFLY-2521,1335
1107,WFLY-2521,1336
1108,WFLY-2521,1337
1109,WFLY-2521,1338
1110,WFLY-2521,799
1111,WFLY-2521,540
1112,WFLY-2521,672
1113,WFLY-2521,603
1114,WFLY-2521,784
1115,WFLY-2521,1339
1116,WFLY-2521,1340
1117,WFLY-2521,1341
1118,WFLY-2521,1342
1119,WFLY-2521,1343
1120,WFLY-2521,1344
1121,WFLY-2521,1345
1122,WFLY-2521,102
1123,WFLY-2521,831
1124,WFLY-2521,163
1125,WFLY-2521,76
1126,WFLY-2521,358
1137,WFLY-2521,1346
1143,WFLY-2521,1347
1144,WFLY-2521,1348
1151,WFLY-2115,1058
1152,WFLY-2115,1354
1153,WFLY-2115,1355
1154,WFLY-2115,1356
1155,WFLY-2115,1357
1156,WFLY-1656,333
1157,WFLY-1656,732
1158,WFLY-1656,766
1159,WFLY-1656,425
1160,WFLY-1656,281
1161,WFLY-1656,654
1162,WFLY-1656,1358
1163,WFLY-1656,1359
1164,WFLY-1656,1360
1165,WFLY-1656,1361
1166,WFLY-1656,730
1167,WFLY-1656,1362
1168,WFLY-1656,1363
1169,WFLY-1656,206
1170,WFLY-1656,694
1171,WFLY-1656,1364
1172,WFLY-1656,854
1173,WFLY-1656,1123
1174,WFLY-1656,1365
1175,WFLY-1656,1366
1176,WFLY-1656,1367
1177,WFLY-1656,1368
1178,WFLY-1656,1369
1179,WFLY-1656,1370
1180,WFLY-1656,1371
1181,WFLY-1656,1372
1182,WFLY-1656,1373
1183,WFLY-1656,1374
1184,WFLY-1656,1375
1185,WFLY-1656,1376
1186,WFLY-1656,1377
1187,WFLY-1656,1378
1188,WFLY-1656,1379
1189,WFLY-1656,1380
1190,WFLY-1656,1381
1191,WFLY-1656,236
1192,WFLY-1656,1382
1193,WFLY-1656,1383
1194,WFLY-1656,1384
1197,WFLY-1730,416
1198,WFLY-2472,1385
1199,WFLY-2472,262
1200,WFLY-1547,1386
1201,WFLY-1547,1387
1202,WFLY-1547,903
1203,WFLY-1547,1388
1204,WFLY-1547,432
1205,WFLY-2184,1389
1217,WFLY-1432,1079
1218,WFLY-1432,1399
1219,WFLY-2651,1400
1220,WFLY-2306,386
1221,WFLY-2709,1401
1223,WFLY-2094,634
1224,WFLY-2094,842
1225,WFLY-2094,173
1226,WFLY-943,1402
1227,WFLY-943,1403
1228,WFLY-943,1404
1229,WFLY-943,1405
1230,WFLY-943,1406
1231,WFLY-943,1407
1232,WFLY-1297,1408
1233,WFLY-1297,1409
1234,WFLY-1297,859
1235,WFLY-1297,161
1236,WFLY-1297,1410
1237,WFLY-1297,1411
1238,WFLY-1297,1412
1239,WFLY-1297,841
1240,WFLY-1297,903
1241,WFLY-1297,12
1242,WFLY-1592,903
1243,WFLY-1592,594
1244,WFLY-1592,1413
1245,WFLY-2785,154
1246,WFLY-2785,385
1247,WFLY-2869,1414
1248,WFLY-2869,1415
1249,WFLY-2831,317
1250,WFLY-3187,1416
1251,WFLY-3124,478
1252,WFLY-1754,1417
1253,WFLY-1754,1418
1254,WFLY-1754,1419
1255,WFLY-8,904
1256,WFLY-8,905
1257,WFLY-8,1141
1258,WFLY-8,1142
1259,WFLY-8,1143
1260,WFLY-8,1144
1261,WFLY-8,1145
1262,WFLY-8,1146
1263,WFLY-8,1147
1264,WFLY-8,553
1265,WFLY-8,1148
1266,WFLY-8,1149
1267,WFLY-8,1150
1268,WFLY-8,124
1269,WFLY-8,1151
1270,WFLY-8,1152
1271,WFLY-8,1153
1272,WFLY-8,1154
1273,WFLY-8,1155
1274,WFLY-8,1156
1275,WFLY-8,1157
1276,WFLY-8,824
1277,WFLY-8,1158
1278,WFLY-8,1159
1279,WFLY-8,1160
1280,WFLY-8,1161
1281,WFLY-8,1162
1282,WFLY-8,514
1284,WFLY-8,460
1285,WFLY-8,724
1286,WFLY-8,1163
1287,WFLY-8,219
1288,WFLY-8,1164
1289,WFLY-8,1165
1290,WFLY-8,1166
1291,WFLY-8,1167
1292,WFLY-8,1168
1293,WFLY-8,328
1294,WFLY-8,1169
1295,WFLY-8,1170
1296,WFLY-8,1171
1297,WFLY-8,1172
1298,WFLY-8,1173
1299,WFLY-8,1174
1301,WFLY-8,1175
1302,WFLY-8,1176
1303,WFLY-8,1177
1304,WFLY-8,1178
1305,WFLY-8,1179
1306,WFLY-8,635
1307,WFLY-8,37
1309,WFLY-8,1180
1310,WFLY-8,408
1311,WFLY-8,1181
1312,WFLY-8,1182
1313,WFLY-8,1183
1314,WFLY-8,18
1315,WFLY-8,807
1316,WFLY-8,1184
1317,WFLY-8,1185
1318,WFLY-8,1186
1319,WFLY-8,1187
1320,WFLY-8,1188
1321,WFLY-8,1189
1322,WFLY-8,1190
1323,WFLY-8,898
1324,WFLY-8,1191
1325,WFLY-8,1192
1326,WFLY-8,1193
1327,WFLY-8,488
1328,WFLY-8,716
1329,WFLY-8,607
1330,WFLY-8,111
1331,WFLY-8,509
1332,WFLY-8,1194
1333,WFLY-8,1195
1334,WFLY-8,142
1335,WFLY-8,383
1336,WFLY-8,1196
1337,WFLY-8,1197
1338,WFLY-8,999
1339,WFLY-8,1198
1340,WFLY-8,1199
1341,WFLY-8,1200
1342,WFLY-8,329
1343,WFLY-8,839
1344,WFLY-8,1201
1345,WFLY-8,1202
1346,WFLY-8,1203
1347,WFLY-8,1204
1348,WFLY-8,1205
1349,WFLY-8,316
1350,WFLY-8,1206
1351,WFLY-8,1207
1352,WFLY-8,89
1354,WFLY-8,1208
1355,WFLY-8,1209
1356,WFLY-8,1210
1357,WFLY-8,1211
1358,WFLY-8,415
1359,WFLY-8,1212
1360,WFLY-8,1213
1361,WFLY-8,1214
1362,WFLY-8,1215
1363,WFLY-8,135
1368,WFLY-8,468
1370,WFLY-8,1216
1371,WFLY-8,1217
1372,WFLY-8,1218
1373,WFLY-8,1219
1374,WFLY-8,1220
1375,WFLY-8,409
1376,WFLY-8,882
1377,WFLY-8,1221
1378,WFLY-8,1222
1379,WFLY-8,1223
1380,WFLY-8,1224
1381,WFLY-8,1225
1382,WFLY-8,1226
1383,WFLY-8,1227
1384,WFLY-8,1228
1385,WFLY-8,1229
1386,WFLY-8,1230
1387,WFLY-8,1231
1388,WFLY-8,1232
1389,WFLY-8,1233
1390,WFLY-8,1234
1391,WFLY-8,1235
1392,WFLY-8,1236
1393,WFLY-8,1237
1394,WFLY-8,1238
1395,WFLY-8,1239
1396,WFLY-8,1240
1397,WFLY-8,1241
1398,WFLY-8,153
1399,WFLY-8,1242
1400,WFLY-8,1243
1401,WFLY-8,1244
1402,WFLY-8,1245
1403,WFLY-8,1246
1404,WFLY-8,1247
1405,WFLY-8,1248
1406,WFLY-8,1249
1407,WFLY-8,1250
1408,WFLY-8,1251
1409,WFLY-8,1252
1410,WFLY-8,1253
1411,WFLY-8,1254
1412,WFLY-8,1255
1413,WFLY-8,1256
1414,WFLY-8,1257
1415,WFLY-8,1258
1416,WFLY-8,1259
1417,WFLY-8,1260
1418,WFLY-8,1261
1419,WFLY-8,1262
1420,WFLY-8,1263
1421,WFLY-8,1264
1422,WFLY-8,742
1423,WFLY-8,1265
1424,WFLY-8,1266
1425,WFLY-8,292
1427,WFLY-8,560
1428,WFLY-8,1267
1429,WFLY-8,1057
1430,WFLY-8,1268
1431,WFLY-8,342
1433,WFLY-8,1269
1434,WFLY-8,216
1435,WFLY-8,754
1436,WFLY-8,735
1437,WFLY-8,38
1438,WFLY-8,636
1439,WFLY-8,1270
1440,WFLY-8,1271
1441,WFLY-8,1272
1442,WFLY-8,1273
1443,WFLY-8,1274
1444,WFLY-8,445
1445,WFLY-8,36
1446,WFLY-8,1275
1447,WFLY-8,576
1448,WFLY-8,1276
1449,WFLY-8,701
1450,WFLY-8,801
1451,WFLY-8,1277
1452,WFLY-8,1278
1453,WFLY-8,1279
1454,WFLY-8,1280
1455,WFLY-8,1281
1456,WFLY-8,1282
1457,WFLY-8,1283
1458,WFLY-8,1284
1459,WFLY-8,1129
1460,WFLY-8,1285
1461,WFLY-8,1286
1462,WFLY-8,1287
1463,WFLY-8,1288
1464,WFLY-8,1289
1465,WFLY-8,1290
1466,WFLY-8,1291
1467,WFLY-8,903
1468,WFLY-8,12
1469,WFLY-8,1292
1470,WFLY-8,686
1471,WFLY-8,1293
1472,WFLY-8,1294
1473,WFLY-8,1295
1474,WFLY-8,1296
1475,WFLY-8,1297
1476,WFLY-8,1298
1477,WFLY-8,1299
1478,WFLY-8,552
1480,WFLY-8,1300
1481,WFLY-8,1301
1482,WFLY-8,1302
1483,WFLY-8,1303
1484,WFLY-8,1304
1485,WFLY-8,1305
1486,WFLY-8,1306
1487,WFLY-8,1307
1488,WFLY-8,1308
1489,WFLY-8,1309
1490,WFLY-8,257
1491,WFLY-8,1310
1492,WFLY-8,1311
1493,WFLY-8,474
1494,WFLY-8,1312
1495,WFLY-8,1313
1496,WFLY-8,1314
1497,WFLY-8,1315
1498,WFLY-8,1316
1499,WFLY-8,1317
1500,WFLY-8,1318
1501,WFLY-8,1319
1502,WFLY-8,1320
1503,WFLY-8,1321
1504,WFLY-8,1322
1505,WFLY-8,1323
1506,WFLY-8,1324
1507,WFLY-8,1325
1508,WFLY-8,506
1511,WFLY-8,1326
1512,WFLY-8,1327
1513,WFLY-8,1328
1514,WFLY-8,1329
1515,WFLY-8,1330
1516,WFLY-8,476
1517,WFLY-8,1331
1518,WFLY-8,1332
1519,WFLY-8,1333
1520,WFLY-8,745
1521,WFLY-8,1334
1522,WFLY-8,1335
1523,WFLY-8,1336
1524,WFLY-8,1337
1525,WFLY-8,1338
1526,WFLY-8,799
1527,WFLY-8,540
1528,WFLY-8,672
1529,WFLY-8,603
1530,WFLY-8,784
1531,WFLY-8,1339
1532,WFLY-8,1340
1533,WFLY-8,1341
1534,WFLY-8,1342
1535,WFLY-8,1343
1536,WFLY-8,1344
1537,WFLY-8,1345
1538,WFLY-8,102
1539,WFLY-8,831
1540,WFLY-8,163
1541,WFLY-8,76
1542,WFLY-8,358
1553,WFLY-8,1346
1559,WFLY-8,1347
1560,WFLY-8,1348
1567,WFLY-215,1305
1568,WFLY-1907,1420
1569,WFLY-1907,1421
1570,WFLY-1907,1422
1571,WFLY-1907,1423
1572,WFLY-1907,1424
1573,WFLY-1907,1425
1574,WFLY-1907,1426
1575,WFLY-1907,1427
1576,WFLY-1907,1428
1577,WFLY-1907,1429
1578,WFLY-1907,1430
1579,WFLY-1907,1431
1580,WFLY-1907,254
1581,WFLY-1907,1432
1582,WFLY-1907,1433
1583,WFLY-1907,1434
1584,WFLY-1907,1435
1585,WFLY-1907,1436
1586,WFLY-1907,1437
1587,WFLY-1907,1438
1588,WFLY-1907,1439
1589,WFLY-1907,1440
1590,WFLY-1907,1441
1592,WFLY-1907,619
1593,WFLY-1907,1442
1594,WFLY-1907,1443
1598,WFLY-1907,1444
1599,WFLY-72,183
1601,WFLY-2005,903
1602,WFLY-2005,1445
1603,WFLY-2005,1446
1604,WFLY-2005,1447
1605,WFLY-2005,1448
1606,WFLY-2005,1449
1607,WFLY-2005,1450
1608,WFLY-2005,805
1609,WFLY-2005,614
1610,WFLY-2005,679
1612,WFLY-2005,1451
1613,WFLY-2005,190
1614,WFLY-2005,1452
1615,WFLY-2005,1453
1616,WFLY-2005,1454
1617,WFLY-2005,1455
1618,WFLY-2005,1456
1619,WFLY-2005,1457
1620,WFLY-2005,254
1621,WFLY-2005,1458
1622,WFLY-2005,1459
1623,WFLY-2005,1460
1624,WFLY-2005,1461
1625,WFLY-2005,1438
1626,WFLY-2005,1462
1627,WFLY-2005,1441
1628,WFLY-2005,3
1629,WFLY-2005,1463
1630,WFLY-2005,777
1631,WFLY-2005,1464
1632,WFLY-2005,1465
1633,WFLY-2005,48
1634,WFLY-2005,1466
1635,WFLY-2005,1467
1636,WFLY-2005,1468
1637,WFLY-2005,1469
1639,WFLY-821,904
1640,WFLY-821,905
1641,WFLY-821,1141
1642,WFLY-821,1142
1643,WFLY-821,1143
1644,WFLY-821,1144
1645,WFLY-821,1145
1646,WFLY-821,1146
1647,WFLY-821,1147
1648,WFLY-821,553
1649,WFLY-821,1148
1650,WFLY-821,1149
1651,WFLY-821,1150
1652,WFLY-821,124
1653,WFLY-821,1151
1654,WFLY-821,1152
1655,WFLY-821,1153
1656,WFLY-821,1154
1657,WFLY-821,1155
1658,WFLY-821,1156
1659,WFLY-821,1157
1660,WFLY-821,824
1661,WFLY-821,1158
1662,WFLY-821,1159
1663,WFLY-821,1160
1664,WFLY-821,1161
1665,WFLY-821,1162
1666,WFLY-821,514
1668,WFLY-821,460
1669,WFLY-821,724
1670,WFLY-821,1163
1671,WFLY-821,219
1672,WFLY-821,1164
1673,WFLY-821,1165
1674,WFLY-821,1166
1675,WFLY-821,1167
1676,WFLY-821,1168
1677,WFLY-821,328
1678,WFLY-821,1169
1679,WFLY-821,1170
1680,WFLY-821,1171
1681,WFLY-821,1172
1682,WFLY-821,1173
1683,WFLY-821,1174
1685,WFLY-821,1175
1686,WFLY-821,1176
1687,WFLY-821,1177
1688,WFLY-821,1178
1689,WFLY-821,1179
1690,WFLY-821,635
1691,WFLY-821,37
1693,WFLY-821,1180
1694,WFLY-821,408
1695,WFLY-821,1181
1696,WFLY-821,1182
1697,WFLY-821,1183
1698,WFLY-821,18
1699,WFLY-821,807
1700,WFLY-821,1184
1701,WFLY-821,1185
1702,WFLY-821,1186
1703,WFLY-821,1187
1704,WFLY-821,1188
1705,WFLY-821,1189
1706,WFLY-821,1190
1707,WFLY-821,898
1708,WFLY-821,1191
1709,WFLY-821,1192
1710,WFLY-821,1193
1711,WFLY-821,488
1712,WFLY-821,716
1713,WFLY-821,607
1714,WFLY-821,111
1715,WFLY-821,509
1716,WFLY-821,1194
1717,WFLY-821,1195
1718,WFLY-821,142
1719,WFLY-821,383
1720,WFLY-821,1196
1721,WFLY-821,1197
1722,WFLY-821,999
1723,WFLY-821,1198
1724,WFLY-821,1199
1725,WFLY-821,1200
1726,WFLY-821,329
1727,WFLY-821,839
1728,WFLY-821,1201
1729,WFLY-821,1202
1730,WFLY-821,1203
1731,WFLY-821,1204
1732,WFLY-821,1205
1733,WFLY-821,316
1734,WFLY-821,1206
1735,WFLY-821,1207
1736,WFLY-821,89
1738,WFLY-821,1208
1739,WFLY-821,1209
1740,WFLY-821,1210
1741,WFLY-821,1211
1742,WFLY-821,415
1743,WFLY-821,1212
1744,WFLY-821,1213
1745,WFLY-821,1214
1746,WFLY-821,1215
1747,WFLY-821,135
1752,WFLY-821,468
1754,WFLY-821,1216
1755,WFLY-821,1217
1756,WFLY-821,1218
1757,WFLY-821,1219
1758,WFLY-821,1220
1759,WFLY-821,409
1760,WFLY-821,882
1761,WFLY-821,1221
1762,WFLY-821,1222
1763,WFLY-821,1223
1764,WFLY-821,1224
1765,WFLY-821,1225
1766,WFLY-821,1226
1767,WFLY-821,1227
1768,WFLY-821,1228
1769,WFLY-821,1229
1770,WFLY-821,1230
1771,WFLY-821,1231
1772,WFLY-821,1232
1773,WFLY-821,1233
1774,WFLY-821,1234
1775,WFLY-821,1235
1776,WFLY-821,1236
1777,WFLY-821,1237
1778,WFLY-821,1238
1779,WFLY-821,1239
1780,WFLY-821,1240
1781,WFLY-821,1241
1782,WFLY-821,153
1783,WFLY-821,1242
1784,WFLY-821,1243
1785,WFLY-821,1244
1786,WFLY-821,1245
1787,WFLY-821,1246
1788,WFLY-821,1247
1789,WFLY-821,1248
1790,WFLY-821,1249
1791,WFLY-821,1250
1792,WFLY-821,1251
1793,WFLY-821,1252
1794,WFLY-821,1253
1795,WFLY-821,1254
1796,WFLY-821,1255
1797,WFLY-821,1256
1798,WFLY-821,1257
1799,WFLY-821,1258
1800,WFLY-821,1259
1801,WFLY-821,1260
1802,WFLY-821,1261
1803,WFLY-821,1262
1804,WFLY-821,1263
1805,WFLY-821,1264
1806,WFLY-821,742
1807,WFLY-821,1265
1808,WFLY-821,1266
1809,WFLY-821,292
1811,WFLY-821,560
1812,WFLY-821,1267
1813,WFLY-821,1057
1814,WFLY-821,1268
1815,WFLY-821,342
1817,WFLY-821,1269
1818,WFLY-821,216
1819,WFLY-821,754
1820,WFLY-821,735
1821,WFLY-821,38
1822,WFLY-821,636
1823,WFLY-821,1270
1824,WFLY-821,1271
1825,WFLY-821,1272
1826,WFLY-821,1273
1827,WFLY-821,1274
1828,WFLY-821,445
1829,WFLY-821,36
1830,WFLY-821,1275
1831,WFLY-821,576
1832,WFLY-821,1276
1833,WFLY-821,701
1834,WFLY-821,801
1835,WFLY-821,1277
1836,WFLY-821,1278
1837,WFLY-821,1279
1838,WFLY-821,1280
1839,WFLY-821,1281
1840,WFLY-821,1282
1841,WFLY-821,1283
1842,WFLY-821,1284
1843,WFLY-821,1129
1844,WFLY-821,1285
1845,WFLY-821,1286
1846,WFLY-821,1287
1847,WFLY-821,1288
1848,WFLY-821,1289
1849,WFLY-821,1290
1850,WFLY-821,1291
1851,WFLY-821,903
1852,WFLY-821,12
1853,WFLY-821,1292
1854,WFLY-821,686
1855,WFLY-821,1293
1856,WFLY-821,1294
1857,WFLY-821,1295
1858,WFLY-821,1296
1859,WFLY-821,1297
1860,WFLY-821,1298
1861,WFLY-821,1299
1862,WFLY-821,552
1864,WFLY-821,1300
1865,WFLY-821,1301
1866,WFLY-821,1302
1867,WFLY-821,1303
1868,WFLY-821,1304
1869,WFLY-821,1305
1870,WFLY-821,1306
1871,WFLY-821,1307
1872,WFLY-821,1308
1873,WFLY-821,1309
1874,WFLY-821,257
1875,WFLY-821,1310
1876,WFLY-821,1311
1877,WFLY-821,474
1878,WFLY-821,1312
1879,WFLY-821,1313
1880,WFLY-821,1314
1881,WFLY-821,1315
1882,WFLY-821,1316
1883,WFLY-821,1317
1884,WFLY-821,1318
1885,WFLY-821,1319
1886,WFLY-821,1320
1887,WFLY-821,1321
1888,WFLY-821,1322
1889,WFLY-821,1323
1890,WFLY-821,1324
1891,WFLY-821,1325
1892,WFLY-821,506
1895,WFLY-821,1326
1896,WFLY-821,1327
1897,WFLY-821,1328
1898,WFLY-821,1329
1899,WFLY-821,1330
1900,WFLY-821,476
1901,WFLY-821,1331
1902,WFLY-821,1332
1903,WFLY-821,1333
1904,WFLY-821,745
1905,WFLY-821,1334
1906,WFLY-821,1335
1907,WFLY-821,1336
1908,WFLY-821,1337
1909,WFLY-821,1338
1910,WFLY-821,799
1911,WFLY-821,540
1912,WFLY-821,672
1913,WFLY-821,603
1914,WFLY-821,784
1915,WFLY-821,1339
1916,WFLY-821,1340
1917,WFLY-821,1341
1918,WFLY-821,1342
1919,WFLY-821,1343
1920,WFLY-821,1344
1921,WFLY-821,1345
1922,WFLY-821,102
1923,WFLY-821,831
1924,WFLY-821,163
1925,WFLY-821,76
1926,WFLY-821,358
1937,WFLY-821,1346
1943,WFLY-821,1347
1944,WFLY-821,1348
1951,WFLY-789,1470
1952,WFLY-789,1471
1953,WFLY-789,1472
1954,WFLY-789,146
1955,WFLY-789,330
1956,WFLY-789,685
1957,WFLY-789,1473
1958,WFLY-789,210
1959,WFLY-789,422
1960,WFLY-789,1474
1961,WFLY-789,868
1962,WFLY-789,529
1963,WFLY-789,1475
1964,WFLY-789,1476
1965,WFLY-789,253
1966,WFLY-789,1477
1967,WFLY-789,1478
1968,WFLY-789,1479
1969,WFLY-789,1480
1970,WFLY-789,1481
1971,WFLY-789,1482
1972,WFLY-789,1483
1973,WFLY-789,1484
1974,WFLY-789,1485
1975,WFLY-69,1486
1976,WFLY-69,1487
1977,WFLY-69,1488
1978,WFLY-69,145
1979,WFLY-69,1489
1980,WFLY-69,1490
1981,WFLY-69,1491
1982,WFLY-1291,903
1983,WFLY-1291,551
1984,WFLY-1290,903
1985,WFLY-1290,551
1986,WFLY-1460,1026
1987,WFLY-1460,1027
1988,WFLY-1513,1492
1989,WFLY-1513,1493
1990,WFLY-1513,1494
1991,WFLY-1513,49
1992,WFLY-1513,62
1993,WFLY-1306,897
1994,WFLY-1306,898
1995,WFLY-1306,799
1996,WFLY-1765,277
1997,WFLY-1765,1474
1998,WFLY-1752,1495
1999,WFLY-1752,1496
2001,WFLY-2008,903
2004,WFLY-2414,903
2005,WFLY-2583,1498
2006,WFLY-2583,1499
2008,WFLY-2359,32
2009,WFLY-2353,903
2010,WFLY-2350,1501
2011,WFLY-2350,36
2012,WFLY-2350,184
2013,WFLY-2350,766
2014,WFLY-2350,425
2015,WFLY-2350,281
2016,WFLY-2350,654
2017,WFLY-2350,1364
2018,WFLY-2350,1065
2019,WFLY-2350,114
2020,WFLY-2350,596
2021,WFLY-2350,1026
2022,WFLY-2350,1027
2023,WFLY-2350,1032
2024,WFLY-2350,808
2025,WFLY-2315,903
2026,WFLY-2477,1502
2027,WFLY-2477,1503
2028,WFLY-2477,1504
2029,WFLY-2477,1505
2030,WFLY-2477,1506
2031,WFLY-2477,1507
2032,WFLY-2477,1508
2033,WFLY-2477,1509
2034,WFLY-2477,1510
2035,WFLY-2477,1511
2036,WFLY-2477,1512
2037,WFLY-2477,1513
2038,WFLY-2477,1514
2039,WFLY-2477,1515
2040,WFLY-2477,1516
2041,WFLY-2477,1517
2042,WFLY-2477,1121
2043,WFLY-2600,1518
2044,WFLY-2600,1519
2045,WFLY-2600,1520
2046,WFLY-2600,1078
2047,WFLY-2600,1521
2048,WFLY-2600,1081
2049,WFLY-2600,1522
2050,WFLY-2600,1523
2051,WFLY-2600,1524
2052,WFLY-2600,1525
2053,WFLY-2600,1526
2054,WFLY-2600,1527
2055,WFLY-2600,1528
2056,WFLY-2600,1529
2057,WFLY-2600,12
2058,WFLY-2600,372
2061,WFLY-2600,1079
2066,WFLY-2600,1083
2072,WFLY-2600,1530
2073,WFLY-2600,1531
2074,WFLY-3091,1532
2075,WFLY-3091,1533
2076,WFLY-3091,1534
2077,WFLY-3091,1535
2078,WFLY-3091,1536
2079,WFLY-3091,731
2081,WFLY-3091,679
2082,WFLY-3091,1537
2083,WFLY-3091,1538
2084,WFLY-3091,1459
2085,WFLY-3091,1539
2086,WFLY-3091,1540
2087,WFLY-3091,501
2088,WFLY-3091,1541
2089,WFLY-3091,1542
2090,WFLY-3091,1543
2091,WFLY-3091,1544
2092,WFLY-3091,1545
2093,WFLY-3091,1546
2094,WFLY-3091,423
2095,WFLY-3091,1547
2096,WFLY-3091,1548
2102,WFLY-3091,1549
2104,WFLY-3091,1550
2106,WFLY-3091,1551
2107,WFLY-3091,1552
2108,WFLY-3091,426
2109,WFLY-3091,1553
2110,WFLY-3091,1554
2111,WFLY-3091,1555
2112,WFLY-3091,1556
2113,WFLY-3091,1557
2114,WFLY-3091,1558
2115,WFLY-3091,1559
2116,WFLY-3091,1560
2117,WFLY-3091,797
2118,WFLY-3091,1561
2119,WFLY-3091,595
2120,WFLY-3091,486
2121,WFLY-3091,174
2122,WFLY-3091,1562
2123,WFLY-3091,1563
2124,WFLY-3091,1564
2125,WFLY-3091,1565
2126,WFLY-3091,1566
2127,WFLY-3091,1567
2128,WFLY-3091,1472
2129,WFLY-3091,165
2130,WFLY-3091,1568
2132,WFLY-3091,291
2133,WFLY-3091,16
2134,WFLY-3091,1569
2135,WFLY-3091,618
2137,WFLY-3091,1570
2138,WFLY-3091,1571
2139,WFLY-3091,1572
2140,WFLY-3091,295
2141,WFLY-3091,511
2142,WFLY-3091,1573
2143,WFLY-3091,555
2144,WFLY-3091,1574
2145,WFLY-3091,1575
2146,WFLY-3091,1576
2147,WFLY-3091,160
2148,WFLY-3091,1577
2149,WFLY-3091,450
2150,WFLY-3091,274
2151,WFLY-3091,1578
2152,WFLY-3091,1579
2153,WFLY-3091,1580
2154,WFLY-3091,1581
2155,WFLY-3091,1582
2160,WFLY-3091,1583
2161,WFLY-3091,1584
2163,WFLY-3091,1585
2169,WFLY-3091,710
2170,WFLY-3147,1586
2171,WFLY-3090,1532
2172,WFLY-3090,1533
2173,WFLY-3090,1534
2174,WFLY-3090,1535
2175,WFLY-3090,1536
2176,WFLY-3090,731
2178,WFLY-3090,679
2179,WFLY-3090,1537
2180,WFLY-3090,1538
2181,WFLY-3090,1459
2182,WFLY-3090,1539
2183,WFLY-3090,1540
2184,WFLY-3090,501
2185,WFLY-3090,1541
2186,WFLY-3090,1542
2187,WFLY-3090,1543
2188,WFLY-3090,1544
2189,WFLY-3090,1545
2190,WFLY-3090,1546
2191,WFLY-3090,423
2192,WFLY-3090,1547
2193,WFLY-3090,1548
2199,WFLY-3090,1549
2201,WFLY-3090,1550
2203,WFLY-3090,1551
2204,WFLY-3090,1552
2205,WFLY-3090,426
2206,WFLY-3090,1553
2207,WFLY-3090,1554
2208,WFLY-3090,1555
2209,WFLY-3090,1556
2210,WFLY-3090,1557
2211,WFLY-3090,1558
2212,WFLY-3090,1559
2213,WFLY-3090,1560
2214,WFLY-3090,797
2215,WFLY-3090,1561
2216,WFLY-3090,595
2217,WFLY-3090,486
2218,WFLY-3090,174
2219,WFLY-3090,1562
2220,WFLY-3090,1563
2221,WFLY-3090,1564
2222,WFLY-3090,1565
2223,WFLY-3090,1566
2224,WFLY-3090,1567
2225,WFLY-3090,1472
2226,WFLY-3090,165
2227,WFLY-3090,1568
2229,WFLY-3090,291
2230,WFLY-3090,16
2231,WFLY-3090,1569
2232,WFLY-3090,618
2234,WFLY-3090,1570
2235,WFLY-3090,1571
2236,WFLY-3090,1572
2237,WFLY-3090,295
2238,WFLY-3090,511
2239,WFLY-3090,1573
2240,WFLY-3090,555
2241,WFLY-3090,1574
2242,WFLY-3090,1575
2243,WFLY-3090,1576
2244,WFLY-3090,160
2245,WFLY-3090,1577
2246,WFLY-3090,450
2247,WFLY-3090,274
2248,WFLY-3090,1578
2249,WFLY-3090,1579
2250,WFLY-3090,1580
2251,WFLY-3090,1581
2252,WFLY-3090,1582
2257,WFLY-3090,1583
2258,WFLY-3090,1584
2260,WFLY-3090,1585
2266,WFLY-3090,710
2270,WFLY-2569,581
2271,WFLY-2569,431
2272,WFLY-2569,12
2273,WFLY-2569,1589
2274,WFLY-2569,1590
2275,WFLY-2569,1591
2276,WFLY-2569,1592
2277,WFLY-2732,1593
2278,WFLY-2732,903
2280,WFLY-2949,1594
2281,WFLY-2511,1595
2282,WFLY-2511,1596
2283,WFLY-2511,1597
2284,WFLY-2511,878
2285,WFLY-2511,1598
2286,WFLY-2511,1599
2287,WFLY-2511,1600
2288,WFLY-3048,1601
2289,WFLY-3048,1602
2290,WFLY-3048,1603
2291,WFLY-3048,1604
2292,WFLY-3048,1605
2293,WFLY-3048,1606
2294,WFLY-3048,1607
2295,WFLY-3048,9
2296,WFLY-3048,1608
2297,WFLY-3048,1609
2298,WFLY-3048,1610
2299,WFLY-3048,1611
2300,WFLY-3048,1612
2301,WFLY-3048,1613
2302,WFLY-3048,1614
2303,WFLY-3048,1615
2304,WFLY-3048,1616
2305,WFLY-3048,1617
2306,WFLY-3048,1618
2307,WFLY-3048,1619
2308,WFLY-3048,1620
2309,WFLY-3048,1621
2310,WFLY-3048,1622
2312,WFLY-3048,1623
2313,WFLY-3048,1624
2314,WFLY-3048,1625
2315,WFLY-3048,1626
2316,WFLY-3048,1627
2317,WFLY-3048,1628
2318,WFLY-3048,1629
2319,WFLY-3048,1630
2320,WFLY-3048,1631
2321,WFLY-3048,1632
2322,WFLY-3048,1633
2323,WFLY-3048,1634
2324,WFLY-3048,1635
2325,WFLY-3048,1636
2326,WFLY-3048,1637
2327,WFLY-3048,1638
2328,WFLY-3048,1639
2329,WFLY-3048,1640
2330,WFLY-3048,1641
2331,WFLY-3048,1642
2332,WFLY-2950,538
2333,WFLY-981,530
2334,WFLY-981,1643
2335,WFLY-981,1644
2336,WFLY-981,1645
2337,WFLY-981,1646
2338,WFLY-981,1647
2339,WFLY-981,1648
2340,WFLY-981,1649
2341,WFLY-1746,1650
2342,WFLY-1746,1651
2343,WFLY-1746,1652
2344,WFLY-1746,1653
2345,WFLY-1746,1654
2346,WFLY-1746,1655
2347,WFLY-1746,1656
2348,WFLY-1746,1657
2349,WFLY-1746,1658
2350,WFLY-1746,1659
2351,WFLY-1746,1660
2352,WFLY-1746,1661
2353,WFLY-1746,1662
2354,WFLY-1746,568
2355,WFLY-1746,1663
2356,WFLY-1746,1664
2357,WFLY-1746,1665
2358,WFLY-1746,1666
2359,WFLY-2773,1667
2360,WFLY-2515,852
2361,WFLY-2750,1668
2362,WFLY-1716,904
2363,WFLY-1716,905
2364,WFLY-1716,1669
2365,WFLY-1716,903
2366,WFLY-1716,1670
2367,WFLY-1716,315
2368,WFLY-1716,117
2369,WFLY-1716,1019
2370,WFLY-1716,1671
2371,WFLY-1716,1672
2372,WFLY-1716,1673
2373,WFLY-1781,12
2374,WFLY-1781,1674
2375,WFLY-1671,1675
2376,WFLY-2712,1676
2377,WFLY-2198,1677
2378,WFLY-2198,1678
2379,WFLY-2198,1679
2380,WFLY-2198,1680
2382,WFLY-1783,952
2383,WFLY-1739,1682
2384,WFLY-1739,1683
2385,WFLY-1739,1684
2386,WFLY-1739,716
2387,WFLY-1739,999
2388,WFLY-1739,757
2389,WFLY-1739,1685
2390,WFLY-1739,631
2391,WFLY-1739,1210
2392,WFLY-1739,883
2393,WFLY-2401,311
2394,WFLY-2385,730
2395,WFLY-2338,868
2396,WFLY-1518,1686
2397,WFLY-1776,333
2398,WFLY-1776,732
2399,WFLY-1776,766
2400,WFLY-1776,425
2401,WFLY-1776,281
2402,WFLY-1776,654
2403,WFLY-1776,1358
2404,WFLY-1776,1359
2405,WFLY-1776,1360
2406,WFLY-1776,1361
2407,WFLY-1776,730
2408,WFLY-1776,1362
2409,WFLY-1776,1363
2410,WFLY-1776,206
2411,WFLY-1776,694
2412,WFLY-1776,1364
2413,WFLY-1776,854
2414,WFLY-1776,1123
2415,WFLY-1776,1365
2416,WFLY-1776,1366
2417,WFLY-1776,1367
2418,WFLY-1776,1368
2419,WFLY-1776,1369
2420,WFLY-1776,1370
2421,WFLY-1776,1371
2422,WFLY-1776,1372
2423,WFLY-1776,1373
2424,WFLY-1776,1374
2425,WFLY-1776,1375
2426,WFLY-1776,1376
2427,WFLY-1776,1377
2428,WFLY-1776,1378
2429,WFLY-1776,1379
2430,WFLY-1776,1380
2431,WFLY-1776,1381
2432,WFLY-1776,236
2433,WFLY-1776,1382
2434,WFLY-1776,1383
2435,WFLY-1776,1384
2438,WFLY-2403,1500
2439,WFLY-2403,1687
2440,WFLY-2403,1688
2441,WFLY-2403,1689
2442,WFLY-2403,1690
2443,WFLY-2974,1691
2444,WFLY-2974,43
2445,WFLY-2974,1692
2446,WFLY-1893,1693
2447,WFLY-1893,1694
2448,WFLY-1893,596
2449,WFLY-1893,184
2450,WFLY-1893,1026
2451,WFLY-1893,1695
2452,WFLY-1893,1500
2453,WFLY-1893,1687
2454,WFLY-1893,1681
2455,WFLY-1893,1696
2456,WFLY-1893,123
2457,WFLY-1893,1697
2458,WFLY-1893,1698
2459,WFLY-1893,1690
2460,WFLY-1893,1364
2461,WFLY-1893,1699
2462,WFLY-1893,74
2463,WFLY-1893,1700
2464,WFLY-1893,1701
2465,WFLY-1893,1702
2466,WFLY-1893,1703
2467,WFLY-1893,1704
2468,WFLY-1893,1705
2469,WFLY-1893,1706
2470,WFLY-1893,1707
2471,WFLY-1893,1708
2472,WFLY-1893,584
2473,WFLY-1893,304
2474,WFLY-1893,1709
2475,WFLY-2383,654
2476,WFLY-2371,1710
2477,WFLY-1560,539
2478,WFLY-1560,1711
2479,WFLY-1560,1712
2480,WFLY-1560,1713
2481,WFLY-1560,1379
2482,WFLY-1560,1714
2483,WFLY-1560,1715
2484,WFLY-1560,1716
2485,WFLY-1560,1717
2486,WFLY-1560,1718
2487,WFLY-1560,1719
2488,WFLY-1560,1720
2489,WFLY-1560,1721
2490,WFLY-1560,1722
2491,WFLY-1560,1723
2492,WFLY-1560,1724
2493,WFLY-1560,1725
2494,WFLY-1560,1380
2495,WFLY-1560,1726
2496,WFLY-1560,1727
2497,WFLY-1560,1728
2498,WFLY-1560,1729
2508,WFLY-1375,872
2509,WFLY-855,1733
2510,WFLY-855,1734
2511,WFLY-855,1735
2512,WFLY-855,97
2513,WFLY-855,1736
2514,WFLY-855,1737
2515,WFLY-855,1738
2516,WFLY-855,1739
2517,WFLY-855,1740
2518,WFLY-855,352
2519,WFLY-855,1741
2520,WFLY-855,1742
2521,WFLY-855,1743
2522,WFLY-855,1744
2523,WFLY-855,1745
2524,WFLY-855,790
2525,WFLY-855,1746
2526,WFLY-855,1747
2527,WFLY-855,652
2528,WFLY-855,1748
2529,WFLY-855,903
2530,WFLY-855,1749
2531,WFLY-855,1750
2532,WFLY-855,1751
2533,WFLY-855,1752
2534,WFLY-1437,147
2535,WFLY-1282,1753
2536,WFLY-1282,1754
2537,WFLY-978,1755
2538,WFLY-978,657
2539,WFLY-978,1756
2540,WFLY-1341,1757
2541,WFLY-1512,1758
2542,WFLY-1500,1759
2543,WFLY-1436,903
2544,WFLY-1393,677
2545,WFLY-1393,141
2546,WFLY-1393,658
2547,WFLY-1393,33
2548,WFLY-1493,1760
2549,WFLY-1514,326
2550,WFLY-1514,795
2551,WFLY-1514,383
2552,WFLY-1355,386
2553,WFLY-1355,677
2554,WFLY-1355,637
2555,WFLY-1316,810
2556,WFLY-1316,759
2557,WFLY-1285,1351
2558,WFLY-1367,903
2559,WFLY-1367,1761
2560,WFLY-1367,1762
2561,WFLY-1367,1763
2562,WFLY-1367,1764
2563,WFLY-1367,1765
2564,WFLY-1367,1766
2565,WFLY-1367,1767
2566,WFLY-1367,1768
2567,WFLY-1367,904
2568,WFLY-1367,905
2569,WFLY-1367,1769
2570,WFLY-1367,1770
2571,WFLY-1367,1771
2572,WFLY-1367,1772
2573,WFLY-1367,1773
2574,WFLY-1367,1774
2576,WFLY-1367,1775
2577,WFLY-1367,1776
2578,WFLY-1367,1777
2579,WFLY-1367,1778
2580,WFLY-1367,1779
2581,WFLY-1367,1780
2582,WFLY-1367,1781
2583,WFLY-1367,1782
2584,WFLY-1367,1783
2585,WFLY-1367,1784
2586,WFLY-1367,1785
2587,WFLY-1367,1786
2588,WFLY-1367,1787
2589,WFLY-1367,1788
2590,WFLY-1367,1789
2591,WFLY-1367,1790
2592,WFLY-1367,1791
2593,WFLY-1367,1792
2594,WFLY-1367,1793
2595,WFLY-1367,1794
2596,WFLY-1367,1795
2597,WFLY-1367,1796
2598,WFLY-1367,1797
2599,WFLY-1367,1798
2600,WFLY-1367,1799
2601,WFLY-1367,1800
2602,WFLY-1367,172
2603,WFLY-1367,1801
2604,WFLY-1367,1802
2605,WFLY-1367,1803
2606,WFLY-1367,1804
2607,WFLY-1367,6
2608,WFLY-1367,1805
2611,WFLY-1367,1806
2612,WFLY-1367,1807
2613,WFLY-1367,1808
2614,WFLY-1367,1809
2615,WFLY-1367,1111
2616,WFLY-1367,1810
2618,WFLY-1367,1670
2619,WFLY-1367,1811
2620,WFLY-1367,1673
2621,WFLY-1367,1812
2622,WFLY-1367,1813
2625,WFLY-1522,904
2626,WFLY-1522,905
2627,WFLY-1522,1769
2628,WFLY-1522,1814
2629,WFLY-1522,1815
2630,WFLY-1522,1816
2631,WFLY-1522,1817
2632,WFLY-1522,1818
2633,WFLY-1522,1819
2634,WFLY-1522,1820
2635,WFLY-1522,1821
2636,WFLY-1522,1810
2637,WFLY-1522,1409
2638,WFLY-1522,1822
2639,WFLY-1522,1823
2640,WFLY-1522,1412
2641,WFLY-1522,1824
2642,WFLY-1522,1825
2643,WFLY-1522,776
2644,WFLY-1522,1826
2645,WFLY-1522,1827
2646,WFLY-1522,841
2647,WFLY-1522,1828
2648,WFLY-1522,1829
2649,WFLY-1522,879
2650,WFLY-1522,1830
2651,WFLY-1522,1831
2652,WFLY-1522,1832
2653,WFLY-1522,1833
2654,WFLY-1522,691
2655,WFLY-1522,1834
2656,WFLY-1522,1835
2657,WFLY-1522,903
2658,WFLY-1522,1836
2659,WFLY-1522,65
2660,WFLY-1522,1837
2661,WFLY-1522,1838
2662,WFLY-1522,334
2663,WFLY-1522,715
2665,WFLY-1401,1839
2666,WFLY-1401,1840
2667,WFLY-1515,904
2668,WFLY-1515,905
2669,WFLY-1515,1769
2670,WFLY-1515,1814
2671,WFLY-1515,1815
2672,WFLY-1515,1816
2673,WFLY-1515,1817
2674,WFLY-1515,1818
2675,WFLY-1515,1819
2676,WFLY-1515,1820
2677,WFLY-1515,1821
2678,WFLY-1515,1810
2679,WFLY-1515,1409
2680,WFLY-1515,1822
2681,WFLY-1515,1823
2682,WFLY-1515,1412
2683,WFLY-1515,1824
2684,WFLY-1515,1825
2685,WFLY-1515,776
2686,WFLY-1515,1826
2687,WFLY-1515,1827
2688,WFLY-1515,841
2689,WFLY-1515,1828
2690,WFLY-1515,1829
2691,WFLY-1515,879
2692,WFLY-1515,1830
2693,WFLY-1515,1831
2694,WFLY-1515,1832
2695,WFLY-1515,1833
2696,WFLY-1515,691
2697,WFLY-1515,1834
2698,WFLY-1515,1835
2699,WFLY-1515,903
2700,WFLY-1515,1836
2701,WFLY-1515,65
2702,WFLY-1515,1837
2703,WFLY-1515,1838
2704,WFLY-1515,334
2705,WFLY-1515,715
2707,WFLY-1329,1444
2708,WFLY-1329,138
2709,WFLY-1329,842
2710,WFLY-1329,173
2711,WFLY-1329,884
2712,WFLY-1329,1841
2713,WFLY-1329,134
2714,WFLY-1329,1842
2715,WFLY-1484,137
2716,WFLY-1484,1843
2717,WFLY-1373,372
2718,WFLY-1373,400
2719,WFLY-1283,1844
2720,WFLY-901,1448
2721,WFLY-901,1845
2722,WFLY-886,1846
2723,WFLY-886,1847
2724,WFLY-1362,1848
2725,WFLY-1449,888
2726,WFLY-1449,38
2727,WFLY-32,519
2728,WFLY-32,904
2729,WFLY-32,905
2730,WFLY-32,1769
2731,WFLY-32,1849
2732,WFLY-32,1850
2733,WFLY-32,1851
2734,WFLY-32,1852
2735,WFLY-32,1853
2736,WFLY-32,1854
2737,WFLY-32,1855
2738,WFLY-32,858
2739,WFLY-32,1856
2740,WFLY-32,1857
2741,WFLY-32,1858
2742,WFLY-32,803
2743,WFLY-32,1859
2744,WFLY-32,748
2745,WFLY-32,1860
2746,WFLY-32,1861
2747,WFLY-32,1862
2748,WFLY-32,72
2749,WFLY-32,1863
2750,WFLY-32,1864
2751,WFLY-32,1865
2752,WFLY-32,1866
2753,WFLY-32,1867
2754,WFLY-32,1868
2755,WFLY-32,1869
2756,WFLY-32,1870
2757,WFLY-32,1871
2758,WFLY-32,1872
2759,WFLY-32,1873
2760,WFLY-32,1874
2761,WFLY-32,1875
2762,WFLY-32,1876
2763,WFLY-32,1877
2764,WFLY-32,1878
2765,WFLY-32,903
2766,WFLY-32,1879
2767,WFLY-32,1880
2768,WFLY-32,1881
2769,WFLY-32,1072
2770,WFLY-32,1882
2771,WFLY-32,1883
2772,WFLY-32,1884
2773,WFLY-32,1885
2774,WFLY-32,1886
2775,WFLY-32,1887
2776,WFLY-32,1888
2777,WFLY-32,1889
2778,WFLY-32,1890
2779,WFLY-32,1891
2780,WFLY-32,1892
2781,WFLY-32,1893
2782,WFLY-32,1894
2783,WFLY-32,1895
2784,WFLY-32,996
2785,WFLY-32,1805
2789,WFLY-32,1896
2790,WFLY-32,1897
2791,WFLY-32,1898
2792,WFLY-32,1459
2799,WFLY-32,1899
2800,WFLY-32,1900
2801,WFLY-32,1901
2802,WFLY-32,1902
2803,WFLY-32,60
2804,WFLY-32,1903
2805,WFLY-32,1904
2806,WFLY-32,1905
2807,WFLY-32,1906
2808,WFLY-32,1907
2809,WFLY-32,1908
2810,WFLY-32,1909
2811,WFLY-32,1910
2812,WFLY-32,1911
2813,WFLY-32,1912
2816,WFLY-32,1913
2817,WFLY-32,952
2824,WFLY-32,1914
2825,WFLY-32,1915
2826,WFLY-32,669
2827,WFLY-1510,1916
2828,WFLY-1468,87
2829,WFLY-1468,820
2830,WFLY-1356,1917
2831,WFLY-1356,1918
2832,WFLY-1356,1919
2833,WFLY-1417,682
2834,WFLY-1328,1918
2835,WFLY-1485,326
2836,WFLY-1485,795
2837,WFLY-1485,383
2838,WFLY-920,1830
2839,WFLY-920,1920
2840,WFLY-920,126
2841,WFLY-920,1921
2842,WFLY-920,1922
2843,WFLY-920,1923
2844,WFLY-920,1924
2845,WFLY-920,1925
2846,WFLY-1508,1926
2847,WFLY-1344,75
2848,WFLY-1308,1927
2849,WFLY-1308,1214
2850,WFLY-1308,1928
2851,WFLY-1308,1929
2852,WFLY-1308,852
2853,WFLY-1308,1930
2854,WFLY-1308,75
2855,WFLY-1308,903
2856,WFLY-1308,1309
2857,WFLY-1308,1931
2858,WFLY-1308,1932
2859,WFLY-1308,1933
2860,WFLY-1308,1934
2861,WFLY-1558,351
2862,WFLY-1558,155
2863,WFLY-1558,1935
2864,WFLY-1558,418
2865,WFLY-1558,1936
2866,WFLY-1336,1561
2867,WFLY-1336,1841
2868,WFLY-1336,1937
2869,WFLY-1336,155
2870,WFLY-1336,660
2871,WFLY-1336,134
2872,WFLY-1336,1842
2873,WFLY-1336,1938
2874,WFLY-1336,1754
2875,WFLY-1336,1939
2876,WFLY-1336,313
2878,WFLY-1336,658
2879,WFLY-1336,64
2880,WFLY-1498,904
2881,WFLY-1498,905
2882,WFLY-1498,1769
2883,WFLY-1498,1810
2884,WFLY-1498,1409
2885,WFLY-1498,1822
2886,WFLY-1498,1412
2887,WFLY-1498,1824
2888,WFLY-1498,1825
2889,WFLY-1498,776
2890,WFLY-1498,1826
2891,WFLY-1498,1827
2892,WFLY-1498,841
2893,WFLY-1498,879
2894,WFLY-1498,1830
2895,WFLY-1498,1831
2896,WFLY-1498,691
2897,WFLY-1498,903
2898,WFLY-1498,65
2899,WFLY-1498,1837
2900,WFLY-1498,715
2901,WFLY-1545,788
2902,WFLY-1545,677
2903,WFLY-1364,114
2904,WFLY-1379,1759
2905,WFLY-1379,901
2906,WFLY-1379,1940
2907,WFLY-1379,1941
2908,WFLY-1459,1942
2909,WFLY-1543,239
2910,WFLY-1543,179
2911,WFLY-1543,1943
2913,WFLY-1543,1942
2914,WFLY-1543,103
2915,WFLY-1543,1944
2916,WFLY-1543,265
2917,WFLY-1543,677
2919,WFLY-1543,1945
2920,WFLY-1543,1946
2921,WFLY-1543,1947
2922,WFLY-1543,334
2923,WFLY-1495,1948
2924,WFLY-1517,1949
2925,WFLY-1403,1950
2926,WFLY-96,1951
2927,WFLY-96,1952
2928,WFLY-96,1953
2930,WFLY-90,521
2931,WFLY-90,903
2932,WFLY-1319,1954
2933,WFLY-1494,1812
2934,WFLY-1488,386
2935,WFLY-1318,1444
2936,WFLY-1318,138
2937,WFLY-1318,842
2938,WFLY-1318,173
2939,WFLY-1318,884
2940,WFLY-1318,1841
2941,WFLY-1318,134
2942,WFLY-1318,1842
2943,WFLY-1530,904
2944,WFLY-1530,905
2945,WFLY-1530,1769
2946,WFLY-1530,1810
2947,WFLY-1530,1409
2948,WFLY-1530,1822
2949,WFLY-1530,1412
2950,WFLY-1530,1824
2951,WFLY-1530,1825
2952,WFLY-1530,776
2953,WFLY-1530,1826
2954,WFLY-1530,1827
2955,WFLY-1530,841
2956,WFLY-1530,879
2957,WFLY-1530,1830
2958,WFLY-1530,1831
2959,WFLY-1530,691
2960,WFLY-1530,903
2961,WFLY-1530,65
2962,WFLY-1530,1837
2963,WFLY-1530,715
2965,WFLY-1487,410
2966,WFLY-1487,1955
2967,WFLY-1487,903
2968,WFLY-822,1956
2969,WFLY-822,242
2970,WFLY-822,1957
2971,WFLY-822,197
2972,WFLY-822,604
2973,WFLY-822,1958
2974,WFLY-822,1959
2975,WFLY-822,1960
2976,WFLY-822,1961
2977,WFLY-822,1962
2978,WFLY-822,1963
2979,WFLY-822,1964
2980,WFLY-822,1965
2981,WFLY-822,1966
2982,WFLY-822,1967
2983,WFLY-2777,1968
2984,WFLY-2695,1078
2985,WFLY-2695,1969
2986,WFLY-2695,1081
2987,WFLY-1685,1970
2988,WFLY-1685,181
2989,WFLY-1685,952
2990,WFLY-1685,1971
2991,WFLY-1685,1972
2992,WFLY-1685,1973
2993,WFLY-1685,1974
2994,WFLY-1685,1975
2995,WFLY-1685,1976
2996,WFLY-1685,1977
2997,WFLY-1685,573
2998,WFLY-1685,1978
2999,WFLY-1685,1979
3000,WFLY-1685,1709
3001,WFLY-1685,157
3002,WFLY-1685,50
3003,WFLY-1685,1980
3004,WFLY-1685,1981
3005,WFLY-1685,837
3006,WFLY-1685,1982
3007,WFLY-1685,1983
3008,WFLY-1685,1984
3009,WFLY-1685,1985
3010,WFLY-1685,1986
3011,WFLY-1685,1987
3012,WFLY-1685,317
3013,WFLY-1685,1988
3014,WFLY-1685,1989
3015,WFLY-1685,1990
3016,WFLY-1685,1991
3017,WFLY-1685,1992
3018,WFLY-1685,1993
3019,WFLY-1685,1994
3020,WFLY-1685,1995
3021,WFLY-1685,1996
3022,WFLY-1685,1997
3023,WFLY-1685,1998
3024,WFLY-1685,1999
3025,WFLY-1685,2000
3026,WFLY-1685,2001
3027,WFLY-1685,2002
3028,WFLY-1685,630
3029,WFLY-1685,396
3030,WFLY-1685,361
3032,WFLY-1685,2003
3033,WFLY-2303,1067
3034,WFLY-2303,312
3035,WFLY-2303,682
3036,WFLY-2303,1068
3037,WFLY-2303,1069
3038,WFLY-2303,1070
3039,WFLY-2303,1071
3040,WFLY-2303,1072
3041,WFLY-2303,1073
3042,WFLY-2303,1074
3043,WFLY-2303,1075
3044,WFLY-2303,1076
3045,WFLY-2303,1077
3047,WFLY-2303,195
3048,WFLY-2704,589
3049,WFLY-2704,421
3050,WFLY-2704,2004
3051,WFLY-2704,2005
3052,WFLY-2704,2006
3053,WFLY-2704,2007
3054,WFLY-2704,2008
3055,WFLY-2704,2009
3056,WFLY-2704,2010
3057,WFLY-2704,2011
3058,WFLY-2704,2012
3059,WFLY-2704,2013
3060,WFLY-2704,2014
3061,WFLY-2457,2015
3062,WFLY-2457,2016
3063,WFLY-2457,2017
3064,WFLY-2457,2018
3065,WFLY-795,2019
3066,WFLY-2467,282
3067,WFLY-1763,1400
3068,WFLY-1719,1194
3069,WFLY-1719,2020
3070,WFLY-1719,2021
3071,WFLY-1719,589
3072,WFLY-1719,512
3073,WFLY-1719,331
3074,WFLY-1719,1006
3075,WFLY-1719,421
3077,WFLY-2209,2022
3078,WFLY-2209,2023
3079,WFLY-2209,2024
3080,WFLY-2209,2025
3081,WFLY-2209,538
3082,WFLY-2209,876
3084,WFLY-2209,2026
3085,WFLY-2209,1758
3086,WFLY-2209,83
3087,WFLY-2209,2027
3088,WFLY-2209,2028
3089,WFLY-1786,442
3090,WFLY-1786,344
3091,WFLY-1786,546
3092,WFLY-1786,251
3093,WFLY-1786,265
3094,WFLY-1786,315
3095,WFLY-1786,178
3096,WFLY-1786,835
3097,WFLY-1786,482
3098,WFLY-1786,714
3099,WFLY-1786,313
3105,WFLY-1786,684
3106,WFLY-1786,658
3108,WFLY-1786,2029
3110,WFLY-1786,985
3111,WFLY-1786,988
3112,WFLY-1786,323
3116,WFLY-1786,452
3120,WFLY-2614,2030
3121,WFLY-2614,918
3123,WFLY-2614,647
3125,WFLY-2614,9
3126,WFLY-1924,2031
3127,WFLY-1865,2032
3128,WFLY-1865,903
3129,WFLY-2051,2022
3130,WFLY-2051,2023
3131,WFLY-2051,2024
3132,WFLY-2051,2025
3133,WFLY-2051,538
3134,WFLY-2051,876
3136,WFLY-2051,2026
3137,WFLY-2051,1758
3138,WFLY-2051,83
3139,WFLY-2051,2027
3140,WFLY-2051,2028
3141,WFLY-1734,1682
3142,WFLY-1734,1683
3143,WFLY-1734,1684
3144,WFLY-1734,716
3145,WFLY-1734,999
3146,WFLY-1734,757
3147,WFLY-1734,1685
3148,WFLY-1734,631
3149,WFLY-1734,1210
3150,WFLY-1734,883
3151,WFLY-2840,87
3152,WFLY-2840,454
3153,WFLY-2499,2033
3154,WFLY-2122,2034
3155,WFLY-2354,530
3156,WFLY-1690,903
3157,WFLY-1690,2035
3158,WFLY-1690,80
3160,WFLY-1690,401
3161,WFLY-1690,305
3162,WFLY-1690,233
3163,WFLY-1690,2036
3164,WFLY-1690,2037
3165,WFLY-1690,2038
3166,WFLY-1690,2039
3167,WFLY-1690,1310
3168,WFLY-1690,2040
3169,WFLY-1690,2041
3170,WFLY-2502,766
3171,WFLY-2502,425
3172,WFLY-2502,654
3173,WFLY-2502,854
3174,WFLY-2502,23
3175,WFLY-2502,1700
3176,WFLY-2502,2042
3177,WFLY-2502,2043
3178,WFLY-2502,2044
3179,WFLY-2502,2045
3180,WFLY-2502,2046
3181,WFLY-2502,2047
3182,WFLY-2502,2048
3183,WFLY-2502,2049
3184,WFLY-2502,2050
3185,WFLY-2502,2051
3186,WFLY-2502,2052
3187,WFLY-2273,1534
3188,WFLY-2273,1867
3189,WFLY-2273,2053
3190,WFLY-2698,2054
3191,WFLY-2698,2055
3192,WFLY-1794,234
3193,WFLY-2661,2056
3194,WFLY-2661,2057
3195,WFLY-2191,2058
3196,WFLY-2390,2059
3197,WFLY-2390,1467
3198,WFLY-2390,1468
3199,WFLY-2390,725
3200,WFLY-2390,673
3201,WFLY-2584,1498
3202,WFLY-2584,2060
3203,WFLY-2584,570
3204,WFLY-2584,2061
3205,WFLY-1658,599
3206,WFLY-1658,447
3207,WFLY-1658,207
3208,WFLY-1736,645
3209,WFLY-2589,1926
3210,WFLY-2589,2062
3211,WFLY-2589,487
3212,WFLY-2589,2063
3213,WFLY-2589,2064
3214,WFLY-2589,2065
3215,WFLY-2589,2066
3216,WFLY-2589,244
3217,WFLY-2589,1518
3218,WFLY-2589,2067
3219,WFLY-2589,2068
3220,WFLY-2589,2069
3221,WFLY-2589,2070
3222,WFLY-2589,2071
3223,WFLY-2589,2072
3224,WFLY-2589,515
3225,WFLY-2589,2073
3226,WFLY-2589,2074
3227,WFLY-2589,2075
3228,WFLY-2589,2076
3229,WFLY-2589,2077
3230,WFLY-2589,2078
3231,WFLY-2589,2079
3232,WFLY-2589,2080
3233,WFLY-2589,2081
3234,WFLY-2589,2082
3235,WFLY-2589,2083
3236,WFLY-2589,2084
3237,WFLY-2589,2085
3238,WFLY-2589,2086
3239,WFLY-2589,2087
3240,WFLY-2589,1879
3241,WFLY-2589,1880
3242,WFLY-2589,939
3243,WFLY-2120,179
3244,WFLY-2213,2088
3245,WFLY-2343,2089
3246,WFLY-681,1957
3247,WFLY-681,197
3248,WFLY-681,2090
3249,WFLY-681,54
3250,WFLY-681,2091
3251,WFLY-681,379
3252,WFLY-681,2092
3253,WFLY-681,2093
3254,WFLY-681,2094
3255,WFLY-681,2095
3256,WFLY-681,2096
3257,WFLY-681,2097
3258,WFLY-1937,465
3259,WFLY-1601,402
3260,WFLY-1668,903
3261,WFLY-2329,2098
3262,WFLY-2329,890
3263,WFLY-2329,12
3264,WFLY-1815,998
3265,WFLY-1815,999
3266,WFLY-1815,288
3267,WFLY-1815,152
3268,WFLY-1815,353
3269,WFLY-1815,2099
3270,WFLY-1815,2100
3271,WFLY-1815,404
3272,WFLY-1815,2101
3273,WFLY-1815,229
3274,WFLY-1815,631
3275,WFLY-1815,2102
3276,WFLY-1815,2103
3277,WFLY-1815,1005
3278,WFLY-1815,734
3279,WFLY-1815,665
3280,WFLY-1815,589
3281,WFLY-1815,224
3282,WFLY-1815,512
3283,WFLY-1815,331
3284,WFLY-1815,421
3285,WFLY-1815,795
3286,WFLY-1815,2104
3287,WFLY-1815,386
3288,WFLY-2319,2105
3289,WFLY-2319,2106
3290,WFLY-2319,2107
3291,WFLY-2319,317
3292,WFLY-2319,1058
3294,WFLY-2775,777
3295,WFLY-2775,28
3296,WFLY-2775,536
3297,WFLY-2775,945
3298,WFLY-2633,2108
3299,WFLY-2633,2109
3300,WFLY-2633,2110
3301,WFLY-2633,2111
3302,WFLY-2633,697
3303,WFLY-2633,2112
3304,WFLY-2633,638
3305,WFLY-2633,59
3306,WFLY-2335,2113
3307,WFLY-2800,2114
3308,WFLY-2800,2115
3309,WFLY-1899,332
3310,WFLY-1899,475
3311,WFLY-1899,386
3312,WFLY-1899,637
3315,WFLY-1899,240
3316,WFLY-1899,2116
3317,WFLY-1899,318
3318,WFLY-2866,1926
3319,WFLY-2866,2062
3320,WFLY-2866,487
3321,WFLY-2866,2063
3322,WFLY-2866,2064
3323,WFLY-2866,2065
3324,WFLY-2866,2066
3325,WFLY-2866,244
3326,WFLY-2866,1518
3327,WFLY-2866,2067
3328,WFLY-2866,2068
3329,WFLY-2866,2069
3330,WFLY-2866,2070
3331,WFLY-2866,2071
3332,WFLY-2866,2072
3333,WFLY-2866,515
3334,WFLY-2866,2073
3335,WFLY-2866,2074
3336,WFLY-2866,2075
3337,WFLY-2866,2076
3338,WFLY-2866,2077
3339,WFLY-2866,2078
3340,WFLY-2866,2079
3341,WFLY-2866,2080
3342,WFLY-2866,2081
3343,WFLY-2866,2082
3344,WFLY-2866,2083
3345,WFLY-2866,2084
3346,WFLY-2866,2085
3347,WFLY-2866,2086
3348,WFLY-2866,2087
3349,WFLY-2866,1879
3350,WFLY-2866,1880
3351,WFLY-2866,939
3352,WFLY-1561,2117
3353,WFLY-2033,2118
3354,WFLY-2033,2119
3355,WFLY-2033,599
3356,WFLY-2033,2120
3357,WFLY-2033,2121
3358,WFLY-2033,2122
3359,WFLY-2033,2123
3360,WFLY-2033,2124
3361,WFLY-2033,2125
3362,WFLY-2020,2126
3363,WFLY-2650,2127
3364,WFLY-2650,2128
3365,WFLY-2650,2129
3366,WFLY-2650,2130
3367,WFLY-2650,2131
3368,WFLY-2650,2132
3369,WFLY-1620,2133
3370,WFLY-1620,2134
3371,WFLY-1620,1652
3372,WFLY-800,2117
3373,WFLY-800,2135
3374,WFLY-160,2136
3375,WFLY-160,2137
3376,WFLY-160,2138
3377,WFLY-160,2139
3378,WFLY-160,939
3379,WFLY-160,190
3380,WFLY-160,2140
3381,WFLY-160,544
3382,WFLY-160,2141
3383,WFLY-160,2142
3384,WFLY-160,2143
3385,WFLY-160,1738
3386,WFLY-160,1740
3387,WFLY-160,790
3389,WFLY-160,272
3390,WFLY-160,2144
3391,WFLY-160,462
3392,WFLY-160,652
3393,WFLY-160,2145
3394,WFLY-160,2146
3395,WFLY-160,2147
3396,WFLY-160,137
3397,WFLY-1906,2148
3398,WFLY-2556,2149
3399,WFLY-2556,2150
3400,WFLY-2556,2151
3401,WFLY-2556,507
3402,WFLY-2556,903
3403,WFLY-2556,2152
3404,WFLY-2556,2153
3405,WFLY-2556,2154
3406,WFLY-1812,904
3407,WFLY-1812,905
3408,WFLY-1812,1144
3409,WFLY-1812,2155
3410,WFLY-1812,2156
3411,WFLY-1812,2157
3412,WFLY-1812,2158
3413,WFLY-1812,1145
3414,WFLY-1812,2159
3415,WFLY-1812,2160
3416,WFLY-1812,2161
3417,WFLY-1812,2162
3418,WFLY-1812,2163
3419,WFLY-1812,2164
3420,WFLY-1812,2165
3421,WFLY-1812,2166
3422,WFLY-1812,2167
3423,WFLY-1812,769
3425,WFLY-1812,516
3427,WFLY-1812,585
3428,WFLY-1812,582
3430,WFLY-1812,2168
3431,WFLY-1812,824
3432,WFLY-1812,1190
3433,WFLY-1812,898
3434,WFLY-1812,109
3435,WFLY-1812,768
3436,WFLY-1812,158
3437,WFLY-1812,2169
3438,WFLY-1812,2170
3439,WFLY-1812,282
3440,WFLY-1812,2171
3441,WFLY-1812,717
3442,WFLY-1812,2172
3443,WFLY-1812,70
3444,WFLY-1812,439
3445,WFLY-1812,2173
3446,WFLY-1812,2174
3447,WFLY-1812,655
3448,WFLY-1812,276
3449,WFLY-1812,2175
3450,WFLY-1812,587
3451,WFLY-1812,2176
3452,WFLY-1812,2177
3453,WFLY-1812,116
3454,WFLY-1812,778
3455,WFLY-1812,813
3456,WFLY-1812,2178
3457,WFLY-1812,1195
3458,WFLY-1812,2179
3460,WFLY-1812,2180
3461,WFLY-1812,2035
3462,WFLY-1812,711
3463,WFLY-1812,80
3466,WFLY-1812,305
3467,WFLY-1812,233
3468,WFLY-1812,10
3470,WFLY-1812,563
3473,WFLY-1812,2181
3474,WFLY-1812,2182
3475,WFLY-1812,2183
3476,WFLY-1812,2184
3477,WFLY-1812,118
3478,WFLY-1812,1055
3479,WFLY-1812,2185
3480,WFLY-1812,55
3481,WFLY-1812,2186
3482,WFLY-1812,2187
3483,WFLY-1812,494
3484,WFLY-1812,738
3485,WFLY-1812,1056
3486,WFLY-1812,11
3487,WFLY-1812,2188
3488,WFLY-1812,2189
3489,WFLY-1812,255
3491,WFLY-1812,760
3492,WFLY-1812,346
3493,WFLY-1812,357
3494,WFLY-1812,248
3495,WFLY-1812,186
3496,WFLY-1812,733
3497,WFLY-1812,723
3498,WFLY-1812,527
3500,WFLY-1812,881
3501,WFLY-1812,201
3502,WFLY-1812,819
3503,WFLY-1812,2190
3504,WFLY-1812,2191
3505,WFLY-1812,2192
3506,WFLY-1812,2193
3507,WFLY-1812,2194
3508,WFLY-1812,2195
3511,WFLY-1812,203
3512,WFLY-1812,250
3515,WFLY-1812,101
3516,WFLY-1812,811
3517,WFLY-1812,617
3518,WFLY-1812,812
3519,WFLY-1812,875
3520,WFLY-1812,2196
3521,WFLY-1812,689
3522,WFLY-1812,366
3523,WFLY-1812,750
3524,WFLY-1812,649
3525,WFLY-1812,2197
3526,WFLY-1812,999
3527,WFLY-1812,1000
3528,WFLY-1812,757
3529,WFLY-1812,1213
3530,WFLY-1812,1235
3531,WFLY-1812,850
3532,WFLY-1812,216
3533,WFLY-1812,1594
3534,WFLY-1812,871
3535,WFLY-1812,754
3536,WFLY-1812,2198
3537,WFLY-1812,75
3538,WFLY-1812,2199
3539,WFLY-1812,1273
3540,WFLY-1812,36
3541,WFLY-1812,903
3542,WFLY-1812,1305
3543,WFLY-1812,306
3544,WFLY-1812,1306
3545,WFLY-1812,162
3546,WFLY-1812,2200
3547,WFLY-1812,433
3548,WFLY-1812,2039
3549,WFLY-1812,2201
3550,WFLY-1812,1310
3551,WFLY-1812,2040
3552,WFLY-1812,1311
3553,WFLY-1812,2202
3554,WFLY-1812,2041
3555,WFLY-1812,2203
3556,WFLY-1812,2204
3557,WFLY-1812,2205
3558,WFLY-1812,825
3560,WFLY-1812,2206
3561,WFLY-1812,2207
3562,WFLY-1812,2208
3563,WFLY-1812,2209
3564,WFLY-1812,2210
3565,WFLY-1812,110
3566,WFLY-1812,849
3569,WFLY-1812,285
3570,WFLY-1812,319
3571,WFLY-1812,2211
3572,WFLY-1812,2212
3573,WFLY-1812,496
3574,WFLY-1812,2213
3576,WFLY-1812,2214
3578,WFLY-1812,2215
3582,WFLY-1812,1343
3583,WFLY-1812,2216
3584,WFLY-1812,131
3585,WFLY-1812,2217
3586,WFLY-1812,47
3587,WFLY-1812,2218
3588,WFLY-1812,799
3589,WFLY-1812,571
3595,WFLY-1812,864
3596,WFLY-1812,499
3597,WFLY-1812,646
3598,WFLY-1812,391
3599,WFLY-1812,227
3600,WFLY-1812,191
3601,WFLY-1812,375
3602,WFLY-2069,2219
3603,WFLY-2069,2220
3604,WFLY-2069,690
3605,WFLY-2069,2221
3606,WFLY-2247,1693
3607,WFLY-1910,1194
3608,WFLY-1910,2020
3609,WFLY-1910,2021
3610,WFLY-1910,589
3611,WFLY-1910,512
3612,WFLY-1910,331
3613,WFLY-1910,1006
3614,WFLY-1910,421
3616,WFLY-2506,165
3617,WFLY-2506,2222
3618,WFLY-2506,2223
3619,WFLY-2506,2224
3620,WFLY-2506,2225
3621,WFLY-2506,2226
3622,WFLY-2506,2227
3623,WFLY-2506,2228
3624,WFLY-2506,2229
3625,WFLY-2506,2230
3626,WFLY-2506,2231
3627,WFLY-2506,1605
3628,WFLY-1974,2232
3629,WFLY-1974,2233
3630,WFLY-1974,2234
3631,WFLY-1974,2235
3632,WFLY-1469,2136
3633,WFLY-1469,2137
3634,WFLY-1469,2138
3635,WFLY-1469,2139
3636,WFLY-1469,939
3637,WFLY-1469,190
3638,WFLY-1469,2140
3639,WFLY-1469,544
3640,WFLY-1469,2141
3641,WFLY-1469,2142
3642,WFLY-1469,2143
3643,WFLY-1469,1738
3644,WFLY-1469,1740
3645,WFLY-1469,790
3647,WFLY-1469,272
3648,WFLY-1469,2144
3649,WFLY-1469,462
3650,WFLY-1469,652
3651,WFLY-1469,2145
3652,WFLY-1469,2146
3653,WFLY-1469,2147
3654,WFLY-1469,137
3655,WFLY-2690,2236
3656,WFLY-2470,1850
3657,WFLY-2432,2237
3658,WFLY-1584,192
3659,WFLY-1584,2238
3660,WFLY-1584,2239
3661,WFLY-1584,2240
3662,WFLY-1584,2241
3663,WFLY-1584,2242
3664,WFLY-1584,2243
3665,WFLY-1584,2244
3666,WFLY-1584,2245
3667,WFLY-1584,2246
3668,WFLY-1584,2247
3669,WFLY-1584,2248
3670,WFLY-1584,2249
3671,WFLY-1584,2250
3672,WFLY-1584,2251
3673,WFLY-1584,2252
3674,WFLY-1584,395
3675,WFLY-1584,2253
3676,WFLY-1584,2254
3677,WFLY-1584,2255
3678,WFLY-2514,154
3679,WFLY-1999,2256
3680,WFLY-2101,256
3681,WFLY-2101,681
3682,WFLY-786,45
3683,WFLY-786,77
3684,WFLY-786,789
3685,WFLY-1309,851
3686,WFLY-1309,2257
3687,WFLY-1309,2258
3688,WFLY-1309,632
3689,WFLY-1309,1092
3690,WFLY-1309,2259
3691,WFLY-1309,695
3692,WFLY-1309,122
3695,WFLY-1309,437
3696,WFLY-1309,215
3697,WFLY-1309,199
3698,WFLY-2564,714
3699,WFLY-2834,2260
3700,WFLY-2417,485
3701,WFLY-2417,15
3702,WFLY-2417,2261
3703,WFLY-2417,2262
3704,WFLY-2417,2263
3705,WFLY-2417,2264
3706,WFLY-2096,234
3707,WFLY-1969,2265
3708,WFLY-2382,2266
3709,WFLY-2382,200
3710,WFLY-1738,2267
3711,WFLY-1738,2268
3712,WFLY-2888,714
3713,WFLY-2888,945
3714,WFLY-2048,2269
3715,WFLY-2016,872
3716,WFLY-1792,2270
3717,WFLY-2573,2271
3718,WFLY-2573,164
3719,WFLY-2573,208
3720,WFLY-2573,537
3721,WFLY-2573,14
3722,WFLY-2573,2272
3723,WFLY-2573,2273
3724,WFLY-2573,2274
3725,WFLY-2573,2275
3726,WFLY-2573,2276
3727,WFLY-2573,2277
3728,WFLY-2573,283
3729,WFLY-2573,547
3730,WFLY-2573,298
3731,WFLY-2573,2278
3732,WFLY-2573,2279
3733,WFLY-2573,2280
3734,WFLY-2573,2281
3735,WFLY-2573,93
3736,WFLY-2573,2282
3737,WFLY-2573,214
3738,WFLY-2573,2283
3739,WFLY-2573,903
3741,WFLY-2573,2284
3742,WFLY-2573,2285
3745,WFLY-2573,2286
3746,WFLY-2573,2287
3749,WFLY-2452,2256
3750,WFLY-2452,2288
3751,WFLY-2276,937
3752,WFLY-2276,1447
3753,WFLY-2276,777
3754,WFLY-2276,2289
3755,WFLY-2276,2290
3756,WFLY-2276,2291
3757,WFLY-2276,2292
3758,WFLY-2276,252
3759,WFLY-2276,704
3760,WFLY-2276,2293
3761,WFLY-2276,2294
3762,WFLY-2276,947
3763,WFLY-2276,388
3764,WFLY-2276,473
3765,WFLY-2276,787
3766,WFLY-2276,714
3767,WFLY-2276,308
3768,WFLY-2276,344
3769,WFLY-2276,235
3770,WFLY-2276,546
3771,WFLY-2276,251
3772,WFLY-2276,543
3773,WFLY-2276,452
3774,WFLY-2276,835
3775,WFLY-2276,427
3776,WFLY-2276,259
3777,WFLY-2276,482
3778,WFLY-2276,684
3779,WFLY-2276,86
3780,WFLY-2276,137
3781,WFLY-2276,178
3782,WFLY-2276,944
3783,WFLY-2276,945
3784,WFLY-1896,2295
3785,WFLY-1896,952
3786,WFLY-1896,2296
3788,WFLY-2621,1151
3789,WFLY-2621,1175
3790,WFLY-2621,1240
3791,WFLY-2621,1310
3792,WFLY-2621,2204
3793,WFLY-2621,2206
3794,WFLY-11,2297
3795,WFLY-2687,1089
3796,WFLY-2687,1090
3797,WFLY-2743,2298
3798,WFLY-2743,1065
3799,WFLY-2743,2299
3800,WFLY-2743,2300
3801,WFLY-2743,495
3802,WFLY-2743,2301
3803,WFLY-2743,2302
3804,WFLY-2743,470
3805,WFLY-2743,2303
3806,WFLY-2743,104
3807,WFLY-2743,2304
3808,WFLY-2743,2305
3809,WFLY-2743,2306
3810,WFLY-2743,2307
3811,WFLY-2743,561
3812,WFLY-2313,606
3813,WFLY-2313,696
3814,WFLY-2313,2308
3815,WFLY-2421,217
3816,WFLY-2177,2309
3817,WFLY-2146,2310
3818,WFLY-2146,1472
3819,WFLY-2146,2311
3820,WFLY-2146,2312
3821,WFLY-2146,2313
3822,WFLY-2146,662
3823,WFLY-2146,43
3824,WFLY-2462,2314
3825,WFLY-2462,2315
3826,WFLY-2462,2316
3827,WFLY-2462,139
3828,WFLY-2462,2317
3829,WFLY-2462,2318
3830,WFLY-2462,2319
3831,WFLY-2462,2320
3832,WFLY-2462,2321
3833,WFLY-2462,538
3834,WFLY-2462,2322
3835,WFLY-2462,2323
3836,WFLY-2462,2324
3837,WFLY-2462,2325
3838,WFLY-2462,2326
3839,WFLY-2462,857
3840,WFLY-2462,2327
3842,WFLY-2462,2328
3846,WFLY-2462,2256
3849,WFLY-2462,2329
3868,WFLY-2696,2330
3869,WFLY-2696,2331
3871,WFLY-2696,122
3872,WFLY-2696,2332
3873,WFLY-2696,2333
3874,WFLY-2345,442
3875,WFLY-2345,2334
3876,WFLY-2345,2335
3877,WFLY-2428,1141
3878,WFLY-2428,61
3879,WFLY-2428,843
3880,WFLY-2428,622
3881,WFLY-2428,333
3882,WFLY-2428,654
3883,WFLY-2428,1122
3884,WFLY-2428,1123
3885,WFLY-2428,429
3886,WFLY-2428,2336
3887,WFLY-2428,1376
3888,WFLY-2739,1652
3889,WFLY-1747,2337
3890,WFLY-1747,2338
3891,WFLY-1747,2339
3892,WFLY-1747,2340
3893,WFLY-1747,2341
3894,WFLY-1747,2342
3895,WFLY-1747,896
3896,WFLY-1747,2343
3897,WFLY-1747,968
3898,WFLY-1747,1653
3899,WFLY-1747,2344
3900,WFLY-1747,2345
3901,WFLY-1747,2346
3902,WFLY-1747,12
3903,WFLY-1747,2347
3904,WFLY-1747,411
3907,WFLY-1747,2348
3908,WFLY-1747,2349
3910,WFLY-1747,2350
3911,WFLY-1747,2351
3912,WFLY-1747,2352
3913,WFLY-1747,2353
3914,WFLY-1747,2354
3915,WFLY-1747,2355
3916,WFLY-1747,2356
3917,WFLY-1747,2357
3918,WFLY-1747,2358
3919,WFLY-1747,1072
3923,WFLY-1747,2359
3924,WFLY-1747,2360
3925,WFLY-2784,2361
3926,WFLY-2281,2362
3927,WFLY-2281,2363
3928,WFLY-2281,2364
3929,WFLY-2281,2365
3930,WFLY-2281,2366
3931,WFLY-2281,2367
3932,WFLY-2281,2368
3933,WFLY-2281,2369
3934,WFLY-2281,2370
3935,WFLY-2281,2371
3936,WFLY-2281,712
3937,WFLY-1632,2372
3938,WFLY-1632,2373
3939,WFLY-2561,1653
3940,WFLY-2014,472
3941,WFLY-2626,904
3942,WFLY-2626,905
3943,WFLY-2626,903
3944,WFLY-2812,903
3945,WFLY-2161,2089
3946,WFLY-2161,2374
3947,WFLY-2370,1561
3948,WFLY-2590,1240
3949,WFLY-2305,2237
3950,WFLY-2221,2375
3951,WFLY-2582,2376
3952,WFLY-1667,399
3953,WFLY-1667,2377
3954,WFLY-1667,2378
3955,WFLY-1667,2379
3956,WFLY-1667,2380
3957,WFLY-1667,2381
3958,WFLY-1667,2382
3959,WFLY-1861,999
3960,WFLY-1861,1199
3961,WFLY-1861,1200
3962,WFLY-1861,1208
3963,WFLY-1861,1209
3964,WFLY-1861,1210
3965,WFLY-1861,1211
3966,WFLY-1861,2383
3967,WFLY-1861,2384
3968,WFLY-1861,415
3969,WFLY-1861,1212
3970,WFLY-1861,337
3971,WFLY-1861,230
3972,WFLY-1861,58
3973,WFLY-1861,258
3974,WFLY-1861,517
3975,WFLY-2596,279
3976,WFLY-2596,2385
3977,WFLY-2596,2386
3978,WFLY-2596,1644
3979,WFLY-2596,484
3980,WFLY-2596,2387
3981,WFLY-2596,2388
3982,WFLY-2596,2389
3983,WFLY-2596,2390
3984,WFLY-2596,125
3986,WFLY-2596,707
3990,WFLY-2468,2136
3991,WFLY-2468,2137
3992,WFLY-2468,2138
3993,WFLY-2468,2139
3994,WFLY-2468,939
3995,WFLY-2468,190
3996,WFLY-2468,2140
3997,WFLY-2468,544
3998,WFLY-2468,2141
3999,WFLY-2468,2142
4000,WFLY-2468,2143
4001,WFLY-2468,1738
4002,WFLY-2468,1740
4003,WFLY-2468,790
4005,WFLY-2468,272
4006,WFLY-2468,2144
4007,WFLY-2468,462
4008,WFLY-2468,652
4009,WFLY-2468,2145
4010,WFLY-2468,2146
4011,WFLY-2468,2147
4012,WFLY-2468,137
4013,WFLY-2527,731
4014,WFLY-2527,1460
4016,WFLY-2527,556
4017,WFLY-2527,2391
4018,WFLY-2527,785
4019,WFLY-2527,2392
4020,WFLY-2527,2393
4021,WFLY-2527,2312
4022,WFLY-2527,2394
4023,WFLY-2527,2395
4024,WFLY-2527,218
4025,WFLY-2527,857
4026,WFLY-2559,2396
4027,WFLY-1914,2397
4028,WFLY-853,2398
4029,WFLY-2681,634
4030,WFLY-2681,173
4031,WFLY-2681,2399
4032,WFLY-2681,791
4033,WFLY-2090,2400
4034,WFLY-2090,949
4035,WFLY-2090,2401
4036,WFLY-2090,312
4037,WFLY-2090,802
4038,WFLY-2090,2402
4039,WFLY-2090,608
4040,WFLY-2090,765
4041,WFLY-2090,2403
4042,WFLY-2090,12
4043,WFLY-2090,386
4044,WFLY-2090,677
4045,WFLY-2090,2404
4046,WFLY-2090,2405
4047,WFLY-2090,2406
4048,WFLY-2090,2407
4053,WFLY-2090,2408
4056,WFLY-2668,2409
4057,WFLY-2466,2410
4058,WFLY-2616,707
4059,WFLY-2494,2411
4060,WFLY-963,497
4061,WFLY-963,2412
4062,WFLY-963,2413
4063,WFLY-963,2375
4064,WFLY-963,2414
4065,WFLY-963,2415
4066,WFLY-963,2416
4067,WFLY-963,2417
4068,WFLY-963,2418
4069,WFLY-963,2419
4070,WFLY-963,2420
4071,WFLY-963,2421
4072,WFLY-2108,2422
4073,WFLY-2108,1847
4074,WFLY-2108,430
4075,WFLY-2108,2423
4076,WFLY-2587,154
4077,WFLY-2587,84
4078,WFLY-2255,192
4079,WFLY-2255,2238
4080,WFLY-2255,2239
4081,WFLY-2255,2240
4082,WFLY-2255,2241
4083,WFLY-2255,2242
4084,WFLY-2255,2243
4085,WFLY-2255,2244
4086,WFLY-2255,2245
4087,WFLY-2255,2246
4088,WFLY-2255,2247
4089,WFLY-2255,2248
4090,WFLY-2255,2249
4091,WFLY-2255,2250
4092,WFLY-2255,2251
4093,WFLY-2255,2252
4094,WFLY-2255,395
4095,WFLY-2255,2253
4096,WFLY-2255,2254
4097,WFLY-2255,2255
4098,WFLY-2140,2126
4099,WFLY-2061,2424
4100,WFLY-2061,2425
4101,WFLY-2609,1846
4102,WFLY-2609,270
4103,WFLY-2609,2426
4104,WFLY-2609,205
4105,WFLY-2702,820
4106,WFLY-2262,2427
4107,WFLY-2065,2428
4108,WFLY-2065,903
4109,WFLY-2065,2429
4110,WFLY-2065,2430
4111,WFLY-2065,2431
4113,WFLY-2132,2432
4114,WFLY-2132,2433
4115,WFLY-2132,2434
4116,WFLY-2132,310
4117,WFLY-2132,2435
4118,WFLY-2132,903
4119,WFLY-2132,183
4120,WFLY-1711,2436
4121,WFLY-1711,2437
4122,WFLY-1711,341
4123,WFLY-1587,1759
4124,WFLY-2287,903
4125,WFLY-2023,2022
4126,WFLY-2023,2023
4127,WFLY-2023,2024
4128,WFLY-2023,2025
4129,WFLY-2023,538
4130,WFLY-2023,876
4132,WFLY-2023,2026
4133,WFLY-2023,1758
4134,WFLY-2023,83
4135,WFLY-2023,2027
4136,WFLY-2023,2028
4137,WFLY-2225,383
4139,WFLY-2225,999
4140,WFLY-2225,512
4142,WFLY-2225,441
4143,WFLY-2225,398
4145,WFLY-2225,903
4146,WFLY-2538,538
4147,WFLY-2321,2438
4148,WFLY-2321,2439
4149,WFLY-2321,2237
4150,WFLY-2321,674
4151,WFLY-2321,2440
4152,WFLY-2321,770
4153,WFLY-2321,2441
4154,WFLY-2321,2442
4155,WFLY-2321,2443
4156,WFLY-1305,2444
4157,WFLY-1305,2445
4158,WFLY-2566,2446
4159,WFLY-1810,1267
4160,WFLY-1630,425
4161,WFLY-2725,2447
4162,WFLY-1575,2448
4163,WFLY-1575,2449
4164,WFLY-1575,2450
4165,WFLY-1575,2451
4166,WFLY-1575,491
4167,WFLY-1575,2452
4168,WFLY-1575,430
4169,WFLY-1575,2453
4170,WFLY-1575,2454
4171,WFLY-1575,2455
4172,WFLY-1575,2456
4173,WFLY-1575,2457
4174,WFLY-1575,2458
4175,WFLY-1575,2459
4176,WFLY-2458,2460
4177,WFLY-2458,2461
4178,WFLY-1710,2462
4179,WFLY-1710,1065
4180,WFLY-1710,1686
4181,WFLY-1271,809
4182,WFLY-2413,1517
4183,WFLY-2522,2463
4184,WFLY-2522,292
4185,WFLY-2522,560
4186,WFLY-2522,1267
4187,WFLY-2666,2098
4188,WFLY-1574,2464
4189,WFLY-2570,2465
4190,WFLY-2204,2022
4191,WFLY-2204,2023
4192,WFLY-2204,2024
4193,WFLY-2204,2025
4194,WFLY-2204,538
4195,WFLY-2204,876
4197,WFLY-2204,2026
4198,WFLY-2204,1758
4199,WFLY-2204,83
4200,WFLY-2204,2027
4201,WFLY-2204,2028
4202,WFLY-191,758
4203,WFLY-191,572
4204,WFLY-2105,851
4205,WFLY-2105,2257
4206,WFLY-2105,2258
4207,WFLY-2105,632
4208,WFLY-2105,1092
4209,WFLY-2105,2259
4210,WFLY-2105,695
4211,WFLY-2105,122
4214,WFLY-2105,437
4215,WFLY-2105,215
4216,WFLY-2105,199
4217,WFLY-2718,281
4218,WFLY-2718,730
4219,WFLY-2865,1926
4220,WFLY-2865,2062
4221,WFLY-2865,487
4222,WFLY-2865,2063
4223,WFLY-2865,2064
4224,WFLY-2865,2065
4225,WFLY-2865,2066
4226,WFLY-2865,244
4227,WFLY-2865,1518
4228,WFLY-2865,2067
4229,WFLY-2865,2068
4230,WFLY-2865,2069
4231,WFLY-2865,2070
4232,WFLY-2865,2071
4233,WFLY-2865,2072
4234,WFLY-2865,515
4235,WFLY-2865,2073
4236,WFLY-2865,2074
4237,WFLY-2865,2075
4238,WFLY-2865,2076
4239,WFLY-2865,2077
4240,WFLY-2865,2078
4241,WFLY-2865,2079
4242,WFLY-2865,2080
4243,WFLY-2865,2081
4244,WFLY-2865,2082
4245,WFLY-2865,2083
4246,WFLY-2865,2084
4247,WFLY-2865,2085
4248,WFLY-2865,2086
4249,WFLY-2865,2087
4250,WFLY-2865,1879
4251,WFLY-2865,1880
4252,WFLY-2865,939
4253,WFLY-2332,903
4254,WFLY-1901,2466
4255,WFLY-1901,2467
4256,WFLY-1901,2468
4257,WFLY-1901,2469
4258,WFLY-1901,2470
4259,WFLY-1901,335
4260,WFLY-1901,2471
4261,WFLY-1901,2472
4262,WFLY-2077,904
4263,WFLY-2009,2032
4264,WFLY-2114,2473
4265,WFLY-2199,2474
4266,WFLY-2823,903
4267,WFLY-1573,2475
4268,WFLY-1573,2476
4269,WFLY-1573,2477
4270,WFLY-1573,2478
4271,WFLY-2599,1518
4272,WFLY-2599,1519
4273,WFLY-2599,1520
4274,WFLY-2599,1078
4275,WFLY-2599,1521
4276,WFLY-2599,1081
4277,WFLY-2599,1522
4278,WFLY-2599,1523
4279,WFLY-2599,1524
4280,WFLY-2599,1525
4281,WFLY-2599,1526
4282,WFLY-2599,1527
4283,WFLY-2599,1528
4284,WFLY-2599,1529
4285,WFLY-2599,12
4286,WFLY-2599,372
4289,WFLY-2599,1079
4294,WFLY-2599,1083
4300,WFLY-2599,1530
4301,WFLY-2599,1531
4302,WFLY-2344,611
4303,WFLY-2344,945
4304,WFLY-2505,2479
4305,WFLY-2505,2480
4306,WFLY-2505,94
4307,WFLY-2505,143
4308,WFLY-2505,95
4309,WFLY-2505,2481
4310,WFLY-2420,2482
4311,WFLY-2420,2483
4312,WFLY-2214,2484
4313,WFLY-2214,1603
4314,WFLY-2214,181
4315,WFLY-2214,2485
4316,WFLY-2214,2486
4317,WFLY-2214,1605
4320,WFLY-2214,1617
4321,WFLY-2214,1618
4322,WFLY-2116,2487
4323,WFLY-2116,2488
4324,WFLY-2116,1759
4325,WFLY-2116,2489
4326,WFLY-2535,2490
4327,WFLY-2535,2491
4328,WFLY-2481,2492
4329,WFLY-2481,2493
4330,WFLY-2481,1650
4331,WFLY-2481,1025
4332,WFLY-1594,1353
4333,WFLY-1975,2494
4334,WFLY-1975,200
4335,WFLY-1975,2495
4336,WFLY-1975,2496
4337,WFLY-1975,2497
4338,WFLY-1975,2498
4339,WFLY-1975,2499
4340,WFLY-1975,2412
4341,WFLY-1975,2500
4342,WFLY-1975,2501
4343,WFLY-1975,2502
4344,WFLY-1975,2503
4345,WFLY-1975,2504
4346,WFLY-1975,2505
4347,WFLY-1975,2506
4348,WFLY-1975,2507
4349,WFLY-1975,2508
4350,WFLY-1975,2509
4351,WFLY-1975,557
4352,WFLY-1975,2510
4353,WFLY-1787,2511
4354,WFLY-1787,2512
4355,WFLY-1787,2513
4356,WFLY-1787,2514
4357,WFLY-1787,620
4358,WFLY-1787,2515
4359,WFLY-1787,2516
4360,WFLY-1787,2517
4361,WFLY-1787,2518
4362,WFLY-1787,2519
4363,WFLY-1787,2520
4364,WFLY-1787,2521
4365,WFLY-1787,2522
4366,WFLY-1787,2523
4367,WFLY-1787,2524
4368,WFLY-1787,633
4369,WFLY-1787,2525
4370,WFLY-1787,360
4371,WFLY-1787,221
4372,WFLY-1787,2526
4373,WFLY-1787,2527
4374,WFLY-1787,2528
4375,WFLY-1787,2529
4376,WFLY-1787,24
4377,WFLY-1787,2530
4378,WFLY-1787,2531
4379,WFLY-1787,2532
4380,WFLY-1787,2533
4381,WFLY-1787,136
4382,WFLY-1787,2534
4383,WFLY-1787,498
4388,WFLY-1787,2535
4390,WFLY-1787,2536
4392,WFLY-1787,2537
4394,WFLY-1787,2538
4395,WFLY-1787,2539
4396,WFLY-1787,166
4397,WFLY-1787,2540
4398,WFLY-1787,598
4399,WFLY-1787,2541
4400,WFLY-1787,2542
4401,WFLY-1787,2543
4402,WFLY-1787,458
4404,WFLY-1787,471
4405,WFLY-1787,2544
4406,WFLY-1787,2545
4408,WFLY-1787,348
4411,WFLY-1787,2546
4412,WFLY-1787,2547
4413,WFLY-1787,2548
4416,WFLY-1787,350
4418,WFLY-1787,2549
4419,WFLY-1787,2550
4421,WFLY-1787,2551
4424,WFLY-1787,2552
4425,WFLY-1787,2553
4426,WFLY-1787,2554
4427,WFLY-1787,2555
4428,WFLY-1787,2556
4429,WFLY-1787,2557
4430,WFLY-1787,2558
4431,WFLY-1787,2559
4432,WFLY-1787,2560
4433,WFLY-1787,2561
4434,WFLY-1787,2562
4435,WFLY-1787,2563
4437,WFLY-1787,2564
4438,WFLY-1787,2565
4439,WFLY-1787,2566
4440,WFLY-1787,2567
4441,WFLY-1787,2568
4442,WFLY-1787,2569
4443,WFLY-1787,2570
4455,WFLY-1787,2571
4456,WFLY-1787,2572
4457,WFLY-1787,2573
4458,WFLY-1787,2574
4459,WFLY-1787,2575
4460,WFLY-1787,2576
4461,WFLY-1787,2577
4462,WFLY-1787,2578
4464,WFLY-1787,2579
4465,WFLY-1973,2580
4466,WFLY-1973,2581
4467,WFLY-1973,1065
4468,WFLY-2735,2582
4469,WFLY-2735,2583
4470,WFLY-2735,2584
4471,WFLY-1678,903
4472,WFLY-1913,2295
4473,WFLY-1913,2585
4474,WFLY-2399,236
4475,WFLY-2397,1517
4476,WFLY-2598,373
4479,WFLY-3108,260
4480,WFLY-3108,2586
4481,WFLY-3108,2310
4482,WFLY-3108,1626
4483,WFLY-3108,43
4484,WFLY-3108,5
4485,WFLY-3047,2587
4486,WFLY-3047,1572
4487,WFLY-3047,866
4488,WFLY-3047,679
4489,WFLY-3047,2588
4490,WFLY-3047,1534
4492,WFLY-3047,1537
4493,WFLY-3047,1538
4494,WFLY-3047,556
4495,WFLY-3047,785
4496,WFLY-3047,2589
4497,WFLY-3047,2332
4499,WFLY-3047,492
4500,WFLY-3047,2590
4502,WFLY-3047,731
4504,WFLY-3047,2591
4505,WFLY-3047,434
4506,WFLY-3047,728
4507,WFLY-3047,2592
4508,WFLY-3047,2593
4509,WFLY-3047,2594
4510,WFLY-3047,597
4511,WFLY-3047,2595
4512,WFLY-3047,2596
4513,WFLY-3047,2597
4514,WFLY-2551,1681
4515,WFLY-2998,1841
4516,WFLY-2998,1937
4517,WFLY-2998,1938
4518,WFLY-2998,2598
4519,WFLY-2998,1628
4520,WFLY-2998,2599
4521,WFLY-2998,2600
4522,WFLY-2998,50
4523,WFLY-2998,782
4524,WFLY-958,1060
4525,WFLY-958,969
4526,WFLY-958,976
4527,WFLY-958,977
4528,WFLY-958,980
4529,WFLY-958,187
4530,WFLY-958,2601
4531,WFLY-958,981
4532,WFLY-958,982
4533,WFLY-958,983
4534,WFLY-958,1061
4535,WFLY-958,2462
4536,WFLY-958,989
4537,WFLY-958,2602
4538,WFLY-958,2603
4539,WFLY-958,108
4540,WFLY-958,2604
4541,WFLY-958,2605
4542,WFLY-958,2606
4543,WFLY-958,2607
4544,WFLY-958,2608
4545,WFLY-958,1072
4546,WFLY-958,903
4547,WFLY-2987,653
4548,WFLY-2918,2609
4549,WFLY-2918,2610
4550,WFLY-2918,364
4551,WFLY-2918,7
4552,WFLY-2918,2611
4553,WFLY-2918,1561
4554,WFLY-2918,2612
4555,WFLY-2918,2613
4556,WFLY-2918,459
4560,WFLY-768,1757
4561,WFLY-2654,2435
4562,WFLY-2654,530
4563,WFLY-2654,2614
4564,WFLY-2654,2615
4565,WFLY-2654,2616
4566,WFLY-2654,2617
4567,WFLY-2934,2618
4568,WFLY-2934,1205
4569,WFLY-2934,2619
4570,WFLY-2934,1685
4571,WFLY-2934,461
4572,WFLY-2934,2620
4573,WFLY-2934,631
4575,WFLY-2934,2621
4576,WFLY-2934,1207
4577,WFLY-2934,2622
4578,WFLY-2934,1212
4579,WFLY-2934,2623
4580,WFLY-2934,159
4581,WFLY-2934,2624
4582,WFLY-2934,2625
4583,WFLY-2934,2626
4584,WFLY-2934,20
4585,WFLY-2934,2627
4586,WFLY-2934,2628
4587,WFLY-2934,2629
4588,WFLY-2934,2630
4589,WFLY-2934,2631
4590,WFLY-2934,2632
4591,WFLY-3136,607
4592,WFLY-2977,2633
4593,WFLY-3133,918
4594,WFLY-3133,564
4595,WFLY-3194,2634
4596,WFLY-3194,2635
4597,WFLY-3004,2026
4598,WFLY-3004,2318
4599,WFLY-3004,1758
4600,WFLY-3004,2636
4601,WFLY-3004,2637
4602,WFLY-3004,2638
4603,WFLY-3004,2639
4604,WFLY-3004,2640
4605,WFLY-3004,2641
4606,WFLY-3004,2642
4607,WFLY-3004,876
4608,WFLY-3004,2643
4609,WFLY-3004,2644
4610,WFLY-3004,2025
4611,WFLY-2905,781
4612,WFLY-2905,1562
4613,WFLY-2905,2645
4614,WFLY-2905,2646
4615,WFLY-2905,903
4616,WFLY-2905,2647
4617,WFLY-2905,1518
4618,WFLY-2905,422
4619,WFLY-2905,175
4620,WFLY-2905,253
4621,WFLY-2932,2648
4622,WFLY-3016,2649
4623,WFLY-3020,2587
4624,WFLY-3020,1572
4625,WFLY-3020,866
4626,WFLY-3020,679
4627,WFLY-3020,2588
4628,WFLY-3020,1534
4630,WFLY-3020,1537
4631,WFLY-3020,1538
4632,WFLY-3020,556
4633,WFLY-3020,785
4634,WFLY-3020,2589
4635,WFLY-3020,2332
4637,WFLY-3020,492
4638,WFLY-3020,2590
4640,WFLY-3020,731
4642,WFLY-3020,2591
4643,WFLY-3020,434
4644,WFLY-3020,728
4645,WFLY-3020,2592
4646,WFLY-3020,2593
4647,WFLY-3020,2594
4648,WFLY-3020,597
4649,WFLY-3020,2595
4650,WFLY-3020,2596
4651,WFLY-3020,2597
4652,WFLY-3106,2171
4653,WFLY-3067,12
4654,WFLY-3067,2650
4655,WFLY-3067,2651
4656,WFLY-3067,183
4657,WFLY-3067,107
4658,WFLY-3067,2652
4659,WFLY-3067,1416
4660,WFLY-3067,2653
4661,WFLY-3067,2654
4662,WFLY-3067,2655
4663,WFLY-3067,2656
4664,WFLY-3067,2657
4665,WFLY-3067,775
4666,WFLY-3067,2306
4667,WFLY-1948,2658
4668,WFLY-817,1240
4669,WFLY-817,2659
4670,WFLY-817,2660
4671,WFLY-817,2661
4672,WFLY-817,2662
4673,WFLY-2959,903
4674,WFLY-3065,2663
4675,WFLY-2205,1839
4676,WFLY-2205,2664
4677,WFLY-3046,529
4678,WFLY-3046,1475
4679,WFLY-2964,2665
4680,WFLY-2964,2666
4681,WFLY-2964,2057
4682,WFLY-2964,2667
4683,WFLY-3126,918
4685,WFLY-3092,2668
4686,WFLY-3092,511
4687,WFLY-3092,555
4688,WFLY-3092,268
4689,WFLY-3092,280
4690,WFLY-3092,25
4691,WFLY-3092,860
4692,WFLY-1527,380
4693,WFLY-1527,2669
4694,WFLY-1527,2670
4695,WFLY-3123,904
4696,WFLY-3123,2671
4697,WFLY-3123,2672
4698,WFLY-3123,903
4699,WFLY-3040,2673
4700,WFLY-3040,2674
4701,WFLY-3109,903
4702,WFLY-3109,2675
4703,WFLY-3109,2676
4704,WFLY-3109,2677
4705,WFLY-3109,2678
4706,WFLY-3109,2679
4707,WFLY-3109,2680
4708,WFLY-3109,2681
4709,WFLY-3109,637
4710,WFLY-3022,2682
4711,WFLY-3022,2683
4712,WFLY-3022,1389
4713,WFLY-2780,96
4725,WFLY-2423,2685
4726,WFLY-2423,2686
4727,WFLY-2423,485
4728,WFLY-2423,15
4729,WFLY-2423,2261
4730,WFLY-2423,932
4731,WFLY-2423,1058
4732,WFLY-2423,2687
4733,WFLY-2423,456
4734,WFLY-2423,362
4735,WFLY-2423,169
4736,WFLY-2423,2688
4737,WFLY-3073,478
4738,WFLY-2993,2689
4739,WFLY-2993,2690
4740,WFLY-2993,2256
4741,WFLY-2993,903
4743,WFLY-2993,958
4744,WFLY-2993,2691
4745,WFLY-2993,2692
4746,WFLY-2917,2609
4747,WFLY-2917,2610
4748,WFLY-2917,364
4749,WFLY-2917,7
4750,WFLY-2917,2611
4751,WFLY-2917,1561
4752,WFLY-2917,2612
4753,WFLY-2917,2613
4754,WFLY-2917,459
4758,WFLY-3192,2693
4759,WFLY-3192,663
4760,WFLY-3192,2694
4761,WFLY-1904,426
4762,WFLY-1904,2695
4763,WFLY-1904,2696
4764,WFLY-1904,2697
4765,WFLY-1904,2698
4766,WFLY-1904,1562
4767,WFLY-1904,740
4768,WFLY-1904,2699
4769,WFLY-1904,2700
4770,WFLY-3163,1561
4771,WFLY-3163,2701
4772,WFLY-2954,2702
4773,WFLY-2954,2703
4774,WFLY-2954,2704
4775,WFLY-2911,2705
4776,WFLY-3103,1451
4777,WFLY-3103,2706
4778,WFLY-3151,2707
4779,WFLY-3076,2587
4780,WFLY-3076,1572
4781,WFLY-3076,866
4782,WFLY-3076,679
4783,WFLY-3076,2588
4784,WFLY-3076,1534
4786,WFLY-3076,1537
4787,WFLY-3076,1538
4788,WFLY-3076,556
4789,WFLY-3076,785
4790,WFLY-3076,2589
4791,WFLY-3076,2332
4793,WFLY-3076,492
4794,WFLY-3076,2590
4796,WFLY-3076,731
4798,WFLY-3076,2591
4799,WFLY-3076,434
4800,WFLY-3076,728
4801,WFLY-3076,2592
4802,WFLY-3076,2593
4803,WFLY-3076,2594
4804,WFLY-3076,597
4805,WFLY-3076,2595
4806,WFLY-3076,2596
4807,WFLY-3076,2597
4808,WFLY-2965,514
4809,WFLY-2965,111
4810,WFLY-829,202
4811,WFLY-829,405
4812,WFLY-2923,198
4813,WFLY-2923,44
4814,WFLY-2923,590
4815,WFLY-2923,550
4816,WFLY-2923,578
4817,WFLY-2891,2587
4818,WFLY-2891,1572
4819,WFLY-2891,866
4820,WFLY-2891,679
4821,WFLY-2891,2588
4822,WFLY-2891,1534
4824,WFLY-2891,1537
4825,WFLY-2891,1538
4826,WFLY-2891,556
4827,WFLY-2891,785
4828,WFLY-2891,2589
4829,WFLY-2891,2332
4831,WFLY-2891,492
4832,WFLY-2891,2590
4834,WFLY-2891,731
4836,WFLY-2891,2591
4837,WFLY-2891,434
4838,WFLY-2891,728
4839,WFLY-2891,2592
4840,WFLY-2891,2593
4841,WFLY-2891,2594
4842,WFLY-2891,597
4843,WFLY-2891,2595
4844,WFLY-2891,2596
4845,WFLY-2891,2597
4846,WFLY-3180,904
4847,WFLY-3180,905
4848,WFLY-3180,1142
4849,WFLY-3180,2155
4850,WFLY-3180,2156
4851,WFLY-3180,1145
4852,WFLY-3180,2708
4853,WFLY-3180,1146
4854,WFLY-3180,2159
4855,WFLY-3180,2709
4856,WFLY-3180,2161
4857,WFLY-3180,2710
4858,WFLY-3180,18
4859,WFLY-3180,2711
4860,WFLY-3180,768
4861,WFLY-3180,823
4862,WFLY-3180,282
4863,WFLY-3180,717
4864,WFLY-3180,70
4865,WFLY-3180,2174
4866,WFLY-3180,231
4867,WFLY-3180,813
4868,WFLY-3180,2712
4869,WFLY-3180,1195
4870,WFLY-3180,2180
4871,WFLY-3180,79
4872,WFLY-3180,233
4873,WFLY-3180,35
4875,WFLY-3180,46
4877,WFLY-3180,80
4878,WFLY-3180,305
4879,WFLY-3180,322
4883,WFLY-3180,671
4884,WFLY-3180,880
4885,WFLY-3180,2713
4886,WFLY-3180,563
4890,WFLY-3180,2714
4891,WFLY-3180,2183
4892,WFLY-3180,55
4893,WFLY-3180,2715
4894,WFLY-3180,118
4895,WFLY-3180,1055
4896,WFLY-3180,2716
4897,WFLY-3180,2717
4898,WFLY-3180,2186
4899,WFLY-3180,2718
4900,WFLY-3180,503
4903,WFLY-3180,615
4907,WFLY-3180,182
4909,WFLY-3180,11
4911,WFLY-3180,448
4913,WFLY-3180,651
4915,WFLY-3180,1056
4916,WFLY-3180,2719
4917,WFLY-3180,760
4920,WFLY-3180,762
4922,WFLY-3180,451
4926,WFLY-3180,585
4927,WFLY-3180,346
4928,WFLY-3180,2720
4929,WFLY-3180,719
4931,WFLY-3180,527
4932,WFLY-3180,881
4934,WFLY-3180,2191
4935,WFLY-3180,2193
4936,WFLY-3180,2721
4937,WFLY-3180,2722
4938,WFLY-3180,2723
4939,WFLY-3180,830
4940,WFLY-3180,702
4941,WFLY-3180,299
4942,WFLY-3180,493
4943,WFLY-3180,531
4944,WFLY-3180,771
4945,WFLY-3180,34
4946,WFLY-3180,2197
4947,WFLY-3180,1213
4948,WFLY-3180,1219
4949,WFLY-3180,882
4950,WFLY-3180,1268
4951,WFLY-3180,216
4952,WFLY-3180,735
4953,WFLY-3180,1271
4954,WFLY-3180,1273
4955,WFLY-3180,1283
4956,WFLY-3180,903
4957,WFLY-3180,1305
4958,WFLY-3180,2724
4959,WFLY-3180,110
4960,WFLY-3180,2725
4961,WFLY-3180,2726
4962,WFLY-3180,2727
4963,WFLY-3180,2728
4964,WFLY-3180,406
4965,WFLY-3180,128
4966,WFLY-3180,124
4967,WFLY-3180,1161
4968,WFLY-3180,1162
4971,WFLY-3180,2729
4972,WFLY-3180,575
4973,WFLY-3180,2730
4974,WFLY-3180,2731
4975,WFLY-3180,999
4976,WFLY-3180,1000
4977,WFLY-3180,757
4978,WFLY-3180,1001
4979,WFLY-3180,1003
4980,WFLY-3180,2732
4981,WFLY-3180,2733
4982,WFLY-3180,1199
4983,WFLY-3180,1004
4984,WFLY-3180,1210
4985,WFLY-3180,342
4987,WFLY-3180,2734
4989,WFLY-3180,2735
4991,WFLY-3180,2736
4993,WFLY-3180,2737
4994,WFLY-3180,1
4998,WFLY-3180,10
4999,WFLY-3180,2738
5000,WFLY-3180,2739
5002,WFLY-3180,2740
5004,WFLY-3180,2741
5005,WFLY-3180,378
5008,WFLY-3180,2742
5009,WFLY-3180,2212
5010,WFLY-3007,2743
5011,WFLY-3007,2744
5012,WFLY-3007,2745
5013,WFLY-3007,492
5014,WFLY-3007,2586
5015,WFLY-3007,1747
5016,WFLY-3007,479
5017,WFLY-3007,2746
5018,WFLY-3007,2747
5019,WFLY-3007,2701
5020,WFLY-3007,650
5021,WFLY-3007,2748
5022,WFLY-3007,2749
5023,WFLY-3007,269
5024,WFLY-3007,2750
5025,WFLY-3007,1419
5026,WFLY-2995,1759
5027,WFLY-2995,863
5028,WFLY-2938,279
5029,WFLY-3105,2751
5030,WFLY-3105,502
5031,WFLY-3105,2752
5032,WFLY-3105,627
5033,WFLY-3105,2753
5034,WFLY-29,2754
5035,WFLY-29,2755
5036,WFLY-29,2756
5037,WFLY-29,2757
5038,WFLY-3011,2587
5039,WFLY-3011,1572
5040,WFLY-3011,866
5041,WFLY-3011,679
5042,WFLY-3011,2588
5043,WFLY-3011,1534
5045,WFLY-3011,1537
5046,WFLY-3011,1538
5047,WFLY-3011,556
5048,WFLY-3011,785
5049,WFLY-3011,2589
5050,WFLY-3011,2332
5052,WFLY-3011,492
5053,WFLY-3011,2590
5055,WFLY-3011,731
5057,WFLY-3011,2591
5058,WFLY-3011,434
5059,WFLY-3011,728
5060,WFLY-3011,2592
5061,WFLY-3011,2593
5062,WFLY-3011,2594
5063,WFLY-3011,597
5064,WFLY-3011,2595
5065,WFLY-3011,2596
5066,WFLY-3011,2597
5085,WFLY-3017,2587
5086,WFLY-3017,1572
5087,WFLY-3017,866
5088,WFLY-3017,679
5089,WFLY-3017,2588
5090,WFLY-3017,1534
5092,WFLY-3017,1537
5093,WFLY-3017,1538
5094,WFLY-3017,556
5095,WFLY-3017,785
5096,WFLY-3017,2589
5097,WFLY-3017,2332
5099,WFLY-3017,492
5100,WFLY-3017,2590
5102,WFLY-3017,731
5104,WFLY-3017,2591
5105,WFLY-3017,434
5106,WFLY-3017,728
5107,WFLY-3017,2592
5108,WFLY-3017,2593
5109,WFLY-3017,2594
5110,WFLY-3017,597
5111,WFLY-3017,2595
5112,WFLY-3017,2596
5113,WFLY-3017,2597
5114,WFLY-3099,365
5115,WFLY-2912,903
5117,WFLY-2912,1363
5118,WFLY-2912,539
5119,WFLY-3053,2769
5120,WFLY-977,903
5121,WFLY-977,2675
5122,WFLY-977,2676
5123,WFLY-977,2677
5124,WFLY-977,2678
5125,WFLY-977,2679
5126,WFLY-977,2680
5127,WFLY-977,2681
5128,WFLY-977,637
5129,WFLY-2261,2770
5130,WFLY-915,2771
5131,WFLY-915,2772
5132,WFLY-915,2773
5136,WFLY-915,2774
5137,WFLY-915,2775
5143,WFLY-915,2776
5144,WFLY-915,2777
5145,WFLY-915,2778
5146,WFLY-915,2779
5147,WFLY-915,2780
5148,WFLY-915,2781
5149,WFLY-2997,2587
5150,WFLY-2997,1572
5151,WFLY-2997,866
5152,WFLY-2997,679
5153,WFLY-2997,2588
5154,WFLY-2997,1534
5156,WFLY-2997,1537
5157,WFLY-2997,1538
5158,WFLY-2997,556
5159,WFLY-2997,785
5160,WFLY-2997,2589
5161,WFLY-2997,2332
5163,WFLY-2997,492
5164,WFLY-2997,2590
5166,WFLY-2997,731
5168,WFLY-2997,2591
5169,WFLY-2997,434
5170,WFLY-2997,728
5171,WFLY-2997,2592
5172,WFLY-2997,2593
5173,WFLY-2997,2594
5174,WFLY-2997,597
5175,WFLY-2997,2595
5176,WFLY-2997,2596
5177,WFLY-2997,2597
5178,WFLY-3131,254
5179,WFLY-2906,903
5194,WFLY-1650,74
5195,WFLY-1650,2790
5196,WFLY-1650,708
5197,WFLY-1650,436
5198,WFLY-1650,519
5200,WFLY-1650,2646
5201,WFLY-1650,2791
5202,WFLY-1650,2792
5203,WFLY-1650,430
5204,WFLY-1650,2647
5205,WFLY-1650,1518
5206,WFLY-1650,2793
5207,WFLY-1650,253
5208,WFLY-2782,2794
5209,WFLY-2782,621
5210,WFLY-2782,629
5211,WFLY-2782,440
5212,WFLY-2782,2658
5213,WFLY-2782,294
5214,WFLY-2782,1962
5215,WFLY-2782,2795
5216,WFLY-2782,2796
5217,WFLY-2782,2797
5218,WFLY-2782,2798
5219,WFLY-2782,211
5220,WFLY-2782,793
5221,WFLY-2851,2799
5222,WFLY-2851,2800
5223,WFLY-2851,2801
5224,WFLY-858,2802
5225,WFLY-2679,460
5226,WFLY-2679,1167
5227,WFLY-2679,1172
5228,WFLY-2679,2711
5229,WFLY-2679,716
5230,WFLY-2679,142
5231,WFLY-2679,1201
5232,WFLY-2679,1204
5233,WFLY-2679,2803
5234,WFLY-2679,569
5235,WFLY-2679,90
5236,WFLY-2679,282
5237,WFLY-2679,2804
5238,WFLY-2679,17
5239,WFLY-2679,838
5240,WFLY-2679,2805
5241,WFLY-2679,2806
5242,WFLY-2679,832
5243,WFLY-2679,397
5244,WFLY-2679,2807
5245,WFLY-2679,678
5246,WFLY-2679,31
5247,WFLY-2679,2808
5249,WFLY-2901,195
5250,WFLY-2747,2331
5251,WFLY-2754,2331
5252,WFLY-2304,1067
5253,WFLY-2304,312
5254,WFLY-2304,682
5255,WFLY-2304,1068
5256,WFLY-2304,1069
5257,WFLY-2304,1070
5258,WFLY-2304,1071
5259,WFLY-2304,1072
5260,WFLY-2304,1073
5261,WFLY-2304,1074
5262,WFLY-2304,1075
5263,WFLY-2304,1076
5264,WFLY-2304,1077
5266,WFLY-2304,195
5267,WFLY-2813,2270
5268,WFLY-2813,1794
5269,WFLY-2813,1805
5270,WFLY-2686,2809
5271,WFLY-1499,1309
5272,WFLY-1499,257
5273,WFLY-1499,56
5274,WFLY-1499,1310
5275,WFLY-1499,1344
5276,WFLY-1499,1345
5277,WFLY-1499,358
5278,WFLY-1499,2216
5279,WFLY-1499,131
5280,WFLY-1499,2810
5281,WFLY-1499,2217
5282,WFLY-1499,47
5283,WFLY-1499,692
5284,WFLY-1499,2218
5285,WFLY-1499,799
5286,WFLY-1499,571
5287,WFLY-1499,2811
5288,WFLY-1499,110
5289,WFLY-1499,285
5290,WFLY-1499,319
5291,WFLY-1499,574
5292,WFLY-1499,2742
5293,WFLY-1499,2213
5294,WFLY-1499,391
5295,WFLY-1499,227
5296,WFLY-1499,191
5297,WFLY-1499,2812
5298,WFLY-1499,577
5299,WFLY-1499,2215
5303,WFLY-1499,2813
5304,WFLY-1499,2814
5305,WFLY-2182,629
5306,WFLY-1933,2815
5307,WFLY-1933,1026
5308,WFLY-1933,1698
5309,WFLY-1933,2816
5310,WFLY-2588,524
5311,WFLY-1994,2817
5312,WFLY-2195,2818
5313,WFLY-2195,644
5314,WFLY-2136,2819
5315,WFLY-2001,2820
5316,WFLY-2001,2821
5317,WFLY-1927,426
5318,WFLY-1926,2822
5319,WFLY-1926,2823
5320,WFLY-1926,478
5321,WFLY-1926,597
5322,WFLY-1926,2824
5323,WFLY-1926,387
5324,WFLY-1926,737
5325,WFLY-1926,273
5327,WFLY-1926,170
5328,WFLY-1926,2592
5329,WFLY-1926,2825
5330,WFLY-1926,2826
5332,WFLY-1926,286
5333,WFLY-1926,2593
5335,WFLY-1926,1548
5336,WFLY-1926,2827
5337,WFLY-1926,532
5338,WFLY-1926,774
5339,WFLY-1926,2828
5340,WFLY-1926,2829
5341,WFLY-1926,2830
5342,WFLY-1926,1846
5343,WFLY-1926,1549
5344,WFLY-1926,2831
5345,WFLY-1926,91
5346,WFLY-1926,1561
5350,WFLY-1926,528
5356,WFLY-1926,2595
5357,WFLY-1926,2596
5358,WFLY-1926,29
5359,WFLY-1926,1562
5360,WFLY-1926,1563
5361,WFLY-1926,761
5362,WFLY-1926,2832
5363,WFLY-1926,1564
5364,WFLY-1926,1565
5365,WFLY-1926,1518
5366,WFLY-1926,165
5367,WFLY-1926,2833
5369,WFLY-1926,2834
5370,WFLY-1926,2835
5371,WFLY-1926,2836
5378,WFLY-1926,2837
5379,WFLY-1926,2838
5382,WFLY-1926,2839
5383,WFLY-1926,2840
5386,WFLY-1926,2841
5387,WFLY-1926,2842
5388,WFLY-1926,2843
5389,WFLY-1926,2844
5390,WFLY-1926,2845
5391,WFLY-1926,2846
5392,WFLY-1926,174
5396,WFLY-1926,2847
5397,WFLY-1926,2848
5399,WFLY-1926,2849
5404,WFLY-1926,2850
5408,WFLY-1926,2851
5410,WFLY-1926,1436
5412,WFLY-1926,1438
5423,WFLY-1926,2852
5429,WFLY-1926,1915
5430,WFLY-1737,2853
5431,WFLY-1737,312
5432,WFLY-1737,680
5433,WFLY-1737,682
5434,WFLY-1737,2854
5435,WFLY-1737,2855
5436,WFLY-1737,1518
5437,WFLY-1636,392
5438,WFLY-1447,2856
5439,WFLY-1447,2857
5440,WFLY-1925,2511
5441,WFLY-1925,2512
5442,WFLY-1925,2513
5443,WFLY-1925,2514
5444,WFLY-1925,620
5445,WFLY-1925,2515
5446,WFLY-1925,2516
5447,WFLY-1925,2517
5448,WFLY-1925,2518
5449,WFLY-1925,2519
5450,WFLY-1925,2520
5451,WFLY-1925,2521
5452,WFLY-1925,2522
5453,WFLY-1925,2523
5454,WFLY-1925,2524
5455,WFLY-1925,633
5456,WFLY-1925,2525
5457,WFLY-1925,360
5458,WFLY-1925,221
5459,WFLY-1925,2526
5460,WFLY-1925,2527
5461,WFLY-1925,2528
5462,WFLY-1925,2529
5463,WFLY-1925,24
5464,WFLY-1925,2530
5465,WFLY-1925,2531
5466,WFLY-1925,2532
5467,WFLY-1925,2533
5468,WFLY-1925,136
5469,WFLY-1925,2534
5470,WFLY-1925,498
5475,WFLY-1925,2535
5477,WFLY-1925,2536
5479,WFLY-1925,2537
5481,WFLY-1925,2538
5482,WFLY-1925,2539
5483,WFLY-1925,166
5484,WFLY-1925,2540
5485,WFLY-1925,598
5486,WFLY-1925,2541
5487,WFLY-1925,2542
5488,WFLY-1925,2543
5489,WFLY-1925,458
5491,WFLY-1925,471
5492,WFLY-1925,2544
5493,WFLY-1925,2545
5495,WFLY-1925,348
5498,WFLY-1925,2546
5499,WFLY-1925,2547
5500,WFLY-1925,2548
5503,WFLY-1925,350
5505,WFLY-1925,2549
5506,WFLY-1925,2550
5508,WFLY-1925,2551
5511,WFLY-1925,2552
5512,WFLY-1925,2553
5513,WFLY-1925,2554
5514,WFLY-1925,2555
5515,WFLY-1925,2556
5516,WFLY-1925,2557
5517,WFLY-1925,2558
5518,WFLY-1925,2559
5519,WFLY-1925,2560
5520,WFLY-1925,2561
5521,WFLY-1925,2562
5522,WFLY-1925,2563
5524,WFLY-1925,2564
5525,WFLY-1925,2565
5526,WFLY-1925,2566
5527,WFLY-1925,2567
5528,WFLY-1925,2568
5529,WFLY-1925,2569
5530,WFLY-1925,2570
5542,WFLY-1925,2571
5543,WFLY-1925,2572
5544,WFLY-1925,2573
5545,WFLY-1925,2574
5546,WFLY-1925,2575
5547,WFLY-1925,2576
5548,WFLY-1925,2577
5549,WFLY-1925,2578
5551,WFLY-1925,2579
5552,WFLY-2634,2858
5553,WFLY-1292,2859
5555,WFLY-2203,596
5556,WFLY-2203,392
5557,WFLY-2203,2861
5558,WFLY-2201,2862
5559,WFLY-2201,2863
5560,WFLY-2201,2864
5561,WFLY-2201,2865
5562,WFLY-2201,2866
5563,WFLY-2201,1763
5564,WFLY-2201,2867
5565,WFLY-1834,1693
5566,WFLY-1834,1694
5567,WFLY-1834,596
5568,WFLY-1834,184
5569,WFLY-1834,1026
5570,WFLY-1834,1695
5571,WFLY-1834,1500
5572,WFLY-1834,1687
5573,WFLY-1834,1681
5574,WFLY-1834,1696
5575,WFLY-1834,123
5576,WFLY-1834,1697
5577,WFLY-1834,1698
5578,WFLY-1834,1690
5579,WFLY-1834,1364
5580,WFLY-1834,1699
5581,WFLY-1834,74
5582,WFLY-1834,1700
5583,WFLY-1834,1701
5584,WFLY-1834,1702
5585,WFLY-1834,1703
5586,WFLY-1834,1704
5587,WFLY-1834,1705
5588,WFLY-1834,1706
5589,WFLY-1834,1707
5590,WFLY-1834,1708
5591,WFLY-1834,584
5592,WFLY-1834,304
5593,WFLY-1834,1709
5595,WFLY-1552,245
5596,WFLY-110,2869
5597,WFLY-110,2870
5598,WFLY-110,324
5599,WFLY-110,2871
5600,WFLY-110,2872
5601,WFLY-110,2873
5602,WFLY-110,2874
5603,WFLY-110,2875
5604,WFLY-110,2876
5605,WFLY-110,2877
5606,WFLY-110,2878
5607,WFLY-110,2879
5608,WFLY-110,2880
5609,WFLY-1407,81
5610,WFLY-1300,2881
5611,WFLY-1300,903
5612,WFLY-14,2882
5613,WFLY-14,2883
5614,WFLY-14,2884
5615,WFLY-14,2885
5616,WFLY-1392,2857
5617,WFLY-2357,1078
5618,WFLY-2357,1969
5619,WFLY-2357,1527
5620,WFLY-2781,2586
5621,WFLY-2781,2886
5622,WFLY-2618,1419
5623,WFLY-1879,168
5624,WFLY-1879,2444
5625,WFLY-2877,2292
5626,WFLY-2877,684
5628,WFLY-2836,473
5629,WFLY-2836,344
5630,WFLY-2836,251
5631,WFLY-2836,835
5632,WFLY-2836,684
5633,WFLY-2836,64
5634,WFLY-2836,386
5635,WFLY-2836,453
5636,WFLY-2836,536
5637,WFLY-2836,945
5640,WFLY-2167,2887
5641,WFLY-2170,1419
5642,WFLY-2518,2794
5643,WFLY-2141,2888
5644,WFLY-2336,2889
5646,WFLY-2402,983
5647,WFLY-2402,108
5648,WFLY-2402,2890
5649,WFLY-2886,381
5650,WFLY-2886,2891
5651,WFLY-2886,511
5652,WFLY-2886,555
5653,WFLY-2886,1575
5654,WFLY-2886,1950
5655,WFLY-2045,1034
5656,WFLY-100,2892
5657,WFLY-100,1076
5658,WFLY-100,489
5659,WFLY-100,469
5660,WFLY-100,195
5661,WFLY-100,802
5662,WFLY-100,640
5663,WFLY-100,2893
5664,WFLY-100,1068
5665,WFLY-100,2854
5666,WFLY-100,746
5667,WFLY-100,680
5668,WFLY-100,703
5670,WFLY-100,412
5674,WFLY-100,312
5675,WFLY-100,682
5679,WFLY-100,2894
5681,WFLY-2197,2895
5682,WFLY-1583,2243
5683,WFLY-1583,2309
5684,WFLY-1583,2896
5685,WFLY-1583,1399
5686,WFLY-1785,966
5687,WFLY-1782,1305
5688,WFLY-2873,463
5689,WFLY-2392,822
5690,WFLY-2392,2897
5691,WFLY-2392,2898
5692,WFLY-2392,2899
5693,WFLY-2392,624
5694,WFLY-2392,2900
5695,WFLY-2392,687
5696,WFLY-2392,2414
5697,WFLY-1791,92
5698,WFLY-1791,867
5699,WFLY-1791,562
5700,WFLY-1791,2024
5701,WFLY-1791,2901
5702,WFLY-1791,759
5703,WFLY-850,2902
5704,WFLY-850,2903
5705,WFLY-850,2904
5706,WFLY-850,2905
5707,WFLY-850,2906
5708,WFLY-850,2907
5709,WFLY-850,2908
5710,WFLY-850,2909
5711,WFLY-3183,904
5712,WFLY-3183,2671
5713,WFLY-3183,2672
5714,WFLY-3183,903
5715,WFLY-3066,1519
5716,WFLY-2783,2297
5717,WFLY-2783,2910
5720,WFLY-2992,884
5721,WFLY-2908,1759
5722,WFLY-2908,1081
5723,WFLY-2902,2911
5724,WFLY-2921,2912
5725,WFLY-2926,2913
5728,WFLY-2910,2915
5729,WFLY-2910,842
5737,WFLY-2519,2104
5738,WFLY-2226,349
5739,WFLY-2745,2919
5740,WFLY-2745,2920
5741,WFLY-2808,2921
5742,WFLY-2808,2922
5743,WFLY-3331,2305
6000,WFLY-3803,2984
6001,WFLY-3803,903
6004,WFLY-3345,152
6495,WFLY-3421,2734
6496,WFLY-3421,124
6497,WFLY-3421,1151
6498,WFLY-3421,2735
6499,WFLY-3421,1161
6500,WFLY-3421,2737
6501,WFLY-3421,1
6503,WFLY-3421,1175
6504,WFLY-3421,417
6505,WFLY-3421,39
6506,WFLY-3421,705
6507,WFLY-3421,2738
6508,WFLY-3421,2739
6509,WFLY-3421,999
6510,WFLY-3421,601
6511,WFLY-3421,2741
6512,WFLY-3421,378
6513,WFLY-3421,1199
6514,WFLY-3421,1200
6515,WFLY-3421,1210
6516,WFLY-3421,1211
6517,WFLY-3662,3159
6518,WFLY-3662,3160
6519,WFLY-3286,903
6520,WFLY-3286,2241
6521,WFLY-3286,2253
6522,WFLY-3286,1805
6523,WFLY-3286,1979
6524,WFLY-3286,192
6525,WFLY-3286,3161
6526,WFLY-3286,3162
6527,WFLY-3286,3163
6528,WFLY-3286,3164
6529,WFLY-3286,3165
6530,WFLY-3286,3166
6531,WFLY-3286,3167
6532,WFLY-3286,3168
6533,WFLY-3695,848
6534,WFLY-3695,726
6535,WFLY-3695,1151
6536,WFLY-3695,514
6537,WFLY-3695,1200
6538,WFLY-3695,153
6539,WFLY-3695,124
6541,WFLY-3695,321
6542,WFLY-3695,1161
6543,WFLY-3695,1162
6546,WFLY-3695,648
6548,WFLY-3695,37
6550,WFLY-3695,1181
6551,WFLY-3695,1182
6552,WFLY-3695,1183
6553,WFLY-3695,807
6554,WFLY-3695,1219
6555,WFLY-3695,409
6556,WFLY-3695,882
6557,WFLY-3695,257
6558,WFLY-3695,1306
6559,WFLY-3695,3169
6560,WFLY-3695,3170
6561,WFLY-3695,3171
6562,WFLY-3695,3172
6564,WFLY-3695,3173
6565,WFLY-3695,285
6566,WFLY-3695,646
6567,WFLY-3695,499
6568,WFLY-3695,3174
6569,WFLY-3695,1164
6570,WFLY-3695,2959
6640,WFLY-3240,3196
6641,WFLY-3240,3197
6642,WFLY-3240,890
6643,WFLY-3240,12
6644,WFLY-3240,2130
6792,WFLY-3493,2580
6793,WFLY-3493,3238
6794,WFLY-3493,1493
6795,WFLY-3493,3239
6796,WFLY-3493,1494
6797,WFLY-3493,3240
6798,WFLY-3493,3241
6799,WFLY-3493,3242
6800,WFLY-3493,3243
6804,WFLY-3456,3244
6821,WFLY-3492,3256
6822,WFLY-3492,3257
6994,WFLY-3705,3333
6997,WFLY-3705,3334
6998,WFLY-3705,3335
6999,WFLY-3705,1460
7001,WFLY-3705,311
7223,WFLY-3448,386
7224,WFLY-3448,677
7395,WFLY-3381,1532
7396,WFLY-3381,1533
7397,WFLY-3381,1534
7398,WFLY-3381,1535
7399,WFLY-3381,1536
7400,WFLY-3381,731
7402,WFLY-3381,679
7403,WFLY-3381,1537
7404,WFLY-3381,1538
7405,WFLY-3381,1459
7406,WFLY-3381,1539
7407,WFLY-3381,1540
7408,WFLY-3381,501
7409,WFLY-3381,1541
7410,WFLY-3381,1542
7411,WFLY-3381,1543
7412,WFLY-3381,1544
7413,WFLY-3381,1545
7414,WFLY-3381,1546
7415,WFLY-3381,423
7416,WFLY-3381,1547
7417,WFLY-3381,1548
7423,WFLY-3381,1549
7425,WFLY-3381,1550
7427,WFLY-3381,1551
7428,WFLY-3381,1552
7429,WFLY-3381,426
7430,WFLY-3381,1553
7431,WFLY-3381,1554
7432,WFLY-3381,1555
7433,WFLY-3381,1556
7434,WFLY-3381,1557
7435,WFLY-3381,1558
7436,WFLY-3381,1559
7437,WFLY-3381,1560
7438,WFLY-3381,797
7439,WFLY-3381,1561
7440,WFLY-3381,595
7441,WFLY-3381,486
7442,WFLY-3381,174
7443,WFLY-3381,1562
7444,WFLY-3381,1563
7445,WFLY-3381,1564
7446,WFLY-3381,1565
7447,WFLY-3381,1566
7448,WFLY-3381,1567
7449,WFLY-3381,1472
7450,WFLY-3381,165
7451,WFLY-3381,1568
7453,WFLY-3381,291
7454,WFLY-3381,16
7455,WFLY-3381,1569
7456,WFLY-3381,618
7458,WFLY-3381,1570
7459,WFLY-3381,1571
7460,WFLY-3381,1572
7461,WFLY-3381,295
7462,WFLY-3381,511
7463,WFLY-3381,1573
7464,WFLY-3381,555
7465,WFLY-3381,1574
7466,WFLY-3381,1575
7467,WFLY-3381,1576
7468,WFLY-3381,160
7469,WFLY-3381,1577
7470,WFLY-3381,450
7471,WFLY-3381,274
7472,WFLY-3381,1578
7473,WFLY-3381,1579
7474,WFLY-3381,1580
7475,WFLY-3381,1581
7476,WFLY-3381,1582
7481,WFLY-3381,1583
7482,WFLY-3381,1584
7484,WFLY-3381,1585
7490,WFLY-3381,710
7491,WFLY-3329,1650
7492,WFLY-3329,1653
7493,WFLY-3329,3530
7510,WFLY-3382,537
7511,WFLY-3382,14
7512,WFLY-3382,2273
7513,WFLY-3382,2275
7514,WFLY-3382,3541
7515,WFLY-3382,151
7516,WFLY-3382,2281
7517,WFLY-3382,2287
7518,WFLY-3382,3542
7519,WFLY-3382,214
7520,WFLY-3382,903
7521,WFLY-3568,1517
7528,WFLY-3765,2754
7529,WFLY-3765,3543
7704,WFLY-3263,581
7705,WFLY-3263,431
7706,WFLY-3263,12
7707,WFLY-3263,1589
7708,WFLY-3263,1590
7709,WFLY-3263,1591
7710,WFLY-3263,1592
7745,WFLY-3218,2928
7747,WFLY-3809,3631
7836,WFLY-3661,478
7838,WFLY-3661,3677
7839,WFLY-3661,3678
7852,WFLY-3747,3681
7855,WFLY-3405,3682
7856,WFLY-3696,2784
8355,WFLY-3370,3807
8356,WFLY-3370,3808
8357,WFLY-3370,976
8358,WFLY-3370,2782
8359,WFLY-3370,989
8360,WFLY-3370,3809
8361,WFLY-3370,3810
8363,WFLY-3370,3811
8365,WFLY-3370,977
8366,WFLY-3370,2601
8367,WFLY-3370,983
8369,WFLY-3370,2604
8370,WFLY-3370,2607
8371,WFLY-3370,2608
8375,WFLY-3365,179
8376,WFLY-3478,414
8377,WFLY-3478,722
8380,WFLY-3626,393
8381,WFLY-3626,637
8382,WFLY-3626,279
8383,WFLY-3341,385
8392,WFLY-3324,1081
8393,WFLY-3237,290
8394,WFLY-3237,295
8395,WFLY-3237,3820
8405,WFLY-3800,903
8408,WFLY-3649,3824
8410,WFLY-3418,821
8411,WFLY-3418,2258
8412,WFLY-3418,632
8413,WFLY-3418,112
8414,WFLY-3418,3826
8415,WFLY-3418,3827
8416,WFLY-3418,3828
8417,WFLY-3418,290
8418,WFLY-3418,3829
8421,WFLY-3418,2310
8422,WFLY-3377,282
8423,WFLY-3377,113
8424,WFLY-3377,483
8425,WFLY-3377,642
8508,WFLY-3556,3319
8509,WFLY-3556,3878
8534,WFLY-3795,3888
8535,WFLY-3795,1747
8536,WFLY-3304,1601
8537,WFLY-3304,1539
8538,WFLY-3304,426
8539,WFLY-3304,676
8540,WFLY-3304,851
8541,WFLY-3304,3889
8542,WFLY-3304,261
8543,WFLY-3304,1561
8544,WFLY-3304,260
8545,WFLY-3304,2613
8546,WFLY-3304,3890
8547,WFLY-3304,3891
8548,WFLY-3304,339
8549,WFLY-3304,3892
8550,WFLY-3304,7
8551,WFLY-3304,290
8552,WFLY-3304,3893
8553,WFLY-3304,3894
8554,WFLY-3304,3895
8555,WFLY-3304,3896
8556,WFLY-3304,165
8557,WFLY-3304,43
8558,WFLY-3304,549
8559,WFLY-3304,5
8560,WFLY-3304,1692
8561,WFLY-3304,3897
8562,WFLY-3304,2311
8563,WFLY-3304,3898
8564,WFLY-3304,3899
8565,WFLY-3304,3900
8566,WFLY-3304,3255
8567,WFLY-3304,3901
8568,WFLY-3304,1950
8569,WFLY-3304,3902
8570,WFLY-3304,2393
8571,WFLY-3304,2312
8573,WFLY-3812,3903
8576,WFLY-3280,3905
8577,WFLY-3414,3906
8578,WFLY-3414,3907
8581,WFLY-3587,2784
8582,WFLY-3587,3909
8583,WFLY-3587,3910
8584,WFLY-3587,3911
8585,WFLY-3587,3912
8586,WFLY-3587,3913
8598,WFLY-3343,3919
8603,WFLY-3269,3921
8604,WFLY-3269,3922
8605,WFLY-3269,3923
8606,WFLY-3269,3924
8607,WFLY-3269,1605
8609,WFLY-3220,1501
8610,WFLY-3566,273
8611,WFLY-3566,2592
8612,WFLY-3566,3926
8613,WFLY-3566,2825
8614,WFLY-3533,1146
8615,WFLY-3533,2159
8616,WFLY-3533,2161
8617,WFLY-3533,328
8618,WFLY-3823,373
8621,WFLY-3359,3929
8622,WFLY-3359,1569
8623,WFLY-3359,1561
8624,WFLY-3359,459
8625,WFLY-3359,67
8626,WFLY-3359,271
8627,WFLY-3359,309
8628,WFLY-3359,1570
8629,WFLY-3359,339
8630,WFLY-3359,3930
8631,WFLY-3359,160
8632,WFLY-3359,1577
8633,WFLY-3517,1388
8634,WFLY-3394,3832
8636,WFLY-3259,677
8637,WFLY-3259,534
8638,WFLY-3259,3931
8640,WFLY-3539,1814
8641,WFLY-3539,3932
8642,WFLY-3539,3933
8643,WFLY-3539,3934
8644,WFLY-3733,3935
8645,WFLY-3733,3936
8646,WFLY-3733,3937
8647,WFLY-3315,87
8648,WFLY-3315,820
8649,WFLY-3254,903
8650,WFLY-3254,2675
8651,WFLY-3254,2676
8652,WFLY-3254,2677
8653,WFLY-3254,2678
8654,WFLY-3254,2679
8655,WFLY-3254,2680
8656,WFLY-3254,2681
8657,WFLY-3254,637
8658,WFLY-3201,3938
8659,WFLY-3255,1454
8660,WFLY-3255,2804
8661,WFLY-3255,2479
8662,WFLY-3255,3939
8663,WFLY-3255,1078
8664,WFLY-3255,2611
8669,WFLY-3465,1161
8670,WFLY-3465,999
8671,WFLY-3465,1201
8672,WFLY-3465,1203
8673,WFLY-3465,1204
8674,WFLY-3465,1207
8675,WFLY-3682,3941
8676,WFLY-3682,3942
8677,WFLY-3682,743
8678,WFLY-3682,739
8679,WFLY-3682,1042
8680,WFLY-3682,1381
8681,WFLY-3682,1214
8682,WFLY-3682,135
8683,WFLY-3682,3943
8684,WFLY-3682,1219
8685,WFLY-3682,409
8686,WFLY-3682,882
8687,WFLY-3682,1240
8688,WFLY-3682,1265
8689,WFLY-3682,560
8690,WFLY-3682,1146
8691,WFLY-3682,321
8692,WFLY-3682,1161
8694,WFLY-3682,1166
8701,WFLY-3549,3945
8702,WFLY-3549,3946
8703,WFLY-3549,3947
8704,WFLY-3549,3948
8705,WFLY-3549,2889
8706,WFLY-3348,3899
8707,WFLY-3205,1813
8708,WFLY-3779,3949
8709,WFLY-3779,3950
8710,WFLY-3779,3951
8711,WFLY-3779,3952
8712,WFLY-3779,3953
8713,WFLY-3779,3954
8714,WFLY-3779,3955
8716,WFLY-3779,3956
8717,WFLY-3779,3957
8719,WFLY-3438,3116
8720,WFLY-3438,1273
8721,WFLY-3438,36
8731,WFLY-3578,3960
8732,WFLY-3541,459
8747,WFLY-3396,3963
8757,WFLY-3232,1674
8760,WFLY-3507,3967
8761,WFLY-3507,3968
8762,WFLY-3507,386
8764,WFLY-3715,3969
8765,WFLY-3715,3719
8766,WFLY-3715,3720
8767,WFLY-3715,720
8770,WFLY-3715,3721
8771,WFLY-3715,648
8773,WFLY-3715,3970
8774,WFLY-3715,3971
8775,WFLY-3715,37
8778,WFLY-3715,1148
8779,WFLY-3715,1149
8780,WFLY-3715,406
8781,WFLY-3715,128
8782,WFLY-3715,124
8783,WFLY-3715,1151
8784,WFLY-3715,321
8785,WFLY-3715,1161
8786,WFLY-3715,1162
8787,WFLY-3715,514
8790,WFLY-3715,1175
8792,WFLY-3715,1179
8793,WFLY-3715,1181
8794,WFLY-3715,1182
8795,WFLY-3715,1183
8796,WFLY-3715,807
8797,WFLY-3715,2711
8798,WFLY-3715,3972
8799,WFLY-3715,768
8800,WFLY-3715,158
8801,WFLY-3715,3973
8802,WFLY-3715,3974
8803,WFLY-3715,3975
8804,WFLY-3715,282
8805,WFLY-3715,2173
8807,WFLY-3715,3976
8808,WFLY-3715,1195
8809,WFLY-3715,2180
8810,WFLY-3715,11
8812,WFLY-3715,448
8813,WFLY-3715,760
8815,WFLY-3715,762
8816,WFLY-3715,2197
8817,WFLY-3715,148
8818,WFLY-3715,3977
8819,WFLY-3715,999
8820,WFLY-3715,2740
8821,WFLY-3715,1000
8822,WFLY-3715,757
8823,WFLY-3715,1198
8824,WFLY-3715,2732
8825,WFLY-3715,2733
8826,WFLY-3715,1199
8827,WFLY-3715,1200
8828,WFLY-3715,2619
8829,WFLY-3715,1685
8830,WFLY-3715,461
8831,WFLY-3715,3978
8832,WFLY-3715,855
8833,WFLY-3715,3979
8834,WFLY-3715,1210
8835,WFLY-3715,1211
8836,WFLY-3715,3980
8837,WFLY-3715,1005
8838,WFLY-3715,2940
8839,WFLY-3715,779
8841,WFLY-3715,2625
8842,WFLY-3715,2626
8843,WFLY-3715,20
8845,WFLY-3715,734
8846,WFLY-3715,665
8847,WFLY-3715,589
8848,WFLY-3715,512
8849,WFLY-3715,331
8852,WFLY-3715,1006
8853,WFLY-3715,2627
8854,WFLY-3715,2628
8855,WFLY-3715,2629
8856,WFLY-3715,874
8857,WFLY-3715,2630
8859,WFLY-3715,297
8860,WFLY-3715,2631
8861,WFLY-3715,2632
8862,WFLY-3715,1219
8863,WFLY-3715,409
8864,WFLY-3715,882
8865,WFLY-3715,2916
8866,WFLY-3715,3463
8867,WFLY-3715,3981
8868,WFLY-3715,3982
8869,WFLY-3715,3983
8870,WFLY-3715,3984
8871,WFLY-3715,3985
8872,WFLY-3715,3986
8873,WFLY-3715,2998
8874,WFLY-3715,3987
8875,WFLY-3715,3988
8876,WFLY-3715,903
8877,WFLY-3715,3989
8878,WFLY-3715,3990
8879,WFLY-3715,3991
8880,WFLY-3715,700
8881,WFLY-3715,3992
8882,WFLY-3715,301
8883,WFLY-3715,717
8884,WFLY-3715,655
8887,WFLY-3715,488
8888,WFLY-3715,716
8889,WFLY-3715,607
8890,WFLY-3715,111
8891,WFLY-3715,509
8895,WFLY-3715,1152
8896,WFLY-3715,1155
8898,WFLY-3715,1164
8899,WFLY-3715,1167
8900,WFLY-3715,1169
8901,WFLY-3715,1172
8903,WFLY-3715,1176
8904,WFLY-3715,1177
8905,WFLY-3715,3993
8908,WFLY-3715,897
8909,WFLY-3715,3994
8912,WFLY-3715,1196
8913,WFLY-3715,1197
8918,WFLY-3715,329
8919,WFLY-3715,839
8920,WFLY-3715,1201
8921,WFLY-3715,1202
8922,WFLY-3715,1203
8923,WFLY-3715,1204
8924,WFLY-3715,1205
8926,WFLY-3715,316
8927,WFLY-3715,1207
8928,WFLY-3715,89
8929,WFLY-3715,1208
8930,WFLY-3715,1209
8933,WFLY-3715,1212
8937,WFLY-3814,3995
8938,WFLY-3214,1358
8939,WFLY-3214,1447
8940,WFLY-3214,1448
8941,WFLY-3214,3996
8942,WFLY-3214,1449
8943,WFLY-3214,1450
8944,WFLY-3214,805
8945,WFLY-3214,614
8946,WFLY-3214,1451
8947,WFLY-3214,190
8948,WFLY-3214,1452
8949,WFLY-3214,1453
8950,WFLY-3214,1454
8951,WFLY-3214,1455
8952,WFLY-3214,1456
8953,WFLY-3214,3997
8954,WFLY-3214,3998
8955,WFLY-3214,3999
8956,WFLY-3214,4000
8957,WFLY-3214,2706
8958,WFLY-3214,4001
8959,WFLY-3214,4002
8960,WFLY-3214,4003
8961,WFLY-3214,4004
8962,WFLY-3214,4005
8963,WFLY-3214,4006
8964,WFLY-3214,777
8965,WFLY-3214,3688
8966,WFLY-3214,4007
8967,WFLY-3214,4008
8968,WFLY-3214,1464
8969,WFLY-3214,1465
8970,WFLY-3214,48
8971,WFLY-3214,1044
8972,WFLY-3214,4009
8973,WFLY-3214,1046
8974,WFLY-3214,976
8975,WFLY-3214,690
8976,WFLY-3214,4010
8977,WFLY-3214,4011
8978,WFLY-3214,313
8980,WFLY-3214,3829
8981,WFLY-3214,2482
8982,WFLY-3214,4012
8983,WFLY-3214,2112
8984,WFLY-3214,2483
8985,WFLY-3214,3899
8986,WFLY-3214,518
8987,WFLY-3691,2633
8989,WFLY-3401,1164
8990,WFLY-3401,2959
8991,WFLY-3610,4014
8992,WFLY-3228,290
8994,WFLY-3798,4015
9000,WFLY-3230,903
9001,WFLY-3230,2675
9002,WFLY-3230,2676
9003,WFLY-3230,2677
9004,WFLY-3230,2678
9005,WFLY-3230,2679
9006,WFLY-3230,2680
9007,WFLY-3230,2681
9008,WFLY-3230,637
9013,WFLY-3361,3800
9014,WFLY-3361,4024
9015,WFLY-3361,4025
9016,WFLY-3361,4026
9017,WFLY-3361,4027
9018,WFLY-3361,4028
9019,WFLY-3361,1805
9022,WFLY-3375,3807
9023,WFLY-3375,3808
9024,WFLY-3375,976
9025,WFLY-3375,2782
9026,WFLY-3375,989
9027,WFLY-3375,3809
9028,WFLY-3375,3810
9030,WFLY-3375,3811
9032,WFLY-3375,977
9033,WFLY-3375,2601
9034,WFLY-3375,983
9036,WFLY-3375,2604
9037,WFLY-3375,2607
9038,WFLY-3375,2608
9040,WFLY-3360,3929
9041,WFLY-3360,1569
9042,WFLY-3360,1561
9043,WFLY-3360,459
9044,WFLY-3360,67
9045,WFLY-3360,271
9046,WFLY-3360,309
9047,WFLY-3360,1570
9048,WFLY-3360,339
9049,WFLY-3360,3930
9050,WFLY-3360,160
9051,WFLY-3360,1577
9052,WFLY-3198,2444
9053,WFLY-3198,2445
9063,WFLY-3570,4029
9064,WFLY-3570,4030
9065,WFLY-3570,4031
9066,WFLY-3570,264
9067,WFLY-3570,2499
9068,WFLY-3570,4032
9069,WFLY-3570,4033
9071,WFLY-3570,340
9072,WFLY-3570,4034
9073,WFLY-3570,2055
9074,WFLY-3570,82
9089,WFLY-3338,2703
9090,WFLY-3338,3234
9091,WFLY-3338,4041
9092,WFLY-3338,4042
9093,WFLY-3846,976
9094,WFLY-3846,690
9095,WFLY-3846,4043
9096,WFLY-3846,4044
9097,WFLY-3846,4045
9103,WFLY-3727,301
9104,WFLY-3727,717
9105,WFLY-3727,655
9107,WFLY-3621,4046
9117,WFLY-3347,3427
9118,WFLY-3347,144
9119,WFLY-3347,4049
9120,WFLY-3347,868
9121,WFLY-3514,279
9122,WFLY-3487,2687
9123,WFLY-3430,2665
9124,WFLY-3430,554
9127,WFLY-3203,4051
9128,WFLY-3203,4052
9129,WFLY-3203,4053
