,diff,commit_id,summary,commit_time,files
81,"@@ -676,7 +676,7 @@ private void doHandshake() throws IOException {
      * @return true if the unwrap operation made progress, false otherwise
      * @throws SSLException
      */
     private long doUnwrap(ByteBuffer[] userBuffers, int off, int len) throws IOException {
         if(anyAreSet(state, FLAG_CLOSED)) {
             throw new ClosedChannelException();
         }
@@ -887,7 +887,7 @@ private long doUnwrap(ByteBuffer[] userBuffers, int off, int len) throws IOExcep
      * @return The amount of data consumed
      * @throws IOException
      */
     private long doWrap(ByteBuffer[] userBuffers, int off, int len) throws IOException {
         if(anyAreSet(state, FLAG_CLOSED)) {
             throw new ClosedChannelException();
         }
@@ -896,7 +896,7 @@ private long doWrap(ByteBuffer[] userBuffers, int off, int len) throws IOExcepti
         }
         if(anyAreSet(state, FLAG_WRITE_REQUIRES_READ)) {
             doUnwrap(null, 0, 0);
             if(allAreClear(state, FLAG_READ_REQUIRES_WRITE)) { //unless a wrap is immediatly required we just return
                 return 0;
             }
         }
@@ -1051,31 +1051,33 @@ private void closed() {
         if(anyAreSet(state, FLAG_CLOSED)) {
             return;
         }
         state |= FLAG_CLOSED | FLAG_DELEGATE_SINK_SHUTDOWN | FLAG_DELEGATE_SOURCE_SHUTDOWN | FLAG_WRITE_SHUTDOWN | FLAG_READ_SHUTDOWN;
         notifyReadClosed();
         notifyWriteClosed();
         if(dataToUnwrap != null) {
             dataToUnwrap.close();
             dataToUnwrap = null;
         }
         if(unwrappedData != null) {
             unwrappedData.close();
             unwrappedData = null;
         }
         if(wrappedData != null) {
             wrappedData.close();
             wrappedData = null;
         }
         if(allAreClear(state, FLAG_ENGINE_OUTBOUND_SHUTDOWN)) {
             engine.closeOutbound();
         }
         if(allAreClear(state, FLAG_ENGINE_INBOUND_SHUTDOWN)) {
             try {
                 engine.closeInbound();
             } catch (SSLException e) {
                 UndertowLogger.REQUEST_LOGGER.ioException(e);
             } catch (Throwable t) {
                 UndertowLogger.REQUEST_LOGGER.handleUnexpectedFailure(t);
             }
         }
         IoUtils.safeClose(delegate);
",132,,,
82,"@@ -300,4 +300,12 @@
         <Class name=""io.undertow.servlet.spec.HttpServletResponseImpl""/>
         <Method name=""addCookie""/>
     </Match>
 </FindBugsFilter>
",133,,,
95,"@@ -229,4 +229,7 @@ public interface UndertowServletMessages {
 
     @Message(id = 10061, value = ""Invalid method for push request %s"")
     IllegalArgumentException invalidMethodForPushRequest(String method);
 }
",95,,,
96,"@@ -207,11 +207,12 @@ public Void call(HttpServerExchange exchange, ThreadSetupHandler.Action<Void, Ob
 
     @Override
     public String getContextPath() {
         String contextPath = deploymentInfo.getContextPath();
         if (contextPath.equals(""/"")) {
             return """";
         }
         return contextPath;
     }
 
     @Override
@@ -225,21 +226,25 @@ public ServletContext getContext(final String uripath) {
 
     @Override
     public int getMajorVersion() {
         return deploymentInfo.getContainerMajorVersion();
     }
 
     @Override
     public int getMinorVersion() {
         return deploymentInfo.getContainerMinorVersion();
     }
 
     @Override
     public int getEffectiveMajorVersion() {
         return deploymentInfo.getMajorVersion();
     }
 
     @Override
     public int getEffectiveMinorVersion() {
         return deploymentInfo.getMinorVersion();
     }
 
@@ -260,7 +265,8 @@ public String getMimeType(final String file) {
     public Set<String> getResourcePaths(final String path) {
         final Resource resource;
         try {
             resource = deploymentInfo.getResourceManager().getResource(path);
         } catch (IOException e) {
             return null;
         }
@@ -294,7 +300,8 @@ public URL getResource(final String path) throws MalformedURLException {
         }
         Resource resource = null;
         try {
             resource = deploymentInfo.getResourceManager().getResource(path);
         } catch (IOException e) {
             return null;
         }
@@ -308,7 +315,8 @@ public URL getResource(final String path) throws MalformedURLException {
     public InputStream getResourceAsStream(final String path) {
         Resource resource = null;
         try {
             resource = deploymentInfo.getResourceManager().getResource(path);
         } catch (IOException e) {
             return null;
         }
@@ -382,6 +390,7 @@ public String getRealPath(final String path) {
         String canonicalPath = CanonicalPathUtils.canonicalize(path);
         Resource resource;
         try {
             resource = deploymentInfo.getResourceManager().getResource(canonicalPath);
 
             if (resource == null) {
@@ -414,6 +423,7 @@ public String getRealPath(final String path) {
 
     @Override
     public String getServerInfo() {
         return deploymentInfo.getServerName() + "" - "" + Version.getVersionString();
     }
 
@@ -487,6 +497,7 @@ public void removeAttribute(final String name) {
 
     @Override
     public String getServletContextName() {
         return deploymentInfo.getDisplayName();
     }
 
@@ -500,6 +511,7 @@ public ServletRegistration.Dynamic addServlet(final String servletName, final St
         ensureNotInitialized();
         ensureServletNameNotNull(servletName);
         try {
             if (deploymentInfo.getServlets().containsKey(servletName)) {
                 return null;
             }
@@ -524,6 +536,7 @@ public ServletRegistration.Dynamic addServlet(final String servletName, final Se
         ensureNotProgramaticListener();
         ensureNotInitialized();
         ensureServletNameNotNull(servletName);
         if (deploymentInfo.getServlets().containsKey(servletName)) {
             return null;
         }
@@ -539,6 +552,7 @@ public ServletRegistration.Dynamic addServlet(final String servletName, final Cl
         ensureNotProgramaticListener();
         ensureNotInitialized();
         ensureServletNameNotNull(servletName);
         if (deploymentInfo.getServlets().containsKey(servletName)) {
             return null;
         }
@@ -563,6 +577,7 @@ private void ensureServletNameNotNull(String servletName) {
     public <T extends Servlet> T createServlet(final Class<T> clazz) throws ServletException {
         ensureNotProgramaticListener();
         try {
             return deploymentInfo.getClassIntrospecter().createInstanceFactory(clazz).createInstance().getInstance();
         } catch (Exception e) {
             throw UndertowServletMessages.MESSAGES.couldNotInstantiateComponent(clazz.getName(), e);
@@ -593,6 +608,7 @@ public ServletRegistration getServletRegistration(final String servletName) {
     public FilterRegistration.Dynamic addFilter(final String filterName, final String className) {
         ensureNotProgramaticListener();
         ensureNotInitialized();
         if (deploymentInfo.getFilters().containsKey(filterName)) {
             return null;
         }
@@ -613,7 +629,7 @@ public FilterRegistration.Dynamic addFilter(final String filterName, final Strin
     public FilterRegistration.Dynamic addFilter(final String filterName, final Filter filter) {
         ensureNotProgramaticListener();
         ensureNotInitialized();
 
         if (deploymentInfo.getFilters().containsKey(filterName)) {
             return null;
         }
@@ -628,6 +644,7 @@ public FilterRegistration.Dynamic addFilter(final String filterName, final Filte
     public FilterRegistration.Dynamic addFilter(final String filterName, final Class<? extends Filter> filterClass) {
         ensureNotProgramaticListener();
         ensureNotInitialized();
         if (deploymentInfo.getFilters().containsKey(filterName)) {
             return null;
         }
@@ -645,6 +662,7 @@ public FilterRegistration.Dynamic addFilter(final String filterName, final Class
     public <T extends Filter> T createFilter(final Class<T> clazz) throws ServletException {
         ensureNotProgramaticListener();
         try {
             return deploymentInfo.getClassIntrospecter().createInstanceFactory(clazz).createInstance().getInstance();
         } catch (Exception e) {
             throw UndertowServletMessages.MESSAGES.couldNotInstantiateComponent(clazz.getName(), e);
@@ -654,6 +672,7 @@ public <T extends Filter> T createFilter(final Class<T> clazz) throws ServletExc
     @Override
     public FilterRegistration getFilterRegistration(final String filterName) {
         ensureNotProgramaticListener();
         final FilterInfo filterInfo = deploymentInfo.getFilters().get(filterName);
         if (filterInfo == null) {
             return null;
@@ -664,6 +683,7 @@ public FilterRegistration getFilterRegistration(final String filterName) {
     @Override
     public Map<String, ? extends FilterRegistration> getFilterRegistrations() {
         ensureNotProgramaticListener();
         final Map<String, FilterRegistration> ret = new HashMap<>();
         for (Map.Entry<String, FilterInfo> entry : deploymentInfo.getFilters().entrySet()) {
             ret.put(entry.getKey(), new FilterRegistrationImpl(entry.getValue(), deployment, this));
@@ -719,6 +739,7 @@ public <T extends EventListener> void addListener(final T t) {
             throw UndertowServletMessages.MESSAGES.cannotAddServletContextListener();
         }
         ListenerInfo listener = new ListenerInfo(t.getClass(), new ImmediateInstanceFactory<EventListener>(t));
         deploymentInfo.addListener(listener);
         deployment.getApplicationListeners().addListener(new ManagedListener(listener, true));
     }
@@ -733,6 +754,7 @@ public void addListener(final Class<? extends EventListener> listenerClass) {
         }
         InstanceFactory<? extends EventListener> factory = null;
         try {
             factory = deploymentInfo.getClassIntrospecter().createInstanceFactory(listenerClass);
         } catch (Exception e) {
             throw new IllegalArgumentException(e);
@@ -749,6 +771,7 @@ public <T extends EventListener> T createListener(final Class<T> clazz) throws S
             throw UndertowServletMessages.MESSAGES.listenerMustImplementListenerClass(clazz);
         }
         try {
             return deploymentInfo.getClassIntrospecter().createInstanceFactory(clazz).createInstance().getInstance();
         } catch (Exception e) {
             throw UndertowServletMessages.MESSAGES.couldNotInstantiateComponent(clazz.getName(), e);
@@ -762,6 +785,7 @@ public JspConfigDescriptor getJspConfigDescriptor() {
 
     @Override
     public ClassLoader getClassLoader() {
         return deploymentInfo.getClassLoader();
     }
 
@@ -800,18 +824,21 @@ public String getRequestCharacterEncoding() {
         if(enconding != null) {
             return enconding;
         }
         return deploymentInfo.getDefaultEncoding();
     }
 
     @Override
     public void setRequestCharacterEncoding(String encoding) {
         ensureNotInitialized();
         ensureNotProgramaticListener();
         deploymentInfo.setDefaultRequestEncoding(encoding);
     }
 
     @Override
     public String getResponseCharacterEncoding() {
         String enconding = deploymentInfo.getDefaultResponseEncoding();
         if(enconding != null) {
             return enconding;
@@ -823,6 +850,7 @@ public String getResponseCharacterEncoding() {
     public void setResponseCharacterEncoding(String encoding) {
         ensureNotInitialized();
         ensureNotProgramaticListener();
         deploymentInfo.setDefaultResponseEncoding(encoding);
     }
 
@@ -1259,4 +1287,10 @@ public SessionConfig getDelegate() {
             return delegate;
         }
     }
 }
",93,,,
97,"@@ -132,4 +132,7 @@ public interface UndertowServletLogger extends BasicLogger {
     @LogMessage(level = WARN)
     @Message(id = 15022, value = ""Requested resource at %s does not exist for include method"")
     void requestedResourceDoesNotExistForIncludeMethod(String path);
 }
",94,,,
98,"@@ -230,6 +230,6 @@ public interface UndertowServletMessages {
     @Message(id = 10061, value = ""Invalid method for push request %s"")
     IllegalArgumentException invalidMethodForPushRequest(String method);
 
     @Message(id = 10063, value = ""This Context has been already destroyed"")
     IllegalStateException nullDeploymentInfo();
 }
",95,,,
99,"@@ -205,14 +205,20 @@ public Void call(HttpServerExchange exchange, ThreadSetupHandler.Action<Void, Ob
         });
     }
 
     @Override
     public String getContextPath() {
             checkDeploymentInfo();
             String contextPath = deploymentInfo.getContextPath();
             if (contextPath.equals(""/"")) {
                 return """";
             }
             return contextPath;
     }
 
     @Override
@@ -226,26 +232,22 @@ public ServletContext getContext(final String uripath) {
 
     @Override
     public int getMajorVersion() {
         checkDeploymentInfo();
         return deploymentInfo.getContainerMajorVersion();
     }
 
     @Override
     public int getMinorVersion() {
         checkDeploymentInfo();
         return deploymentInfo.getContainerMinorVersion();
     }
 
     @Override
     public int getEffectiveMajorVersion() {
         checkDeploymentInfo();
         return deploymentInfo.getMajorVersion();
     }
 
     @Override
     public int getEffectiveMinorVersion() {
         checkDeploymentInfo();
         return deploymentInfo.getMinorVersion();
     }
 
     @Override
@@ -265,8 +267,7 @@ public String getMimeType(final String file) {
     public Set<String> getResourcePaths(final String path) {
         final Resource resource;
         try {
              checkDeploymentInfo();
              resource = deploymentInfo.getResourceManager().getResource(path);
         } catch (IOException e) {
             return null;
         }
@@ -300,8 +301,7 @@ public URL getResource(final String path) throws MalformedURLException {
         }
         Resource resource = null;
         try {
                checkDeploymentInfo();
                resource = deploymentInfo.getResourceManager().getResource(path);
         } catch (IOException e) {
             return null;
         }
@@ -315,8 +315,7 @@ public URL getResource(final String path) throws MalformedURLException {
     public InputStream getResourceAsStream(final String path) {
         Resource resource = null;
         try {
               checkDeploymentInfo();
               resource = deploymentInfo.getResourceManager().getResource(path);
         } catch (IOException e) {
             return null;
         }
@@ -387,10 +386,10 @@ public String getRealPath(final String path) {
         if (path == null) {
             return null;
         }
         String canonicalPath = CanonicalPathUtils.canonicalize(path);
         Resource resource;
         try {
             checkDeploymentInfo();
             resource = deploymentInfo.getResourceManager().getResource(canonicalPath);
 
             if (resource == null) {
@@ -423,32 +422,31 @@ public String getRealPath(final String path) {
 
     @Override
     public String getServerInfo() {
         checkDeploymentInfo();
         return deploymentInfo.getServerName() + "" - "" + Version.getVersionString();
     }
 
     @Override
     public String getInitParameter(final String name) {
         if (name == null) {
             throw UndertowServletMessages.MESSAGES.nullName();
         }
         return deploymentInfo.getInitParameters().get(name);
     }
 
     @Override
     public Enumeration<String> getInitParameterNames() {
         return new IteratorEnumeration<>(deploymentInfo.getInitParameters().keySet().iterator());
     }
 
     @Override
     public boolean setInitParameter(final String name, final String value) {
         if(name == null) {
             throw UndertowServletMessages.MESSAGES.paramCannotBeNullNPE(""name"");
         }
         if (deploymentInfo.getInitParameters().containsKey(name)) {
             return false;
         }
         deploymentInfo.addInitParameter(name, value);
         return true;
     }
 
@@ -497,8 +495,7 @@ public void removeAttribute(final String name) {
 
     @Override
     public String getServletContextName() {
         checkDeploymentInfo();
         return deploymentInfo.getDisplayName();
     }
 
     @Override
@@ -511,7 +508,7 @@ public ServletRegistration.Dynamic addServlet(final String servletName, final St
         ensureNotInitialized();
         ensureServletNameNotNull(servletName);
         try {
             checkDeploymentInfo();
             if (deploymentInfo.getServlets().containsKey(servletName)) {
                 return null;
             }
@@ -520,7 +517,7 @@ public ServletRegistration.Dynamic addServlet(final String servletName, final St
             for(HandlerWrapper i : wrappers) {
                 servlet.addHandlerChainWrapper(i);
             }
             readServletAnnotations(servlet);
             deploymentInfo.addServlet(servlet);
             ServletHandler handler = deployment.getServlets().addServlet(servlet);
             return new ServletRegistrationImpl(servlet, handler.getManagedServlet(), deployment);
@@ -536,12 +533,12 @@ public ServletRegistration.Dynamic addServlet(final String servletName, final Se
         ensureNotProgramaticListener();
         ensureNotInitialized();
         ensureServletNameNotNull(servletName);
         checkDeploymentInfo();
         if (deploymentInfo.getServlets().containsKey(servletName)) {
             return null;
         }
         ServletInfo s = new ServletInfo(servletName, servlet.getClass(), new ImmediateInstanceFactory<>(servlet));
         readServletAnnotations(s);
         deploymentInfo.addServlet(s);
         ServletHandler handler = deployment.getServlets().addServlet(s);
         return new ServletRegistrationImpl(s, handler.getManagedServlet(), deployment);
@@ -552,13 +549,13 @@ public ServletRegistration.Dynamic addServlet(final String servletName, final Cl
         ensureNotProgramaticListener();
         ensureNotInitialized();
         ensureServletNameNotNull(servletName);
         checkDeploymentInfo();
         if (deploymentInfo.getServlets().containsKey(servletName)) {
             return null;
         }
         try {
             ServletInfo servlet = new ServletInfo(servletName, servletClass, deploymentInfo.getClassIntrospecter().createInstanceFactory(servletClass));
             readServletAnnotations(servlet);
             deploymentInfo.addServlet(servlet);
             ServletHandler handler = deployment.getServlets().addServlet(servlet);
             return new ServletRegistrationImpl(servlet, handler.getManagedServlet(), deployment);
@@ -577,8 +574,7 @@ private void ensureServletNameNotNull(String servletName) {
     public <T extends Servlet> T createServlet(final Class<T> clazz) throws ServletException {
         ensureNotProgramaticListener();
         try {
             checkDeploymentInfo();
             return deploymentInfo.getClassIntrospecter().createInstanceFactory(clazz).createInstance().getInstance();
         } catch (Exception e) {
             throw UndertowServletMessages.MESSAGES.couldNotInstantiateComponent(clazz.getName(), e);
         }
@@ -608,7 +604,7 @@ public ServletRegistration getServletRegistration(final String servletName) {
     public FilterRegistration.Dynamic addFilter(final String filterName, final String className) {
         ensureNotProgramaticListener();
         ensureNotInitialized();
         checkDeploymentInfo();
         if (deploymentInfo.getFilters().containsKey(filterName)) {
             return null;
         }
@@ -629,7 +625,7 @@ public FilterRegistration.Dynamic addFilter(final String filterName, final Strin
     public FilterRegistration.Dynamic addFilter(final String filterName, final Filter filter) {
         ensureNotProgramaticListener();
         ensureNotInitialized();
         checkDeploymentInfo();
         if (deploymentInfo.getFilters().containsKey(filterName)) {
             return null;
         }
@@ -644,7 +640,7 @@ public FilterRegistration.Dynamic addFilter(final String filterName, final Filte
     public FilterRegistration.Dynamic addFilter(final String filterName, final Class<? extends Filter> filterClass) {
         ensureNotProgramaticListener();
         ensureNotInitialized();
         checkDeploymentInfo();
         if (deploymentInfo.getFilters().containsKey(filterName)) {
             return null;
         }
@@ -662,8 +658,7 @@ public FilterRegistration.Dynamic addFilter(final String filterName, final Class
     public <T extends Filter> T createFilter(final Class<T> clazz) throws ServletException {
         ensureNotProgramaticListener();
         try {
             checkDeploymentInfo();
             return deploymentInfo.getClassIntrospecter().createInstanceFactory(clazz).createInstance().getInstance();
         } catch (Exception e) {
             throw UndertowServletMessages.MESSAGES.couldNotInstantiateComponent(clazz.getName(), e);
         }
@@ -672,8 +667,7 @@ public <T extends Filter> T createFilter(final Class<T> clazz) throws ServletExc
     @Override
     public FilterRegistration getFilterRegistration(final String filterName) {
         ensureNotProgramaticListener();
         checkDeploymentInfo();
         final FilterInfo filterInfo = deploymentInfo.getFilters().get(filterName);
         if (filterInfo == null) {
             return null;
         }
@@ -683,9 +677,8 @@ public FilterRegistration getFilterRegistration(final String filterName) {
     @Override
     public Map<String, ? extends FilterRegistration> getFilterRegistrations() {
         ensureNotProgramaticListener();
         checkDeploymentInfo();
         final Map<String, FilterRegistration> ret = new HashMap<>();
         for (Map.Entry<String, FilterInfo> entry : deploymentInfo.getFilters().entrySet()) {
             ret.put(entry.getKey(), new FilterRegistrationImpl(entry.getValue(), deployment, this));
         }
         return ret;
@@ -723,7 +716,7 @@ public Set<SessionTrackingMode> getEffectiveSessionTrackingModes() {
     @Override
     public void addListener(final String className) {
         try {
             Class<? extends EventListener> clazz = (Class<? extends EventListener>) deploymentInfo.getClassLoader().loadClass(className);
             addListener(clazz);
         } catch (ClassNotFoundException e) {
             throw new IllegalArgumentException(e);
@@ -739,8 +732,7 @@ public <T extends EventListener> void addListener(final T t) {
             throw UndertowServletMessages.MESSAGES.cannotAddServletContextListener();
         }
         ListenerInfo listener = new ListenerInfo(t.getClass(), new ImmediateInstanceFactory<EventListener>(t));
         checkDeploymentInfo();
         deploymentInfo.addListener(listener);
         deployment.getApplicationListeners().addListener(new ManagedListener(listener, true));
     }
 
@@ -752,9 +744,9 @@ public void addListener(final Class<? extends EventListener> listenerClass) {
                 && ServletContextListener.class.isAssignableFrom(listenerClass)) {
             throw UndertowServletMessages.MESSAGES.cannotAddServletContextListener();
         }
         InstanceFactory<? extends EventListener> factory = null;
         try {
             checkDeploymentInfo();
             factory = deploymentInfo.getClassIntrospecter().createInstanceFactory(listenerClass);
         } catch (Exception e) {
             throw new IllegalArgumentException(e);
@@ -771,22 +763,20 @@ public <T extends EventListener> T createListener(final Class<T> clazz) throws S
             throw UndertowServletMessages.MESSAGES.listenerMustImplementListenerClass(clazz);
         }
         try {
             checkDeploymentInfo();
             return deploymentInfo.getClassIntrospecter().createInstanceFactory(clazz).createInstance().getInstance();
         } catch (Exception e) {
             throw UndertowServletMessages.MESSAGES.couldNotInstantiateComponent(clazz.getName(), e);
         }
     }
 
     @Override
     public JspConfigDescriptor getJspConfigDescriptor() {
         return deploymentInfo.getJspConfigDescriptor();
     }
 
     @Override
     public ClassLoader getClassLoader() {
         checkDeploymentInfo();
         return deploymentInfo.getClassLoader();
     }
 
     @Override
@@ -820,25 +810,24 @@ public void setSessionTimeout(int sessionTimeout) {
 
     @Override
     public String getRequestCharacterEncoding() {
         String enconding = deploymentInfo.getDefaultRequestEncoding();
         if(enconding != null) {
             return enconding;
         }
         checkDeploymentInfo();
         return deploymentInfo.getDefaultEncoding();
     }
 
     @Override
     public void setRequestCharacterEncoding(String encoding) {
         ensureNotInitialized();
         ensureNotProgramaticListener();
         checkDeploymentInfo();
         deploymentInfo.setDefaultRequestEncoding(encoding);
     }
 
     @Override
     public String getResponseCharacterEncoding() {
         checkDeploymentInfo();
         String enconding = deploymentInfo.getDefaultResponseEncoding();
         if(enconding != null) {
             return enconding;
@@ -850,8 +839,7 @@ public String getResponseCharacterEncoding() {
     public void setResponseCharacterEncoding(String encoding) {
         ensureNotInitialized();
         ensureNotProgramaticListener();
         checkDeploymentInfo();
         deploymentInfo.setDefaultResponseEncoding(encoding);
     }
 
     @Override
@@ -937,7 +925,7 @@ public String rewriteUrl(String originalUrl, String sessionId) {
                         exchange.putAttachment(sessionAttachmentKey, httpSession);
                     }
                 } else if (existing != null) {
                     if(deploymentInfo.isCheckOtherSessionManagers()) {
                         boolean found = false;
                         for (String deploymentName : deployment.getServletContainer().listDeployments()) {
                             DeploymentManager deployment = this.deployment.getServletContainer().getDeployment(deploymentName);
@@ -1018,7 +1006,7 @@ public void destroy() {
         deploymentInfo = null;
     }
 
     private void readServletAnnotations(ServletInfo servlet) {
         if (System.getSecurityManager() == null) {
             new ReadServletAnnotationsTask(servlet, deploymentInfo).run();
         } else {
@@ -1287,10 +1275,4 @@ public SessionConfig getDelegate() {
             return delegate;
         }
     }
 
     private void checkDeploymentInfo() {
         if (deploymentInfo == null) {
             throw UndertowServletMessages.MESSAGES.nullDeploymentInfo();
         }
     }
 }
",93,,,
100,"@@ -468,6 +468,7 @@ void requestStarted(HttpServerExchange serverExchange) {
                     serverExchange.putAttachment(FIRST_REQUEST_ACCESS, System.currentTimeMillis());
                 }
             }
         }
 
         @Override
",22,,,
101,"@@ -122,7 +122,8 @@ public void testParametersFromOriginalPostRequest() throws IOException {
         HttpResponse result = executePostRequest(client, ""/servletContext/dumpRequest"", new BasicNameValuePair(""param1"", ""param1Value""), new BasicNameValuePair(""param2"", ""param2Value""));
         assertEquals(StatusCodes.OK, result.getStatusLine().getStatusCode());
         String response = HttpClientUtils.readResponse(result);
         assertTrue(response.contains(""param1=param1Value/param2=param2Value""));
 
         // this request should be saved and the client redirect to the login form.
         result = executePostRequest(client, ""/servletContext/secured/dumpRequest"", new BasicNameValuePair(""securedParam1"", ""securedParam1Value""), new BasicNameValuePair(""securedParam2"", ""securedParam2Value""));
",146,,,
103,"@@ -467,8 +467,13 @@ private void error(ServletRequestContext servletRequestContext, final ServletReq
         requestImpl.setAttribute(ERROR_REQUEST_URI, requestImpl.getRequestURI());
         requestImpl.setAttribute(ERROR_SERVLET_NAME, servletName);
         if (exception != null) {
             requestImpl.setAttribute(ERROR_EXCEPTION, exception);
             requestImpl.setAttribute(ERROR_EXCEPTION_TYPE, exception.getClass());
         }
         requestImpl.setAttribute(ERROR_MESSAGE, message);
         requestImpl.setAttribute(ERROR_STATUS_CODE, responseImpl.getStatus());
",148,,,
104,"@@ -239,8 +239,8 @@ private void runTest(int deploymentNo, final TestHttpClient client, Integer stat
                     // RequestDispatcher.ERROR_MESSAGE is null
                     Assert.assertThat(response, CoreMatchers.containsString(RequestDispatcher.ERROR_STATUS_CODE + ""=500""));
                 } else {
                     Assert.assertThat(response, CoreMatchers.containsString(RequestDispatcher.ERROR_EXCEPTION_TYPE + ""="" + ServletException.class));
                     Assert.assertThat(response, CoreMatchers.containsString(RequestDispatcher.ERROR_EXCEPTION + ""=javax.servlet.ServletException: "" + exception.getName()));
                     Assert.assertThat(response, CoreMatchers.containsString(RequestDispatcher.ERROR_MESSAGE + ""="" + exception.getName()));
                     Assert.assertThat(response, CoreMatchers.containsString(RequestDispatcher.ERROR_STATUS_CODE + ""=500""));
                 }
",149,,,
105,"@@ -75,7 +75,7 @@ private enum ContinueResponseCommitListener implements ResponseCommitListener {
         @Override
         public void beforeCommit(HttpServerExchange exchange) {
             //we are writing the response, and have not read the request then we mark this as non-persistent
             if (!HttpContinue.isContinueResponseSent(exchange)) {
                 exchange.setPersistent(false);
                 //we also kill the request channel, because it is unusable now
                 exchange.getConnection().terminateRequestChannel(exchange);
",150,,,
106,"@@ -75,10 +75,10 @@ private enum ContinueResponseCommitListener implements ResponseCommitListener {
         @Override
         public void beforeCommit(HttpServerExchange exchange) {
             //we are writing the response, and have not read the request then we mark this as non-persistent
             if (!HttpContinue.isContinueResponseSent(exchange) && !exchange.isRequestComplete()) {
                 exchange.setPersistent(false);
                 //we also kill the request channel, because it is unusable now
                 exchange.getConnection().terminateRequestChannel(exchange);
             }
         }
     }
",150,,,
107,"@@ -97,4 +97,28 @@ public void testHttpContinueBodySentAnywayNoLeak() throws IOException {
         persistentSocket.getInputStream().read();
     }
 
 }
",151,,,
108,"@@ -0,0 +1,219 @@
",152,,,
109,"@@ -18,174 +18,22 @@
 
 package io.undertow.servlet.test.handlers;
 
 import java.io.ByteArrayOutputStream;
 import java.io.IOException;
 import java.io.InputStream;
 import java.io.OutputStream;
 
 import javax.servlet.ServletException;
 import javax.servlet.http.HttpServlet;
 import javax.servlet.http.HttpServletRequest;
 import javax.servlet.http.HttpServletResponse;
 
 import org.apache.http.HttpResponse;
 import org.apache.http.client.methods.HttpPost;
 import org.apache.http.entity.StringEntity;
 import org.apache.http.params.BasicHttpParams;
 import org.apache.http.params.HttpParams;
 import org.junit.Assert;
 import org.junit.Assume;
 import org.junit.Before;
 import org.junit.BeforeClass;
 import org.junit.Test;
 import org.junit.runner.RunWith;
 
 import io.undertow.servlet.Servlets;
 import io.undertow.servlet.test.util.DeploymentUtils;
 import io.undertow.testutils.DefaultServer;
 import io.undertow.testutils.HttpClientUtils;
 import io.undertow.testutils.TestHttpClient;
 import io.undertow.util.StatusCodes;
 
 /**
  * @author Stuart Douglas
  */
 @RunWith(DefaultServer.class)
 public class HttpContinueServletTestCase {
 
     private static volatile boolean accept = false;
 
     @BeforeClass
     public static void setup() {
         DeploymentUtils.setupServlet(Servlets.servlet(ContinueConsumeServlet.class).addMappings(""/path""),
                 Servlets.servlet(ContinueIgnoreServlet.class).addMappings(""/ignore""));
     }
 
     @Before
     public void before() {
         Assume.assumeFalse(DefaultServer.isAjp());
     }
 
     @Test
     public void testHttpContinueRejected() throws IOException {
         accept = false;
         String message = ""My HTTP Request!"";
         HttpParams httpParams = new BasicHttpParams();
         httpParams.setParameter(""http.protocol.wait-for-continue"", Integer.MAX_VALUE);
 
         TestHttpClient client = new TestHttpClient();
         client.setParams(httpParams);
         try {
             HttpPost post = new HttpPost(DefaultServer.getDefaultServerURL() + ""/servletContext/path"");
             post.addHeader(""Expect"", ""100-continue"");
             post.setEntity(new StringEntity(message));
 
             HttpResponse result = client.execute(post);
             Assert.assertEquals(StatusCodes.EXPECTATION_FAILED, result.getStatusLine().getStatusCode());
         } finally {
             client.getConnectionManager().shutdown();
         }
     }
 
     @Test
     public void testHttpContinueAccepted() throws IOException {
         accept = true;
         String message = ""My HTTP Request!"";
         HttpParams httpParams = new BasicHttpParams();
         httpParams.setParameter(""http.protocol.wait-for-continue"", Integer.MAX_VALUE);
 
         TestHttpClient client = new TestHttpClient();
         client.setParams(httpParams);
         try {
             HttpPost post = new HttpPost(DefaultServer.getDefaultServerURL() + ""/servletContext/path"");
             post.addHeader(""Expect"", ""100-continue"");
             post.setEntity(new StringEntity(message));
 
             HttpResponse result = client.execute(post);
             Assert.assertEquals(StatusCodes.OK, result.getStatusLine().getStatusCode());
             Assert.assertEquals(message, HttpClientUtils.readResponse(result));
         } finally {
             client.getConnectionManager().shutdown();
         }
     }
 
     @Test
     public void testHttpContinueIgnored() throws IOException {
         accept = true;
         String message = ""My HTTP Request!"";
         HttpParams httpParams = new BasicHttpParams();
         httpParams.setParameter(""http.protocol.wait-for-continue"", Integer.MAX_VALUE);
 
         TestHttpClient client = new TestHttpClient();
         client.setParams(httpParams);
         try {
             HttpPost post = new HttpPost(DefaultServer.getDefaultServerURL() + ""/servletContext/ignore"");
             post.addHeader(""Expect"", ""100-continue"");
             post.setEntity(new StringEntity(message));
 
             HttpResponse result = client.execute(post);
             Assert.assertEquals(StatusCodes.OK, result.getStatusLine().getStatusCode());
             Assert.assertEquals("""", HttpClientUtils.readResponse(result));
         } finally {
             client.getConnectionManager().shutdown();
         }
     }
     //UNDERTOW-162
     @Test
     public void testHttpContinueAcceptedWithChunkedRequest() throws IOException {
         accept = true;
         String message = ""My HTTP Request!"";
         HttpParams httpParams = new BasicHttpParams();
         httpParams.setParameter(""http.protocol.wait-for-continue"", Integer.MAX_VALUE);
 
         TestHttpClient client = new TestHttpClient();
         client.setParams(httpParams);
         try {
             HttpPost post = new HttpPost(DefaultServer.getDefaultServerURL() + ""/servletContext/path"");
             post.addHeader(""Expect"", ""100-continue"");
             post.setEntity(new StringEntity(message) {
                 @Override
                 public long getContentLength() {
                     return -1;
                 }
             });
 
             HttpResponse result = client.execute(post);
             Assert.assertEquals(StatusCodes.OK, result.getStatusLine().getStatusCode());
             Assert.assertEquals(message, HttpClientUtils.readResponse(result));
         } finally {
             client.getConnectionManager().shutdown();
         }
     }
 
     public static class ContinueConsumeServlet extends HttpServlet {
         @Override
         protected void doPost(HttpServletRequest req, HttpServletResponse resp) throws ServletException, IOException {
             try {
                 if (!accept) {
                     resp.setStatus(StatusCodes.EXPECTATION_FAILED);
                     return;
                 }
                 byte[] buffer = new byte[1024];
                 final ByteArrayOutputStream b = new ByteArrayOutputStream();
                 int r = 0;
                 final OutputStream outputStream = resp.getOutputStream();
                 final InputStream inputStream = req.getInputStream();
                 while ((r = inputStream.read(buffer)) > 0) {
                     b.write(buffer, 0, r);
                 }
                 outputStream.write(b.toByteArray());
                 outputStream.close();
             } catch (IOException e) {
                 throw new RuntimeException(e);
             }
         }
     }
 
     public static class ContinueIgnoreServlet extends HttpServlet {
 
         protected void doPost(HttpServletRequest req, HttpServletResponse resp) throws ServletException, IOException {
 
         }
     }
 }
",153,,,
110,"@@ -0,0 +1,55 @@
",154,,,
111,"@@ -1,6 +1,6 @@
 /*
  * JBoss, Home of Professional Open Source.
  * Copyright 2014 Red Hat, Inc., and individual contributors
  * as indicated by the @author tags.
  *
  * Licensed under the Apache License, Version 2.0 (the ""License"");
",152,,,
112,"@@ -1,6 +1,6 @@
 /*
  * JBoss, Home of Professional Open Source.
  * Copyright 2014 Red Hat, Inc., and individual contributors
  * as indicated by the @author tags.
  *
  * Licensed under the Apache License, Version 2.0 (the ""License"");
",154,,,
113,"@@ -78,7 +78,11 @@ public void beforeCommit(HttpServerExchange exchange) {
             if (!HttpContinue.isContinueResponseSent(exchange)) {
                 exchange.setPersistent(false);
                 //we also kill the request channel, because it is unusable now
                 Connectors.terminateRequest(exchange);
             }
         }
     }
",150,,,
114,"@@ -38,7 +38,6 @@
  */
 @RunWith(DefaultServer.class)
 public class HttpContinueConduitWrappingHandlerBufferLeakTestCase {
 
     static Socket persistentSocket;
 
     @BeforeClass
@@ -108,11 +107,13 @@ public void testEmptySSLHttpContinueNoLeak() throws IOException {
                     DefaultServer.getHostAddress(""default""),
                     DefaultServer.getHostSSLPort(""default""), true);
 
             String message = ""POST /path HTTP/1.1\r\n"" +
                     ""Expect: 100-continue\r\n"" +
                     ""Content-Type: text/plain; charset=ISO-8859-1\r\n"" +
                     ""Host: localhost:7778\r\n"" +
                     ""Connection: Keep-Alive\r\n\r\nMy HTTP Request!"";
             sslSocket.getOutputStream().write(message.getBytes(StandardCharsets.UTF_8));
             sslSocket.getOutputStream().flush();
             sslSocket.getInputStream().read();
",151,,,
115,"@@ -230,9 +230,15 @@ public Resource getResource(final String p) {
                 log.tracef(""Failed to get path resource %s from path resource manager with base %s, as the path did not exist"", p, base);
                 return null;
             }
         } catch (Exception e) {
             UndertowLogger.REQUEST_LOGGER.debugf(e, ""Invalid path %s"", p);
             return null;
         }
     }
 
",92,,,
116,"@@ -230,9 +230,15 @@ public Resource getResource(final String p) {
                 log.tracef(""Failed to get path resource %s from path resource manager with base %s, as the path did not exist"", p, base);
                 return null;
             }
         } catch (Exception e) {
             UndertowLogger.REQUEST_LOGGER.debugf(e, ""Invalid path %s"", p);
             return null;
         }
     }
 
",92,,,
117,"@@ -230,9 +230,15 @@ public Resource getResource(final String p) {
                 log.tracef(""Failed to get path resource %s from path resource manager with base %s, as the path did not exist"", p, base);
                 return null;
             }
         } catch (Exception e) {
             UndertowLogger.REQUEST_LOGGER.debugf(e, ""Invalid path %s"", p);
             return null;
         }
     }
 
",92,,,
118,"@@ -125,6 +125,11 @@ public X509Certificate[] getPeerCertificateChain() throws SSLPeerUnverifiedExcep
 
     @Override
     public void renegotiate(HttpServerExchange exchange, SslClientAuthMode sslClientAuthMode) throws IOException {
         unverified = null;
         renegotiationRequiredException = null;
         if (exchange.isRequestComplete()) {
",155,,,
119,"@@ -21,6 +21,7 @@
 import java.net.UnknownHostException;
 import java.util.HashMap;
 import java.util.Map;
 
 import static io.undertow.server.handlers.ForwardedHandler.parseAddress;
 import static io.undertow.server.handlers.ForwardedHandler.parseHeader;
@@ -37,11 +38,25 @@ public static void setup() {
         DefaultServer.setRootHandler(new ForwardedHandler(new HttpHandler() {
             @Override
             public void handleRequest(HttpServerExchange exchange) throws Exception {
                 exchange.getResponseSender().send(exchange.getRequestScheme() + ""|"" + exchange.getHostAndPort()+ ""|"" + exchange.getDestinationAddress() + ""|"" + exchange.getSourceAddress() );
             }
         }));
     }
 
     @Test
     public void testHeaderParsing() {
         Map<ForwardedHandler.Token, String> results = new HashMap<>();
",136,,,
120,"@@ -40,10 +40,11 @@ public class Http2DataStreamSinkChannel extends Http2StreamSinkChannel implement
 
     private boolean first = true;
     private final HpackEncoder encoder;
     private ChannelListener<Http2DataStreamSinkChannel> completionListener;
 
     private final int frameType;
     private boolean completionListenerReady;
     private TrailersProducer trailersProducer;
 
     Http2DataStreamSinkChannel(Http2Channel channel, int streamId, int frameType) {
@@ -286,8 +287,52 @@ private HpackEncoder.State encodeContinuationFrame(HeaderMap headers, PooledByte
         return result;
     }
 
     @Override
     public boolean flush() throws IOException {
         if(completionListenerReady && completionListener != null) {
             ChannelListeners.invokeChannelListener(this, completionListener);
             completionListener = null;
@@ -321,8 +366,7 @@ protected void handleFlushComplete(boolean finalFrame) {
     protected void channelForciblyClosed() throws IOException {
         super.channelForciblyClosed();
         if (completionListener != null) {
             ChannelListeners.invokeChannelListener(this, completionListener);
             completionListener = null;
         }
     }
 
",156,,,
121,"@@ -0,0 +1,196 @@
",143,,,
123,"@@ -1184,7 +1184,7 @@ public Cookie getRequestCookie(final String name) {
      */
     public Iterable<Cookie> requestCookies() {
         if (requestCookies == null) {
             Set<Cookie> requestCookiesParam = new OverridableHashSet<>();
             requestCookies = new DelegatingIterable<>(requestCookiesParam);
             Cookies.parseRequestCookies(
                     getConnection().getUndertowOptions().get(UndertowOptions.MAX_COOKIES, 200),
@@ -1234,7 +1234,7 @@ public Map<String, Cookie> getResponseCookies() {
      */
     public Iterable<Cookie> responseCookies() {
         if (responseCookies == null) {
             responseCookies = new DelegatingIterable<>(new OverridableHashSet<>());
         }
         return responseCookies;
     }
",77,,,
124,"@@ -17,12 +17,12 @@
  */
 package io.undertow.server;
 
 import java.util.HashSet;
 
 /**
  * @author <a href=""mailto:ropalka@redhat.com"">Richard Opalka</a>
  */
 final class OverridableHashSet<T> extends HashSet<T> {
     @Override
     public boolean add(final T o) {
         // always override previous value
",11,,,
125,"@@ -26,7 +26,7 @@
  * @see io.undertow.server.Connectors
  * @author Stuart Douglas
  */
 public interface Cookie {
 
     String getName();
 
@@ -85,4 +85,31 @@ default String getSameSiteMode() {
     default Cookie setSameSiteMode(final String mode) {
         throw new UnsupportedOperationException(""Not implemented"");
     }
 }
",157,,,
126,"@@ -188,8 +188,8 @@ public final int hashCode() {
     @Override
     public final boolean equals(final Object other) {
         if (other == this) return true;
         if (!(other instanceof CookieImpl)) return false;
         final CookieImpl o = (CookieImpl) other;
         // compare names
         if (getName() == null && o.getName() != null) return false;
         if (getName() != null && !getName().equals(o.getName())) return false;
@@ -203,6 +203,11 @@ public final boolean equals(final Object other) {
         return true;
     }
 
     @Override
     public final String toString() {
         return ""{CookieImpl@"" + System.identityHashCode(this) + "" name="" + getName() + "" path="" + getPath() + "" domain="" + getDomain() + ""}"";
",158,,,
127,"@@ -198,8 +198,8 @@ public final int hashCode() {
     @Override
     public final boolean equals(final Object other) {
         if (other == this) return true;
         if (!(other instanceof ServletCookieAdaptor)) return false;
         final ServletCookieAdaptor o = (ServletCookieAdaptor) other;
         // compare names
         if (getName() == null && o.getName() != null) return false;
         if (getName() != null && !getName().equals(o.getName())) return false;
@@ -213,6 +213,11 @@ public final boolean equals(final Object other) {
         return true;
     }
 
     @Override
     public final String toString() {
         return ""{ServletCookieAdaptor@"" + System.identityHashCode(this) + "" name="" + getName() + "" path="" + getPath() + "" domain="" + getDomain() + ""}"";
",159,,,
128,"@@ -24,8 +24,8 @@
 import io.undertow.util.Certificates;
 
 import javax.net.ssl.SSLPeerUnverifiedException;
 import javax.security.cert.CertificateEncodingException;
 import javax.security.cert.X509Certificate;
 
 /**
  * @author Stuart Douglas
@@ -40,18 +40,16 @@ public String readAttribute(HttpServerExchange exchange) {
         if(ssl == null) {
             return null;
         }
         X509Certificate[] certificates;
         try {
             certificates = ssl.getPeerCertificateChain();
             if(certificates.length > 0) {
                 return Certificates.toPem(certificates[0]);
             }
             return null;
         } catch (SSLPeerUnverifiedException e) {
             return null;
         } catch (CertificateEncodingException e) {
             return null;
         } catch (RenegotiationRequiredException e) {
             return null;
         }
     }
",160,,,
129,"@@ -47,6 +47,13 @@ public interface SSLSessionInfo {
      */
     java.security.cert.Certificate[] getPeerCertificates() throws javax.net.ssl.SSLPeerUnverifiedException, RenegotiationRequiredException;
 
     javax.security.cert.X509Certificate[] getPeerCertificateChain() throws javax.net.ssl.SSLPeerUnverifiedException, RenegotiationRequiredException;
 
     /**
",161,,,
130,"@@ -24,12 +24,12 @@
 import java.net.SocketAddress;
 import java.nio.channels.Channel;
 import java.nio.charset.StandardCharsets;
 import java.util.Collections;
 import java.util.Map;
 import java.util.concurrent.TimeUnit;
 import javax.net.ssl.SSLPeerUnverifiedException;
 import javax.security.cert.CertificateEncodingException;
 import javax.security.cert.X509Certificate;
 
 import io.undertow.UndertowMessages;
 import io.undertow.server.handlers.ResponseCodeHandler;
@@ -546,9 +546,9 @@ public void run() {
 
             SSLSessionInfo sslSessionInfo = exchange.getConnection().getSslSessionInfo();
             if (sslSessionInfo != null) {
                 X509Certificate[] peerCertificates;
                 try {
                     peerCertificates = sslSessionInfo.getPeerCertificateChain();
                     if (peerCertificates.length > 0) {
                         request.putAttachment(ProxiedRequestAttachments.SSL_CERT, Certificates.toPem(peerCertificates[0]));
                     }
",72,,,
131,"@@ -18,24 +18,31 @@
 
 package io.undertow.util;
 
 import javax.security.cert.CertificateEncodingException;
 import javax.security.cert.X509Certificate;
 
 /**
  * Utility class for dealing with certificates
  *
  * @author Stuart Douglas
  */
 public class Certificates {
     public static final java.lang.String BEGIN_CERT = ""-----BEGIN CERTIFICATE-----"";
 
     public static final java.lang.String END_CERT = ""-----END CERTIFICATE-----"";
 
     public static String toPem(final X509Certificate certificate) throws CertificateEncodingException {
         final StringBuilder builder = new StringBuilder();
         builder.append(BEGIN_CERT);
         builder.append('\n');
         builder.append(FlexBase64.encodeString(certificate.getEncoded(), true));
         builder.append('\n');
         builder.append(END_CERT);
         return builder.toString();
",162,,,
132,"@@ -18,7 +18,7 @@
 
 package io.undertow.servlet.handlers.security;
 
 import java.io.ByteArrayInputStream;
 import java.security.cert.X509Certificate;
 import javax.servlet.ServletRequest;
 
@@ -86,8 +86,6 @@ public static int getKeyLength(String cipherSuite) {
 
     /**
      * Return the chain of X509 certificates used to negotiate the SSL Session.
      * <p>
      * We convert JSSE's javax.security.cert.X509Certificate[]  to servlet's  java.security.cert.X509Certificate[]
      *
      * @param session the   javax.net.ssl.SSLSession to use as the source of the cert chain.
      * @return the chain of java.security.cert.X509Certificates used to
@@ -96,23 +94,31 @@ public static int getKeyLength(String cipherSuite) {
      */
     private X509Certificate[] getCerts(SSLSessionInfo session) {
         try {
             javax.security.cert.X509Certificate[] javaxCerts = session.getPeerCertificateChain();
             if (javaxCerts == null || javaxCerts.length == 0) {
                 return null;
             }
             X509Certificate[] javaCerts = new X509Certificate[javaxCerts.length];
             java.security.cert.CertificateFactory cf = java.security.cert.CertificateFactory.getInstance(""X.509"");
             for (int i = 0; i < javaxCerts.length; i++) {
                 byte[] bytes = javaxCerts[i].getEncoded();
                 ByteArrayInputStream stream = new ByteArrayInputStream(bytes);
                 javaCerts[i] = (X509Certificate) cf.generateCertificate(stream);
             }
 
             return javaCerts;
         } catch (Exception e) {
             return null;
         }
                                                                                                                                                                                                                                                                                                                                                                                                                                                                                                                                                                                                                                                                                                                                                                                         }
 
     @Override
     public void handleRequest(HttpServerExchange exchange) throws Exception {
",163,,,
134,"@@ -49,11 +49,11 @@ public String readAttribute(final HttpServerExchange exchange) {
         if (src == null) {
             return RequestURLAttribute.INSTANCE.readAttribute(exchange);
         }
         String uri = (String) src.getServletRequest().getAttribute(RequestDispatcher.ERROR_REQUEST_URI);
         if (uri != null) {
             return uri;
         }
         uri = (String) src.getServletRequest().getAttribute(RequestDispatcher.FORWARD_REQUEST_URI);
         if (uri != null) {
             return uri;
         }
",164,,,
135,"@@ -20,7 +20,7 @@
 
 import io.undertow.server.HttpServerExchange;
 import io.undertow.server.SSLSessionInfo;
 import io.undertow.util.FlexBase64;
 
 /**
  * @author Stuart Douglas
@@ -35,7 +35,7 @@ public String readAttribute(HttpServerExchange exchange) {
         if(ssl == null || ssl.getSessionId() == null) {
             return null;
         }
         return FlexBase64.encodeString(ssl.getSessionId(), false);
     }
 
     @Override
",165,,,
136,"@@ -42,9 +42,9 @@
 import io.undertow.connector.PooledByteBuffer;
 import io.undertow.server.protocol.framed.SendFrameHeader;
 import io.undertow.util.Attachable;
 import io.undertow.util.FlexBase64;
 import io.undertow.util.HeaderMap;
 import io.undertow.util.Headers;
 import io.undertow.util.HttpString;
 import io.undertow.util.ImmediatePooledByteBuffer;
 
@@ -209,7 +209,7 @@ private SendFrameHeader createFrameHeaderImpl() {
                 byte[] sslSession = attachable.getAttachment(ProxiedRequestAttachments.SSL_SESSION_ID);
                 if (sslSession != null) {
                     buffer.put((byte) ATTR_SSL_SESSION);
                     putString(buffer, FlexBase64.encodeString(sslSession, false));
                 }
                 Integer sslKeySize = attachable.getAttachment(ProxiedRequestAttachments.SSL_KEY_SIZE);
                 if (sslKeySize != null) {
",166,,,
137,"@@ -19,7 +19,7 @@
 package io.undertow.server;
 
 import io.undertow.UndertowMessages;
 import io.undertow.util.FlexBase64;
 import org.xnio.SslClientAuthMode;
 
 import javax.net.ssl.SSLPeerUnverifiedException;
@@ -28,7 +28,6 @@
 import javax.security.cert.X509Certificate;
 import java.io.ByteArrayInputStream;
 import java.io.IOException;
 import java.nio.ByteBuffer;
 import java.nio.charset.StandardCharsets;
 import java.util.Collection;
 
@@ -43,19 +42,21 @@ public class BasicSSLSessionInfo implements SSLSessionInfo {
     private final String cypherSuite;
     private final java.security.cert.Certificate[] peerCertificate;
     private final X509Certificate[] certificate;
 
     /**
      *
      * @param sessionId The SSL session ID
      * @param cypherSuite The cypher suite name
      * @param certificate A string representation of the client certificate
      * @throws java.security.cert.CertificateException If the client cert could not be decoded
      * @throws CertificateException If the client cert could not be decoded
      */
     public BasicSSLSessionInfo(byte[] sessionId, String cypherSuite, String certificate) throws java.security.cert.CertificateException, CertificateException {
         this.sessionId = sessionId;
         this.cypherSuite = cypherSuite;
 
         if (certificate != null) {
             java.security.cert.CertificateFactory cf = java.security.cert.CertificateFactory.getInstance(""X.509"");
             byte[] certificateBytes = certificate.getBytes(StandardCharsets.US_ASCII);
@@ -73,16 +74,42 @@ public BasicSSLSessionInfo(byte[] sessionId, String cypherSuite, String certific
             this.certificate = null;
         }
     }
     /**
      *
      * @param sessionId The Base64 encoded SSL session ID
      * @param cypherSuite The cypher suite name
      * @param certificate A string representation of the client certificate
      * @throws java.security.cert.CertificateException If the client cert could not be decoded
      * @throws CertificateException If the client cert could not be decoded
      */
     public BasicSSLSessionInfo(String sessionId, String cypherSuite, String certificate) throws java.security.cert.CertificateException, CertificateException {
         this(sessionId == null ? null : base64Decode(sessionId), cypherSuite, certificate);
     }
 
     @Override
@@ -100,6 +127,15 @@ public String getCipherSuite() {
         return cypherSuite;
     }
 
     @Override
     public java.security.cert.Certificate[] getPeerCertificates() throws SSLPeerUnverifiedException {
         if (certificate == null) {
@@ -126,18 +162,10 @@ public SSLSession getSSLSession() {
         return null;
     }
 
     private static byte[] base64Decode(String sessionId) {
         try {
             ByteBuffer sessionIdBuffer = FlexBase64.decode(sessionId);
             byte[] sessionIdData;
             if (sessionIdBuffer.hasArray()) {
                 sessionIdData = sessionIdBuffer.array();
             } else {
                 sessionIdData = new byte[sessionIdBuffer.remaining()];
                 sessionIdBuffer.get(sessionIdData);
             }
             return sessionIdData;
         } catch (IOException e) {
             //can happen if the session id is invalid
             return null;
         }
",167,,,
138,"@@ -30,6 +30,44 @@
  */
 public interface SSLSessionInfo {
 
     /**
      *
      * @return The SSL session ID, or null if this could not be determined.
@@ -38,6 +76,10 @@ public interface SSLSessionInfo {
 
     java.lang.String getCipherSuite();
 
     /**
      * Gets the peer certificates. This may force SSL renegotiation.
      *
",161,,,
139,"@@ -32,6 +32,7 @@
 import javax.security.cert.CertificateException;
 
 import static io.undertow.util.Headers.SSL_CIPHER;
 import static io.undertow.util.Headers.SSL_CLIENT_CERT;
 import static io.undertow.util.Headers.SSL_SESSION_ID;
 
@@ -61,6 +62,7 @@
 public class SSLHeaderHandler implements HttpHandler {
 
     public static final String HTTPS = ""https"";
 
     private static final ExchangeCompletionListener CLEAR_SSL_LISTENER = new ExchangeCompletionListener() {
         @Override
@@ -82,19 +84,33 @@ public void handleRequest(HttpServerExchange exchange) throws Exception {
         final String sessionId = requestHeaders.getFirst(SSL_SESSION_ID);
         final String cipher = requestHeaders.getFirst(SSL_CIPHER);
         String clientCert = requestHeaders.getFirst(SSL_CLIENT_CERT);
         //the proxy client replaces \n with ' '
         if (clientCert != null && clientCert.length() > 28) {
             StringBuilder sb = new StringBuilder(clientCert.length() + 1);
             sb.append(Certificates.BEGIN_CERT);
             sb.append('\n');
             sb.append(clientCert.replace(' ', '\n').substring(28, clientCert.length() - 26));//core certificate data
             sb.append('\n');
             sb.append(Certificates.END_CERT);
             clientCert = sb.toString();
         }
         if (clientCert != null || sessionId != null || cipher != null) {
             try {
                 SSLSessionInfo info = new BasicSSLSessionInfo(sessionId, cipher, clientCert);
                 exchange.setRequestScheme(HTTPS);
                 exchange.getConnection().setSslSessionInfo(info);
                 exchange.addExchangeCompleteListener(CLEAR_SSL_LISTENER);
",168,,,
140,"@@ -538,6 +538,7 @@ public void run() {
                 }
                 request.putAttachment(ProxiedRequestAttachments.SSL_CYPHER, sslSessionInfo.getCipherSuite());
                 request.putAttachment(ProxiedRequestAttachments.SSL_SESSION_ID, sslSessionInfo.getSessionId());
             }
 
             if(rewriteHostHeader) {
",72,,,
141,"@@ -18,6 +18,7 @@
 
 package io.undertow.server.protocol.ajp;
 
 import java.io.UnsupportedEncodingException;
 import java.net.InetAddress;
 import java.net.InetSocketAddress;
@@ -112,11 +113,19 @@ BasicSSLSessionInfo createSslSessionInfo() {
         String sessionId = sslSessionId;
         String cypher = sslCipher;
         String cert = sslCert;
         if (cert == null && sessionId == null) {
             return null;
         }
         try {
             return new BasicSSLSessionInfo(sessionId, cypher, cert);
         } catch (CertificateException e) {
             return null;
         } catch (javax.security.cert.CertificateException e) {
",32,,,
142,"@@ -26,6 +26,7 @@
 import io.undertow.server.HttpServerExchange;
 import io.undertow.server.SSLSessionInfo;
 import io.undertow.servlet.handlers.ServletRequestContext;
 
 /**
  * Handler that associates SSL metadata with request
@@ -55,30 +56,7 @@ public SSLInformationAssociationHandler(final HttpHandler next) {
      * @return int indicating the effective key entropy bit-length.
      */
     public static int getKeyLength(String cipherSuite) {
         // Roughly ordered from most common to least common.
         if (cipherSuite == null) {
             return 0;
         } else if (cipherSuite.contains(""WITH_AES_256_"")) {
             return 256;
         } else if (cipherSuite.contains(""WITH_RC4_128_"")) {
             return 128;
         } else if (cipherSuite.contains(""WITH_AES_128_"")) {
             return 128;
         } else if (cipherSuite.contains(""WITH_RC4_40_"")) {
             return 40;
         } else if (cipherSuite.contains(""WITH_3DES_EDE_CBC_"")) {
             return 168;
         } else if (cipherSuite.contains(""WITH_IDEA_CBC_"")) {
             return 128;
         } else if (cipherSuite.contains(""WITH_RC2_CBC_40_"")) {
             return 40;
         } else if (cipherSuite.contains(""WITH_DES40_CBC_"")) {
             return 40;
         } else if (cipherSuite.contains(""WITH_DES_CBC_"")) {
             return 56;
         } else {
             return 0;
         }
     }
 
 
@@ -120,9 +98,10 @@ public void handleRequest(HttpServerExchange exchange) throws Exception {
         SSLSessionInfo ssl = exchange.getConnection().getSslSessionInfo();
         if (ssl != null) {
             String cipherSuite = ssl.getCipherSuite();
             request.setAttribute(""javax.servlet.request.cipher_suite"", cipherSuite);
             request.setAttribute(""javax.servlet.request.key_size"", getKeyLength(cipherSuite));
             request.setAttribute(""javax.servlet.request.ssl_session_id"", ssl.getSessionId());
             X509Certificate[] certs = getCerts(ssl);
             if (certs != null) {
                 request.setAttribute(""javax.servlet.request.X509Certificate"", certs);
",163,,,
143,"@@ -49,6 +49,9 @@ protected void doGet(HttpServletRequest req, HttpServletResponse resp) throws Se
             if (attribute!=null){
                 pw.write(attribute[0].getSerialNumber().toString());
             }
         }
         pw.close();
     }
",169,,,
144,"@@ -0,0 +1,108 @@
",170,,,
145,"@@ -37,6 +37,7 @@
 import org.junit.runner.RunWith;
 
 import java.io.IOException;
 
 import static org.junit.Assert.assertEquals;
 
@@ -48,8 +49,7 @@
 @RunWith(DefaultServer.class)
 public class SSLMetaDataTestCase {
 
     @BeforeClass
     public static void setup() throws Exception {
         DefaultServer.startSSLServer();
 
         final PathHandler root = new PathHandler();
@@ -58,6 +58,7 @@ public static void setup() throws Exception {
         ServletInfo s = new ServletInfo(""servlet"", SSLAttributesServlet.class)
                 .addMapping(""/id"")
                 .addMapping(""/cert"")
                 .addMapping(""/key-size"")
                 .addMapping(""/cipher-suite"");
 
@@ -72,7 +73,12 @@ public static void setup() throws Exception {
         DeploymentManager manager = container.addDeployment(info);
         manager.deploy();
         root.addPrefixPath(info.getContextPath(), manager.start());
 
         DefaultServer.setRootHandler(root);
     }
 
@@ -83,7 +89,12 @@ public static void cleanUp() throws Exception {
 
     @Test
     public void testSessionId() throws IOException {
         internalTest(""/id"");
     }
 
     @Test
@@ -101,17 +112,25 @@ public void testCert() throws IOException {
         internalTest(""/cert"");
     }
 
     private void internalTest(final String path) throws IOException {
         TestHttpClient client = new TestHttpClient();
         client.setSSLContext(DefaultServer.getClientSSLContext());
 
         final String url = DefaultServer.getDefaultServerSSLAddress() + ""/servletContext"" + path;
         try {
             HttpGet get = new HttpGet(url);
             HttpResponse result = client.execute(get);
             assertEquals(StatusCodes.OK, result.getStatusLine().getStatusCode());
             String response = HttpClientUtils.readResponse(result);
             Assert.assertTrue(response.length() > 0);
         } finally {
             client.getConnectionManager().shutdown();
         }
",171,,,
150,"@@ -18,9 +18,9 @@
 
 package io.undertow.protocols.ssl;
 
 import static org.xnio.IoUtils.safeClose;
 
 import java.io.IOException;
 import java.net.InetSocketAddress;
 import java.net.SocketAddress;
 import java.net.URI;
@@ -41,6 +41,8 @@
 import javax.net.ssl.SSLParameters;
 
 import io.undertow.UndertowOptions;
 import org.xnio.ChannelListener;
 import org.xnio.ChannelListeners;
 import org.xnio.FutureResult;
@@ -66,8 +68,7 @@
 import org.xnio.ssl.SslConnection;
 import org.xnio.ssl.XnioSsl;
 
 import io.undertow.connector.ByteBufferPool;
 import io.undertow.server.DefaultByteBufferPool;
 
 /**
  * @author Stuart Douglas
@@ -431,8 +432,14 @@ public void handleEvent(final StreamConnection connection) {
 
                 SSLEngine sslEngine = JsseSslUtils.createSSLEngine(sslContext, optionMap, destination);
                 SSLParameters params = sslEngine.getSSLParameters();
                 params.setServerNames(Collections.singletonList(new SNIHostName(destination.getHostString())));
 
                 final String endpointIdentificationAlgorithm = optionMap.get(UndertowOptions.ENDPOINT_IDENTIFICATION_ALGORITHM, null);
                 if (endpointIdentificationAlgorithm != null) {
                     params.setEndpointIdentificationAlgorithm(endpointIdentificationAlgorithm);
",175,,,
151,"@@ -135,15 +135,15 @@ public class Http2Channel extends AbstractFramedChannel<Http2Channel, AbstractHt
     private final String protocol;
 
     //local
     private int encoderHeaderTableSize;
     private volatile boolean pushEnabled;
     private volatile int sendMaxConcurrentStreams = -1;
     private volatile int receiveMaxConcurrentStreams = -1;
     private volatile int sendConcurrentStreams = 0;
     private volatile int receiveConcurrentStreams = 0;
     private volatile int initialReceiveWindowSize = DEFAULT_INITIAL_WINDOW_SIZE;
     private volatile int sendMaxFrameSize = DEFAULT_MAX_FRAME_SIZE;
     private int receiveMaxFrameSize = DEFAULT_MAX_FRAME_SIZE;
     private int unackedReceiveMaxFrameSize = DEFAULT_MAX_FRAME_SIZE; //the old max frame size, this gets updated when our setting frame is acked
     private final int maxHeaders;
     private final int maxHeaderListSize;
@@ -179,7 +179,7 @@ public class Http2Channel extends AbstractFramedChannel<Http2Channel, AbstractHt
 
     private final Map<AttachmentKey<?>, Object> attachments = Collections.synchronizedMap(new HashMap<AttachmentKey<?>, Object>());
 
     private ParseTimeoutUpdater parseTimeoutUpdater;
 
     private final Object flowControlLock = new Object();
 
@@ -195,12 +195,13 @@ public class Http2Channel extends AbstractFramedChannel<Http2Channel, AbstractHt
     /**
      * How much data we have told the remote endpoint we are prepared to accept, guarded by {@link #flowControlLock}
      */
     private volatile int receiveWindowSize = initialReceiveWindowSize;
 
 
     public Http2Channel(StreamConnection connectedStreamChannel, String protocol, ByteBufferPool bufferPool, PooledByteBuffer data, boolean clientSide, boolean fromUpgrade, OptionMap settings) {
         this(connectedStreamChannel, protocol, bufferPool, data, clientSide, fromUpgrade, true, null, settings);
     }
     public Http2Channel(StreamConnection connectedStreamChannel, String protocol, ByteBufferPool bufferPool, PooledByteBuffer data, boolean clientSide, boolean fromUpgrade, boolean prefaceRequired, OptionMap settings) {
         this(connectedStreamChannel, protocol, bufferPool, data, clientSide, fromUpgrade, prefaceRequired, null, settings);
     }
@@ -211,6 +212,7 @@ public Http2Channel(StreamConnection connectedStreamChannel, String protocol, By
 
         pushEnabled = settings.get(UndertowOptions.HTTP2_SETTINGS_ENABLE_PUSH, true);
         this.initialReceiveWindowSize = settings.get(UndertowOptions.HTTP2_SETTINGS_INITIAL_WINDOW_SIZE, DEFAULT_INITIAL_WINDOW_SIZE);
         this.receiveMaxConcurrentStreams = settings.get(UndertowOptions.HTTP2_SETTINGS_MAX_CONCURRENT_STREAMS, -1);
 
         this.protocol = protocol == null ? Http2OpenListener.HTTP2 : protocol;
",117,,,
152,"@@ -212,7 +212,12 @@ public void servletContextAttributeAdded(final String name, final Object value)
         }
         final ServletContextAttributeEvent sre = new ServletContextAttributeEvent(servletContext, name, value);
         for (int i = 0; i < servletContextAttributeListeners.length; ++i) {
             this.<ServletContextAttributeListener>get(servletContextAttributeListeners[i]).attributeAdded(sre);
         }
     }
 
@@ -222,7 +227,12 @@ public void servletContextAttributeRemoved(final String name, final Object value
         }
         final ServletContextAttributeEvent sre = new ServletContextAttributeEvent(servletContext, name, value);
         for (int i = 0; i < servletContextAttributeListeners.length; ++i) {
             this.<ServletContextAttributeListener>get(servletContextAttributeListeners[i]).attributeRemoved(sre);
         }
     }
 
@@ -232,7 +242,12 @@ public void servletContextAttributeReplaced(final String name, final Object valu
         }
         final ServletContextAttributeEvent sre = new ServletContextAttributeEvent(servletContext, name, value);
         for (int i = 0; i < servletContextAttributeListeners.length; ++i) {
             this.<ServletContextAttributeListener>get(servletContextAttributeListeners[i]).attributeReplaced(sre);
         }
     }
 
@@ -250,10 +265,11 @@ public void requestInitialized(final ServletRequest request) {
             } catch (RuntimeException e) {
                 UndertowServletLogger.REQUEST_LOGGER.errorInvokingListener(""requestInitialized"", servletRequestListeners[i].getListenerInfo().getListenerClass(), e);
                 for (; i >= 0; i--) {
                     try {
                         this.<ServletRequestListener>get(servletRequestListeners[i]).requestDestroyed(sre);
                     } catch (Throwable t) {
                         UndertowServletLogger.REQUEST_LOGGER.errorInvokingListener(""requestDestroyed"", servletRequestListeners[i].getListenerInfo().getListenerClass(), e);
                     }
                 }
                 throw e;
@@ -284,7 +300,13 @@ public void servletRequestAttributeAdded(final HttpServletRequest request, final
         }
         final ServletRequestAttributeEvent sre = new ServletRequestAttributeEvent(servletContext, request, name, value);
         for (int i = 0; i < servletRequestAttributeListeners.length; ++i) {
             this.<ServletRequestAttributeListener>get(servletRequestAttributeListeners[i]).attributeAdded(sre);
         }
     }
 
@@ -294,7 +316,12 @@ public void servletRequestAttributeRemoved(final HttpServletRequest request, fin
         }
         final ServletRequestAttributeEvent sre = new ServletRequestAttributeEvent(servletContext, request, name, value);
         for (int i = 0; i < servletRequestAttributeListeners.length; ++i) {
             this.<ServletRequestAttributeListener>get(servletRequestAttributeListeners[i]).attributeRemoved(sre);
         }
     }
 
@@ -304,7 +331,12 @@ public void servletRequestAttributeReplaced(final HttpServletRequest request, fi
         }
         final ServletRequestAttributeEvent sre = new ServletRequestAttributeEvent(servletContext, request, name, value);
         for (int i = 0; i < servletRequestAttributeListeners.length; ++i) {
             this.<ServletRequestAttributeListener>get(servletRequestAttributeListeners[i]).attributeReplaced(sre);
         }
     }
 
@@ -314,7 +346,12 @@ public void sessionCreated(final HttpSession session) {
         }
         final HttpSessionEvent sre = new HttpSessionEvent(session);
         for (int i = 0; i < httpSessionListeners.length; ++i) {
             this.<HttpSessionListener>get(httpSessionListeners[i]).sessionCreated(sre);
         }
     }
 
@@ -325,7 +362,11 @@ public void sessionDestroyed(final HttpSession session) {
         final HttpSessionEvent sre = new HttpSessionEvent(session);
         for (int i = httpSessionListeners.length - 1; i >= 0; --i) {
             ManagedListener listener = httpSessionListeners[i];
             this.<HttpSessionListener>get(listener).sessionDestroyed(sre);
         }
     }
 
@@ -335,7 +376,12 @@ public void httpSessionAttributeAdded(final HttpSession session, final String na
         }
         final HttpSessionBindingEvent sre = new HttpSessionBindingEvent(session, name, value);
         for (int i = 0; i < httpSessionAttributeListeners.length; ++i) {
             this.<HttpSessionAttributeListener>get(httpSessionAttributeListeners[i]).attributeAdded(sre);
         }
     }
 
@@ -345,7 +391,12 @@ public void httpSessionAttributeRemoved(final HttpSession session, final String
         }
         final HttpSessionBindingEvent sre = new HttpSessionBindingEvent(session, name, value);
         for (int i = 0; i < httpSessionAttributeListeners.length; ++i) {
             this.<HttpSessionAttributeListener>get(httpSessionAttributeListeners[i]).attributeRemoved(sre);
         }
     }
 
@@ -355,7 +406,12 @@ public void httpSessionAttributeReplaced(final HttpSession session, final String
         }
         final HttpSessionBindingEvent sre = new HttpSessionBindingEvent(session, name, value);
         for (int i = 0; i < httpSessionAttributeListeners.length; ++i) {
             this.<HttpSessionAttributeListener>get(httpSessionAttributeListeners[i]).attributeReplaced(sre);
         }
     }
 
@@ -365,7 +421,12 @@ public void httpSessionIdChanged(final HttpSession session, final String oldSess
         }
         final HttpSessionEvent sre = new HttpSessionEvent(session);
         for (int i = 0; i < httpSessionIdListeners.length; ++i) {
             this.<HttpSessionIdListener>get(httpSessionIdListeners[i]).sessionIdChanged(sre, oldSessionId);
         }
     }
 
",176,,,
153,"@@ -187,7 +187,6 @@ public void deploy() {
                 @Override
                 public Void call(HttpServerExchange exchange, Object ignore) throws Exception {
                     final ApplicationListeners listeners = createListeners();
                     listeners.start();
 
                     deployment.setApplicationListeners(listeners);
 
@@ -207,6 +206,8 @@ public Void call(HttpServerExchange exchange, Object ignore) throws Exception {
                         }
                     }
 
                     deployment.getSessionManager().registerSessionListener(new SessionListenerBridge(deployment, listeners, servletContext));
                     for(SessionListener listener : deploymentInfo.getSessionListeners()) {
                         deployment.getSessionManager().registerSessionListener(listener);
",69,,,
170,"@@ -109,8 +109,13 @@ public <T> T setOption(final Option<T> option, final T value) throws IllegalArgu
             try {
                 return option.cast(engine.getNeedClientAuth() ? SslClientAuthMode.REQUIRED : engine.getWantClientAuth() ? SslClientAuthMode.REQUESTED : SslClientAuthMode.NOT_REQUESTED);
             } finally {
                 engine.setNeedClientAuth(value == SslClientAuthMode.REQUIRED);
                 engine.setWantClientAuth(value == SslClientAuthMode.REQUESTED);
             }
         } else if (option == Options.SECURE) {
             throw new IllegalArgumentException();
",181,,,
171,"@@ -59,6 +59,7 @@ public class DefaultAccessLogReceiver implements AccessLogReceiver, Runnable, Cl
     //0 = not running
     //1 = queued
     //2 = running
     @SuppressWarnings(""unused"")
     private volatile int state = 0;
 
@@ -188,22 +189,40 @@ public void run() {
                 writeMessage(messages);
             }
         } finally {
             stateUpdater.set(this, 0);
             //check to see if there is still more messages
             //if so then run this again
             if (!pendingMessages.isEmpty() || forceLogRotation) {
                 if (stateUpdater.compareAndSet(this, 0, 1)) {
                     logWriteExecutor.execute(this);
                 }
             } else if (closed) {
                 try {
                     if(writer != null) {
                         writer.flush();
                         writer.close();
                         writer = null;
                     }
                 } catch (IOException e) {
                     UndertowLogger.ROOT_LOGGER.errorWritingAccessLog(e);
                 }
             }
         }
",182,,,
172,"@@ -60,6 +60,10 @@ public String getErrorLocation(final Throwable exception) {
         }
         if (location == null && exception instanceof ServletException) {
             Throwable rootCause = ((ServletException) exception).getRootCause();
             if (rootCause != null) {
                 for (Class c = rootCause.getClass(); c != null && location == null; c = c.getSuperclass()) {
                     location = exceptionMappings.get(c);
",183,,,
173,"@@ -61,10 +61,13 @@ public String getErrorLocation(final Throwable exception) {
         if (location == null && exception instanceof ServletException) {
             Throwable rootCause = ((ServletException) exception).getRootCause();
             //Iterate through any nested JasperException in case it is in JSP development mode
             while (rootCause != null && rootCause instanceof ServletException) {
                 rootCause = ((ServletException) rootCause).getRootCause();
             }
             if (rootCause != null) {
                 for (Class c = rootCause.getClass(); c != null && location == null; c = c.getSuperclass()) {
                     location = exceptionMappings.get(c);
                 }
",183,,,
174,"@@ -29,8 +29,11 @@
  * Predicate that returns true if the Content-Size of a request is above a
  * given value.
  *
  * @author Stuart Douglas
  */
 public class MaxContentSizePredicate implements Predicate {
 
     private final long maxSize;
",184,,,
175,"@@ -29,8 +29,11 @@
  * Predicate that returns true if the Content-Size of a request is below a
  * given value.
  *
  * @author Stuart Douglas
  */
 public class MinContentSizePredicate implements Predicate {
 
     private final long minSize;
",185,,,
176,"@@ -119,20 +119,41 @@ public static Predicate prefixes(final String... paths) {
      * Predicate that returns true if the Content-Size of a request is above a
      * given value.
      *
      * @author Stuart Douglas
      */
     public static Predicate maxContentSize(final long size) {
         return new MaxContentSizePredicate(size);
     }
 
     /**
      * Predicate that returns true if the Content-Size of a request is below a
      * given value.
      */
     public static Predicate minContentSize(final long size) {
         return new MinContentSizePredicate(size);
     }
 
     /**
      * Prediction which always returns true
      */
",186,,,
177,"@@ -0,0 +1,79 @@
",187,,,
178,"@@ -0,0 +1,79 @@
",188,,,
179,"@@ -12,3 +12,5 @@ io.undertow.predicate.MaxContentSizePredicate$Builder
 io.undertow.predicate.MinContentSizePredicate$Builder
 io.undertow.predicate.SecurePredicate$Builder
 io.undertow.predicate.IdempotentPredicate$Builder
\ No newline at end of file
",189,,,
180,"@@ -220,12 +220,10 @@ public void handleEvent(Http2StreamSourceChannel channel) {
      * @param initial The initial upgrade request that started the HTTP2 connection
      */
     void handleInitialRequest(HttpServerExchange initial, Http2Channel channel, byte[] data) {
 
         //we have a request
         Http2HeadersStreamSinkChannel sink = channel.createInitialUpgradeResponseStream();
         final Http2ServerConnection connection = new Http2ServerConnection(channel, sink, undertowOptions, bufferSize, rootHandler);
 
 
         HeaderMap requestHeaders = new HeaderMap();
         for(HeaderValues hv : initial.getRequestHeaders()) {
             requestHeaders.putAll(hv.getHeaderName(), hv);
@@ -242,11 +240,10 @@ void handleInitialRequest(HttpServerExchange initial, Http2Channel channel, byte
         exchange.setRequestScheme(initial.getRequestScheme());
         exchange.setRequestMethod(initial.getRequestMethod());
         exchange.setQueryString(initial.getQueryString());
         if(data != null) {
             Connectors.ungetRequestBytes(exchange, new ImmediatePooledByteBuffer(ByteBuffer.wrap(data)));
         } else {
             Connectors.terminateRequest(exchange);
         }
         String uri = exchange.getQueryString().isEmpty() ? initial.getRequestURI() : initial.getRequestURI() + '?' + exchange.getQueryString();
         try {
             Connectors.setExchangeRequestPath(exchange, uri, encoding, decode, allowEncodingSlash, decodeBuffer, maxParameters);
@@ -256,7 +253,6 @@ void handleInitialRequest(HttpServerExchange initial, Http2Channel channel, byte
             return;
         }
 
 
         handleCommonSetup(sink, exchange, connection);
         Connectors.executeRootHandler(rootHandler, exchange);
     }
",113,,,
181,"@@ -682,17 +682,13 @@ public ServletInputStream getInputStream() throws IOException {
     }
 
     public void closeAndDrainRequest() throws IOException {
         try {
             if (reader != null) {
                 reader.close();
             }
             if (servletInputStream == null) {
                 servletInputStream = new ServletInputStreamImpl(this);
             }
             servletInputStream.close();
         } finally {
             clearAttributes();
         }
     }
 
     /**
",97,,,
184,"@@ -22,6 +22,8 @@
 import java.lang.reflect.Method;
 import java.security.AccessController;
 import java.security.PrivilegedAction;
 import javax.net.ssl.SSLEngine;
 import javax.net.ssl.SSLParameters;
 
@@ -38,16 +40,39 @@ public class JDK9AlpnProvider implements ALPNProvider {
 
 
     public static final JDK9ALPNMethods JDK_9_ALPN_METHODS;
 
     static {
         JDK_9_ALPN_METHODS = AccessController.doPrivileged(new PrivilegedAction<JDK9ALPNMethods>() {
             @Override
             public JDK9ALPNMethods run() {
                 try {
                     Method setApplicationProtocols = SSLParameters.class.getMethod(""setApplicationProtocols"", String[].class);
                     Method getApplicationProtocol = SSLEngine.class.getMethod(""getApplicationProtocol"");
                     UndertowLogger.ROOT_LOGGER.debug(""Using JDK9 ALPN"");
                     return new JDK9ALPNMethods(setApplicationProtocols, getApplicationProtocol);
                 } catch (Exception e) {
                     UndertowLogger.ROOT_LOGGER.debug(""JDK9 ALPN not supported"");
                     return null;
",52,,,
185,"@@ -326,6 +326,7 @@ private void handleFirstRequest(final HttpServerExchange exchange, ServletReques
         //if it is not dispatched and is not a mock request
         if (!exchange.isDispatched() && !(exchange.getConnection() instanceof MockServerConnection)) {
             servletRequestContext.getOriginalResponse().responseDone();
         }
         if(!exchange.isDispatched()) {
             AsyncContextImpl ctx = servletRequestContext.getOriginalRequest().getAsyncContextInternal();
",190,,,
186,"@@ -614,6 +614,7 @@ private void onAsyncCompleteAndRespond() {
             response.responseDone();
             try {
                 servletRequestContext.getOriginalRequest().closeAndDrainRequest();
             } catch (IOException e) {
                 UndertowLogger.REQUEST_IO_LOGGER.ioException(e);
             } catch (Throwable t) {
",191,,,
187,"@@ -1188,6 +1188,12 @@ public String toString() {
         return ""HttpServletRequestImpl [ "" + getMethod() + ' ' + getRequestURI() + "" ]"";
     }
 
     @Override
     public PushBuilder newPushBuilder() {
         if(exchange.getConnection().isPushSupported()) {
",97,,,
188,"@@ -326,7 +326,6 @@ private void handleFirstRequest(final HttpServerExchange exchange, ServletReques
         //if it is not dispatched and is not a mock request
         if (!exchange.isDispatched() && !(exchange.getConnection() instanceof MockServerConnection)) {
             servletRequestContext.getOriginalResponse().responseDone();
             servletRequestContext.getOriginalRequest().clearAttributes();
         }
         if(!exchange.isDispatched()) {
             AsyncContextImpl ctx = servletRequestContext.getOriginalRequest().getAsyncContextInternal();
",190,,,
189,"@@ -614,7 +614,6 @@ private void onAsyncCompleteAndRespond() {
             response.responseDone();
             try {
                 servletRequestContext.getOriginalRequest().closeAndDrainRequest();
                 servletRequestContext.getOriginalRequest().clearAttributes();
             } catch (IOException e) {
                 UndertowLogger.REQUEST_IO_LOGGER.ioException(e);
             } catch (Throwable t) {
",191,,,
190,"@@ -682,25 +682,33 @@ public ServletInputStream getInputStream() throws IOException {
     }
 
     public void closeAndDrainRequest() throws IOException {
         if(reader != null) {
             reader.close();
         }
         if(servletInputStream == null) {
             servletInputStream = new ServletInputStreamImpl(this);
         }
         servletInputStream.close();
     }
 
     /**
      * Frees any resources (namely buffers) that may be associated with this request.
      *
      */
     public void freeResources() throws IOException {
         if(reader != null) {
             reader.close();
         }
         if(servletInputStream != null) {
             servletInputStream.close();
         }
     }
 
",97,,,
191,"@@ -25,30 +25,48 @@
 import java.nio.charset.Charset;
 import java.nio.charset.StandardCharsets;
 
 import io.undertow.UndertowLogger;
 import io.undertow.UndertowMessages;
 import io.undertow.server.HttpServerExchange;
 import io.undertow.util.Headers;
 import org.xnio.Buffers;
 import org.xnio.ChannelExceptionHandler;
 import org.xnio.ChannelListener;
 import org.xnio.ChannelListeners;
 import org.xnio.IoUtils;
 import io.undertow.connector.PooledByteBuffer;
 import org.xnio.channels.StreamSinkChannel;
 
 /**
  * @author Stuart Douglas
  */
 public class AsyncSenderImpl implements Sender {
 
     private StreamSinkChannel channel;
     private final HttpServerExchange exchange;
     private ByteBuffer[] buffer;
     private PooledByteBuffer[] pooledBuffers = null;
     private FileChannel fileChannel;
     private IoCallback callback;
     private boolean inCallback;
 
     private ChannelListener<StreamSinkChannel> writeListener;
 
@@ -116,6 +134,7 @@ public AsyncSenderImpl(final HttpServerExchange exchange) {
 
     @Override
     public void send(final ByteBuffer buffer, final IoCallback callback) {
         if (callback == null) {
             throw UndertowMessages.MESSAGES.argumentCannotBeNull(""callback"");
         }
@@ -147,7 +166,7 @@ public void send(final ByteBuffer buffer, final IoCallback callback) {
             }
         }
         this.callback = callback;
         if (inCallback) {
             this.buffer = new ByteBuffer[]{buffer};
             return;
         }
@@ -180,6 +199,7 @@ public void send(final ByteBuffer buffer, final IoCallback callback) {
 
     @Override
     public void send(final ByteBuffer[] buffer, final IoCallback callback) {
         if (callback == null) {
             throw UndertowMessages.MESSAGES.argumentCannotBeNull(""callback"");
         }
@@ -195,7 +215,7 @@ public void send(final ByteBuffer[] buffer, final IoCallback callback) {
             throw UndertowMessages.MESSAGES.dataAlreadyQueued();
         }
         this.callback = callback;
         if (inCallback) {
             this.buffer = buffer;
             return;
         }
@@ -249,6 +269,7 @@ public void send(final ByteBuffer[] buffer, final IoCallback callback) {
 
     @Override
     public void transferFrom(FileChannel source, IoCallback callback) {
         if (callback == null) {
             throw UndertowMessages.MESSAGES.argumentCannotBeNull(""callback"");
         }
@@ -266,7 +287,7 @@ public void transferFrom(FileChannel source, IoCallback callback) {
 
         this.callback = callback;
         this.fileChannel = source;
         if (inCallback) {
             return;
         }
         if(transferTask == null) {
@@ -297,7 +318,7 @@ public void send(final String data, final IoCallback callback) {
 
     @Override
     public void send(final String data, final Charset charset, final IoCallback callback) {
 
         if(!exchange.getConnection().isOpen()) {
             invokeOnException(callback, new ClosedChannelException());
             return;
@@ -408,11 +429,15 @@ private void invokeOnComplete() {
             this.buffer = null;
             this.fileChannel = null;
             this.callback = null;
             inCallback = true;
             try {
                 callback.onComplete(exchange, this);
             } finally {
                 inCallback = false;
             }
 
             StreamSinkChannel channel = this.channel;
",192,,,
192,"@@ -43,7 +43,8 @@ public class BlockingSenderImpl implements Sender {
 
     private final HttpServerExchange exchange;
     private final OutputStream outputStream;
     private boolean inCall;
     private ByteBuffer[] next;
     private FileChannel pendingFile;
     private IoCallback queuedCallback;
@@ -55,7 +56,8 @@ public BlockingSenderImpl(final HttpServerExchange exchange, final OutputStream
 
     @Override
     public void send(final ByteBuffer buffer, final IoCallback callback) {
         if (inCall) {
             queue(new ByteBuffer[]{buffer}, callback);
             return;
         } else {
@@ -78,7 +80,8 @@ public void send(final ByteBuffer buffer, final IoCallback callback) {
 
     @Override
     public void send(final ByteBuffer[] buffer, final IoCallback callback) {
         if (inCall) {
             queue(buffer, callback);
             return;
         } else {
@@ -112,7 +115,8 @@ public void send(final ByteBuffer[] buffer) {
     @Override
     public void send(final String data, final IoCallback callback) {
         byte[] bytes = data.getBytes(StandardCharsets.UTF_8);
         if (inCall) {
             queue(new ByteBuffer[]{ByteBuffer.wrap(bytes)}, callback);
             return;
         } else {
@@ -138,7 +142,8 @@ public void send(final String data, final IoCallback callback) {
     @Override
     public void send(final String data, final Charset charset, final IoCallback callback) {
         byte[] bytes = data.getBytes(charset);
         if (inCall) {
             queue(new ByteBuffer[]{ByteBuffer.wrap(bytes)}, callback);
             return;
         }else {
@@ -173,7 +178,8 @@ public void send(final String data, final Charset charset) {
 
     @Override
     public void transferFrom(FileChannel source, IoCallback callback) {
         if (inCall) {
             queue(source, callback);
             return;
         }
@@ -271,11 +277,15 @@ private boolean writeBuffer(final ByteBuffer[] buffers, final IoCallback callbac
 
 
     private void invokeOnComplete(final IoCallback callback) {
         inCall = true;
         try {
             callback.onComplete(exchange, this);
         } finally {
             inCall = false;
         }
         while (next != null || pendingFile != null) {
             ByteBuffer[] next = this.next;
@@ -292,11 +302,15 @@ private void invokeOnComplete(final IoCallback callback) {
             } else if (file != null) {
                 performTransfer(file, queuedCallback);
             }
             inCall = true;
             try {
                 queuedCallback.onComplete(exchange, this);
             } finally {
                 inCall = false;
             }
         }
     }
",193,,,
193,"@@ -56,7 +56,8 @@ public class BlockingWriterSenderImpl implements Sender {
     private final PrintWriter writer;
 
     private FileChannel pendingFile;
     private boolean inCall;
     private String next;
     private IoCallback queuedCallback;
 
@@ -68,7 +69,8 @@ public BlockingWriterSenderImpl(final HttpServerExchange exchange, final PrintWr
 
     @Override
     public void send(final ByteBuffer buffer, final IoCallback callback) {
         if (inCall) {
             queue(new ByteBuffer[]{buffer}, callback);
             return;
         }
@@ -80,7 +82,8 @@ public void send(final ByteBuffer buffer, final IoCallback callback) {
 
     @Override
     public void send(final ByteBuffer[] buffer, final IoCallback callback) {
         if (inCall) {
             queue(buffer, callback);
             return;
         }
@@ -94,7 +97,8 @@ public void send(final ByteBuffer[] buffer, final IoCallback callback) {
 
     @Override
     public void send(final String data, final IoCallback callback) {
         if (inCall) {
             queue(data, callback);
             return;
         }
@@ -115,7 +119,8 @@ public void send(final ByteBuffer[] buffer) {
 
     @Override
     public void send(final String data, final Charset charset, final IoCallback callback) {
         if (inCall) {
             queue(new ByteBuffer[]{ByteBuffer.wrap(data.getBytes(charset))}, callback);
             return;
         }
@@ -135,7 +140,8 @@ public void send(final String data, final Charset charset) {
 
     @Override
     public void transferFrom(FileChannel source, IoCallback callback) {
         if (inCall) {
             queue(source, callback);
             return;
         }
@@ -206,11 +212,15 @@ private boolean writeBuffer(final ByteBuffer buffer, final IoCallback callback)
 
 
     private void invokeOnComplete(final IoCallback callback) {
         inCall = true;
         try {
             callback.onComplete(exchange, this);
         } finally {
             inCall = false;
         }
         while (next != null) {
             String next = this.next;
@@ -221,11 +231,15 @@ private void invokeOnComplete(final IoCallback callback) {
             if (writer.checkError()) {
                 queuedCallback.onException(exchange, this, new IOException());
             } else {
                 inCall = true;
                 try {
                     queuedCallback.onComplete(exchange, this);
                 } finally {
                     inCall = false;
                 }
             }
         }
",194,,,
194,"@@ -391,25 +391,9 @@ final void handlePath(ByteBuffer buffer, ParseState state, HttpServerExchange ex
             if (next == ' ' || next == '\t') {
                 if (stringBuilder.length() != 0) {
                     final String path = stringBuilder.toString();
                     if(parseState == SECOND_SLASH) {
                         exchange.setRequestPath(""/"");
                         exchange.setRelativePath(""/"");
                         exchange.setRequestURI(path);
                     } else if (parseState < HOST_DONE && state.canonicalPath.length() == 0) {
                         String decodedPath = decode(path, urlDecodeRequired, state, allowEncodedSlash, false);
                         exchange.setRequestPath(decodedPath);
                         exchange.setRelativePath(decodedPath);
                         exchange.setRequestURI(path);
                     } else {
                         handleFullUrl(state, exchange, canonicalPathStart, urlDecodeRequired, path);
                     }
                     exchange.setQueryString("""");
                     state.state = ParseState.VERSION;
                     state.stringBuilder.setLength(0);
                     state.canonicalPath.setLength(0);
                     state.parseState = 0;
                     state.pos = 0;
                     state.urlDecodeRequired = false;
                     return;
                 }
             } else if (next == '\r' || next == '\n') {
@@ -462,35 +446,39 @@ final void handlePath(ByteBuffer buffer, ParseState state, HttpServerExchange ex
         state.urlDecodeRequired = urlDecodeRequired;
     }
 
     private void beginQueryParameters(ByteBuffer buffer, ParseState state, HttpServerExchange exchange, StringBuilder stringBuilder, int parseState, int canonicalPathStart, boolean urlDecodeRequired) throws BadRequestException {
         final String path = stringBuilder.toString();
         if (parseState == SECOND_SLASH) {
             exchange.setRequestPath(""/"");
             exchange.setRelativePath(""/"");
             exchange.setRequestURI(path);
         } else if (parseState < HOST_DONE) {
             String decodedPath = decode(path, urlDecodeRequired, state, allowEncodedSlash, false);
             exchange.setRequestPath(decodedPath);
             exchange.setRelativePath(decodedPath);
             exchange.setRequestURI(path, false);
         } else {
             handleFullUrl(state, exchange, canonicalPathStart, urlDecodeRequired, path);
         }
         state.state = ParseState.QUERY_PARAMETERS;
         state.stringBuilder.setLength(0);
         state.canonicalPath.setLength(0);
         state.parseState = 0;
         state.pos = 0;
         state.urlDecodeRequired = false;
         handleQueryParameters(buffer, state, exchange);
     }
 
     private void handleFullUrl(ParseState state, HttpServerExchange exchange, int canonicalPathStart, boolean urlDecodeRequired, String path) {
         state.canonicalPath.append(path.substring(canonicalPathStart));
         String thePath = decode(state.canonicalPath.toString(), urlDecodeRequired, state, allowEncodedSlash, false);
         exchange.setRequestPath(thePath);
         exchange.setRelativePath(thePath);
         exchange.setRequestURI(path, true);
     }
 
 
@@ -613,22 +601,9 @@ final void handlePathParameters(ByteBuffer buffer, ParseState state, HttpServerE
             if (next == ' ' || next == '\t' || next == '?') {
                 handleParsedParam(param, stringBuilder.substring(pos), exchange, urlDecodeRequired, state);
                 final String path = stringBuilder.toString();
                 if(state.parseState == SECOND_SLASH) {
                     exchange.setRequestPath(""/"");
                     exchange.setRelativePath(""/"");
                     exchange.setRequestURI(path);
                 } else {
                     String decodedPath = decode(state.canonicalPath.toString(), urlDecodeRequired, state, allowEncodedSlash, false);
                     exchange.setRequestPath(decodedPath);
                     exchange.setRelativePath(decodedPath);
                     exchange.setRequestURI(path);
                 }
                 state.state = ParseState.VERSION;
                 state.stringBuilder.setLength(0);
                 state.canonicalPath.setLength(0);
                 state.parseState = 0;
                 state.pos = 0;
                 state.urlDecodeRequired = false;
                 state.nextQueryParam = null;
                 if (next == '?') {
                     state.state = ParseState.QUERY_PARAMETERS;
",56,,,
195,"@@ -108,6 +108,22 @@ public void testMatrixParamFlag() throws BadRequestException {
         Assert.assertEquals(1, result.getPathParameters().size());
         Assert.assertEquals(""p1"", result.getPathParameters().keySet().toArray()[0]);
         Assert.assertSame(Protocols.HTTP_1_1, result.getProtocol());
     }
 
     @Test
@@ -124,6 +140,7 @@ public void testMultipleMatrixParamsOfSameName() throws BadRequestException {
         Assert.assertEquals(""v1"", result.getPathParameters().get(""p1"").getFirst());
         Assert.assertEquals(""v2"", result.getPathParameters().get(""p1"").getLast());
         Assert.assertSame(Protocols.HTTP_1_1, result.getProtocol());
     }
 
     @Test
@@ -140,6 +157,7 @@ public void testCommaSeparatedParamValues() throws BadRequestException {
         Assert.assertEquals(""v1"", result.getPathParameters().get(""p1"").getFirst());
         Assert.assertEquals(""v2"", result.getPathParameters().get(""p1"").getLast());
         Assert.assertSame(Protocols.HTTP_1_1, result.getProtocol());
     }
 
     @Test
@@ -155,6 +173,23 @@ public void testServletURLWithPathParam() throws BadRequestException {
         Assert.assertEquals(""param"", result.getPathParameters().keySet().toArray()[0]);
         Assert.assertEquals(""1"", result.getPathParameters().get(""param"").getFirst());
         Assert.assertSame(Protocols.HTTP_1_1, result.getProtocol());
     }
 
     @Test
@@ -171,6 +206,7 @@ public void testServletURLWithPathParams() throws BadRequestException {
         Assert.assertEquals(""bar"", result.getPathParameters().get(""foo"").getFirst());
         Assert.assertEquals(""mSwrYUX8_e3ukAylNMkg3oMRglB4-YjxqeWqXQsI"", result.getPathParameters().get(""mysessioncookie"").getFirst());
         Assert.assertSame(Protocols.HTTP_1_1, result.getProtocol());
     }
 
     @Test
@@ -186,6 +222,7 @@ public void testServletPathWithPathParam() throws BadRequestException {
         Assert.assertEquals(""param"", result.getPathParameters().keySet().toArray()[0]);
         Assert.assertEquals(""1"", result.getPathParameters().get(""param"").getFirst());
         Assert.assertSame(Protocols.HTTP_1_1, result.getProtocol());
     }
 
     @Test
@@ -202,6 +239,7 @@ public void testServletPathWithPathParams() throws BadRequestException {
         Assert.assertEquals(""bar"", result.getPathParameters().get(""foo"").getFirst());
         Assert.assertEquals(""mSwrYUX8_e3ukAylNMkg3oMRglB4-YjxqeWqXQsI"", result.getPathParameters().get(""mysessioncookie"").getFirst());
         Assert.assertSame(Protocols.HTTP_1_1, result.getProtocol());
     }
 
     @Test
@@ -232,6 +270,7 @@ public void testMatrixParametersWithQueryString() throws BadRequestException {
         Assert.assertEquals(""q1=v3"", result.getQueryString());
         Assert.assertEquals(""v3"", result.getQueryParameters().get(""q1"").getFirst());
         Assert.assertSame(Protocols.HTTP_1_1, result.getProtocol());
     }
 
     @Test
@@ -248,6 +287,24 @@ public void testMultiLevelMatrixParameter() throws BadRequestException {
         Assert.assertEquals(""v2"", result.getPathParameters().get(""p1"").getLast());
         Assert.assertEquals(""v3"", result.getQueryParameters().get(""q1"").getFirst());
         Assert.assertSame(Protocols.HTTP_1_1, result.getProtocol());
     }
 
     @Test
@@ -264,6 +321,41 @@ public void testMultiLevelMatrixParameters() throws BadRequestException {
         Assert.assertEquals(""v2"", result.getPathParameters().get(""p2"").getFirst());
         Assert.assertEquals(""v3"", result.getQueryParameters().get(""q1"").getFirst());
         Assert.assertSame(Protocols.HTTP_1_1, result.getProtocol());
     }
 
     @Test
@@ -276,6 +368,7 @@ public void testFullUrlRootPath() throws BadRequestException {
         Assert.assertSame(Methods.GET, result.getRequestMethod());
         Assert.assertEquals(""/"", result.getRequestPath());
         Assert.assertEquals(""http://myurl.com"", result.getRequestURI());
     }
 
     @Test
@@ -289,6 +382,7 @@ public void testSth() throws BadRequestException {
         Assert.assertEquals(""/goo"", result.getRequestPath());
         Assert.assertEquals(""http://myurl.com/goo;foo=bar;blah=foobar"", result.getRequestURI());
         Assert.assertEquals(2, result.getPathParameters().size());
     }
 
     @Test(expected = BadRequestException.class)
",62,,,
196,"@@ -157,7 +157,7 @@ public RangeResponseResult getResponseResult(final long resourceContentLength, S
         } else if(end == -1) {
             //prefix range
             long toWrite = resourceContentLength - start;
             if(toWrite >= 0) {
                 rangeLength = toWrite;
             } else {
                 //ignore the range request
",195,,,
197,"@@ -220,6 +220,14 @@ public void runTest(String path, boolean etag) throws IOException, InterruptedEx
             Assert.assertEquals("""", response);
             Assert.assertEquals(""bytes */10"", result.getFirstHeader(Headers.CONTENT_RANGE_STRING).getValue());
 
             get = new HttpGet(DefaultServer.getDefaultServerURL() + path);
             get.addHeader(Headers.RANGE_STRING, ""bytes=2-3"");
             get.addHeader(Headers.IF_RANGE_STRING, DateUtils.toDateString(new Date(System.currentTimeMillis() + 1000)));
",196,,,
198,"@@ -107,6 +107,17 @@ public void testGetResponseResult2() {
                 new Date(1559820153000L), ""foo"").getContentRange());
         Assert.assertEquals(416, byteRange.getResponseResult(0, null,
                 new Date(1559820153000L), ""foo"").getStatusCode());
     }
 
     @Test
@@ -124,6 +135,17 @@ public void testGetResponseResult3() {
                 new Date(1559820153000L), ""foo"").getContentRange());
         Assert.assertEquals(416, byteRange.getResponseResult(0, null,
                 new Date(1559820153000L), ""foo"").getStatusCode());
     }
 
     @Test
@@ -133,13 +155,24 @@ public void testGetResponseResult4() {
 
         Assert.assertEquals(0, byteRange.getResponseResult(0, null,
                 new Date(1559820153000L), ""foo"").getStart());
         Assert.assertEquals(-1, byteRange.getResponseResult(0, null,
                 new Date(1559820153000L), ""foo"").getEnd());
         Assert.assertEquals(0, byteRange.getResponseResult(0, null,
                 new Date(1559820153000L), ""foo"").getContentLength());
         Assert.assertEquals(""bytes 0--1/0"", byteRange.getResponseResult(0, null,
                 new Date(1559820153000L), ""foo"").getContentRange());
         Assert.assertEquals(206, byteRange.getResponseResult(0, null,
                 new Date(1559820153000L), ""foo"").getStatusCode());
     }
 
@@ -159,7 +192,6 @@ public void testGetResponseResult5() {
         Assert.assertEquals(416, byteRange.getResponseResult(0, null,
                 new Date(1559820153000L), ""foo"").getStatusCode());
 
 
         Assert.assertEquals(3, byteRange.getResponseResult(6, null,
                 new Date(1559820153000L), ""foo"").getStart());
         Assert.assertEquals(5, byteRange.getResponseResult(6, null,
@@ -187,6 +219,17 @@ public void testGetResponseResult6() {
                 new Date(1559820153000L), ""foo"").getContentRange());
         Assert.assertEquals(206, byteRange.getResponseResult(0, null,
                 new Date(1559820153000L), ""foo"").getStatusCode());
     }
 
     @Test
",197,,,
199,"@@ -271,7 +271,11 @@ private static void parseCookie(final String cookie, final Map<String, Cookie> p
                             state = 4;
                             start = i + 1;
                         }
                     } else if (!allowHttpSepartorsV0 && LegacyCookieSupport.isHttpSeparator(c)) {
                         cookieCount = createCookie(name, cookie.substring(start, i), maxCookies, cookieCount, cookies, additional);
                         state = 4;
                         start = i + 1;
",198,,,
200,"@@ -261,6 +261,62 @@ public void testHttpSeparaterInV0CookieValue() {
         Assert.assertEquals(""FEDEX"", cookie.getValue());
     }
 
     @Test
     public void testQuotedEscapedStringInRequestCookie() {
         Map<String, Cookie> cookies = Cookies.parseRequestCookies(3, false, Arrays.asList(
",199,,,
201,"@@ -67,6 +67,7 @@ public class ServletInputStreamImpl extends ServletInputStream {
     private volatile int state;
     private volatile AsyncContextImpl asyncContext;
     private volatile PooledByteBuffer pooled;
 
     private static final AtomicIntegerFieldUpdater<ServletInputStreamImpl> stateUpdater = AtomicIntegerFieldUpdater.newUpdater(ServletInputStreamImpl.class, ""state"");
 
@@ -102,6 +103,10 @@ public boolean isReady() {
                 }
             }
         }
         boolean ready = anyAreSet(state, FLAG_READY) && !finished;
         if(!ready && listener != null && !finished) {
             channel.resumeReads();
@@ -135,6 +140,7 @@ public void run() {
                 channel.getIoThread().execute(new Runnable() {
                     @Override
                     public void run() {
                         internalListener.handleEvent(channel);
                     }
                 });
",200,,,
202,"@@ -73,6 +73,7 @@ public class ServletOutputStreamImpl extends ServletOutputStream implements Buff
     private StreamSinkChannel channel;
     private long written;
     private volatile int state;
     private AsyncContextImpl asyncContext;
 
     private WriteListener listener;
@@ -756,6 +757,11 @@ public boolean isReady() {
             //TODO: is this the correct behaviour?
             throw UndertowServletMessages.MESSAGES.streamNotInAsyncMode();
         }
         if (!anyAreSet(state, FLAG_READY)) {
             if (channel != null) {
                 channel.resumeWrites();
@@ -790,6 +796,7 @@ public void setWriteListener(final WriteListener writeListener) {
         asyncContext.addAsyncTask(new Runnable() {
             @Override
             public void run() {
                 if (channel == null) {
                     servletRequestContext.getExchange().getIoThread().execute(new Runnable() {
                         @Override
",172,,,
203,"@@ -24,6 +24,7 @@
 import java.util.concurrent.TimeUnit;
 
 import io.undertow.server.ConduitWrapper;
 import io.undertow.server.protocol.http.HttpContinue;
 import io.undertow.server.HttpHandler;
 import io.undertow.server.HttpServerExchange;
@@ -81,6 +82,7 @@ protected ContinueConduit(final StreamSourceConduit next, final HttpServerExchan
         public long transferTo(final long position, final long count, final FileChannel target) throws IOException {
             if (exchange.getStatusCode() == StatusCodes.EXPECTATION_FAILED) {
                 //rejected
                 return -1;
             }
             if (!sent) {
@@ -100,6 +102,7 @@ public long transferTo(final long position, final long count, final FileChannel
         public long transferTo(final long count, final ByteBuffer throughBuffer, final StreamSinkChannel target) throws IOException {
             if (exchange.getStatusCode() == StatusCodes.EXPECTATION_FAILED) {
                 //rejected
                 return -1;
             }
             if (!sent) {
@@ -119,6 +122,7 @@ public long transferTo(final long count, final ByteBuffer throughBuffer, final S
         public int read(final ByteBuffer dst) throws IOException {
             if (exchange.getStatusCode() == StatusCodes.EXPECTATION_FAILED) {
                 //rejected
                 return -1;
             }
             if (!sent) {
@@ -138,6 +142,7 @@ public int read(final ByteBuffer dst) throws IOException {
         public long read(final ByteBuffer[] dsts, final int offs, final int len) throws IOException {
             if (exchange.getStatusCode() == StatusCodes.EXPECTATION_FAILED) {
                 //rejected
                 return -1;
             }
             if (!sent) {
",150,,,
204,"@@ -365,6 +365,10 @@ public void exchangeComplete(final HttpServerExchange exchange) {
                 }
             }
         } else if (!exchange.isPersistent()) {
             ConnectionUtils.cleanClose(connection.getChannel(), connection);
         } else {
             //upgrade or connect handling
",80,,,
205,"@@ -34,6 +34,8 @@
 import io.undertow.util.Headers;
 import io.undertow.util.HttpString;
 import io.undertow.util.Methods;
 import org.jboss.logging.Logger;
 import org.xnio.conduits.ConduitStreamSourceChannel;
 import org.xnio.conduits.StreamSinkConduit;
@@ -224,6 +226,11 @@ static StreamSinkConduit createSinkConduit(final HttpServerExchange exchange) {
         final HeaderMap responseHeaders = exchange.getResponseHeaders();
         // test to see if we're still persistent
         String connection = responseHeaders.getFirst(Headers.CONNECTION);
         if (!exchange.isPersistent()) {
             responseHeaders.put(Headers.CONNECTION, Headers.CLOSE.toString());
         } else if (exchange.isPersistent() && connection != null) {
",75,,,
206,"@@ -0,0 +1,83 @@
",151,,,
207,"@@ -25,11 +25,14 @@
 
 import io.undertow.server.ConduitWrapper;
 import io.undertow.server.Connectors;
 import io.undertow.server.protocol.http.HttpContinue;
 import io.undertow.server.HttpHandler;
 import io.undertow.server.HttpServerExchange;
 import io.undertow.util.ConduitFactory;
 import io.undertow.util.StatusCodes;
 import org.xnio.channels.StreamSinkChannel;
 import org.xnio.conduits.AbstractStreamSourceConduit;
 import org.xnio.conduits.StreamSourceConduit;
@@ -62,6 +65,17 @@ public HttpContinueReadHandler(final HttpHandler handler) {
     public void handleRequest(final HttpServerExchange exchange) throws Exception {
         if (HttpContinue.requiresContinueResponse(exchange)) {
             exchange.addRequestWrapper(WRAPPER);
         }
         handler.handleRequest(exchange);
     }
",150,,,
208,"@@ -91,6 +91,9 @@ public static boolean requiresContinueResponse(HeaderMap requestHeaders) {
         return false;
     }
 
 
     /**
      * Sends a continuation using async IO, and calls back when it is complete.
",45,,,
209,"@@ -18,32 +18,33 @@
 
 package io.undertow.server.protocol.http;
 
 import io.undertow.UndertowMessages;
 import io.undertow.server.Connectors;
 import io.undertow.server.HttpServerExchange;
 import io.undertow.util.HeaderMap;
 import io.undertow.util.HeaderValues;
 import io.undertow.util.HttpString;
 import io.undertow.util.Protocols;
 import io.undertow.util.StatusCodes;
 import org.xnio.Buffers;
 import org.xnio.IoUtils;
 import io.undertow.connector.ByteBufferPool;
 import io.undertow.connector.PooledByteBuffer;
 import org.xnio.XnioWorker;
 import org.xnio.channels.StreamSourceChannel;
 import org.xnio.conduits.AbstractStreamSinkConduit;
 import org.xnio.conduits.ConduitWritableByteChannel;
 import org.xnio.conduits.Conduits;
 import org.xnio.conduits.StreamSinkConduit;
 
 import java.io.IOException;
 import java.nio.ByteBuffer;
 import java.nio.channels.ClosedChannelException;
 import java.nio.channels.FileChannel;
 
 import static org.xnio.Bits.allAreClear;
 import static org.xnio.Bits.allAreSet;
 
 /**
  * @author <a href=""mailto:david.lloyd@redhat.com"">David M. Lloyd</a>
@@ -290,6 +291,13 @@ private void bufferDone() {
         }
     }
 
     private static void writeString(ByteBuffer buffer, String string) {
         int length = string.length();
         for (int charIndex = 0; charIndex < length; charIndex++) {
",50,,,
210,"@@ -111,7 +111,15 @@ public HttpServerExchange sendOutOfBandResponse(HttpServerExchange exchange) {
             @Override
             public StreamSinkConduit wrap(ConduitFactory<StreamSinkConduit> factory, HttpServerExchange exchange) {
 
                 ServerFixedLengthStreamSinkConduit fixed = new ServerFixedLengthStreamSinkConduit(new HttpResponseConduit(getSinkChannel().getConduit(), getByteBufferPool(), HttpServerConnection.this, exchange), false, false);
                 fixed.reset(0, exchange);
                 return fixed;
             }
",17,,,
211,"@@ -50,9 +50,11 @@ public static void setup() {
             @Override
             public void handleRequest(final HttpServerExchange exchange) {
                 try {
                     exchange.getRequestChannel();
                     exchange.setStatusCode(StatusCodes.EXPECTATION_FAILED);
                     exchange.getOutputStream().close();
                 } catch (IOException e) {
                     throw new RuntimeException(e);
                 }
@@ -69,6 +71,21 @@ public void before() {
     public void testHttpContinueRejectedBodySentAnywayNoBufferLeak() throws IOException {
         persistentSocket = new Socket(DefaultServer.getHostAddress(), DefaultServer.getHostPort());
 
         String message = ""POST /path HTTP/1.1\r\n"" +
                 ""Expect: 100-continue\r\n"" +
                 ""Content-Length: 16\r\n"" +
",151,,,
212,"@@ -0,0 +1,191 @@
",153,,,
213,"@@ -23,20 +23,19 @@
 import java.nio.channels.FileChannel;
 import java.util.concurrent.TimeUnit;
 
 import io.undertow.server.ConduitWrapper;
 import io.undertow.server.Connectors;
 import io.undertow.server.ResponseCommitListener;
 import io.undertow.server.protocol.http.HttpContinue;
 import io.undertow.server.HttpHandler;
 import io.undertow.server.HttpServerExchange;
 import io.undertow.util.ConduitFactory;
 import io.undertow.util.StatusCodes;
 
 import org.xnio.IoUtils;
 import org.xnio.channels.StreamSinkChannel;
 import org.xnio.conduits.AbstractStreamSourceConduit;
 import org.xnio.conduits.StreamSourceConduit;
 
 /**
  * Handler for requests that require 100-continue responses. If an attempt is made to read from the source
  * channel then a 100 continue response is sent.
@@ -48,7 +47,7 @@ public class HttpContinueReadHandler implements HttpHandler {
     private static final ConduitWrapper<StreamSourceConduit> WRAPPER = new ConduitWrapper<StreamSourceConduit>() {
         @Override
         public StreamSourceConduit wrap(final ConduitFactory<StreamSourceConduit> factory, final HttpServerExchange exchange) {
             if(exchange.isRequestChannelAvailable() && !exchange.isResponseStarted()) {
                 return new ContinueConduit(factory.create(), exchange);
             }
             return factory.create();
@@ -72,7 +71,7 @@ public void beforeCommit(HttpServerExchange exchange) {
                     if (!HttpContinue.isContinueResponseSent(exchange)) {
                         exchange.setPersistent(false);
                         //we also kill the request channel, because it is unusable now
                         IoUtils.safeClose(exchange.getRequestChannel());
                     }
                 }
             });
",150,,,
214,"@@ -26,6 +26,8 @@
 import io.undertow.server.HttpServerExchange;
 import io.undertow.server.SSLSessionInfo;
 import io.undertow.util.DateUtils;
 import org.xnio.OptionMap;
 import io.undertow.connector.ByteBufferPool;
 import org.xnio.StreamConnection;
@@ -61,7 +63,9 @@ public boolean isContinueResponseSupported() {
 
     @Override
     public void terminateRequestChannel(HttpServerExchange exchange) {
         //todo: terminate
     }
 
     @Override
",64,,,
215,"@@ -36,6 +36,8 @@
 import io.undertow.util.HttpString;
 import io.undertow.util.ImmediatePooledByteBuffer;
 import io.undertow.util.Methods;
 import org.xnio.OptionMap;
 import io.undertow.connector.ByteBufferPool;
 import io.undertow.connector.PooledByteBuffer;
@@ -143,7 +145,9 @@ public boolean isContinueResponseSupported() {
 
     @Override
     public void terminateRequestChannel(HttpServerExchange exchange) {
 
     }
 
     /**
",17,,,
216,"@@ -393,7 +393,7 @@ void nodeConfigCreated(URI connectionURI, String balancer, String domain, String
     @Message(id = 5084, value = ""Attempted to write %s bytes however content-length has been set to %s"")
     IOException dataLargerThanContentLength(long totalToWrite, long responseContentLength);
 
     @LogMessage(level = ERROR)
     @Message(id = 5085, value = ""Connection %s for exchange %s was not closed cleanly, forcibly closing connection"")
     void responseWasNotTerminated(ServerConnection connection, HttpServerExchange exchange);
 
",14,,,
217,"@@ -155,7 +155,7 @@ public final class HttpServerExchange extends AbstractAttachable {
     // mutable state
 
     private int state = 200;
     private HttpString requestMethod;
     private String requestScheme;
 
     /**
",77,,,
218,"@@ -306,7 +306,7 @@ private SymlinkResult getSymlinkBase(final String base, final Path file) throws
         int rootCount = root.getNameCount();
         Path f = file;
         for (int i = nameCount - 1; i>=0; i--) {
             if (Files.isSymbolicLink(f)) {
                 return new SymlinkResult(i+1 > rootCount, f);
             }
             f = f.getParent();
",92,,,
219,"@@ -0,0 +1,40 @@
",201,,,
220,"@@ -74,8 +74,9 @@ public void handleRequest(HttpServerExchange exchange) throws Exception {
             exchange.addResponseCommitListener(new ResponseCommitListener() {
                 @Override
                 public void beforeCommit(HttpServerExchange exchange) {
                     // Check user-agents and skip sending ""SameSite=None"" for incompatible user-agents
                     if (enableClientChecker && !SameSiteNoneIncompatibleClientChecker.shouldSendSameSiteNone(exchange.getRequestHeaders().getFirst(Headers.USER_AGENT))) {
                         return;
                     }
                     for (Map.Entry<String, Cookie> cookie : exchange.getResponseCookies().entrySet()) {
",202,,,
221,"@@ -65,17 +65,21 @@ public static boolean shouldSendSameSiteNone(String useragent) {
 
     // browsers known to be incompatible.
     public static boolean isSameSiteNoneIncompatible(String useragent) {
         return hasWebKitSameSiteBug(useragent) ||
             dropsUnrecognizedSameSiteCookies(useragent);
     }
 
     static boolean hasWebKitSameSiteBug(String useragent) {
         return isIosVersion(12, useragent) ||
             (isMacosxVersion(10, 14, useragent) &&
              (isSafari(useragent) || isMacEmbeddedBrowser(useragent)));
     }
 
     static boolean dropsUnrecognizedSameSiteCookies(String useragent) {
         if (isUcBrowser(useragent)) {
             return !isUcBrowserVersionAtLeast(12, 13, 2, useragent);
         }
@@ -86,7 +90,7 @@ static boolean dropsUnrecognizedSameSiteCookies(String useragent) {
 
     // Regex parsing of User-Agent String. (See note above!)
 
     static boolean isIosVersion(int major, String useragent) {
         Matcher m = IOS_PATTERN.matcher(useragent);
         if (m.find()) {
             // Extract digits from first capturing group.
@@ -95,7 +99,7 @@ static boolean isIosVersion(int major, String useragent) {
         return false;
     }
 
     static boolean isMacosxVersion(int major, int minor, String useragent) {
         Matcher m = MACOSX_PATTERN.matcher(useragent);
         if (m.find()) {
             // Extract digits from first and second capturing groups.
@@ -105,20 +109,20 @@ static boolean isMacosxVersion(int major, int minor, String useragent) {
         return false;
     }
 
     static boolean isSafari(String useragent) {
         return SAFARI_PATTERN.matcher(useragent).find() &&
             !isChromiumBased(useragent);
     }
 
     static boolean isMacEmbeddedBrowser(String useragent) {
         return MAC_EMBEDDED_BROWSER_PATTERN.matcher(useragent).find();
     }
 
     static boolean isChromiumBased(String useragent) {
         return CHROMIUM_PATTERN.matcher(useragent).find();
     }
 
     static boolean isChromiumVersionAtLeast(int major, String useragent) {
         Matcher m = CHROMIUM_VERSION_PATTERN.matcher(useragent);
         if (m.find()) {
             // Extract digits from first capturing group.
@@ -132,7 +136,7 @@ static boolean isUcBrowser(String useragent) {
         return useragent.contains(""UCBrowser/"");
     }
 
     static boolean isUcBrowserVersionAtLeast(int major, int minor, int build, String useragent) {
         Matcher m = UC_BROWSER_VERSION_PATTERN.matcher(useragent);
         if (m.find()) {
             // Extract digits from three capturing groups.
",203,,,
222,"@@ -21,9 +21,13 @@
 import java.io.IOException;
 import java.security.GeneralSecurityException;
 
 import org.apache.http.Header;
 import org.apache.http.HttpResponse;
 import org.apache.http.client.methods.HttpGet;
 import org.junit.Assert;
 import org.junit.Test;
 import org.junit.runner.RunWith;
@@ -343,6 +347,68 @@ public void handleRequest(final HttpServerExchange exchange) throws Exception {
         }
     }
 
     @Test
     public void testNoneWithoutSecure() throws IOException, GeneralSecurityException {
         DefaultServer.setRootHandler(new SameSiteCookieHandler(new HttpHandler() {
",204,,,
223,"@@ -26,6 +26,11 @@
 @Category(UnitTest.class)
 public class SameSiteNoneIncompatibleClientCheckerTestCase {
 
     String[] incompatibleWebKitUserAgents = {
             // Safari on Mac OS X 10.14
             ""Mozilla/5.0 (Macintosh; Intel Mac OS X 10_14) AppleWebKit/605.1.15 (KHTML, like Gecko) Version/11.2 Safari/605.1.15"",
@@ -35,15 +40,28 @@ public class SameSiteNoneIncompatibleClientCheckerTestCase {
             ""Mozilla/5.0 (iPhone; CPU iPhone OS 12_0 like Mac OS X) AppleWebKit/605.1.15 (KHTML, like Gecko) CriOS/69.0.3497.91 Mobile/15E148 Safari/605.1""
     };
 
     String[] compatibleWebKitUserAgents = {
             // Safari on Mac OS X 10.15
             ""Mozilla/6.0 (Macintosh; U; Intel Mac OS X 10_15_3) AppleWebKit/663.16 (KHTML, like Gecko) Version/10.0 Safari/663.16"",
             // Safari on iOS 13
             ""Mozilla/5.0 (iPhone; CPU iPhone OS 13_1_1 like Mac OS X) AppleWebKit/605.1.15 (KHTML, like Gecko) Version/13.0.1 Mobile/15E148 Safari/604.1"",
             // Chrome on iOS 13
             ""Mozilla/5.0 (iPhone; CPU iPhone OS 13_1 like Mac OS X) AppleWebKit/605.1.15 (KHTML, like Gecko) CriOS/77.0.3865.69 Mobile/15E148 Safari/605.1"",
     };
 
     String[] incompatibleWebKitUserAgents2 = {
             // Chrome 51 on Windows
             ""Mozilla/5.0 (Windows NT 6.1; WOW64) AppleWebKit/537.36 (KHTML, like Gecko) Chrome/51.0.2704.103 Safari/537.36"",
@@ -55,47 +73,23 @@ public class SameSiteNoneIncompatibleClientCheckerTestCase {
             ""Mozilla/5.0 (Linux; U; Android 9; en-US; ...) AppleWebKit/537.36 (KHTML, like Gecko) Version/4.0 Chrome/57.0.2987.108 UCBrowser/12.13.0.1207 Mobile Safari/537.36"",
     };
 
     String[] compatibleWebKitUserAgents2 = {
             // Chrome 72 on Windows
             ""Mozilla/5.0 (Windows NT 6.1; WOW64) AppleWebKit/537.36 (KHTML, like Gecko) Chrome/72.0.3626.121 Safari/537.36"",
             // Chrome 78 on Linux
             ""Mozilla/5.0 (X11; Linux x86_64) AppleWebKit/537.36 (KHTML, like Gecko) Chrome/78.0.3904.108 Safari/537.36"",
             // UC Browser 12.13.4 on Android
             ""Mozilla/5.0 (Linux; U; Android 10; en-US; ...) AppleWebKit/537.36 (KHTML, like Gecko) Version/4.0 Chrome/57.0.2987.108 UCBrowser/12.13.4.1214 Mobile Safari/537.36"",
     };
 
     @Test
     public void testHasWebKitSameSiteBug() {
 
         boolean result;
 
         for (String userAgent : incompatibleWebKitUserAgents) {
             result = SameSiteNoneIncompatibleClientChecker.hasWebKitSameSiteBug(userAgent);
             Assert.assertTrue(""Tested user-agent: '"" + userAgent + ""'"", result);
         }
 
         for (String userAgent : compatibleWebKitUserAgents) {
             result = SameSiteNoneIncompatibleClientChecker.hasWebKitSameSiteBug(userAgent);
             Assert.assertFalse(""Tested user-agent: '"" + userAgent + ""'"", result);
         }
     }
 
     @Test
     public void testDropsUnrecognizedSameSiteCookies() {
 
         boolean result;
 
         for (String userAgent : incompatibleWebKitUserAgents2) {
             result = SameSiteNoneIncompatibleClientChecker.dropsUnrecognizedSameSiteCookies(userAgent);
             Assert.assertTrue(""Tested user-agent: '"" + userAgent + ""'"", result);
         }
 
         for (String userAgent : compatibleWebKitUserAgents2) {
             result = SameSiteNoneIncompatibleClientChecker.dropsUnrecognizedSameSiteCookies(userAgent);
             Assert.assertFalse(""Tested user-agent: '"" + userAgent + ""'"", result);
         }
     }
 
     @Test
     public void testShouldSendSameSiteNone() {
 
",205,,,
224,"@@ -19,7 +19,6 @@
 package io.undertow.server.handlers;
 
 import java.io.IOException;
 import java.security.GeneralSecurityException;
 
 import io.undertow.util.Headers;
 import org.apache.http.Header;
@@ -43,10 +42,10 @@
 public class SameSiteCookieHandlerTestCase {
 
     @Test
     public void testStrict() throws IOException, GeneralSecurityException {
         DefaultServer.setRootHandler(new SameSiteCookieHandler(new HttpHandler() {
             @Override
             public void handleRequest(final HttpServerExchange exchange) throws Exception {
                 exchange.getResponseCookies().put(""foo"", new CookieImpl(""foo"", ""bar""));
             }
         }, ""Strict"", ""foo""));
@@ -68,10 +67,10 @@ public void handleRequest(final HttpServerExchange exchange) throws Exception {
     }
 
     @Test
     public void testLax() throws IOException, GeneralSecurityException {
         DefaultServer.setRootHandler(new SameSiteCookieHandler(new HttpHandler() {
             @Override
             public void handleRequest(final HttpServerExchange exchange) throws Exception {
                 exchange.getResponseCookies().put(""foo"", new CookieImpl(""foo"", ""bar""));
             }
         }, ""Lax"", ""foo""));
@@ -93,10 +92,10 @@ public void handleRequest(final HttpServerExchange exchange) throws Exception {
     }
 
     @Test
     public void testNone() throws IOException, GeneralSecurityException {
         DefaultServer.setRootHandler(new SameSiteCookieHandler(new HttpHandler() {
             @Override
             public void handleRequest(final HttpServerExchange exchange) throws Exception {
                 exchange.getResponseCookies().put(""foo"", new CookieImpl(""foo"", ""bar""));
             }
         }, ""None"", ""foo""));
@@ -118,10 +117,10 @@ public void handleRequest(final HttpServerExchange exchange) throws Exception {
     }
 
     @Test
     public void testInvalidMode() throws IOException, GeneralSecurityException {
         DefaultServer.setRootHandler(new SameSiteCookieHandler(new HttpHandler() {
             @Override
             public void handleRequest(final HttpServerExchange exchange) throws Exception {
                 exchange.getResponseCookies().put(""foo"", new CookieImpl(""foo"", ""bar""));
             }
         }, ""invalidmode"", ""foo""));
@@ -143,10 +142,10 @@ public void handleRequest(final HttpServerExchange exchange) throws Exception {
     }
 
     @Test
     public void testRegexPattern() throws IOException, GeneralSecurityException {
         DefaultServer.setRootHandler(new SameSiteCookieHandler(new HttpHandler() {
             @Override
             public void handleRequest(final HttpServerExchange exchange) throws Exception {
                 exchange.getResponseCookies().put(""foo"", new CookieImpl(""foo"", ""bar""));
             }
         }, ""Lax"", ""fo.*""));
@@ -169,10 +168,10 @@ public void handleRequest(final HttpServerExchange exchange) throws Exception {
 
 
     @Test
     public void testCaseInsensitivePattern() throws IOException, GeneralSecurityException {
         DefaultServer.setRootHandler(new SameSiteCookieHandler(new HttpHandler() {
             @Override
             public void handleRequest(final HttpServerExchange exchange) throws Exception {
                 exchange.getResponseCookies().put(""foo"", new CookieImpl(""foo"", ""bar""));
             }
         }, ""Lax"", ""FOO"", false));
@@ -194,10 +193,10 @@ public void handleRequest(final HttpServerExchange exchange) throws Exception {
     }
 
     @Test
     public void testPatternUnmatched() throws IOException, GeneralSecurityException {
         DefaultServer.setRootHandler(new SameSiteCookieHandler(new HttpHandler() {
             @Override
             public void handleRequest(final HttpServerExchange exchange) throws Exception {
                 exchange.getResponseCookies().put(""foo"", new CookieImpl(""foo"", ""bar""));
             }
         }, ""Lax"", ""FO.*""));
@@ -219,10 +218,10 @@ public void handleRequest(final HttpServerExchange exchange) throws Exception {
     }
 
     @Test
     public void testAllCookies() throws IOException, GeneralSecurityException {
         DefaultServer.setRootHandler(new SameSiteCookieHandler(new HttpHandler() {
             @Override
             public void handleRequest(final HttpServerExchange exchange) throws Exception {
                 exchange.getResponseCookies().put(""foo"", new CookieImpl(""foo"", ""bar""));
                 exchange.getResponseCookies().put(""baz"", new CookieImpl(""baz"", ""qux""));
                 exchange.getResponseCookies().put(""test"", new CookieImpl(""test"", ""test""));
@@ -257,10 +256,10 @@ public void handleRequest(final HttpServerExchange exchange) throws Exception {
 
 
     @Test
     public void testMultipleCookiesMatched() throws IOException, GeneralSecurityException {
         DefaultServer.setRootHandler(new SameSiteCookieHandler(new HttpHandler() {
             @Override
             public void handleRequest(final HttpServerExchange exchange) throws Exception {
                 exchange.getResponseCookies().put(""foo"", new CookieImpl(""foo"", ""bar""));
                 exchange.getResponseCookies().put(""baz"", new CookieImpl(""baz"", ""qux""));
                 exchange.getResponseCookies().put(""test"", new CookieImpl(""test"", ""test""));
@@ -294,10 +293,10 @@ public void handleRequest(final HttpServerExchange exchange) throws Exception {
     }
 
     @Test
     public void testNoneIncompatibleUA() throws IOException, GeneralSecurityException {
         DefaultServer.setRootHandler(new SameSiteCookieHandler(new HttpHandler() {
             @Override
             public void handleRequest(final HttpServerExchange exchange) throws Exception {
                 exchange.getResponseCookies().put(""foo"", new CookieImpl(""foo"", ""bar""));
             }
         }, ""None"", ""foo""));
@@ -321,10 +320,10 @@ public void handleRequest(final HttpServerExchange exchange) throws Exception {
     }
 
     @Test
     public void testNoneUACheckerDisabled() throws IOException, GeneralSecurityException {
         DefaultServer.setRootHandler(new SameSiteCookieHandler(new HttpHandler() {
             @Override
             public void handleRequest(final HttpServerExchange exchange) throws Exception {
                 exchange.getResponseCookies().put(""foo"", new CookieImpl(""foo"", ""bar""));
             }
         }, ""None"", ""foo"", true, false, true));
@@ -410,10 +409,10 @@ protected HttpParams createHttpParams() {
     }
 
     @Test
     public void testNoneWithoutSecure() throws IOException, GeneralSecurityException {
         DefaultServer.setRootHandler(new SameSiteCookieHandler(new HttpHandler() {
             @Override
             public void handleRequest(final HttpServerExchange exchange) throws Exception {
                 exchange.getResponseCookies().put(""foo"", new CookieImpl(""foo"", ""bar""));
             }
         }, ""None"", ""foo"", true, true, false));
",204,,,
225,"@@ -362,7 +362,13 @@ public void testComplexJSONObjectInRequestCookies() {
 
     @Test
     public void testSameSiteCookie() {
         Cookie cookie = Cookies.parseSetCookieHeader(""CUSTOMER=WILE_E_COYOTE; path=/; SameSite=None"");
         Assert.assertEquals(""CUSTOMER"", cookie.getName());
         Assert.assertEquals(""WILE_E_COYOTE"", cookie.getValue());
         Assert.assertEquals(""/"", cookie.getPath());
",199,,,
226,"@@ -26,66 +26,125 @@
 @Category(UnitTest.class)
 public class SameSiteNoneIncompatibleClientCheckerTestCase {
 
     @Test
     public void testHasWebKitSameSiteBug() {
 
         boolean result;
 
         // Safari on Mac OS X 10.14 -> Incompatible
         result = SameSiteNoneIncompatibleClientChecker.hasWebKitSameSiteBug(""Mozilla/5.0 (Macintosh; Intel Mac OS X 10_14) AppleWebKit/605.1.15 (KHTML, like Gecko) Version/11.2 Safari/605.1.15"");
         Assert.assertTrue(result);
 
         // Safari on Mac OS X 10.15
         result = SameSiteNoneIncompatibleClientChecker.hasWebKitSameSiteBug(""Mozilla/6.0 (Macintosh; U; Intel Mac OS X 10_15_3) AppleWebKit/663.16 (KHTML, like Gecko) Version/10.0 Safari/663.16"");
         Assert.assertFalse(result);
 
         // Safari on iOS 12 -> Incompatible
         result = SameSiteNoneIncompatibleClientChecker.hasWebKitSameSiteBug(""Mozilla/5.0 (iPhone; CPU iPhone OS 12_0 like Mac OS X) AppleWebKit/605.1.15 (KHTML, like Gecko) Version/12.0 Mobile/15E148 Safari/604.1"");
         Assert.assertTrue(result);
         // Chrome on iOS 12 -> Incompatible
         result = SameSiteNoneIncompatibleClientChecker.hasWebKitSameSiteBug(""Mozilla/5.0 (iPhone; CPU iPhone OS 12_0 like Mac OS X) AppleWebKit/605.1.15 (KHTML, like Gecko) CriOS/69.0.3497.91 Mobile/15E148 Safari/605.1"");
         Assert.assertTrue(result);
 
         // Safari on iOS 13
         result = SameSiteNoneIncompatibleClientChecker.hasWebKitSameSiteBug(""Mozilla/5.0 (iPhone; CPU iPhone OS 13_1_1 like Mac OS X) AppleWebKit/605.1.15 (KHTML, like Gecko) Version/13.0.1 Mobile/15E148 Safari/604.1"");
         Assert.assertFalse(result);
         // Chrome on iOS 13
         result = SameSiteNoneIncompatibleClientChecker.hasWebKitSameSiteBug(""Mozilla/5.0 (iPhone; CPU iPhone OS 13_1 like Mac OS X) AppleWebKit/605.1.15 (KHTML, like Gecko) CriOS/77.0.3865.69 Mobile/15E148 Safari/605.1"");
         Assert.assertFalse(result);
     }
 
     @Test
     public void testDropsUnrecognizedSameSiteCookies() {
 
         boolean result;
 
         // Chrome 51 on Windows -> Incompatible
         result = SameSiteNoneIncompatibleClientChecker.dropsUnrecognizedSameSiteCookies(""Mozilla/5.0 (Windows NT 6.1; WOW64) AppleWebKit/537.36 (KHTML, like Gecko) Chrome/51.0.2704.103 Safari/537.36"");
         Assert.assertTrue(result);
 
         // Chrome 62 on Windows -> Incompatible
         result = SameSiteNoneIncompatibleClientChecker.dropsUnrecognizedSameSiteCookies(""Mozilla/5.0 (Windows NT 6.1; WOW64) AppleWebKit/537.36 (KHTML, like Gecko) Chrome/62.0.3202.62 Safari/537.36"");
         Assert.assertTrue(result);
 
         // Chrome 72 on Windows
         result = SameSiteNoneIncompatibleClientChecker.dropsUnrecognizedSameSiteCookies(""Mozilla/5.0 (Windows NT 6.1; WOW64) AppleWebKit/537.36 (KHTML, like Gecko) Chrome/72.0.3626.121 Safari/537.36"");
         Assert.assertFalse(result);
 
         // Chrome 78 on Linux
         result = SameSiteNoneIncompatibleClientChecker.dropsUnrecognizedSameSiteCookies(""Mozilla/5.0 (X11; Linux x86_64) AppleWebKit/537.36 (KHTML, like Gecko) Chrome/78.0.3904.108 Safari/537.36"");
         Assert.assertFalse(result);
 
         // UC Browser 11.3.8 on Android -> Incompatible
         result = SameSiteNoneIncompatibleClientChecker.dropsUnrecognizedSameSiteCookies(""Mozilla/5.0 (Linux; U; Android 7.0; en-US; ...) AppleWebKit/534.30 (KHTML, like Gecko) Version/4.0 UCBrowser/11.3.8.976 U3/0.8.0 Mobile Safari/534.30"");
         Assert.assertTrue(result);
 
         // UC Browser 12.13.0 on Android -> Incompatible
         result = SameSiteNoneIncompatibleClientChecker.dropsUnrecognizedSameSiteCookies(""Mozilla/5.0 (Linux; U; Android 9; en-US; ...) AppleWebKit/537.36 (KHTML, like Gecko) Version/4.0 Chrome/57.0.2987.108 UCBrowser/12.13.0.1207 Mobile Safari/537.36"");
         Assert.assertTrue(result);
 
         // UC Browser 12.13.4 on Android
         result = SameSiteNoneIncompatibleClientChecker.dropsUnrecognizedSameSiteCookies(""Mozilla/5.0 (Linux; U; Android 10; en-US; ...) AppleWebKit/537.36 (KHTML, like Gecko) Version/4.0 Chrome/57.0.2987.108 UCBrowser/12.13.4.1214 Mobile Safari/537.36"");
         Assert.assertFalse(result);
     }
 
 }
",205,,,
227,"@@ -145,6 +145,10 @@ public boolean hasOriginalRequestAndResponse() {
                 servletResponse instanceof HttpServletResponseImpl;
     }
 
     @Override
     public void dispatch() {
         if (dispatched) {
",191,,,
228,"@@ -88,6 +88,9 @@ public boolean isFinished() {
 
     @Override
     public boolean isReady() {
         boolean finished = anyAreSet(state, FLAG_FINISHED);
         if(finished) {
             if (anyAreClear(state, FLAG_ON_DATA_READ_CALLED)) {
",200,,,
229,"@@ -58,6 +58,7 @@ public abstract class AbstractServletInputStreamTestCase {
     public static final String HELLO_WORLD = ""Hello World"";
     public static final String BLOCKING_SERVLET = ""blockingInput"";
     public static final String ASYNC_SERVLET = ""asyncInput"";
 
     @Test
     public void testBlockingServletInputStream() {
",206,,,
230,"@@ -0,0 +1,119 @@
",207,,,
231,"@@ -22,6 +22,7 @@
 import io.undertow.servlet.test.util.DeploymentUtils;
 import io.undertow.testutils.DefaultServer;
 import org.junit.BeforeClass;
 import org.junit.runner.RunWith;
 
 /**
@@ -37,7 +38,27 @@ public static void setup() {
                         .addMapping(""/"" + BLOCKING_SERVLET),
                 new ServletInfo(ASYNC_SERVLET, AsyncInputStreamServlet.class)
                         .addMapping(""/"" + ASYNC_SERVLET)
                         .setAsyncSupported(true));
     }
 
 }
",208,,,
239,"@@ -65,11 +65,11 @@ public void testHttpServerExchange() throws IOException {
             HttpGet get = new HttpGet(DefaultServer.getDefaultServerURL() + ""/somepath"");
             HttpResponse result = client.execute(get);
             Assert.assertEquals(StatusCodes.OK, result.getStatusLine().getStatusCode());
             Assert.assertEquals(""localhost:"" + protocol + "":GET:"" + port + "":/somepath:/somepath:"", HttpClientUtils.readResponse(result));
             get = new HttpGet(DefaultServer.getDefaultServerURL() + ""/somepath?a=b"");
             result = client.execute(get);
             Assert.assertEquals(StatusCodes.OK, result.getStatusLine().getStatusCode());
             Assert.assertEquals(""localhost:"" + protocol + "":GET:"" + port + "":/somepath:/somepath:a=b"", HttpClientUtils.readResponse(result));
             get = new HttpGet(DefaultServer.getDefaultServerURL() + ""/somepath?a=b"");
             get.addHeader(""Host"", ""[::1]:8080"");
             result = client.execute(get);
",77,,,
240,"@@ -89,7 +89,7 @@ public void testXForwarded() throws Exception {
 
             Assert.assertEquals(port, Integer.parseInt(result.getFirstHeader(Headers.X_FORWARDED_PORT.toString()).getValue()));
             Assert.assertEquals(""http"", result.getFirstHeader(Headers.X_FORWARDED_PROTO.toString()).getValue());
             Assert.assertEquals(""localhost"", result.getFirstHeader(Headers.X_FORWARDED_HOST.toString()).getValue());
             Assert.assertEquals(DefaultServer.getDefaultServerAddress().getAddress().getHostAddress(), result.getFirstHeader(Headers.X_FORWARDED_FOR.toString()).getValue());
 
         } finally {
@@ -111,7 +111,7 @@ public void testXForwardedSsl() throws Exception {
 
             Assert.assertEquals(sslPort, Integer.parseInt(result.getFirstHeader(Headers.X_FORWARDED_PORT.toString()).getValue()));
             Assert.assertEquals(""https"", result.getFirstHeader(Headers.X_FORWARDED_PROTO.toString()).getValue());
             Assert.assertEquals(""localhost"", result.getFirstHeader(Headers.X_FORWARDED_HOST.toString()).getValue());
             Assert.assertEquals(DefaultServer.getDefaultServerAddress().getAddress().getHostAddress(), result.getFirstHeader(Headers.X_FORWARDED_FOR.toString()).getValue());
 
         } finally {
@@ -132,7 +132,7 @@ public void testReuseXForwarded() throws Exception {
 
             Assert.assertEquals(port, Integer.parseInt(result.getFirstHeader(Headers.X_FORWARDED_PORT.toString()).getValue()));
             Assert.assertEquals(""http"", result.getFirstHeader(Headers.X_FORWARDED_PROTO.toString()).getValue());
             Assert.assertEquals(""localhost"", result.getFirstHeader(Headers.X_FORWARDED_HOST.toString()).getValue());
             Assert.assertEquals(""50.168.245.32,"" + DefaultServer.getDefaultServerAddress().getAddress().getHostAddress(), result.getFirstHeader(Headers.X_FORWARDED_FOR.toString()).getValue());
 
         } finally {
@@ -141,7 +141,7 @@ public void testReuseXForwarded() throws Exception {
     }
 
     @Test
     public void testReqriteHostHeader() throws Exception {
         setProxyHandler(true, false);
         TestHttpClient client = new TestHttpClient();
 
@@ -153,7 +153,7 @@ public void testReqriteHostHeader() throws Exception {
 
             Assert.assertEquals(port, Integer.parseInt(result.getFirstHeader(Headers.X_FORWARDED_PORT.toString()).getValue()));
             Assert.assertEquals(""http"", result.getFirstHeader(Headers.X_FORWARDED_PROTO.toString()).getValue());
             Assert.assertEquals(String.format(""localhost:%d"", port), result.getFirstHeader(Headers.X_FORWARDED_HOST.toString()).getValue());
             Assert.assertEquals(DefaultServer.getDefaultServerAddress().getAddress().getHostAddress(), result.getFirstHeader(Headers.X_FORWARDED_FOR.toString()).getValue());
 
         } finally {
",79,,,
241,"@@ -78,8 +78,12 @@ public static void setup() throws ServletException {
     public void testServletRedirect() throws Exception {
         int port = DefaultServer.getHostPort(""default"");
         //test redirects
         runtest(""/servletContext/redirect/foo?redirect=../bar"", ""null"", ""/bar"", ""http://localhost:"" + port + ""/servletContext/bar"", ""/servletContext/bar"", """");
         runtest(""/servletContext/redirect/foo/?redirect=../../bar"", ""null"", ""/bar"", ""http://localhost:"" + port + ""/servletContext/bar"", ""/servletContext/bar"", """");
     }
 
     private void runtest(String request, String... expectedBody) throws Exception {
",214,,,
242,"@@ -94,33 +94,35 @@ public static void setup() throws ServletException {
     @Test
     public void testRequestPaths() throws Exception {
         int port = DefaultServer.getHostPort(""default"");
         //test default servlet mappings
         runtest(""/servletContext/somePath"", false, ""null"", ""/somePath"", ""http://localhost:"" + port + ""/servletContext/somePath"", ""/servletContext/somePath"", """");
         runtest(""/servletContext/somePath?foo=bar"", false, ""null"", ""/somePath"", ""http://localhost:"" + port + ""/servletContext/somePath"", ""/servletContext/somePath"", ""foo=bar"");
         runtest(""/servletContext/somePath?foo=b+a+r"", false, ""null"", ""/somePath"", ""http://localhost:"" + port + ""/servletContext/somePath"", ""/servletContext/somePath"", ""foo=b+a+r"");
         runtest(""/servletContext/some%20path?foo=b+a+r"", false, ""null"", ""/some path"", ""http://localhost:"" + port + ""/servletContext/some%20path"", ""/servletContext/some%20path"", ""foo=b+a+r"");
         runtest(""/servletContext/somePath.txt"", true, ""null"", ""/somePath.txt"", ""http://localhost:"" + port + ""/servletContext/somePath.txt"", ""/servletContext/somePath.txt"", """");
         runtest(""/servletContext/somePath.txt?foo=bar"", true, ""null"", ""/somePath.txt"", ""http://localhost:"" + port + ""/servletContext/somePath.txt"", ""/servletContext/somePath.txt"", ""foo=bar"");
 
         //test non-default mappings
         runtest(""/servletContext/req/somePath"", false, ""/somePath"", ""/req"", ""http://localhost:"" + port + ""/servletContext/req/somePath"", ""/servletContext/req/somePath"", """");
         runtest(""/servletContext/req/somePath?foo=bar"", false, ""/somePath"", ""/req"", ""http://localhost:"" + port + ""/servletContext/req/somePath"", ""/servletContext/req/somePath"", ""foo=bar"");
         runtest(""/servletContext/req/somePath?foo=b+a+r"", false, ""/somePath"", ""/req"", ""http://localhost:"" + port + ""/servletContext/req/somePath"", ""/servletContext/req/somePath"", ""foo=b+a+r"");
         runtest(""/servletContext/req/some%20path?foo=b+a+r"", false, ""/some path"", ""/req"", ""http://localhost:"" + port + ""/servletContext/req/some%20path"", ""/servletContext/req/some%20path"", ""foo=b+a+r"");
         runtest(""/servletContext/req/somePath.txt"", true, ""/somePath.txt"", ""/req"", ""http://localhost:"" + port + ""/servletContext/req/somePath.txt"", ""/servletContext/req/somePath.txt"", """");
         runtest(""/servletContext/req/somePath.txt?foo=bar"", true, ""/somePath.txt"", ""/req"", ""http://localhost:"" + port + ""/servletContext/req/somePath.txt"", ""/servletContext/req/somePath.txt"", ""foo=bar"");
 
         //test exact path mappings
         runtest(""/servletContext/exact"", false, ""null"", ""/exact"", ""http://localhost:"" + port + ""/servletContext/exact"", ""/servletContext/exact"", """");
         runtest(""/servletContext/exact?foo=bar"", false, ""null"", ""/exact"", ""http://localhost:"" + port + ""/servletContext/exact"", ""/servletContext/exact"", ""foo=bar"");
 
         //test exact path mappings with a filer
         runtest(""/servletContext/exact.txt"", true, ""null"", ""/exact.txt"", ""http://localhost:"" + port + ""/servletContext/exact.txt"", ""/servletContext/exact.txt"", """");
         runtest(""/servletContext/exact.txt?foo=bar"", true, ""null"", ""/exact.txt"", ""http://localhost:"" + port + ""/servletContext/exact.txt"", ""/servletContext/exact.txt"", ""foo=bar"");
 
         //test servlet extension matches
         runtest(""/servletContext/file.html"", false, ""null"", ""/file.html"", ""http://localhost:"" + port + ""/servletContext/file.html"", ""/servletContext/file.html"", """");
         runtest(""/servletContext/file.html?foo=bar"", false, ""null"", ""/file.html"", ""http://localhost:"" + port + ""/servletContext/file.html"", ""/servletContext/file.html"", ""foo=bar"");
     }
 
     private void runtest(String request, boolean filterHeader, String... expectedBody) throws Exception {
",215,,,
243,"@@ -22,7 +22,6 @@
 import io.undertow.servlet.api.DeploymentInfo;
 import io.undertow.servlet.api.DeploymentManager;
 import io.undertow.servlet.api.ServletContainer;
 import io.undertow.servlet.test.SimpleServletTestCase;
 import io.undertow.servlet.test.util.TestClassIntrospector;
 import io.undertow.testutils.DefaultServer;
 import io.undertow.testutils.HttpClientUtils;
@@ -48,13 +47,13 @@
 public class HttpHostValuesTestCase {
 
     @BeforeClass
     public static void setup() throws ServletException {
 
 
         final PathHandler pathHandler = new PathHandler();
         final ServletContainer container = ServletContainer.Factory.newInstance();
         DeploymentInfo builder = new DeploymentInfo()
                 .setClassLoader(SimpleServletTestCase.class.getClassLoader())
                 .setContextPath(""/servletContext"")
                 .setClassIntrospecter(TestClassIntrospector.INSTANCE)
                 .setDeploymentName(""servletContext.war"")
",216,,,
244,"@@ -604,4 +604,7 @@ public interface UndertowMessages {
 
     @Message(id = 194, value = ""Character decoding failed. Parameter with name [%s] has been ignored. Note: further occurrences of Parameter errors will be logged at DEBUG level."")
     String failedToDecodeParameterName(String parameter, @Cause Exception e);
 }
",9,,,
245,"@@ -162,16 +162,22 @@ public Session createSession(final HttpServerExchange serverExchange, final Sess
             throw UndertowMessages.MESSAGES.couldNotFindSessionCookieConfig();
         }
         String sessionID = config.findSessionId(serverExchange);
         int count = 0;
         while (sessionID == null) {
             sessionID = sessionIdGenerator.createSessionId();
             if(sessions.containsKey(sessionID)) {
                 sessionID = null;
             }
             if(count++ == 100) {
                 //this should never happen
                 //but we guard against pathalogical session id generators to prevent an infinite loop
                 throw UndertowMessages.MESSAGES.couldNotGenerateUniqueSessionId();
             }
         }
         Object evictionToken;
",22,,,
246,"@@ -900,6 +900,14 @@ public String rewriteUrl(String originalUrl, String sessionId) {
                             return null;
                         }
                     };
                 } else if (existing != null) {
                     if(deploymentInfo.isCheckOtherSessionManagers()) {
                         boolean found = false;
@@ -920,9 +928,11 @@ public String rewriteUrl(String originalUrl, String sessionId) {
                     }
                 }
 
                 final Session newSession = sessionManager.createSession(exchange, c);
                 httpSession = SecurityActions.forSession(newSession, this, true);
                 exchange.putAttachment(sessionAttachmentKey, httpSession);
             }
         }
         return httpSession;
",93,,,
247,"@@ -0,0 +1,432 @@
",217,,,
248,"@@ -638,6 +638,17 @@ final void handlePathParameters(ByteBuffer buffer, ParseState state, HttpServerE
                         handleParsedParam(param, stringBuilder.substring(pos), exchange, urlDecodeRequired, state);
                         pos = stringBuilder.length() + 1;
                     }
                 }
                 stringBuilder.append(next);
             }
",56,,,
249,"@@ -242,6 +242,38 @@ public void testServletPathWithPathParams() throws BadRequestException {
         Assert.assertFalse(result.isHostIncludedInRequestURI());
     }
 
     @Test
     public void testRootMatrixParam() throws BadRequestException {
         // TODO decide what should happen for a single semicolon as the path URI and other edge cases
@@ -307,6 +339,22 @@ public void testServletURLMultiLevelMatrixParameter() throws BadRequestException
         Assert.assertTrue(result.isHostIncludedInRequestURI());
     }
 
     @Test
     public void testMultiLevelMatrixParameters() throws BadRequestException {
         byte[] in = ""GET /some;p1=v1/path;p2=v2?q1=v3 HTTP/1.1\r\n\r\n"".getBytes();
",62,,,
250,"@@ -341,13 +341,13 @@ public void testServletURLMultiLevelMatrixParameter() throws BadRequestException
 
     @Test
     public void testMultiLevelMatrixParameter() throws BadRequestException {
         byte[] in = ""GET /some;p1=v1/canonicalPath;p1=v2?q1=v3 HTTP/1.1\r\n\r\n"".getBytes();
         ParseState context = new ParseState(10);
         HttpServerExchange result = new HttpServerExchange(null);
         HttpRequestParser.instance(OptionMap.create(UndertowOptions.ALLOW_ENCODED_SLASH, true)).handle(ByteBuffer.wrap(in), context, result);
         Assert.assertSame(Methods.GET, result.getRequestMethod());
         Assert.assertEquals(""/some;p1=v1/canonicalPath;p1=v2"", result.getRequestURI());
         Assert.assertEquals(""/some/canonicalPath"", result.getRequestPath());
         Assert.assertEquals(""q1=v3"", result.getQueryString());
         Assert.assertEquals(""v1"", result.getPathParameters().get(""p1"").getFirst());
         Assert.assertEquals(""v2"", result.getPathParameters().get(""p1"").getLast());
",62,,,
251,"@@ -433,6 +433,19 @@ public void testSth() throws BadRequestException {
         Assert.assertTrue(result.isHostIncludedInRequestURI());
     }
 
     @Test(expected = BadRequestException.class)
     public void testLineEndingInsteadOfSpacesAfterVerb() throws BadRequestException {
         byte[] in = ""GET\r/somepath HTTP/1.1\r\nHost:   www.somehost.net\r\nOtherHeader: some\r\n    value\r\n\r\n"".getBytes();
",62,,,
252,"@@ -391,9 +391,31 @@ final void handlePath(ByteBuffer buffer, ParseState state, HttpServerExchange ex
             if (next == ' ' || next == '\t') {
                 if (stringBuilder.length() != 0) {
                     final String path = stringBuilder.toString();
                     parsePathComplete(state, exchange, canonicalPathStart, parseState, urlDecodeRequired, path);
                     exchange.setQueryString("""");
                     state.state = ParseState.VERSION;
                     return;
                 }
             } else if (next == '\r' || next == '\n') {
@@ -446,6 +468,7 @@ final void handlePath(ByteBuffer buffer, ParseState state, HttpServerExchange ex
         state.urlDecodeRequired = urlDecodeRequired;
     }
 
     private void parsePathComplete(ParseState state, HttpServerExchange exchange, int canonicalPathStart, int parseState, boolean urlDecodeRequired, String path) {
         if (parseState == SECOND_SLASH) {
             exchange.setRequestPath(""/"");
@@ -466,14 +489,28 @@ private void parsePathComplete(ParseState state, HttpServerExchange exchange, in
         state.urlDecodeRequired = false;
     }
 
     private void beginQueryParameters(ByteBuffer buffer, ParseState state, HttpServerExchange exchange, StringBuilder stringBuilder, int parseState, int canonicalPathStart, boolean urlDecodeRequired) throws BadRequestException {
         final String path = stringBuilder.toString();
         parsePathComplete(state, exchange, canonicalPathStart, parseState, urlDecodeRequired, path);
         state.state = ParseState.QUERY_PARAMETERS;
         handleQueryParameters(buffer, state, exchange);
     }
 
     private void handleFullUrl(ParseState state, HttpServerExchange exchange, int canonicalPathStart, boolean urlDecodeRequired, String path, int parseState) {
         state.canonicalPath.append(path.substring(canonicalPathStart));
         String thePath = decode(state.canonicalPath.toString(), urlDecodeRequired, state, allowEncodedSlash, false);
         exchange.setRequestPath(thePath);
@@ -601,9 +638,22 @@ final void handlePathParameters(ByteBuffer buffer, ParseState state, HttpServerE
             if (next == ' ' || next == '\t' || next == '?') {
                 handleParsedParam(param, stringBuilder.substring(pos), exchange, urlDecodeRequired, state);
                 final String path = stringBuilder.toString();
                 // the canonicalPathStart should be the current length to not add anything to it
                 parsePathComplete(state, exchange, path.length(), state.parseState, urlDecodeRequired, path);
                 state.state = ParseState.VERSION;
                 state.nextQueryParam = null;
                 if (next == '?') {
                     state.state = ParseState.QUERY_PARAMETERS;
@@ -638,17 +688,6 @@ final void handlePathParameters(ByteBuffer buffer, ParseState state, HttpServerE
                         handleParsedParam(param, stringBuilder.substring(pos), exchange, urlDecodeRequired, state);
                         pos = stringBuilder.length() + 1;
                     }
                     state.segmentStart = stringBuilder.length();
                     state.parseState = ParseState.PATH;
                     return;
                 } else if (next == ',') {
                     if(param == null) {
                         throw UndertowMessages.MESSAGES.failedToParsePath();
                     } else {
                         // parse value and add param
                         exchange.addPathParam(param, decode(stringBuilder.substring(pos), urlDecodeRequired, state, true, true));
                         pos = stringBuilder.length() + 1;
                     }
                 }
                 stringBuilder.append(next);
             }
",56,,,
253,"@@ -274,6 +274,68 @@ public void testCommaSeparatedParamValues() throws BadRequestException {
         Assert.assertSame(Protocols.HTTP_1_1, result.getProtocol());
     }
 
     @Test
     public void testRootMatrixParam() throws BadRequestException {
         // TODO decide what should happen for a single semicolon as the path URI and other edge cases
@@ -441,8 +503,8 @@ public void testSth() throws BadRequestException {
         HttpServerExchange result = new HttpServerExchange(null);
         HttpRequestParser.instance(OptionMap.create(UndertowOptions.ALLOW_ENCODED_SLASH, true)).handle(ByteBuffer.wrap(in), context, result);
         Assert.assertSame(Methods.GET, result.getRequestMethod());
 //        Assert.assertEquals(""/"", result.getRequestPath());
 //        Assert.assertEquals(""http://myurl.com"", result.getRequestURI());
         Assert.assertEquals(2, result.getPathParameters().size());
     }
 
",62,,,
254,"@@ -441,58 +441,53 @@ public static void setExchangeRequestPath(final HttpServerExchange exchange, fin
          */
     public static void setExchangeRequestPath(final HttpServerExchange exchange, final String encodedPath, final String charset, boolean decode, final boolean allowEncodedSlash, StringBuilder decodeBuffer, int maxParameters) throws ParameterLimitException {
         boolean requiresDecode = false;
         for (int i = 0; i < encodedPath.length(); ++i) {
             char c = encodedPath.charAt(i);
             if (c == '?') {
                 String part;
                 String encodedPart = encodedPath.substring(0, i);
                 if (requiresDecode) {
                     part = URLUtils.decode(encodedPart, charset, allowEncodedSlash,false, decodeBuffer);
                 } else {
                     part = encodedPart;
                 }
                 exchange.setRequestPath(part);
                 exchange.setRelativePath(part);
                 exchange.setRequestURI(encodedPart);
                 final String qs = encodedPath.substring(i + 1);
                 exchange.setQueryString(qs);
                 URLUtils.parseQueryString(qs, exchange, charset, decode, maxParameters);
                 return;
             } else if(c == ';') {
                 String part;
                 String encodedPart = encodedPath.substring(0, i);
                 if (requiresDecode) {
                     part = URLUtils.decode(encodedPart, charset, allowEncodedSlash, false, decodeBuffer);
                 } else {
                     part = encodedPart;
                 }
                 exchange.setRequestPath(part);
                 exchange.setRelativePath(part);
                 for(int j = i; j < encodedPath.length(); ++j) {
                     if (encodedPath.charAt(j) == '?') {
                         exchange.setRequestURI(encodedPath.substring(0, j));
                         String pathParams = encodedPath.substring(i + 1, j);
                         URLUtils.parsePathParams(pathParams, exchange, charset, decode, maxParameters);
                         String qs = encodedPath.substring(j + 1);
                         exchange.setQueryString(qs);
                         URLUtils.parseQueryString(qs, exchange, charset, decode, maxParameters);
                         return;
                     }
                 }
                 exchange.setRequestURI(encodedPath);
                 URLUtils.parsePathParams(encodedPath.substring(i + 1), exchange, charset, decode, maxParameters);
                 return;
             } else if(c == '%' || c == '+') {
                 requiresDecode = decode;
             }
         }
 
         String part;
         if (requiresDecode) {
             part = URLUtils.decode(encodedPath, charset, allowEncodedSlash, false, decodeBuffer);
         } else {
             part = encodedPath;
         }
         exchange.setRequestPath(part);
         exchange.setRelativePath(part);
         exchange.setRequestURI(encodedPath);
",218,,,
255,"@@ -274,21 +274,31 @@ public void parse(final ByteBuffer buf, final AjpRequestParseState state, final
                         exchange.setRequestPath(res);
                         exchange.setRelativePath(res);
                     } else {
                         final String url = result.value.substring(0, colon);
                         String res = decode(url, result.containsUrlCharacters);
                         if(result.containsUnencodedCharacters) {
                             exchange.setRequestURI(res);
                         } else {
                             exchange.setRequestURI(result.value);
                         }
                         exchange.setRequestPath(res);
                         exchange.setRelativePath(res);
                         try {
                             URLUtils.parsePathParams(result.value.substring(colon + 1), exchange, encoding, doDecode && result.containsUrlCharacters, maxParameters);
                         } catch (ParameterLimitException e) {
                             UndertowLogger.REQUEST_IO_LOGGER.failedToParseRequest(e);
                             state.badRequest = true;
                         }
                     }
                 } else {
                     state.state = AjpRequestParseState.READING_REQUEST_URI;
",71,,,
256,"@@ -34,13 +34,13 @@ public class URLUtils {
 
     private static final char PATH_SEPARATOR = '/';
 
     private static final QueryStringParser QUERY_STRING_PARSER = new QueryStringParser('&') {
         @Override
         void handle(HttpServerExchange exchange, String key, String value) {
             exchange.addQueryParam(key, value);
         }
     };
     private static final QueryStringParser PATH_PARAM_PARSER = new QueryStringParser(';') {
         @Override
         void handle(HttpServerExchange exchange, String key, String value) {
             exchange.addPathParam(key, value);
@@ -66,8 +66,8 @@ public static void parsePathParms(final String string, final HttpServerExchange
         parsePathParams(string, exchange, charset, doDecode, maxParameters);
     }
 
     public static void parsePathParams(final String string, final HttpServerExchange exchange, final String charset, final boolean doDecode, int maxParameters) throws ParameterLimitException {
         PATH_PARAM_PARSER.parse(string, exchange, charset, doDecode, maxParameters);
     }
 
     /**
@@ -239,17 +239,20 @@ private static byte[] expandBytes(byte[] bytes) {
     private abstract static class QueryStringParser {
 
         private final char separator;
 
         QueryStringParser(final char separator) {
             this.separator = separator;
         }
 
         void parse(final String string, final HttpServerExchange exchange, final String charset, final boolean doDecode, int max) throws ParameterLimitException {
             int count = 0;
             try {
                 int stringStart = 0;
                 String attrName = null;
                 for (int i = 0; i < string.length(); ++i) {
                     char c = string.charAt(i);
                     if (c == '=' && attrName == null) {
                         attrName = string.substring(stringStart, i);
@@ -268,6 +271,8 @@ void parse(final String string, final HttpServerExchange exchange, final String
                         }
                         stringStart = i + 1;
                         attrName = null;
                     }
                 }
                 if (attrName != null) {
@@ -284,6 +289,7 @@ void parse(final String string, final HttpServerExchange exchange, final String
             } catch (UnsupportedEncodingException e) {
                 throw new RuntimeException(e);
             }
         }
 
         private String decode(String charset, String attrName, final boolean doDecode) throws UnsupportedEncodingException {
",219,,,
257,"@@ -23,6 +23,8 @@
 import java.io.InputStream;
 import java.nio.ByteBuffer;
 import java.nio.charset.StandardCharsets;
 
 import org.junit.Assert;
 import org.junit.Test;
@@ -137,6 +139,50 @@ public void testInvalidQueryString() throws Exception {
         Assert.assertTrue(state.badRequest);
     }
 
     protected ByteBuffer createAjpRequest(byte[] path, byte[] query) {
         ByteBuffer data = ByteBuffer.allocate(1000);
         data.put((byte) 0x12);
",15,,,
258,"@@ -183,4 +183,52 @@ public void clear() {
         }
     }
 
 }
",220,,,
259,"@@ -276,12 +276,12 @@ int parse(final String string, final HttpServerExchange exchange, final String c
                     }
                 }
                 if (attrName != null) {
                     handle(exchange, decode(charset, attrName, doDecode), decode(charset, string.substring(stringStart, string.length()), doDecode));
                     if(++count > max) {
                         throw UndertowMessages.MESSAGES.tooManyParameters(max);
                     }
                 } else if (string.length() != stringStart) {
                     handle(exchange, decode(charset, string.substring(stringStart, string.length()), doDecode), """");
                     if(++count > max) {
                         throw UndertowMessages.MESSAGES.tooManyParameters(max);
                     }
",219,,,
260,"@@ -1724,6 +1724,13 @@ private void closeAndFlushResponse() {
                     getResponseHeaders().put(Headers.CONTENT_LENGTH, ""0"");
                 }
                 getResponseChannel();
             }
             responseChannel.shutdownWrites();
             if (!responseChannel.flush()) {
",77,,,
261,"@@ -127,7 +127,7 @@ public class SslConduit implements StreamSourceConduit, StreamSinkConduit {
      * enabled in the underlying SSL Engine. When this happens, we need
      * a specific buffer with expanded capacity.
      */
     private static ByteBufferPool EXPANDED_BUFFER_POOL;
 
 
     private final UndertowSslConnection connection;
@@ -922,9 +922,9 @@ private long doWrap(ByteBuffer[] userBuffers, int off, int len) throws IOExcepti
                         final int bufferSize = engine.getSession().getPacketBufferSize();
                         UndertowLogger.REQUEST_IO_LOGGER.tracev(
                                 ""Expanded buffer enabled due to overflow with empty buffer, buffer size is %s"", bufferSize);
                         if (EXPANDED_BUFFER_POOL == null || EXPANDED_BUFFER_POOL.getBufferSize() < bufferSize)
                             EXPANDED_BUFFER_POOL = new DefaultByteBufferPool(false, bufferSize, -1, 12);
                         wrappedData = EXPANDED_BUFFER_POOL.allocate();
                         result = wrapAndFlip(userBuffers, off, len);
                         if (result.getStatus() == SSLEngineResult.Status.BUFFER_OVERFLOW &&
                                 !wrappedData.getBuffer().hasRemaining())
",132,,,
262,"@@ -935,11 +935,34 @@ public HttpServerExchange acceptConnectRequest(HttpUpgradeListener connectListen
         return this;
     }
 
 
     public HttpServerExchange addExchangeCompleteListener(final ExchangeCompletionListener listener) {
         if(isComplete() || this.exchangeCompletionListenersCount == -1) {
             throw UndertowMessages.MESSAGES.exchangeAlreadyComplete();
         }
         final int exchangeCompletionListenersCount = this.exchangeCompletionListenersCount++;
         ExchangeCompletionListener[] exchangeCompleteListeners = this.exchangeCompleteListeners;
         if (exchangeCompleteListeners == null || exchangeCompleteListeners.length == exchangeCompletionListenersCount) {
@@ -950,7 +973,7 @@ public HttpServerExchange addExchangeCompleteListener(final ExchangeCompletionLi
             }
         }
         exchangeCompleteListeners[exchangeCompletionListenersCount] = listener;
         return this;
     }
 
     public HttpServerExchange addDefaultResponseListener(final DefaultResponseListener listener) {
",77,,,
263,"@@ -52,7 +52,7 @@ public MetricsHandler(HttpHandler next) {
     public void handleRequest(HttpServerExchange exchange) throws Exception {
         if(!exchange.isComplete()) {
             final long start = System.currentTimeMillis();
             exchange.addExchangeCompleteListener(new ExchangeCompletionListener() {
                 @Override
                 public void exchangeEvent(HttpServerExchange exchange, NextListener nextListener) {
                     long time = System.currentTimeMillis() - start;
",221,,,
264,"@@ -335,22 +335,20 @@ private void redistributeQueued(HostThreadData hostData) {
     }
 
     private void connectionReady(final ConnectionHolder result, final ProxyCallback<ProxyConnection> callback, final HttpServerExchange exchange, final boolean exclusive) {
         try {
             exchange.addExchangeCompleteListener(new ExchangeCompletionListener() {
                 @Override
                 public void exchangeEvent(HttpServerExchange exchange, NextListener nextListener) {
                     if (!exclusive) {
                         returnConnection(result);
                     }
                     nextListener.proceed();
                 }
             });
         } catch (Exception e) {
             returnConnection(result);
             callback.failed(exchange);
             return;
         }
         callback.completed(exchange, new ProxyConnection(result.clientConnection, uri.getPath() == null ? ""/"" : uri.getPath()));
     }
 
     public AvailabilityType available() {
",13,,,
265,"@@ -806,7 +806,9 @@ public Map<String, String[]> getParameterMap() {
                             values.add(v.getValue());
                         }
                     }
                     arrayMap.put(name, values);
                 }
             }
         }
",97,,,
266,"@@ -21,6 +21,7 @@
 import java.io.IOException;
 import java.io.PrintWriter;
 import java.util.Collection;
 import java.util.TreeSet;
 
 import javax.servlet.ServletException;
@@ -42,6 +43,8 @@ protected void doPost(final HttpServletRequest req, final HttpServletResponse re
             Collection<Part> parts = req.getParts();
             PrintWriter writer = resp.getWriter();
             writer.println(""PARAMS:"");
             for (Part part : parts) {
                 writer.println(""name: "" + part.getName());
                 writer.println(""filename: "" + part.getSubmittedFileName());
@@ -57,4 +60,13 @@ protected void doPost(final HttpServletRequest req, final HttpServletResponse re
             resp.getWriter().write(""EXCEPTION: "" + e.getClass());
         }
     }
 }
",211,,,
267,"@@ -119,6 +119,8 @@ public void testMultiPartRequest() throws IOException {
             Assert.assertEquals(StatusCodes.OK, result.getStatusLine().getStatusCode());
             final String response = HttpClientUtils.readResponse(result);
             Assert.assertEquals(""PARAMS:\n"" +
                     ""name: formValue\n"" +
                     ""filename: null\n"" +
                     ""content-type: null\n"" +
@@ -154,6 +156,8 @@ public void testMultiPartRequestWithAddedServlet() throws IOException {
             Assert.assertEquals(StatusCodes.OK, result.getStatusLine().getStatusCode());
             final String response = HttpClientUtils.readResponse(result);
             Assert.assertEquals(""PARAMS:\n"" +
                     ""name: formValue\n"" +
                     ""filename: null\n"" +
                     ""content-type: null\n"" +
",212,,,
268,"@@ -329,7 +329,7 @@ protected void lastFrame() {
         waitingForFrame = false;
         if(data == null && pendingFrameData.isEmpty() && frameDataRemaining == 0) {
             synchronized (lock) {
                 state |= STATE_DONE | STATE_CLOSED;
             }
             getFramedChannel().notifyFrameReadComplete(this);
             IoUtils.safeClose(this);
",222,,,
269,"@@ -83,6 +83,7 @@ public abstract class AbstractFramedStreamSourceChannel<C extends AbstractFramed
     private long frameDataRemaining;
 
     private final Object lock = new Object();
     private int waiters;
     private volatile boolean waitingForFrame;
     private int readFrameCount = 0;
@@ -345,9 +346,9 @@ public void awaitReadable() throws IOException {
         if(Thread.currentThread() == getIoThread()) {
             throw UndertowMessages.MESSAGES.awaitCalledFromIoThread();
         }
         if (data == null && pendingFrameData.isEmpty()) {
             synchronized (lock) {
                 if (data == null && pendingFrameData.isEmpty()) {
                     try {
                         waiters++;
                         lock.wait();
@@ -367,9 +368,9 @@ public void awaitReadable(long l, TimeUnit timeUnit) throws IOException {
         if(Thread.currentThread() == getIoThread()) {
             throw UndertowMessages.MESSAGES.awaitCalledFromIoThread();
         }
         if (data == null) {
             synchronized (lock) {
                 if (data == null) {
                     try {
                         waiters++;
                         lock.wait(timeUnit.toMillis(l));
@@ -646,6 +647,11 @@ public synchronized void close() {
                     closeListeners[i].handleEvent(this);
                 }
             }
         }
     }
 
",222,,,
270,"@@ -527,12 +527,16 @@ public boolean isOpen() {
     }
 
     @Override
     public synchronized void close() throws IOException {
         if(fullyFlushed || anyAreSet(state, STATE_CLOSED)) {
             return;
         }
         try {
             synchronized (lock) {
                 state |= STATE_CLOSED;
             }
             if(writeBuffer != null) {
",88,,,
271,"@@ -622,11 +622,15 @@ public boolean isOpen() {
     }
 
     @Override
     public synchronized void close() {
         if(anyAreSet(state, STATE_CLOSED)) {
             return;
         }
         synchronized (lock) {
             state |= STATE_CLOSED;
             if (allAreClear(state, STATE_DONE | STATE_LAST_FRAME)) {
                 state |= STATE_STREAM_BROKEN;
",222,,,
272,"@@ -273,6 +273,7 @@ public synchronized void stop() {
                 }
             } catch (InterruptedException e) {
                 worker.shutdownNow();
                 throw new RuntimeException(e);
             }
             worker = null;
",223,,,
273,"@@ -229,6 +229,7 @@ public void awaitWritable() throws IOException {
             try {
                 Thread.sleep(toGo);
             } catch (InterruptedException e) {
                 throw new InterruptedIOException();
             }
         }
@@ -243,6 +244,7 @@ public void awaitWritable(long time, TimeUnit timeUnit) throws IOException {
             try {
                 Thread.sleep(Math.min(toGo, timeUnit.toMillis(time)));
             } catch (InterruptedException e) {
                 throw new InterruptedIOException();
             }
             return;
",224,,,
274,"@@ -295,6 +295,7 @@ public void awaitReadable() throws IOException {
                     wait();
                     return;
                 } catch (InterruptedException e) {
                     throw new InterruptedIOException();
                 }
             }
@@ -320,6 +321,7 @@ public void awaitReadable(long time, TimeUnit timeUnit) throws IOException {
                     wait(timeUnit.toMillis(time));
                     return;
                 } catch (InterruptedException e) {
                     throw new InterruptedIOException();
                 }
             }
@@ -449,6 +451,7 @@ public void awaitWritable() throws IOException {
                         this.wait();
                         return;
                     } catch (InterruptedException e) {
                         throw new InterruptedIOException();
                     }
                 }
@@ -473,6 +476,7 @@ public void awaitWritable(long time, TimeUnit timeUnit) throws IOException {
                         this.wait(timeUnit.toMillis(time));
                         return;
                     } catch (InterruptedException e) {
                         throw new InterruptedIOException();
                     }
                 }
",132,,,
275,"@@ -566,6 +566,7 @@ public void run() {
         try {
             latch.await(10, TimeUnit.SECONDS);
         } catch (InterruptedException e) {
             throw new RuntimeException(e);
         }
     }
",13,,,
276,"@@ -289,6 +289,7 @@ public void awaitWritable() throws IOException {
                         lock.wait();
                     }
                 } catch (InterruptedException e) {
                     throw new InterruptedIOException();
                 } finally {
                     waiterCount--;
@@ -313,6 +314,7 @@ public void awaitWritable(long l, TimeUnit timeUnit) throws IOException {
                         lock.wait(timeUnit.toMillis(l));
                     }
                 } catch (InterruptedException e) {
                     throw new InterruptedIOException();
                 } finally {
                     waiterCount--;
",88,,,
277,"@@ -83,6 +83,7 @@ public abstract class AbstractFramedStreamSourceChannel<C extends AbstractFramed
     private long frameDataRemaining;
 
     private final Object lock = new Object();
     private int waiters;
     private volatile boolean waitingForFrame;
     private int readFrameCount = 0;
@@ -345,9 +346,9 @@ public void awaitReadable() throws IOException {
         if(Thread.currentThread() == getIoThread()) {
             throw UndertowMessages.MESSAGES.awaitCalledFromIoThread();
         }
         if (data == null && pendingFrameData.isEmpty()) {
             synchronized (lock) {
                 if (data == null && pendingFrameData.isEmpty()) {
                     try {
                         waiters++;
                         lock.wait();
@@ -367,9 +368,9 @@ public void awaitReadable(long l, TimeUnit timeUnit) throws IOException {
         if(Thread.currentThread() == getIoThread()) {
             throw UndertowMessages.MESSAGES.awaitCalledFromIoThread();
         }
         if (data == null) {
             synchronized (lock) {
                 if (data == null) {
                     try {
                         waiters++;
                         lock.wait(timeUnit.toMillis(l));
@@ -646,6 +647,11 @@ public synchronized void close() {
                     closeListeners[i].handleEvent(this);
                 }
             }
         }
     }
 
",222,,,
278,"@@ -534,18 +534,18 @@ public synchronized void close() throws IOException {
         try {
             synchronized (lock) {
                 state |= STATE_CLOSED;
             }
             if(writeBuffer != null) {
                 writeBuffer.close();
                 writeBuffer = null;
             }
             if(body != null) {
                 body.close();
                 body = null;
             }
             if (header != null && header.getByteBuffer() != null) {
                 header.getByteBuffer().close();
                 header = null;
             }
             channelForciblyClosed();
             //we need to wake up/invoke the write listener
",88,,,
279,"@@ -161,6 +161,13 @@ public boolean handleDefaultResponse(final HttpServerExchange exchange) {
     }
 
     public ChallengeResult sendChallenge(final HttpServerExchange exchange, final SecurityContext securityContext) {
         if (exchange.getRequestPath().endsWith(postLocation) && exchange.getRequestMethod().equals(Methods.POST)) {
             UndertowLogger.SECURITY_LOGGER.debugf(""Serving form auth error page %s for %s"", loginPage, exchange);
             // This method would no longer be called if authentication had already occurred.
",86,,,
280,"@@ -0,0 +1,124 @@
",225,,,
281,"@@ -140,6 +140,7 @@
                             <head>Implementation Note:</head>
                         </tag>
                     </tags>
                 </configuration>
                 <executions>
                     <execution>
",89,,,
282,"@@ -18,6 +18,7 @@
 
 package io.undertow.examples;
 
 import java.io.FileInputStream;
 import java.io.IOException;
 import java.lang.reflect.InvocationTargetException;
@@ -46,7 +47,7 @@
  * @author Stuart Douglas
  */
 public class Runner {
 
 
     public static void main(final String[] args) {
         System.setProperty(""java.util.logging.manager"", ""org.jboss.logmanager.LogManager"");
@@ -90,7 +91,7 @@ public static void main(final String[] args) {
                                 .filter(Files::isRegularFile)
                                 .filter(path -> path.toFile().getName().endsWith("".class""))
                                 .map(Runner::toFileName)
                                 .map(fileName -> fileName.replace(""/"", "".""))
                                 .map(Runner::instance)
                                 .filter(Optional::isPresent)
                                 .filter(clazz -> clazz.get().getAnnotation(UndertowExample.class) != null)
@@ -134,9 +135,9 @@ public static void main(final String[] args) {
 
     private static String toFileName(Path path) {
         String pathName = path.toFile().getAbsolutePath();
         int index = pathName.indexOf(""target/classes/"") + ""target/classes/"".length();
         int classIndex = pathName.lastIndexOf("".class"");
         return pathName.substring(index,classIndex);
     }
 
     private static Optional<Class<?>> instance(String clazz) {
",226,,,
284,"@@ -1728,7 +1728,7 @@
       <dependency>
         <groupId>io.undertow</groupId>
         <artifactId>undertow-servlet</artifactId>
         <version>2.0.28.Final</version>
         <exclusions>
           <exclusion>
             <groupId>org.jboss.spec.javax.servlet</groupId>
",228,,,
285,"@@ -1083,7 +1083,7 @@ public void run() {
                                                 try {
                                                     doHandshake();
                                                 } catch (IOException | RuntimeException | Error e) {
                                                     UndertowLogger.REQUEST_LOGGER.error(""Closing SSLConduit after exception on handshake"", e);
                                                     IoUtils.safeClose(connection);
                                                 }
                                                 if (anyAreSet(state, FLAG_READS_RESUMED)) {
",132,,,
286,"@@ -1728,7 +1728,7 @@
       <dependency>
         <groupId>io.undertow</groupId>
         <artifactId>undertow-servlet</artifactId>
         <version>2.0.28.Final</version>
         <exclusions>
           <exclusion>
             <groupId>org.jboss.spec.javax.servlet</groupId>
",228,,,
287,"@@ -108,6 +108,8 @@ public abstract class AbstractFramedStreamSinkChannel<C extends AbstractFramedCh
     private volatile boolean writesResumed;
     @SuppressWarnings(""unused"")
     private volatile int inListenerLoop;
 
     private static final AtomicIntegerFieldUpdater<AbstractFramedStreamSinkChannel> inListenerLoopUpdater = AtomicIntegerFieldUpdater.newUpdater(AbstractFramedStreamSinkChannel.class, ""inListenerLoop"");
 
@@ -196,6 +198,8 @@ protected void resumeWritesInternal(boolean wakeup) {
         if (inListenerLoopUpdater.compareAndSet(this, 0, 1)) {
             getChannel().runInIoThread(new Runnable() {
 
                 int loopCount = 0;
 
                 @Override
@@ -205,7 +209,11 @@ public void run() {
                         if (listener == null || !isWriteResumed()) {
                             return;
                         }
                         if (loopCount++ == 100) {
                             //should never happen
                             UndertowLogger.ROOT_LOGGER.listenerNotProgressing();
                             IoUtils.safeClose(AbstractFramedStreamSinkChannel.this);
@@ -387,6 +395,7 @@ public long write(ByteBuffer[] srcs, int offset, int length) throws IOException
         if(!buffer.hasRemaining()) {
             handleBufferFull();
         }
         return copied;
     }
 
@@ -408,6 +417,7 @@ public int write(ByteBuffer src) throws IOException {
         if(!buffer.hasRemaining()) {
             handleBufferFull();
         }
         return copied;
     }
 
@@ -433,6 +443,7 @@ public boolean send(PooledByteBuffer pooled) throws IOException {
     protected boolean sendInternal(PooledByteBuffer pooled) throws IOException {
         if (safeToSend()) {
             this.body = pooled;
             return true;
         }
         return false;
",88,,,
288,"@@ -169,7 +169,7 @@ protected boolean isLastFrameSent() {
         return lastFrameSent;
     }
 
     protected synchronized void lastDataRead() {
         if(!lastFrameSent) {
             markReadsBroken(new ClosedChannelException());
             markWritesBroken(new ClosedChannelException());
",229,,,
289,"@@ -587,22 +587,17 @@ protected FrameHeaderData parseFrame(ByteBuffer data) throws IOException {
     }
 
     protected void lastDataRead() {
         final boolean peerGoneAway;
         synchronized (this) {
             lastDataRead = true;
             peerGoneAway = this.peerGoneAway;
             if(peerGoneAway) {
                 if(!thisGoneAway) {
                     //we send a goaway message, and then close
                     sendGoAway(ERROR_CONNECT_ERROR);
                 }
             }
         }
         if (!peerGoneAway) {
             //we just close the connection, as the peer has performed an unclean close
             IoUtils.safeClose(this);
         }
 
     }
 
     @Override
",117,,,
290,"@@ -342,185 +342,173 @@ public InetSocketAddress getDestinationAddress() {
      * existing source channels. In general if you suspend receives or don't have some other way
      * of calling this method then it can prevent frame channels for being fully consumed.
      */
     public R receive() throws IOException {
         // store in a local variable to prevent invoking lastDataRead twice
         boolean receivedMinusOne = false;
         try {
             synchronized (this) {
                 if (readChannelDone && receiver == null) {
                     //we have received the last frame, we just shut down and return
                     //it would probably make more sense to have the last channel responsible for this
                     //however it is much simpler just to have it here
                     if(readData != null) {
                         readData.close();
                         readData = null;
                     }
                     channel.getSourceChannel().suspendReads();
                     channel.getSourceChannel().shutdownReads();
                     return null;
                 }
                 partialRead = false;
                 boolean requiresReinvoke = false;
                 int reinvokeDataRemaining = 0;
                 ReferenceCountedPooled pooled = this.readData;
                 boolean hasData = false;
                 if (pooled == null) {
                     pooled = allocateReferenceCountedBuffer();
                     if (pooled == null) {
                         return null;
                     }
                 } else if(pooled.isFreed()) {
                     //we attempt to re-used an existing buffer
                     if(!pooled.tryUnfree()) {
                         pooled = allocateReferenceCountedBuffer();
                         if (pooled == null) {
                             return null;
                         }
                     }
                     pooled.getBuffer().clear();
                 } else {
                     hasData = pooled.getBuffer().hasRemaining();
                     pooled.getBuffer().compact();
                 }
                 boolean forceFree = false;
                 int read = 0;
                 try {
                     read = channel.getSourceChannel().read(pooled.getBuffer());
                     if (read == 0 && !hasData) {
                         //no data, we just free the buffer
                         forceFree = true;
                         return null;
                     } else if (read == -1 && !hasData) {
                         forceFree = true;
                         receivedMinusOne = readChannelDone = true;
                         return null;
                     } else if(isLastFrameReceived() && frameDataRemaining == 0) {
                         //we got data, although we should have received the last frame
                         forceFree = true;
                         markReadsBroken(new ClosedChannelException());
                     }
                     pooled.getBuffer().flip();
                     if(read == -1) {
                         requiresReinvoke = true;
                         reinvokeDataRemaining = pooled.getBuffer().remaining();
                     }
                     if (frameDataRemaining > 0) {
                         if (frameDataRemaining >= pooled.getBuffer().remaining()) {
                             frameDataRemaining -= pooled.getBuffer().remaining();
                             if(receiver != null) {
                                 //we still create a pooled view, this means that if the buffer is still active we can re-used it
                                 //which prevents attacks based on sending lots of small fragments
                                 PooledByteBuffer frameData = pooled.createView();
                                 receiver.dataReady(null, frameData);
                             } else {
                                 //we are dropping a frame
                                 pooled.close();
                                 readData = null;
                             }
                             if(frameDataRemaining == 0) {
                                 receiver = null;
                             }
                             return null;
                         } else {
                             PooledByteBuffer frameData = pooled.createView((int) frameDataRemaining);
                             frameDataRemaining = 0;
                             if(receiver != null) {
                                 receiver.dataReady(null, frameData);
                             } else{
                                 //we are dropping the frame
                                 frameData.close();
                             }
                             receiver = null;
                         }
                         //if we read data into a frame we just return immediately, even if there is more remaining
                         //see https://issues.jboss.org/browse/UNDERTOW-410
                         //basically if we don't do this we loose some message ordering semantics
                         //as the second message may be processed before the first one
 
                         //this is problematic for HTTPS, where the read listener may also be invoked by a queued task
                         //and not by the selector mechanism
                         return null;
                     }
                     FrameHeaderData data = parseFrame(pooled.getBuffer());
                     if (data != null) {
                         PooledByteBuffer frameData;
                         if (data.getFrameLength() >= pooled.getBuffer().remaining()) {
                             frameDataRemaining = data.getFrameLength() - pooled.getBuffer().remaining();
                             frameData = pooled.createView();
                             pooled.getBuffer().position(pooled.getBuffer().limit());
                         } else {
                             frameData = pooled.createView((int) data.getFrameLength());
                         }
                         AbstractFramedStreamSourceChannel<?, ?, ?> existing = data.getExistingChannel();
                         if (existing != null) {
                             if (data.getFrameLength() > frameData.getBuffer().remaining()) {
                                 receiver = (R) existing;
                             }
                             existing.dataReady(data, frameData);
                             if (isLastFrameReceived()) {
                                 handleLastFrame(existing);
                             }
                             return null;
                         } else {
                             boolean moreData = data.getFrameLength() > frameData.getBuffer().remaining();
                             R newChannel = createChannel(data, frameData);
                             if (newChannel != null) {
                                 if (moreData) {
                                     receiver = newChannel;
                                 }
 
                                 if(isLastFrameReceived()) {
                                     handleLastFrame(newChannel);
                                 }
                             } else {
                                 frameData.close();
                             }
                             return newChannel;
                         }
                     } else {
                         //we set partial read to true so the read listener knows not to immediately call receive again
                         partialRead = true;
                     }
                     return null;
                 } catch (IOException|RuntimeException|Error e) {
                     //something has code wrong with parsing, close the read side
                     //we don't close the write side, as the underlying implementation will most likely want to send an error
                     markReadsBroken(e);
                     forceFree = true;
                     throw e;
                 }finally {
                     //if the receive caused the channel to break the close listener may be have been called
                     //which will make readData null
                     if (readData != null) {
                         if (!pooled.getBuffer().hasRemaining() || forceFree) {
                             if(pooled.getBuffer().capacity() < 1024 || forceFree) {
                                 //if there is less than 1k left we don't allow it to be re-aquired
                                 readData = null;
                             }
                             //even though this is freed we may un-free it if we get a new packet
                             //this prevents many small reads resulting in a large number of allocated buffers
                             pooled.close();
 
                         }
                     }
                     if(requiresReinvoke) {
                         if(readData != null && !readData.isFreed()) {
                             if(readData.getBuffer().remaining() == reinvokeDataRemaining) {
                                 readData.close();
                                 readData = null;
                                 UndertowLogger.REQUEST_IO_LOGGER.debugf(""Partial message read before connection close %s"", this);
                             }
                         }
                         channel.getSourceChannel().wakeupReads();
                     }
                 }
             }
         } finally {
             // read receivedMinusOne, and not readChannelDone
             // to prevent lastDataRead being invoked twice in case of
             // two concurrent receive invocations
             if (receivedMinusOne) {
                 lastDataRead();
             }
         }
     }
@@ -826,15 +814,13 @@ public boolean isReceivesResumed() {
      */
     @Override
     public void close() throws IOException {
         synchronized (this) {
             if (UndertowLogger.REQUEST_IO_LOGGER.isTraceEnabled()) {
                 UndertowLogger.REQUEST_IO_LOGGER.tracef(new ClosedChannelException(), ""Channel %s is being closed"", this);
             }
             safeClose(channel);
             if (readData != null) {
                 readData.close();
                 readData = null;
             }
         }
         closeSubChannels();
     }
",230,,,
291,"@@ -527,7 +527,7 @@ public boolean isOpen() {
     }
 
     @Override
     public synchronized void close() throws IOException {
         if(fullyFlushed || anyAreSet(state, STATE_CLOSED)) {
             return;
         }
",88,,,
292,"@@ -622,7 +622,7 @@ public boolean isOpen() {
     }
 
     @Override
     public synchronized void close() {
         if(anyAreSet(state, STATE_CLOSED)) {
             return;
         }
",222,,,
293,"@@ -147,7 +147,7 @@ protected void markReadsBroken(Throwable cause) {
     }
 
     @Override
     protected synchronized void lastDataRead() {
         if(!closeFrameReceived && !closeFrameSent) {
             //the peer has likely already gone away, but try and send a close frame anyway
             //this will likely just result in the write() failing an immediate connection termination
",28,,,
294,"@@ -262,9 +262,9 @@ private void queueFinalFrame() throws IOException {
                 state |= STATE_FIRST_DATA_WRITTEN;
                 state |= STATE_WRITES_SHUTDOWN; // Mark writes as shutdown as well, since we want that set prior to queueing
                 finalFrameQueued = true;
                 channel.queueFrame((S) this);
             }
         }
     }
 
     protected boolean isFinalFrameQueued() {
@@ -481,13 +481,12 @@ public int writeFinal(ByteBuffer src) throws IOException {
     private void handleBufferFull() throws IOException {
         synchronized (lock) {
             bufferFull = true;
             if (!readyForFlush) {
                 sendWriteBuffer();
                 readyForFlush = true;
                 state |= STATE_FIRST_DATA_WRITTEN;
                 channel.queueFrame((S) this);
             }
         }
     }
 
     private void sendWriteBuffer() throws IOException {
",88,,,
295,"@@ -240,12 +240,12 @@ public void run() {
 
     @Override
     public void shutdownWrites() throws IOException {
         synchronized (lock) {
             if (anyAreSet(state, STATE_WRITES_SHUTDOWN) || broken) {
                 return;
             }
             // Queue prior to shutting down writes, since we might send the write buffer
             queueFinalFrame();
             state |= STATE_WRITES_SHUTDOWN;
         }
     }
",88,,,
296,"@@ -49,6 +49,7 @@
  * Source channel, used to receive framed messages.
  *
  * @author Stuart Douglas
  */
 public abstract class AbstractFramedStreamSourceChannel<C extends AbstractFramedChannel<C, R, S>, R extends AbstractFramedStreamSourceChannel<C, R, S>, S extends AbstractFramedStreamSinkChannel<C, R, S>> implements StreamSourceChannel {
 
@@ -62,13 +63,13 @@ public abstract class AbstractFramedStreamSourceChannel<C extends AbstractFramed
 
     private static final int STATE_DONE = 1 << 1;
     private static final int STATE_READS_RESUMED = 1 << 2;
     private static final int STATE_CLOSED = 1 << 3;
     private static final int STATE_LAST_FRAME = 1 << 4;
     private static final int STATE_IN_LISTENER_LOOP = 1 << 5;
     private static final int STATE_STREAM_BROKEN = 1 << 6;
     private static final int STATE_RETURNED_MINUS_ONE = 1 << 7;
     private static final int STATE_WAITNG_MINUS_ONE = 1 << 8;
 
 
     /**
      * The backing data for the current frame.
@@ -215,7 +216,7 @@ private void handleStreamTooLarge() {
     @Override
     public void suspendReads() {
         synchronized (lock) {
             state &= ~STATE_READS_RESUMED;
         }
     }
 
@@ -263,35 +264,51 @@ public void addCloseTask(ChannelListener<R> channelListener) {
      */
     void resumeReadsInternal(boolean wakeup) {
         synchronized (lock) {
             boolean alreadyResumed = anyAreSet(state, STATE_READS_RESUMED);
             state |= STATE_READS_RESUMED;
             if (!alreadyResumed || wakeup) {
                 if (!anyAreSet(state, STATE_IN_LISTENER_LOOP)) {
                     state |= STATE_IN_LISTENER_LOOP;
                     getFramedChannel().runInIoThread(new Runnable() {
 
                         @Override
                         public void run() {
                             try {
                                 boolean moreData;
                                 do {
                                     ChannelListener<? super R> listener = getReadListener();
                                     if (listener == null || !isReadResumed()) {
                                         return;
                                     }
                                     ChannelListeners.invokeChannelListener((R) AbstractFramedStreamSourceChannel.this, listener);
                                     //if writes are shutdown or we become active then we stop looping
                                     //we stop when writes are shutdown because we can't flush until we are active
                                     //although we may be flushed as part of a batch
                                     moreData = (frameDataRemaining > 0 && data != null) || !pendingFrameData.isEmpty() || anyAreSet(state, STATE_WAITNG_MINUS_ONE);
                                 }
                                 while (allAreSet(state, STATE_READS_RESUMED) && allAreClear(state, STATE_CLOSED | STATE_STREAM_BROKEN) && moreData);
                             } finally {
                                 state &= ~STATE_IN_LISTENER_LOOP;
                             }
                         }
                     });
                 }
             }
         }
     }
",222,,,
297,"@@ -328,7 +328,9 @@ protected void lastFrame() {
         }
         waitingForFrame = false;
         if(data == null && pendingFrameData.isEmpty() && frameDataRemaining == 0) {
             state |= STATE_DONE | STATE_CLOSED;
             getFramedChannel().notifyFrameReadComplete(this);
             IoUtils.safeClose(this);
         }
",222,,,
298,"@@ -139,8 +139,9 @@ public abstract class AbstractFramedChannel<C extends AbstractFramedChannel<C, R
     private final Runnable taskRunQueueRunnable = new Runnable() {
         @Override
         public void run() {
             while (!taskRunQueue.isEmpty()) {
                 taskRunQueue.poll().run();
             }
         }
     };
@@ -933,8 +934,9 @@ private final class FrameReadListener implements ChannelListener<StreamSourceCha
         @Override
         public void handleEvent(final StreamSourceChannel channel) {
             //clear the task queue before reading
             while (!taskRunQueue.isEmpty()) {
                 taskRunQueue.poll().run();
             }
 
             final R receiver = AbstractFramedChannel.this.receiver;
",230,,,
299,"@@ -597,8 +597,8 @@ protected synchronized void flushSenders() {
         flushingSenders = true;
         try {
             int toSend = 0;
             while (!newFrames.isEmpty()) {
                 S frame = newFrames.poll();
                 frame.preWrite();
                 if (framePriority.insertFrame(frame, pendingFrames)) {
                     if (!heldFrames.isEmpty()) {
",230,,,
300,"@@ -49,6 +49,7 @@
  * Source channel, used to receive framed messages.
  *
  * @author Stuart Douglas
  */
 public abstract class AbstractFramedStreamSourceChannel<C extends AbstractFramedChannel<C, R, S>, R extends AbstractFramedStreamSourceChannel<C, R, S>, S extends AbstractFramedStreamSinkChannel<C, R, S>> implements StreamSourceChannel {
 
@@ -62,13 +63,13 @@ public abstract class AbstractFramedStreamSourceChannel<C extends AbstractFramed
 
     private static final int STATE_DONE = 1 << 1;
     private static final int STATE_READS_RESUMED = 1 << 2;
     private static final int STATE_CLOSED = 1 << 3;
     private static final int STATE_LAST_FRAME = 1 << 4;
     private static final int STATE_IN_LISTENER_LOOP = 1 << 5;
     private static final int STATE_STREAM_BROKEN = 1 << 6;
     private static final int STATE_RETURNED_MINUS_ONE = 1 << 7;
     private static final int STATE_WAITNG_MINUS_ONE = 1 << 8;
 
 
     /**
      * The backing data for the current frame.
@@ -215,7 +216,7 @@ private void handleStreamTooLarge() {
     @Override
     public void suspendReads() {
         synchronized (lock) {
             state &= ~STATE_READS_RESUMED;
         }
     }
 
@@ -263,35 +264,51 @@ public void addCloseTask(ChannelListener<R> channelListener) {
      */
     void resumeReadsInternal(boolean wakeup) {
         synchronized (lock) {
             boolean alreadyResumed = anyAreSet(state, STATE_READS_RESUMED);
             state |= STATE_READS_RESUMED;
             if (!alreadyResumed || wakeup) {
                 if (!anyAreSet(state, STATE_IN_LISTENER_LOOP)) {
                     state |= STATE_IN_LISTENER_LOOP;
                     getFramedChannel().runInIoThread(new Runnable() {
 
                         @Override
                         public void run() {
                             try {
                                 boolean moreData;
                                 do {
                                     ChannelListener<? super R> listener = getReadListener();
                                     if (listener == null || !isReadResumed()) {
                                         return;
                                     }
                                     ChannelListeners.invokeChannelListener((R) AbstractFramedStreamSourceChannel.this, listener);
                                     //if writes are shutdown or we become active then we stop looping
                                     //we stop when writes are shutdown because we can't flush until we are active
                                     //although we may be flushed as part of a batch
                                     moreData = (frameDataRemaining > 0 && data != null) || !pendingFrameData.isEmpty() || anyAreSet(state, STATE_WAITNG_MINUS_ONE);
                                 }
                                 while (allAreSet(state, STATE_READS_RESUMED) && allAreClear(state, STATE_CLOSED | STATE_STREAM_BROKEN) && moreData);
                             } finally {
                                 state &= ~STATE_IN_LISTENER_LOOP;
                             }
                         }
                     });
                 }
             }
         }
     }
",222,,,
301,"@@ -328,7 +328,9 @@ protected void lastFrame() {
         }
         waitingForFrame = false;
         if(data == null && pendingFrameData.isEmpty() && frameDataRemaining == 0) {
             state |= STATE_DONE | STATE_CLOSED;
             getFramedChannel().notifyFrameReadComplete(this);
             IoUtils.safeClose(this);
         }
",222,,,
302,"@@ -139,8 +139,9 @@ public abstract class AbstractFramedChannel<C extends AbstractFramedChannel<C, R
     private final Runnable taskRunQueueRunnable = new Runnable() {
         @Override
         public void run() {
             while (!taskRunQueue.isEmpty()) {
                 taskRunQueue.poll().run();
             }
         }
     };
@@ -933,8 +934,9 @@ private final class FrameReadListener implements ChannelListener<StreamSourceCha
         @Override
         public void handleEvent(final StreamSourceChannel channel) {
             //clear the task queue before reading
             while (!taskRunQueue.isEmpty()) {
                 taskRunQueue.poll().run();
             }
 
             final R receiver = AbstractFramedChannel.this.receiver;
",230,,,
303,"@@ -597,8 +597,8 @@ protected synchronized void flushSenders() {
         flushingSenders = true;
         try {
             int toSend = 0;
             while (!newFrames.isEmpty()) {
                 S frame = newFrames.poll();
                 frame.preWrite();
                 if (framePriority.insertFrame(frame, pendingFrames)) {
                     if (!heldFrames.isEmpty()) {
",230,,,
304,"@@ -49,6 +49,7 @@
  * Source channel, used to receive framed messages.
  *
  * @author Stuart Douglas
  */
 public abstract class AbstractFramedStreamSourceChannel<C extends AbstractFramedChannel<C, R, S>, R extends AbstractFramedStreamSourceChannel<C, R, S>, S extends AbstractFramedStreamSinkChannel<C, R, S>> implements StreamSourceChannel {
 
@@ -62,13 +63,13 @@ public abstract class AbstractFramedStreamSourceChannel<C extends AbstractFramed
 
     private static final int STATE_DONE = 1 << 1;
     private static final int STATE_READS_RESUMED = 1 << 2;
     private static final int STATE_CLOSED = 1 << 3;
     private static final int STATE_LAST_FRAME = 1 << 4;
     private static final int STATE_IN_LISTENER_LOOP = 1 << 5;
     private static final int STATE_STREAM_BROKEN = 1 << 6;
     private static final int STATE_RETURNED_MINUS_ONE = 1 << 7;
     private static final int STATE_WAITNG_MINUS_ONE = 1 << 8;
 
 
     /**
      * The backing data for the current frame.
@@ -215,7 +216,7 @@ private void handleStreamTooLarge() {
     @Override
     public void suspendReads() {
         synchronized (lock) {
             state &= ~STATE_READS_RESUMED;
         }
     }
 
@@ -263,35 +264,51 @@ public void addCloseTask(ChannelListener<R> channelListener) {
      */
     void resumeReadsInternal(boolean wakeup) {
         synchronized (lock) {
             boolean alreadyResumed = anyAreSet(state, STATE_READS_RESUMED);
             state |= STATE_READS_RESUMED;
             if (!alreadyResumed || wakeup) {
                 if (!anyAreSet(state, STATE_IN_LISTENER_LOOP)) {
                     state |= STATE_IN_LISTENER_LOOP;
                     getFramedChannel().runInIoThread(new Runnable() {
 
                         @Override
                         public void run() {
                             try {
                                 boolean moreData;
                                 do {
                                     ChannelListener<? super R> listener = getReadListener();
                                     if (listener == null || !isReadResumed()) {
                                         return;
                                     }
                                     ChannelListeners.invokeChannelListener((R) AbstractFramedStreamSourceChannel.this, listener);
                                     //if writes are shutdown or we become active then we stop looping
                                     //we stop when writes are shutdown because we can't flush until we are active
                                     //although we may be flushed as part of a batch
                                     moreData = (frameDataRemaining > 0 && data != null) || !pendingFrameData.isEmpty() || anyAreSet(state, STATE_WAITNG_MINUS_ONE);
                                 }
                                 while (allAreSet(state, STATE_READS_RESUMED) && allAreClear(state, STATE_CLOSED | STATE_STREAM_BROKEN) && moreData);
                             } finally {
                                 state &= ~STATE_IN_LISTENER_LOOP;
                             }
                         }
                     });
                 }
             }
         }
     }
",222,,,
305,"@@ -328,7 +328,9 @@ protected void lastFrame() {
         }
         waitingForFrame = false;
         if(data == null && pendingFrameData.isEmpty() && frameDataRemaining == 0) {
             state |= STATE_DONE | STATE_CLOSED;
             getFramedChannel().notifyFrameReadComplete(this);
             IoUtils.safeClose(this);
         }
",222,,,
306,"@@ -139,8 +139,9 @@ public abstract class AbstractFramedChannel<C extends AbstractFramedChannel<C, R
     private final Runnable taskRunQueueRunnable = new Runnable() {
         @Override
         public void run() {
             while (!taskRunQueue.isEmpty()) {
                 taskRunQueue.poll().run();
             }
         }
     };
@@ -933,8 +934,9 @@ private final class FrameReadListener implements ChannelListener<StreamSourceCha
         @Override
         public void handleEvent(final StreamSourceChannel channel) {
             //clear the task queue before reading
             while (!taskRunQueue.isEmpty()) {
                 taskRunQueue.poll().run();
             }
 
             final R receiver = AbstractFramedChannel.this.receiver;
",230,,,
307,"@@ -597,8 +597,8 @@ protected synchronized void flushSenders() {
         flushingSenders = true;
         try {
             int toSend = 0;
             while (!newFrames.isEmpty()) {
                 S frame = newFrames.poll();
                 frame.preWrite();
                 if (framePriority.insertFrame(frame, pendingFrames)) {
                     if (!heldFrames.isEmpty()) {
",230,,,
308,"@@ -49,6 +49,7 @@
  * Source channel, used to receive framed messages.
  *
  * @author Stuart Douglas
  */
 public abstract class AbstractFramedStreamSourceChannel<C extends AbstractFramedChannel<C, R, S>, R extends AbstractFramedStreamSourceChannel<C, R, S>, S extends AbstractFramedStreamSinkChannel<C, R, S>> implements StreamSourceChannel {
 
@@ -62,13 +63,13 @@ public abstract class AbstractFramedStreamSourceChannel<C extends AbstractFramed
 
     private static final int STATE_DONE = 1 << 1;
     private static final int STATE_READS_RESUMED = 1 << 2;
     private static final int STATE_CLOSED = 1 << 3;
     private static final int STATE_LAST_FRAME = 1 << 4;
     private static final int STATE_IN_LISTENER_LOOP = 1 << 5;
     private static final int STATE_STREAM_BROKEN = 1 << 6;
     private static final int STATE_RETURNED_MINUS_ONE = 1 << 7;
     private static final int STATE_WAITNG_MINUS_ONE = 1 << 8;
 
 
     /**
      * The backing data for the current frame.
@@ -215,7 +216,7 @@ private void handleStreamTooLarge() {
     @Override
     public void suspendReads() {
         synchronized (lock) {
             state &= ~STATE_READS_RESUMED;
         }
     }
 
@@ -263,35 +264,51 @@ public void addCloseTask(ChannelListener<R> channelListener) {
      */
     void resumeReadsInternal(boolean wakeup) {
         synchronized (lock) {
             boolean alreadyResumed = anyAreSet(state, STATE_READS_RESUMED);
             state |= STATE_READS_RESUMED;
             if (!alreadyResumed || wakeup) {
                 if (!anyAreSet(state, STATE_IN_LISTENER_LOOP)) {
                     state |= STATE_IN_LISTENER_LOOP;
                     getFramedChannel().runInIoThread(new Runnable() {
 
                         @Override
                         public void run() {
                             try {
                                 boolean moreData;
                                 do {
                                     ChannelListener<? super R> listener = getReadListener();
                                     if (listener == null || !isReadResumed()) {
                                         return;
                                     }
                                     ChannelListeners.invokeChannelListener((R) AbstractFramedStreamSourceChannel.this, listener);
                                     //if writes are shutdown or we become active then we stop looping
                                     //we stop when writes are shutdown because we can't flush until we are active
                                     //although we may be flushed as part of a batch
                                     moreData = (frameDataRemaining > 0 && data != null) || !pendingFrameData.isEmpty() || anyAreSet(state, STATE_WAITNG_MINUS_ONE);
                                 }
                                 while (allAreSet(state, STATE_READS_RESUMED) && allAreClear(state, STATE_CLOSED | STATE_STREAM_BROKEN) && moreData);
                             } finally {
                                 state &= ~STATE_IN_LISTENER_LOOP;
                             }
                         }
                     });
                 }
             }
         }
     }
",222,,,
309,"@@ -328,7 +328,9 @@ protected void lastFrame() {
         }
         waitingForFrame = false;
         if(data == null && pendingFrameData.isEmpty() && frameDataRemaining == 0) {
             state |= STATE_DONE | STATE_CLOSED;
             getFramedChannel().notifyFrameReadComplete(this);
             IoUtils.safeClose(this);
         }
",222,,,
310,"@@ -139,8 +139,9 @@ public abstract class AbstractFramedChannel<C extends AbstractFramedChannel<C, R
     private final Runnable taskRunQueueRunnable = new Runnable() {
         @Override
         public void run() {
             while (!taskRunQueue.isEmpty()) {
                 taskRunQueue.poll().run();
             }
         }
     };
@@ -933,8 +934,9 @@ private final class FrameReadListener implements ChannelListener<StreamSourceCha
         @Override
         public void handleEvent(final StreamSourceChannel channel) {
             //clear the task queue before reading
             while (!taskRunQueue.isEmpty()) {
                 taskRunQueue.poll().run();
             }
 
             final R receiver = AbstractFramedChannel.this.receiver;
",230,,,
311,"@@ -597,8 +597,8 @@ protected synchronized void flushSenders() {
         flushingSenders = true;
         try {
             int toSend = 0;
             while (!newFrames.isEmpty()) {
                 S frame = newFrames.poll();
                 frame.preWrite();
                 if (framePriority.insertFrame(frame, pendingFrames)) {
                     if (!heldFrames.isEmpty()) {
",230,,,
312,"@@ -645,7 +645,7 @@ public String getHostName() {
      */
     public String getHostAndPort() {
         String host = requestHeaders.getFirst(Headers.HOST);
         if (host == null) {
             InetSocketAddress address = getDestinationAddress();
             host = NetworkUtils.formatPossibleIpv6Address(address.getHostString());
             int port = address.getPort();
",77,,,
313,"@@ -88,6 +88,7 @@ public final class HttpServletResponseImpl implements HttpServletResponse {
     private String contentType;
     private String charset;
     private Supplier<Map<String, String>> trailerSupplier;
     private Map<String, Map<String, Cookie>> duplicateCookies;
 
     public HttpServletResponseImpl(final HttpServerExchange exchange, final ServletContextImpl servletContext) {
@@ -113,27 +114,32 @@ public void addCookie(final javax.servlet.http.Cookie cookie) {
         if (exchange.getResponseCookies().containsKey(servletCookieAdaptor.getName())) {
             final String cookieName = servletCookieAdaptor.getName();
             final String path = servletCookieAdaptor.getPath();
             final Cookie otherCookie = exchange.getResponseCookies().get(cookieName);
             final String otherCookiePath = otherCookie.getPath();
             // if both cookies have same path and name, overwrite previous cookie
             if ((path == otherCookiePath) || (path != null && path.equals(otherCookiePath))) {
                 exchange.setResponseCookie(servletCookieAdaptor);
             }
             // else, create a duplicate cookie entry
             else {
                 final Map<String, Cookie> cookiesByPath;
                 if (duplicateCookies == null) {
                     duplicateCookies = new TreeMap<>();
                     exchange.addResponseCommitListener(
                             new DuplicateCookieCommitListener());
                 }
                 if (duplicateCookies.containsKey(cookieName)) {
                     cookiesByPath = duplicateCookies.get(cookieName);
                 } else {
                     cookiesByPath = new TreeMap<>();
                     duplicateCookies.put(cookieName, cookiesByPath);
                 }
                 cookiesByPath.put(otherCookiePath == null ? ""null"" : otherCookiePath, otherCookie);
             }
         }
         exchange.setResponseCookie(servletCookieAdaptor);
",231,,,
314,"@@ -35,14 +35,35 @@ public class DuplicateCookiesServlet extends HttpServlet {
 
     @Override
     protected void doGet(final HttpServletRequest req, final HttpServletResponse resp) throws ServletException, IOException {
         Cookie cookie1 = new Cookie(""test"", ""test"");
         cookie1.setPath(""/test"");
 
         Cookie cookie2 = new Cookie(""test"", ""test"");
         cookie2.setPath(""/test2"");
 
         resp.addCookie(cookie1);
         resp.addCookie(cookie2);
 
         resp.getWriter().append(""Served at: "").append(req.getContextPath());
     }
",232,,,
315,"@@ -47,11 +47,34 @@ protected void doGet(final HttpServletRequest req, final HttpServletResponse res
         Cookie cookie4 = new javax.servlet.http.Cookie(""test"", ""test4"");
         Cookie cookie5 = new javax.servlet.http.Cookie(""test"", ""test5"");
 
         resp.addCookie(cookie1);
         resp.addCookie(cookie2);
         resp.addCookie(cookie3);
         resp.addCookie(cookie4);
         resp.addCookie(cookie5);
 
         // creating session -> additional jsessionid set-cookie
         req.getSession().setAttribute(""CleanSessions"", true);
",233,,,
316,"@@ -18,6 +18,9 @@
 
 package io.undertow.servlet.test.response.cookies;
 
 import javax.servlet.ServletException;
 
 import io.undertow.servlet.api.ServletInfo;
@@ -89,9 +92,16 @@ public void duplicateCookies() throws Exception {
             assertEquals(""Served at: /servletContext"", response);
 
             final Header[] setCookieHeaders = result.getHeaders(""Set-Cookie"");
             assertEquals(2, setCookieHeaders.length);
             assertEquals(""test=test; path=/test"", setCookieHeaders[0].getValue());
             assertEquals(""test=test; path=/test2"", setCookieHeaders[1].getValue());
         } finally {
             client.getConnectionManager().shutdown();
         }
@@ -109,11 +119,15 @@ public void overwriteCookies() throws Exception {
             assertEquals(""Served at: /servletContext"", response);
 
             final Header[] setCookieHeaders = result.getHeaders(""Set-Cookie"");
             assertEquals(3, setCookieHeaders.length);
             assertEquals(""test=test2; path=/test"", setCookieHeaders[0].getValue());
             assertTrue(""Header "" + setCookieHeaders[1] + ""didn't match expected regex"",
                     setCookieHeaders[1].getValue().matches(""JSESSIONID=.*; path=/servletContext""));
             assertEquals(""test=test5"", setCookieHeaders[2].getValue());
         } finally {
             client.getConnectionManager().shutdown();
         }
",234,,,
317,"@@ -293,4 +293,11 @@
         <Bug pattern=""RCN_REDUNDANT_NULLCHECK_WOULD_HAVE_BEEN_A_NPE""/>
         <Class name=""io.undertow.client.http.HttpClientConnection$ClientReadListener"" />
     </Match>
 </FindBugsFilter>
",133,,,
318,"@@ -18,6 +18,19 @@
 
 package io.undertow.server.handlers.proxy;
 
 import io.undertow.UndertowLogger;
 import io.undertow.UndertowMessages;
 import io.undertow.client.ClientCallback;
@@ -36,19 +49,6 @@
 import org.xnio.XnioIoThread;
 import org.xnio.ssl.XnioSsl;
 
 import java.io.Closeable;
 import java.io.IOException;
 import java.net.InetSocketAddress;
 import java.net.URI;
 import java.util.ArrayDeque;
 import java.util.Deque;
 import java.util.Map;
 import java.util.concurrent.ConcurrentMap;
 import java.util.concurrent.CountDownLatch;
 import java.util.concurrent.TimeUnit;
 import java.util.concurrent.atomic.AtomicInteger;
 import java.util.concurrent.atomic.AtomicLong;
 
 /**
  * A pool of connections to a target host.
  *
@@ -270,35 +270,50 @@ private void openConnection(final HttpServerExchange exchange, final ProxyCallba
         if (!exclusive) {
             data.connections++;
         }
         client.connect(new ClientCallback<ClientConnection>() {
             @Override
             public void completed(final ClientConnection result) {
                 openConnections.incrementAndGet();
                 final ConnectionHolder connectionHolder = new ConnectionHolder(result);
                 if (!exclusive) {
                     result.getCloseSetter().set(new ChannelListener<ClientConnection>() {
                         @Override
                         public void handleEvent(ClientConnection channel) {
                             handleClosedConnection(data, connectionHolder);
                         }
                     });
                 }
                 connectionReady(connectionHolder, callback, exchange, exclusive);
             }
 
             @Override
             public void failed(IOException e) {
                 if (!exclusive) {
                     data.connections--;
                 }
                 UndertowLogger.REQUEST_LOGGER.debug(""Failed to connect"", e);
                 if (!connectionPoolManager.handleError()) {
                     redistributeQueued(getData());
                     scheduleFailedHostRetry(exchange);
                 }
                 callback.failed(exchange);
             }
         }, bindAddress, getUri(), exchange.getIoThread(), ssl, exchange.getConnection().getByteBufferPool(), options);
     }
 
     private void redistributeQueued(HostThreadData hostData) {
@@ -375,35 +390,43 @@ public void run() {
                     }
 
                     UndertowLogger.PROXY_REQUEST_LOGGER.debugf(""Attempting to reconnect to failed host %s"", getUri());
                     client.connect(new ClientCallback<ClientConnection>() {
                         @Override
                         public void completed(ClientConnection result) {
                             UndertowLogger.PROXY_REQUEST_LOGGER.debugf(""Connected to previously failed host %s, returning to service"", getUri());
                             if (connectionPoolManager.clearError()) {
                                 // In case the node is available now, return the connection
                                 final ConnectionHolder connectionHolder = new ConnectionHolder(result);
                                 final HostThreadData data = getData();
                                 result.getCloseSetter().set(new ChannelListener<ClientConnection>() {
                                     @Override
                                     public void handleEvent(ClientConnection channel) {
                                         handleClosedConnection(data, connectionHolder);
                                     }
                                 });
                                 data.connections++;
                                 returnConnection(connectionHolder);
                             } else {
                                 // Otherwise reschedule the retry task
                                 scheduleFailedHostRetry(exchange);
                             }
                         }
 
                         @Override
                         public void failed(IOException e) {
                             UndertowLogger.PROXY_REQUEST_LOGGER.debugf(""Failed to reconnect to failed host %s"", getUri());
                             connectionPoolManager.handleError();
                             scheduleFailedHostRetry(exchange);
                         }
                     }, bindAddress, getUri(), exchange.getIoThread(), ssl, exchange.getConnection().getByteBufferPool(), options);
                 }
             }, retry, TimeUnit.SECONDS);
         }
",13,,,
319,"@@ -218,6 +218,7 @@ else if (index == urlString.length() - 1) {
                 chunk.append(request.getContextPath());
                 chunk.append(urlString);
                 String requestPath = chunk.toString();
                 exchange.setRequestPath(requestPath);
                 exchange.setRelativePath(urlString);
 
",235,,,
320,"@@ -50,7 +50,6 @@
 @RunWith(DefaultServer.class)
 public class RewriteTestCase {
 
 
     @BeforeClass
     public static void setup() throws ServletException {
         DeploymentUtils.setupServlet(new ServletExtension() {
@@ -68,20 +67,20 @@ public HttpHandler wrap(HttpHandler handler) {
                                              });
                                          }
                                      },
                 new ServletInfo(""servlet"", PathTestServlet.class)
                         .addMapping(""/""));
     }
 
     @Test
     public void testRewrite() throws Exception{
 
         TestHttpClient client = new TestHttpClient();
         try {
             HttpGet get = new HttpGet(DefaultServer.getDefaultServerURL() + ""/servletContext/foo1"");
             HttpResponse result = client.execute(get);
             Assert.assertEquals(StatusCodes.OK, result.getStatusLine().getStatusCode());
             String response = HttpClientUtils.readResponse(result);
             Assert.assertEquals(""pathInfo:null queryString:null servletPath:/bar1 requestUri:/servletContext/foo1"", response);
 
         } finally {
             client.getConnectionManager().shutdown();
",236,,,
321,"@@ -104,23 +104,23 @@ public void testLargeCachedResourceHandler() throws IOException, InterruptedExce
                 HttpResponse result = client.execute(get);
                 Assert.assertEquals(StatusCodes.PARTIAL_CONTENT, result.getStatusLine().getStatusCode());
                 String response = EntityUtils.toString(result.getEntity());
                 Assert.assertEquals(""89\n2:012345"", response);
                 Assert.assertEquals( ""bytes 10-20/1034"", result.getFirstHeader(Headers.CONTENT_RANGE_STRING).getValue());
 
                 get = new HttpGet(DefaultServer.getDefaultServerURL() + path);
                 get.addHeader(Headers.RANGE_STRING, ""bytes=1000-1024"");
                 result = client.execute(get);
                 Assert.assertEquals(StatusCodes.PARTIAL_CONTENT, result.getStatusLine().getStatusCode());
                 response = EntityUtils.toString(result.getEntity());
                 Assert.assertEquals(""3:0123456789\n74:012345678"", response);
                 Assert.assertEquals( ""bytes 1000-1024/1034"", result.getFirstHeader(Headers.CONTENT_RANGE_STRING).getValue());
 
                 get = new HttpGet(DefaultServer.getDefaultServerURL() + path);
                 get.addHeader(Headers.RANGE_STRING, ""bytes=1001-1024"");
                 result = client.execute(get);
                 Assert.assertEquals(StatusCodes.PARTIAL_CONTENT, result.getStatusLine().getStatusCode());
                 response = EntityUtils.toString(result.getEntity());
                 Assert.assertEquals("":0123456789\n74:012345678"", response);
                 Assert.assertEquals( ""bytes 1001-1024/1034"", result.getFirstHeader(Headers.CONTENT_RANGE_STRING).getValue());
 
                 get = new HttpGet(DefaultServer.getDefaultServerURL() + path);
",196,,,
322,"@@ -1,74 +1 @@
 1:0123456789
 2:0123456789
 3:0123456789
 4:0123456789
 5:0123456789
 6:0123456789
 7:0123456789
 8:0123456789
 9:0123456789
 10:0123456789
 11:0123456789
 12:0123456789
 13:0123456789
 14:0123456789
 15:0123456789
 16:0123456789
 17:0123456789
 18:0123456789
 19:0123456789
 20:0123456789
 21:0123456789
 22:0123456789
 23:0123456789
 24:0123456789
 25:0123456789
 26:0123456789
 27:0123456789
 28:0123456789
 29:0123456789
 30:0123456789
 31:0123456789
 32:0123456789
 33:0123456789
 34:0123456789
 35:0123456789
 36:0123456789
 37:0123456789
 38:0123456789
 39:0123456789
 40:0123456789
 41:0123456789
 42:0123456789
 43:0123456789
 44:0123456789
 45:0123456789
 46:0123456789
 47:0123456789
 48:0123456789
 49:0123456789
 50:0123456789
 51:0123456789
 52:0123456789
 53:0123456789
 54:0123456789
 55:0123456789
 56:0123456789
 57:0123456789
 58:0123456789
 59:0123456789
 60:0123456789
 61:0123456789
 62:0123456789
 63:0123456789
 64:0123456789
 65:0123456789
 66:0123456789
 67:0123456789
 68:0123456789
 69:0123456789
 70:0123456789
 71:0123456789
 72:0123456789
 73:0123456789
 74:0123456789abcdefg
\ No newline at end of file
",237,,,
323,"@@ -93,7 +93,7 @@ public long write(ByteBuffer[] srcs, int offs, int len) throws IOException {
         for (int i = 0; i < len; ++i) {
             ByteBuffer buf = srcs[i + offs];
             int pos = starts[i];
             while (rem > 0 && pos <= buf.position()) {
                 outputStream.write(buf.get(pos));
                 pos++;
                 rem--;
@@ -130,7 +130,7 @@ public long writeFinal(ByteBuffer[] srcs, int offs, int len) throws IOException
         for (int i = 0; i < len; ++i) {
             ByteBuffer buf = srcs[i + offs];
             int pos = starts[i];
             while (rem > 0 && pos <= buf.position()) {
                 outputStream.write(buf.get(pos));
                 pos++;
                 rem--;
",126,,,
327,"@@ -21,7 +21,11 @@
 import io.undertow.attribute.ExchangeAttribute;
 import io.undertow.attribute.ExchangeAttributeBuilder;
 import io.undertow.attribute.ReadOnlyAttributeException;
 import io.undertow.server.HttpServerExchange;
 
 /**
  * The request line
@@ -41,11 +45,19 @@ private ServletRequestLineAttribute() {
 
     @Override
     public String readAttribute(final HttpServerExchange exchange) {
         StringBuilder sb = new StringBuilder()
                 .append(exchange.getRequestMethod().toString())
                 .append(' ')
                 .append(ServletRequestURLAttribute.INSTANCE.readAttribute(exchange));
         if (!exchange.getQueryString().isEmpty()) {
             sb.append('?');
             sb.append(exchange.getQueryString());
         }
",238,,,
328,"@@ -191,22 +191,31 @@ public void testPathBasedStaticIncludePost() throws IOException {
 
 
     @Test
     public void testIncludeAggregatesQueryString() throws IOException {
         TestHttpClient client = new TestHttpClient();
         try {
             HttpGet get = new HttpGet(DefaultServer.getDefaultServerURL() + ""/servletContext/dispatch?a=b"");
             get.setHeader(""forward"", ""/path"");
             HttpResponse result = client.execute(get);
             Assert.assertEquals(StatusCodes.OK, result.getStatusLine().getStatusCode());
             String response = HttpClientUtils.readResponse(result);
             Assert.assertEquals(""pathInfo:null queryString:a=b servletPath:/path requestUri:/servletContext/path"", response);
 
             get = new HttpGet(DefaultServer.getDefaultServerURL() + ""/servletContext/dispatch?a=b"");
             get.setHeader(""forward"", ""/path?foo=bar"");
             result = client.execute(get);
             Assert.assertEquals(StatusCodes.OK, result.getStatusLine().getStatusCode());
             response = HttpClientUtils.readResponse(result);
             Assert.assertEquals(""pathInfo:null queryString:foo=bar servletPath:/path requestUri:/servletContext/path"", response);
         } finally {
             client.getConnectionManager().shutdown();
         }
",239,,,
329,"@@ -153,8 +153,10 @@ class ServerTask extends BaseFileTask implements IoCallback {
             public void run() {
                 if(range && remaining == 0) {
                     //we are done
                     pooled.close();
                     pooled = null;
                     IoUtils.safeClose(fileChannel);
                     callback.onComplete(exchange, sender);
                     return;
",240,,,
331,"@@ -267,7 +267,7 @@ private HttpString handleIndexedHeaderName(int index) throws HpackException {
         if (index <= Hpack.STATIC_TABLE_LENGTH) {
             return Hpack.STATIC_TABLE[index].name;
         } else {
             if (index >= Hpack.STATIC_TABLE_LENGTH + filledTableSlots) {
                 throw new HpackException();
             }
             int adjustedIndex = getRealIndex(index - Hpack.STATIC_TABLE_LENGTH);
",241,,,
332,"@@ -19,6 +19,7 @@
 
 import io.undertow.server.HttpHandler;
 import io.undertow.server.HttpServerExchange;
 
 import java.net.URI;
 import java.net.URISyntaxException;
@@ -45,7 +46,8 @@ protected URI getRedirectURI(HttpServerExchange exchange) throws URISyntaxExcept
 
     protected URI getRedirectURI(final HttpServerExchange exchange, final int port) throws URISyntaxException {
         final StringBuilder uriBuilder = new StringBuilder();
         uriBuilder.append(""https://"").append(exchange.getHostName());
         if (port > 0) {
             uriBuilder.append("":"").append(port);
         }
",242,,,
333,"@@ -20,6 +20,7 @@
 
 import java.io.File;
 import java.nio.file.Path;
 import java.util.ArrayList;
 import java.util.Arrays;
 import java.util.Collection;
@@ -655,6 +656,18 @@ public Path getTempPath() {
         return tempDir;
     }
 
     public DeploymentInfo setTempDir(final File tempDir) {
         this.tempDir = tempDir != null ? tempDir.toPath() : null;
         return this;
",96,,,
334,"@@ -0,0 +1,42 @@
",243,,,
335,"@@ -37,6 +37,7 @@
 import io.undertow.server.handlers.resource.ResourceManager;
 import io.undertow.servlet.UndertowServletLogger;
 import io.undertow.servlet.UndertowServletMessages;
 import io.undertow.servlet.api.DeploymentManager;
 import io.undertow.servlet.api.InstanceFactory;
 import io.undertow.servlet.api.InstanceHandle;
@@ -104,7 +105,8 @@ public void setupMultipart(ServletContextImpl servletContext) {
                 if(locFile.isAbsolute()) {
                     tempDir = locFile;
                 } else {
                     tempDir = servletContext.getDeployment().getDeploymentInfo().getTempPath().resolve(location);
                 }
             }
 
",65,,,
336,"@@ -125,7 +125,7 @@ public synchronized RoutingHandler add(HttpString method, String template, HttpH
         if (res == null) {
             matcher.add(template, res = new RoutingMatch());
         }
         if (allMethodsMatcher.get(template) == null) {
             allMethodsMatcher.add(template, res);
         }
         res.defaultHandler = handler;
@@ -161,7 +161,7 @@ public synchronized RoutingHandler add(HttpString method, String template, Predi
         if (res == null) {
             matcher.add(template, res = new RoutingMatch());
         }
         if (allMethodsMatcher.get(template) == null) {
             allMethodsMatcher.add(template, res);
         }
         res.predicatedHandlers.add(new HandlerHolder(predicate, handler));
@@ -195,7 +195,7 @@ public synchronized RoutingHandler addAll(RoutingHandler routingHandler) {
             // If we use allMethodsMatcher.addAll() we can have duplicate
             // PathTemplates which we want to ignore here so it does not crash.
             for (PathTemplate template : entry.getValue().getPathTemplates()) {
                 if (allMethodsMatcher.get(template.getTemplateString()) == null) {
                     allMethodsMatcher.add(template, new RoutingMatch());
                 }
             }
",244,,,
337,"@@ -126,6 +126,12 @@ public void handleRequest(HttpServerExchange exchange) throws Exception {
                         exchange.getResponseSender().send(""posted foo"");
                     }
                 })
                 .add(Methods.GET, ""/foo/{bar}"", new HttpHandler() {
                     @Override
                     public void handleRequest(HttpServerExchange exchange) throws Exception {
",213,,,
338,"@@ -71,6 +71,7 @@
 import io.undertow.servlet.api.ThreadSetupHandler;
 import io.undertow.servlet.api.WebResourceCollection;
 import io.undertow.servlet.handlers.CrawlerSessionManagerHandler;
 import io.undertow.servlet.handlers.ServletDispatchingHandler;
 import io.undertow.servlet.handlers.ServletHandler;
 import io.undertow.servlet.handlers.ServletInitialHandler;
@@ -218,6 +219,7 @@ public Void call(HttpServerExchange exchange, Object ignore) throws Exception {
 
                     HttpHandler wrappedHandlers = ServletDispatchingHandler.INSTANCE;
                     wrappedHandlers = wrapHandlers(wrappedHandlers, deploymentInfo.getInnerHandlerChainWrappers());
                     if(!deploymentInfo.isSecurityDisabled()) {
                         HttpHandler securityHandler = setupSecurityHandlers(wrappedHandlers);
                         wrappedHandlers = new PredicateHandler(DispatcherTypePredicate.REQUEST, securityHandler, wrappedHandlers);
",69,,,
339,"@@ -0,0 +1,71 @@
",245,,,
340,"@@ -39,11 +39,8 @@
 import io.undertow.servlet.spec.HttpServletResponseImpl;
 import io.undertow.servlet.spec.RequestDispatcherImpl;
 import io.undertow.servlet.spec.ServletContextImpl;
 import io.undertow.util.Headers;
 import io.undertow.util.HttpString;
 import io.undertow.util.Methods;
 import io.undertow.util.Protocols;
 import io.undertow.util.RedirectBuilder;
 import io.undertow.util.StatusCodes;
 import org.xnio.ChannelListener;
 import org.xnio.Option;
@@ -80,8 +77,6 @@
  */
 public class ServletInitialHandler implements HttpHandler, ServletDispatcher {
 
     private static final String HTTP2_UPGRADE_PREFIX = ""h2"";
 
     private static final RuntimePermission PERMISSION = new RuntimePermission(""io.undertow.servlet.CREATE_INITIAL_HANDLER"");
 
     private final HttpHandler next;
@@ -149,30 +144,12 @@ public void handleRequest(final HttpServerExchange exchange) throws Exception {
             return;
         }
         final ServletPathMatch info = paths.getServletHandlerByPath(path);
         //https://issues.jboss.org/browse/WFLY-3439
         //if the request is an upgrade request then we don't want to redirect
         //as there is a good chance the web socket client won't understand the redirect
         //we make an exception for HTTP2 upgrade requests, as this would have already be handled at
         //the connector level if it was going to be handled.
         String upgradeString = exchange.getRequestHeaders().getFirst(Headers.UPGRADE);
         boolean isUpgradeRequest = upgradeString != null && !upgradeString.startsWith(HTTP2_UPGRADE_PREFIX);
         if (info.getType() == ServletPathMatch.Type.REDIRECT && !isUpgradeRequest) {
             //UNDERTOW-89
             //we redirect on GET requests to the root context to add an / to the end
             if(exchange.getRequestMethod().equals(Methods.GET) || exchange.getRequestMethod().equals(Methods.HEAD)) {
                 exchange.setStatusCode(StatusCodes.FOUND);
             } else {
                 exchange.setStatusCode(StatusCodes.TEMPORARY_REDIRECT);
             }
             exchange.getResponseHeaders().put(Headers.LOCATION, RedirectBuilder.redirect(exchange, exchange.getRelativePath() + ""/"", true));
             return;
         } else if (info.getType() == ServletPathMatch.Type.REWRITE) {
             //this can only happen if the path ends with a /
             //otherwise there would be a redirect instead
             exchange.setRelativePath(info.getRewriteLocation());
             exchange.setRequestPath(exchange.getResolvedPath() + info.getRewriteLocation());
         }
 
         final HttpServletResponseImpl response = new HttpServletResponseImpl(exchange, servletContext);
         final HttpServletRequestImpl request = new HttpServletRequestImpl(exchange, servletContext);
         final ServletRequestContext servletRequestContext = new ServletRequestContext(servletContext.getDeployment(), request, response, info);
",190,,,
341,"@@ -0,0 +1,168 @@
",246,,,
342,"@@ -907,7 +907,7 @@ public String rewriteUrl(String originalUrl, String sessionId) {
                                 }
                             }
                         }
                         if (!found && !c.sessionCookieSource(exchange).equals(SessionConfig.SessionCookieSource.URL)) {
                             c.clearSession(exchange, existing);
                         }
                     } else {
",93,,,
343,"@@ -1,111 +0,0 @@
 /*
  * JBoss, Home of Professional Open Source.
  * Copyright 2019 Red Hat, Inc., and individual contributors
  * as indicated by the @author tags.
  *
  * Licensed under the Apache License, Version 2.0 (the ""License"");
  * you may not use this file except in compliance with the License.
  * You may obtain a copy of the License at
  *
  *     http://www.apache.org/licenses/LICENSE-2.0
  *
  *  Unless required by applicable law or agreed to in writing, software
  *  distributed under the License is distributed on an ""AS IS"" BASIS,
  *  WITHOUT WARRANTIES OR CONDITIONS OF ANY KIND, either express or implied.
  *  See the License for the specific language governing permissions and
  *  limitations under the License.
  */
 
 package io.undertow.servlet.test.session;
 
 import java.io.IOException;
 import java.util.Collections;
 import javax.servlet.ServletContext;
 import javax.servlet.ServletException;
 import javax.servlet.SessionTrackingMode;
 import javax.servlet.http.HttpServlet;
 import javax.servlet.http.HttpServletRequest;
 import javax.servlet.http.HttpServletResponse;
 
 import org.apache.http.HttpResponse;
 import org.apache.http.client.methods.HttpGet;
 import org.junit.Assert;
 import org.junit.BeforeClass;
 import org.junit.Test;
 import org.junit.runner.RunWith;
 
 import io.undertow.server.session.SessionConfig;
 import io.undertow.servlet.ServletExtension;
 import io.undertow.servlet.Servlets;
 import io.undertow.servlet.api.DeploymentInfo;
 import io.undertow.servlet.api.ServletSessionConfig;
 import io.undertow.servlet.test.util.DeploymentUtils;
 import io.undertow.testutils.DefaultServer;
 import io.undertow.testutils.HttpClientUtils;
 import io.undertow.testutils.TestHttpClient;
 import io.undertow.util.StatusCodes;
 
 /**
  * Testing getRequestedSessionId when is null and when client specifies a sessionId
  *
  * @author tmiyar
  */
 @RunWith(DefaultServer.class)
 public class RequestedSessionIdURLTrackingModeTestCase {
 
 
     @BeforeClass
     public static void setup() {
         DeploymentUtils.setupServlet(new ServletExtension() {
             @Override
             public void handleDeployment(DeploymentInfo deploymentInfo, ServletContext servletContext) {
                 deploymentInfo.setServletSessionConfig(new ServletSessionConfig().setSessionTrackingModes(Collections.singleton(SessionTrackingMode.URL)));
             }
         }, Servlets.servlet(RequestedSessionIdServlet.class).addMapping(""/test""));
     }
 
 
 
     @Test
     public void testGetRequestedSessionId() throws IOException {
         TestHttpClient client = new TestHttpClient();
 
         try {
             HttpGet get = new HttpGet(DefaultServer.getDefaultServerURL() + ""/servletContext/test;jsessionid=null"");
             HttpResponse result = client.execute(get);
             Assert.assertEquals(StatusCodes.OK, result.getStatusLine().getStatusCode());
             HttpClientUtils.readResponse(result);
             get = new HttpGet(DefaultServer.getDefaultServerURL() + ""/servletContext/test;jsessionid=test"");
             result = client.execute(get);
             Assert.assertEquals(StatusCodes.OK, result.getStatusLine().getStatusCode());
             HttpClientUtils.readResponse(result);
         } finally {
             client.close();
         }
     }
 
 
     /**
      * The SessionManager.createSession(true) *MUST* call {@link SessionConfig#findSessionId(io.undertow.server.HttpServerExchange)} (io.undertow.server.HttpServerExchange)} first to
      * determine if an existing session ID is present in the exchange. If this id is present then it must be used
      * as the new session ID.
      * @author tmiyar
      * @see io.undertow.server.session.SessionManager
      */
     public static class RequestedSessionIdServlet extends HttpServlet {
 
         @Override
         protected void doGet(HttpServletRequest req, HttpServletResponse resp) throws ServletException, IOException {
             //Before there is any session
             String sessionIdBefore = req.getRequestedSessionId();
             //create a new session
             req.getSession(true);
             //should return client provided session
             String sessionIdAfter = req.getRequestedSessionId();
 
             Assert.assertTrue(String.format(""sessionIdBefore %s, sessionIdAfter %s"", sessionIdBefore, sessionIdAfter), sessionIdBefore.equals(sessionIdAfter));
 
         }
     }
 
 }
",247,,,
344,"@@ -35,7 +35,6 @@
 import org.apache.http.impl.client.BasicCookieStore;
 import org.junit.Assert;
 import org.junit.BeforeClass;
 import org.junit.Ignore;
 import org.junit.Test;
 import org.junit.runner.RunWith;
 import io.undertow.servlet.ServletExtension;
@@ -171,7 +170,6 @@ public void testURLRewritingWithExistingOldSessionId() throws IOException {
     }
 
     @Test
     @Ignore(""Failing after fix for UNDERTOW-1575"")
     public void testURLRewritingWithExistingOldSessionIdAndOtherPathParams() throws IOException {
         TestHttpClient client = new TestHttpClient();
         client.setCookieStore(new BasicCookieStore());
@@ -183,6 +181,7 @@ public void testURLRewritingWithExistingOldSessionIdAndOtherPathParams() throws
             Header[] header = result.getHeaders(COUNT);
             Assert.assertEquals(""0"", header[0].getValue());
 
             get = new HttpGet(url);
             result = client.execute(get);
             Assert.assertEquals(StatusCodes.OK, result.getStatusLine().getStatusCode());
",248,,,
345,"@@ -102,6 +102,9 @@ public final class HttpServletRequestImpl implements HttpServletRequest {
     @Deprecated
     public static final AttachmentKey<Boolean> SECURE_REQUEST = HttpServerExchange.SECURE_REQUEST;
 
     private final HttpServerExchange exchange;
     private final ServletContextImpl originalServletContext;
     private ServletContextImpl servletContext;
@@ -347,6 +350,10 @@ public Principal getUserPrincipal() {
 
     @Override
     public String getRequestedSessionId() {
         SessionConfig config = originalServletContext.getSessionConfig();
         if(config instanceof ServletContextImpl.ServletContextSessionConfig) {
             return ((ServletContextImpl.ServletContextSessionConfig)config).getDelegate().findSessionId(exchange);
",97,,,
346,"@@ -862,6 +862,11 @@ public HttpSessionImpl getSession(final ServletContextImpl originalServletContex
             } else if (create) {
 
                 String existing = c.findSessionId(exchange);
 
                 if (originalServletContext != this) {
                     //this is a cross context request
@@ -1203,6 +1208,11 @@ public void setSessionId(HttpServerExchange exchange, String sessionId) {
         @Override
         public void clearSession(HttpServerExchange exchange, String sessionId) {
             exchange.putAttachment(INVALIDATED, sessionId);
             delegate.clearSession(exchange, sessionId);
         }
 
",93,,,
347,"@@ -202,11 +202,33 @@ public void testURLRewritingWithExistingOldSessionIdAndOtherPathParams() throws
         }
     }
 
     public static class URLRewritingServlet extends HttpServlet {
 
         @Override
         protected void doGet(HttpServletRequest req, HttpServletResponse resp) throws ServletException, IOException {
             HttpSession session = req.getSession(true);
             Object existing = session.getAttribute(COUNT);
             if (existing == null) {
                 session.setAttribute(COUNT, 0);
",248,,,
348,"@@ -109,7 +109,7 @@ private void verifySingleLogMessageToFile(Path logFileName, DefaultAccessLogRece
             Assert.assertEquals(""Hello"", HttpClientUtils.readResponse(result));
             latchHandler.await();
             logReceiver.awaitWrittenForTest();
             Assert.assertEquals(""Remote address "" + DefaultServer.getDefaultServerAddress().getAddress().getHostAddress() + "" Code 200 test-header single-val - [d, d]\n"", new String(Files.readAllBytes(logFileName)));
         } finally {
             client.getConnectionManager().shutdown();
         }
@@ -188,12 +188,12 @@ public void testForcedLogRotation() throws IOException, InterruptedException {
             latchHandler.await();
             latchHandler.reset();
             logReceiver.awaitWrittenForTest();
             Assert.assertEquals(""Remote address "" + DefaultServer.getDefaultServerAddress().getAddress().getHostAddress() + "" Code 200 test-header v1\n"", new String(Files.readAllBytes(logFileName)));
             logReceiver.rotate();
             logReceiver.awaitWrittenForTest();
             Assert.assertFalse(Files.exists(logFileName));
             Path firstLogRotate = logDirectory.resolve(""server."" + new SimpleDateFormat(""yyyy-MM-dd"").format(new Date()) + "".log"");
             Assert.assertEquals(""Remote address "" + DefaultServer.getDefaultServerAddress().getAddress().getHostAddress() + "" Code 200 test-header v1\n"", new String(Files.readAllBytes(firstLogRotate)));
 
             get = new HttpGet(DefaultServer.getDefaultServerURL() + ""/path"");
             get.addHeader(""test-header"", ""v2"");
@@ -203,12 +203,12 @@ public void testForcedLogRotation() throws IOException, InterruptedException {
             latchHandler.await();
             latchHandler.reset();
             logReceiver.awaitWrittenForTest();
             Assert.assertEquals(""Remote address "" + DefaultServer.getDefaultServerAddress().getAddress().getHostAddress() + "" Code 200 test-header v2\n"", new String(Files.readAllBytes(logFileName)));
             logReceiver.rotate();
             logReceiver.awaitWrittenForTest();
             Assert.assertFalse(Files.exists(logFileName));
             Path secondLogRotate = logDirectory.resolve(""server."" + new SimpleDateFormat(""yyyy-MM-dd"").format(new Date()) + ""-1.log"");
             Assert.assertEquals(""Remote address "" + DefaultServer.getDefaultServerAddress().getAddress().getHostAddress() + "" Code 200 test-header v2\n"", new String(Files.readAllBytes(secondLogRotate)));
 
         } finally {
             client.getConnectionManager().shutdown();
",249,,,
349,"@@ -102,7 +102,7 @@ private void verifySingleLogMessageToFile(Path logFileName, DefaultAccessLogRece
             latchHandler.await();
             logReceiver.awaitWrittenForTest();
             String data = new String(Files.readAllBytes(logFileName));
             String[] lines = data.split(""\n"");
             Assert.assertEquals(""#Fields: "" + PATTERN, lines[0]);
             Assert.assertEquals(""#Version: 2.0"", lines[1]);
             Assert.assertEquals(""#Software: "" + Version.getFullVersionString(), lines[2]);
",250,,,
350,"@@ -326,7 +326,6 @@ private void handleFirstRequest(final HttpServerExchange exchange, ServletReques
         //if it is not dispatched and is not a mock request
         if (!exchange.isDispatched() && !(exchange.getConnection() instanceof MockServerConnection)) {
             servletRequestContext.getOriginalResponse().responseDone();
             servletRequestContext.getOriginalRequest().clearAttributes();
         }
         if(!exchange.isDispatched()) {
             AsyncContextImpl ctx = servletRequestContext.getOriginalRequest().getAsyncContextInternal();
",190,,,
351,"@@ -607,7 +607,6 @@ private void onAsyncCompleteAndRespond() {
             response.responseDone();
             try {
                 servletRequestContext.getOriginalRequest().closeAndDrainRequest();
                 servletRequestContext.getOriginalRequest().clearAttributes();
             } catch (IOException e) {
                 UndertowLogger.REQUEST_IO_LOGGER.ioException(e);
             } catch (Throwable t) {
",191,,,
352,"@@ -1179,12 +1179,6 @@ public String toString() {
         return ""HttpServletRequestImpl [ "" + getMethod() + ' ' + getRequestURI() + "" ]"";
     }
 
     public void clearAttributes() {
         if(attributes != null) {
             this.attributes.clear();
         }
     }
 
     @Override
     public PushBuilder newPushBuilder() {
         if(exchange.getConnection().isPushSupported()) {
",97,,,
353,"@@ -0,0 +1,131 @@
",251,,,
354,"@@ -0,0 +1,48 @@
",252,,,
355,"@@ -0,0 +1,34 @@
",253,,,
356,"@@ -435,7 +435,12 @@ public void testProxyProtocolV2Local() throws Exception {
 
         // simple valid request
         request = createProxyHeaderV2(LOCAL, (byte) 0, 0, null, null,null,null);
         String expectedResponse = ""result: /127.0.0.1"";
         proxyProtocolRequestResponseCheck(request, requestHttp, expectedResponse);
     }
 
@@ -576,4 +581,9 @@ public void doTestProxyProtocolUnknown(String extra) throws Exception {
             undertow.stop();
         }
     }
 }
",254,,,
357,"@@ -356,14 +356,19 @@ public void handleDone(WebSocketChannel data, Object attachment) {
             synchronized (clientEndpoints) {
                 configured = clientEndpoints.get(endpointInstance.getClass());
                 if(configured == null) {
                     clientEndpoints.put(endpointInstance.getClass(), configured = new ConfiguredClientEndpoint());
                 }
             }
         }
 
         EncodingFactory encodingFactory = EncodingFactory.createFactory(classIntrospecter, cec.getDecoders(), cec.getEncoders());
         UndertowSession undertowSession = new UndertowSession(channel, connectionBuilder.getUri(), Collections.<String, String>emptyMap(), Collections.<String, List<String>>emptyMap(), sessionHandler, null, new ImmediateInstanceHandle<>(endpointInstance), cec, connectionBuilder.getUri().getQuery(), encodingFactory.createEncoding(cec), configured, clientNegotiation.getSelectedSubProtocol(), extensions, connectionBuilder);
         endpointInstance.onOpen(undertowSession, cec);
         channel.resumeReceives();
 
         return undertowSession;
",255,,,
358,"@@ -358,7 +358,7 @@ public void handleDone(WebSocketChannel data, Object attachment) {
                 if(configured == null) {
                     // make sure to create an instance of AnnotatedEndpoint
                     clientEndpoints.put(endpointInstance.getClass(),
                             getClientEndpoint(endpointInstance.getClass(), false));
                 }
             }
         }
",255,,,
359,"@@ -362,9 +362,16 @@ public void handleDone(WebSocketChannel data, Object attachment) {
                 }
             }
         }
         // make sure to create an instance of AnnotatedEndpoint
 
         Endpoint instance = configured.getFactory().createInstance(new ImmediateInstanceHandle<>(endpointInstance));
 
         EncodingFactory encodingFactory = EncodingFactory.createFactory(classIntrospecter, cec.getDecoders(), cec.getEncoders());
         UndertowSession undertowSession = new UndertowSession(channel, connectionBuilder.getUri(), Collections.<String, String>emptyMap(), Collections.<String, List<String>>emptyMap(), sessionHandler, null, new ImmediateInstanceHandle<>(endpointInstance), cec, connectionBuilder.getUri().getQuery(), encodingFactory.createEncoding(cec), configured, clientNegotiation.getSelectedSubProtocol(), extensions, connectionBuilder);
",255,,,
360,"@@ -352,26 +352,20 @@ public void handleDone(WebSocketChannel data, Object attachment) {
             extensions.add(ExtensionImpl.create(e));
         }
         ConfiguredClientEndpoint configured = clientEndpoints.get(endpointInstance.getClass());
         if(configured == null) {
             synchronized (clientEndpoints) {
                 configured = clientEndpoints.get(endpointInstance.getClass());
                 if(configured == null) {
                     // make sure to create an instance of AnnotatedEndpoint
                     clientEndpoints.put(endpointInstance.getClass(),
                             configured = getClientEndpoint(endpointInstance.getClass(), false));
                 }
             }
         }
         
         Endpoint instance;
         if(configured == null) {
             instance = endpointInstance;
         }
 
         else {
             instance= configured.getFactory().createInstance(new ImmediateInstanceHandle<>(endpointInstance));
         }
 
 
         EncodingFactory encodingFactory = EncodingFactory.createFactory(classIntrospecter, cec.getDecoders(), cec.getEncoders());
         UndertowSession undertowSession = new UndertowSession(channel, connectionBuilder.getUri(), Collections.<String, String>emptyMap(), Collections.<String, List<String>>emptyMap(), sessionHandler, null, new ImmediateInstanceHandle<>(endpointInstance), cec, connectionBuilder.getUri().getQuery(), encodingFactory.createEncoding(cec), configured, clientNegotiation.getSelectedSubProtocol(), extensions, connectionBuilder);
",255,,,
361,"@@ -981,9 +981,16 @@ public int getRemotePort() {
         return exchange.getSourceAddress().getPort();
     }
 
     @Override
     public String getLocalName() {
         return exchange.getDestinationAddress().getHostString();
     }
 
     @Override
",97,,,
362,"@@ -0,0 +1,97 @@
",216,,,
363,"@@ -0,0 +1,40 @@
",256,,,
365,"@@ -19,8 +19,7 @@
 package io.undertow.util;
 
 import java.io.UnsupportedEncodingException;
 import java.net.URI;
 import java.net.URISyntaxException;
 
 import io.undertow.UndertowMessages;
 import io.undertow.server.HttpServerExchange;
@@ -48,6 +47,12 @@ void handle(HttpServerExchange exchange, String key, String value) {
         }
     };
 
     private URLUtils() {
 
     }
@@ -327,12 +332,8 @@ public static String normalizeSlashes(final String path) {
      */
     public static boolean isAbsoluteUrl(String location) {
         if (location != null && location.length() > 0 && location.contains("":"")) {
             try {
                 URI uri = new URI(location);
                 return uri.getScheme() != null;
             } catch (URISyntaxException e) {
                 // ignore invalid locations and consider not absolute
             }
         }
         return false;
     }
",219,,,
366,"@@ -83,6 +83,7 @@ public void testIsAbsoluteUrlRecognizingRelativeUrls() {
         assertFalse(URLUtils.isAbsoluteUrl(""relative""));
         assertFalse(URLUtils.isAbsoluteUrl(""relative/path""));
         assertFalse(URLUtils.isAbsoluteUrl(""relative/path?query=val""));
         assertFalse(URLUtils.isAbsoluteUrl(""/root/relative/path""));
     }
 
@@ -112,4 +113,10 @@ public void testDecodingWithTrailingPercentChar() throws Exception {
             }
         }
     }
 }
",257,,,
367,"@@ -43,10 +43,12 @@ protected URI getRedirectURI(HttpServerExchange exchange) throws URISyntaxExcept
         return getRedirectURI(exchange, redirectPort);
     }
 
     protected URI getRedirectURI(HttpServerExchange exchange, int port) throws URISyntaxException {
         String host = exchange.getHostName();
 
         String queryString = exchange.getQueryString();
         String uri = exchange.getRequestURI();
         if(exchange.isHostIncludedInRequestURI()) {
             int slashCount = 0;
@@ -60,8 +62,12 @@ protected URI getRedirectURI(HttpServerExchange exchange, int port) throws URISy
                 }
             }
         }
         return new URI(""https"", null, host, port, uri,
                 queryString == null || queryString.length() == 0 ? null : queryString, null);
     }
 
 }
",242,,,
368,"@@ -49,6 +49,8 @@
 public class SimpleConfidentialRedirectTestCase {
 
 
     @BeforeClass
     public static void setup() throws IOException {
         DefaultServer.startSSLServer();
@@ -58,11 +60,13 @@ public static void setup() throws IOException {
             public void handleRequest(final HttpServerExchange exchange) throws Exception {
                 exchange.getResponseHeaders().put(HttpString.tryFromString(""scheme""), exchange.getRequestScheme());
                 exchange.getResponseHeaders().put(HttpString.tryFromString(""uri""), exchange.getRequestURI());
                 exchange.endExchange();
             }
         };
 
         current = new SinglePortConfidentialityHandler(current, DefaultServer.getHostSSLPort(""default""));
 
         DefaultServer.setRootHandler(current);
     }
@@ -77,11 +81,11 @@ public void simpleRedirectTestCase() throws IOException, GeneralSecurityExceptio
         TestHttpClient client = new TestHttpClient();
         client.setSSLContext(DefaultServer.getClientSSLContext());
         try {
             sendRequest(client, ""/foo"");
             sendRequest(client, ""/foo+bar"");
             sendRequest(client, ""/foo+bar;aa"");
 
 
         } finally {
             client.getConnectionManager().shutdown();
         }
@@ -99,12 +103,21 @@ public void testRedirectWithFullURLInPath() throws IOException {
         }
     }
 
     private void sendRequest(TestHttpClient client, String uri) throws IOException {
         HttpGet get = new HttpGet(DefaultServer.getDefaultServerURL() + uri);
         HttpResponse result = client.execute(get);
         Assert.assertEquals(StatusCodes.OK, result.getStatusLine().getStatusCode());
         Assert.assertEquals(""https"", result.getFirstHeader(""scheme"").getValue());
         Assert.assertEquals(uri, result.getFirstHeader(""uri"").getValue());
         HttpClientUtils.readResponse(result);
     }
 
",36,,,
369,"@@ -222,7 +222,7 @@ public SslConnection wrapExistingConnection(StreamConnection connection, OptionM
     }
 
     public SslConnection wrapExistingConnection(StreamConnection connection, OptionMap optionMap, URI destinationURI) {
         SSLEngine sslEngine = createSSLEngine(sslContext, optionMap, (InetSocketAddress) connection.getPeerAddress(), true);
         SSLParameters sslParameters = sslEngine.getSSLParameters();
         if (sslParameters.getServerNames() == null || sslParameters.getServerNames().isEmpty()) {
             sslParameters.setServerNames(Collections.singletonList(new SNIHostName(destinationURI.getHost())));
@@ -231,6 +231,15 @@ public SslConnection wrapExistingConnection(StreamConnection connection, OptionM
         return new UndertowSslConnection(connection, sslEngine, bufferPool);
     }
 
     /**
      * Create a new  SSL engine, configured from an option map.
      *
",175,,,
370,"@@ -33,10 +33,8 @@ public final class DirectByteBufferDeallocator {
         Unsafe tmpUnsafe = null;
         if (version < 9) {
             try {
                 tmpCleaner = Class.forName(""java.nio.DirectByteBuffer"").getMethod(""cleaner"");
                 tmpCleaner.setAccessible(true);
                 tmpCleanerClean = Class.forName(""sun.misc.Cleaner"").getMethod(""clean"");
                 tmpCleanerClean.setAccessible(true);
                 supported = true;
             } catch (Throwable t) {
                 UndertowLogger.ROOT_LOGGER.directBufferDeallocatorInitializationFailed(t);
@@ -106,4 +104,27 @@ private static Unsafe getUnsafe0() {
             throw new RuntimeException(""JDK did not allow accessing unsafe"", t);
         }
     }
 }
",258,,,
371,"@@ -0,0 +1,65 @@
",259,,,
372,"@@ -457,7 +457,8 @@ private static boolean isFilterApplicable(final String path, final String filter
         }
         if (modifiedPath.endsWith(""/*"")) {
             String baseFilterPath = modifiedPath.substring(0, modifiedPath.length() - 1);
             return path.startsWith(baseFilterPath);
         } else {
             return modifiedPath.equals(path);
         }
",122,,,
373,"@@ -84,6 +84,9 @@ public void testBasicFilterMappings() throws IOException, ServletException {
         builder.addServlet(new ServletInfo(""/test/*"", PathMappingServlet.class)
                 .addMapping(""/test/*""));
 
         builder.addFilter(new FilterInfo(""/*"", PathFilter.class));
         builder.addFilterUrlMapping(""/*"", ""/*"", DispatcherType.REQUEST);
 
@@ -118,6 +121,9 @@ public void testBasicFilterMappings() throws IOException, ServletException {
         builder.addFilter(new FilterInfo(""/test"", PathFilter.class));
         builder.addFilterUrlMapping(""/test"", ""/test"", DispatcherType.REQUEST);
 
         builder.addFilter(new FilterInfo(""allByName"", PathFilter.class));
         builder.addFilterServletNameMapping(""allByName"", ""*"", DispatcherType.REQUEST);
 
@@ -136,6 +142,7 @@ public void testBasicFilterMappings() throws IOException, ServletException {
         TestHttpClient client = new TestHttpClient();
         try {
             runTest(client, ""test"", ""/test/* - /test - null"", ""/*"", ""*"", ""/test"", ""allByName"");
             runTest(client, ""aa"", ""/aa - /aa - null"", ""/*"", ""*"", ""/aa"", ""allByName"");
             runTest(client, ""a/c"", ""/a/* - /a - /c"", ""/*"", ""*"", ""/a/*"", ""allByName"");
             runTest(client, ""a"", ""/a/* - /a - null"", ""/*"", ""*"", ""/a/*"", ""allByName"");
",260,,,
374,"@@ -262,6 +262,9 @@ public void handleChanges(Collection<FileChangeEvent> changes) {
                         for (FileChangeEvent change : changes) {
                             if (change.getFile().getAbsolutePath().startsWith(base)) {
                                 String path = change.getFile().getAbsolutePath().substring(base.length());
                                 events.add(new ResourceChangeEvent(path, ResourceChangeEvent.Type.valueOf(change.getType().name())));
                             }
                         }
",92,,,
375,"@@ -24,6 +24,7 @@
 import java.io.ByteArrayOutputStream;
 import java.io.IOException;
 import java.io.InputStream;
 import java.nio.charset.StandardCharsets;
 
 /**
@@ -36,11 +37,15 @@ private HttpClientUtils() {
     }
 
     public static String readResponse(final HttpResponse response) throws IOException {
         HttpEntity entity = response.getEntity();
         if(entity == null) {
             return """";
         }
         return readResponse(entity.getContent());
     }
 
     public static String readResponse(InputStream stream) throws IOException {
@@ -54,6 +59,17 @@ public static String readResponse(InputStream stream) throws IOException {
         return new String(out.toByteArray(), StandardCharsets.UTF_8);
     }
 
     public static byte[] readRawResponse(final HttpResponse response) throws IOException {
         return readRawResponse(response.getEntity().getContent());
     }
",74,,,
376,"@@ -56,6 +56,7 @@
 import java.net.InetAddress;
 import java.net.InetSocketAddress;
 import java.nio.charset.Charset;
 import java.nio.charset.UnsupportedCharsetException;
 import java.security.AccessController;
 import java.security.Principal;
@@ -600,12 +601,14 @@ public String getCharacterEncoding() {
         if (characterEncodingFromHeader != null) {
             return characterEncodingFromHeader;
         }
 
         if (servletContext.getDeployment().getDeploymentInfo().getDefaultRequestEncoding() != null ||
                 servletContext.getDeployment().getDeploymentInfo().getDefaultEncoding() != null) {
             return servletContext.getDeployment().getDefaultRequestCharset().name();
         }
 
         return null;
     }
 
@@ -860,21 +863,22 @@ public BufferedReader getReader() throws IOException {
             if (servletInputStream != null) {
                 throw UndertowServletMessages.MESSAGES.getInputStreamAlreadyCalled();
             }
             Charset charSet = servletContext.getDeployment().getDefaultRequestCharset();
             if (characterEncoding != null) {
                 charSet = characterEncoding;
             } else {
                 String c = getCharacterEncodingFromHeader();
                 if (c != null) {
                     try {
                         charSet = Charset.forName(c);
                     } catch (UnsupportedCharsetException e) {
                         throw new UnsupportedEncodingException();
                     }
                 }
             }
 
             reader = new BufferedReader(new InputStreamReader(exchange.getInputStream(), charSet));
         }
         readStarted = true;
         return reader;
",97,,,
377,"@@ -23,6 +23,7 @@
 import java.io.UnsupportedEncodingException;
 import java.net.MalformedURLException;
 import java.net.URL;
 import java.util.ArrayList;
 import java.util.Collection;
 import java.util.Collections;
@@ -324,10 +325,20 @@ public Collection<String> getHeaderNames() {
 
     @Override
     public String getCharacterEncoding() {
         if (charset == null) {
             return servletContext.getDeployment().getDefaultResponseCharset().name();
         }
         return charset;
     }
 
     @Override
",231,,,
378,"@@ -24,14 +24,15 @@
 import javax.servlet.http.HttpServletResponse;
 import java.io.IOException;
 import java.io.PrintWriter;
 
 /**
  * @author Artemy Osipov
  */
 public class DefaultCharacterEncodingServlet extends HttpServlet {
 
     @Override
     protected void service(final HttpServletRequest req, final HttpServletResponse resp) throws ServletException, IOException {
         String requestCharacterEncoding = req.getCharacterEncoding();
         String responseCharacterEncoding = resp.getCharacterEncoding();
 
@@ -40,4 +41,22 @@ protected void service(final HttpServletRequest req, final HttpServletResponse r
                 requestCharacterEncoding, responseCharacterEncoding));
         writer.close();
     }
 }
",261,,,
379,"@@ -28,13 +28,16 @@
 import io.undertow.util.StatusCodes;
 import org.apache.http.HttpResponse;
 import org.apache.http.client.methods.HttpGet;
 import org.junit.Assert;
 import org.junit.Test;
 import org.junit.runner.RunWith;
 
 import javax.servlet.ServletContext;
 import javax.servlet.ServletException;
 import java.io.IOException;
 import java.nio.charset.StandardCharsets;
 import java.util.regex.Matcher;
 import java.util.regex.Pattern;
@@ -77,7 +80,8 @@ private void testDefaultEncoding(String defaultCharacterEncoding,
         }
     }
 
     private void testServletContextCharacterEncoding(final String requestCharacterEncoding, final String responseCharacterEncoding)
             throws IOException, ServletException {
         DeploymentUtils.setupServlet(new ServletExtension() {
                                          @Override
@@ -89,17 +93,23 @@ public void handleDeployment(final DeploymentInfo deploymentInfo, final ServletC
                 Servlets.servlet(""servlet"", DefaultCharacterEncodingServlet.class).addMapping(""/""));
         TestHttpClient client = new TestHttpClient();
         try {
             HttpGet get = new HttpGet(DefaultServer.getDefaultServerURL() + ""/servletContext"");
             HttpResponse result = client.execute(get);
             Assert.assertEquals(StatusCodes.OK, result.getStatusLine().getStatusCode());
             String response = HttpClientUtils.readResponse(result);
             final String expectedRequestCharEncoding = requestCharacterEncoding == null ? ""null"" : requestCharacterEncoding;
             Assert.assertEquals(""Unexpected request character encoding"",
                     expectedRequestCharEncoding, readParameter(response, ""requestCharacterEncoding""));
             // spec mandates ""ISO-8859-1"" as the default (see javadoc of ServletResponse#getCharacterEncoding())
             final String expectedResponseCharEncoding = responseCharacterEncoding == null ? ""ISO-8859-1"" : responseCharacterEncoding;
             Assert.assertEquals(""Unexpected response character encoding"",
                     expectedResponseCharEncoding, readParameter(response, ""responseCharacterEncoding""));
         } finally {
             client.getConnectionManager().shutdown();
         }
@@ -139,10 +149,16 @@ public void testDefaultEncodingSetNotEqualDefault() throws IOException, ServletE
      */
     @Test
     public void testServletContextCharEncoding() throws Exception {
         testServletContextCharacterEncoding(null, null);
         testServletContextCharacterEncoding(""UTF-8"", null);
         testServletContextCharacterEncoding(""UTF-8"", ""UTF-8"");
         testServletContextCharacterEncoding(null, ""UTF-8"");
         testServletContextCharacterEncoding(StandardCharsets.UTF_16BE.name(), ""UTF-8"");
     }
 }
",262,,,
380,"@@ -0,0 +1,73 @@
",263,,,
381,"@@ -0,0 +1,73 @@
",264,,,
382,"@@ -1139,7 +1139,7 @@ public Map<String, Cookie> getRequestCookies() {
      * @param cookie The cookie
      */
     public HttpServerExchange setResponseCookie(final Cookie cookie) {
         if(getConnection().getUndertowOptions().get(UndertowOptions.ENABLE_RFC6265_COOKIE_VALIDATION, UndertowOptions.DEFAULT_ENABLE_RFC6265_COOKIE_VALIDATION)) {
             if (cookie.getValue() != null && !cookie.getValue().isEmpty()) {
                 Rfc6265CookieSupport.validateCookieValue(cookie.getValue());
             }
",77,,,
383,"@@ -16,6 +16,8 @@ io.undertow.attribute.LocalServerNameAttribute$Builder
 io.undertow.attribute.RequestHeaderAttribute$Builder
 io.undertow.attribute.ResponseHeaderAttribute$Builder
 io.undertow.attribute.CookieAttribute$Builder
 io.undertow.attribute.ResponseCodeAttribute$Builder
 io.undertow.attribute.PredicateContextAttribute$Builder
 io.undertow.attribute.QueryParameterAttribute$Builder
",265,,,
384,"@@ -268,7 +268,6 @@
                 <plugin>
                     <groupId>org.apache.felix</groupId>
                     <artifactId>maven-bundle-plugin</artifactId>
                     <version>3.2.0</version>
                 </plugin>
             </plugins>
         </pluginManagement>
",89,,,
385,"@@ -203,18 +203,22 @@ public static Map<String, Cookie> parseRequestCookies(int maxCookies, boolean al
     }
 
     static Map<String, Cookie> parseRequestCookies(int maxCookies, boolean allowEqualInValue, List<String> cookies, boolean commaIsSeperator) {
         if (cookies == null) {
             return new TreeMap<>();
         }
         final Map<String, Cookie> parsedCookies = new TreeMap<>();
 
         for (String cookie : cookies) {
             parseCookie(cookie, parsedCookies, maxCookies, allowEqualInValue, commaIsSeperator);
         }
         return parsedCookies;
     }
 
     private static void parseCookie(final String cookie, final Map<String, Cookie> parsedCookies, int maxCookies, boolean allowEqualInValue, boolean commaIsSeperator) {
         int state = 0;
         String name = null;
         int start = 0;
@@ -261,7 +265,13 @@ private static void parseCookie(final String cookie, final Map<String, Cookie> p
                         containsEscapedQuotes = false;
                         state = 3;
                         start = i + 1;
                     } else if (!allowEqualInValue && c == '=') {
                         cookieCount = createCookie(name, cookie.substring(start, i), maxCookies, cookieCount, cookies, additional);
                         state = 4;
                         start = i + 1;
",198,,,
386,"@@ -42,7 +42,7 @@ public final class LegacyCookieSupport {
      *
      * Defaults to false.
      */
     private static final boolean ALLOW_HTTP_SEPARATORS_IN_V0 = Boolean.getBoolean(""io.undertow.legacy.cookie.ALLOW_HTTP_SEPARATORS_IN_V0"");
 
 
     /**
@@ -143,7 +143,7 @@ private static boolean isV0Token(String value) {
      * @throws IllegalArgumentException if a control character was supplied as
      *         input
      */
     private static boolean isHttpSeparator(final char c) {
         if (c < 0x20 || c >= 0x7f) {
             if (c != 0x09) {
                 throw UndertowMessages.MESSAGES.invalidControlCharacter(Integer.toString(c));
",266,,,
387,"@@ -222,6 +222,45 @@ public void testCommaSeparatedCookies() {
         Assert.assertEquals(""FEDEX"", cookie.getValue());
     }
 
     @Test
     public void testQuotedEscapedStringInRequestCookie() {
         Map<String, Cookie> cookies = Cookies.parseRequestCookies(3, false, Arrays.asList(
@@ -245,9 +284,11 @@ public void testQuotedEscapedStringInRequestCookie() {
 
     @Test
     public void testSimpleJSONObjectInRequestCookies() {
         Map<String, Cookie> cookies = Cookies.parseRequestCookies(2, true, Arrays.asList(
                 ""CUSTOMER={\""v1\"":1, \""id\"":\""some_unique_id\"", \""c\"":\""http://www.google.com?q=love me\""};""
                 + "" $Domain=LOONEY_TUNES; $Version=1; $Path=/; SHIPPING=FEDEX""));
 
         Cookie cookie = cookies.get(""CUSTOMER"");
         Assert.assertEquals(""CUSTOMER"", cookie.getName());
@@ -267,9 +308,11 @@ public void testSimpleJSONObjectInRequestCookies() {
 
     @Test
     public void testQuotedJSONObjectInRequestCookies() {
         Map<String, Cookie> cookies = Cookies.parseRequestCookies(2, true, Arrays.asList(
                 ""CUSTOMER=\""{\\\""v1\\\"":1, \\\""id\\\"":\\\""some_unique_id\\\"", \\\""c\\\"":\\\""http://www.google.com?q=love me\\\""}\"";""
                 + "" $Domain=LOONEY_TUNES; $Version=1; $Path=/; SHIPPING=FEDEX""));
 
         Cookie cookie = cookies.get(""CUSTOMER"");
         Assert.assertEquals(""CUSTOMER"", cookie.getName());
@@ -289,12 +332,14 @@ public void testQuotedJSONObjectInRequestCookies() {
 
     @Test
     public void testComplexJSONObjectInRequestCookies() {
         Map<String, Cookie> cookies = Cookies.parseRequestCookies(2, false, Arrays.asList(
                 ""CUSTOMER={ \""accounting\"" : [ { \""firstName\"" : \""John\"", \""lastName\"" : \""Doe\"", \""age\"" : 23 },""
                 + "" { \""firstName\"" : \""Mary\"",  \""lastName\"" : \""Smith\"", \""age\"" : 32 }], ""
                 + ""\""sales\"" : [ { \""firstName\"" : \""Sally\"", \""lastName\"" : \""Green\"", \""age\"" : 27 }, ""
                 + ""{ \""firstName\"" : \""Jim\"", \""lastName\"" : \""Galley\"", \""age\"" : 41 } ] };""
                 + "" $Domain=LOONEY_TUNES; $Version=1; $Path=/; SHIPPING=FEDEX""));
 
         Cookie cookie = cookies.get(""CUSTOMER"");
         Assert.assertEquals(""CUSTOMER"", cookie.getName());
",199,,,
388,"@@ -35,6 +35,7 @@
 import java.util.Random;
 import java.util.Set;
 import java.util.WeakHashMap;
 import java.util.concurrent.TimeUnit;
 
 import org.xnio.XnioExecutor;
@@ -90,12 +91,6 @@ public class SimpleNonceManager implements SessionNonceManager {
      */
     private final Map<NonceHolder, String> forwardMapping = Collections.synchronizedMap(new WeakHashMap<NonceHolder, String>());
 
     /**
      * A pseudo-random generator for creating the nonces, a secure random is not required here as this is used purely to
      * minimise the chance of collisions should two nonces be generated at exactly the same time.
      */
     private final Random random = new Random();
 
     private final String secret;
     private final String hashAlg;
     private final int hashLength;
@@ -220,7 +215,9 @@ private String createNewNonceString() {
 
     private Nonce createNewNonce(NonceHolder previousNonce) {
         byte[] prefix = new byte[8];
         random.nextBytes(prefix);
         long timeStamp = System.currentTimeMillis();
         byte[] now = Long.toString(timeStamp).getBytes(StandardCharsets.UTF_8);
 
",58,,,
389,"@@ -48,7 +48,6 @@
 import io.undertow.util.Headers;
 import io.undertow.util.HttpString;
 import io.undertow.util.LocaleUtils;
 import io.undertow.util.Methods;
 
 import java.io.BufferedReader;
 import java.io.IOException;
@@ -722,17 +721,15 @@ public Enumeration<String> getParameterNames() {
             queryParameters = exchange.getQueryParameters();
         }
         final Set<String> parameterNames = new HashSet<>(queryParameters.keySet());
         if (exchange.getRequestMethod().equals(Methods.POST)) {
             final FormData parsedFormData = parseFormData();
             if (parsedFormData != null) {
                 Iterator<String> it = parsedFormData.iterator();
                 while (it.hasNext()) {
                     String name = it.next();
                     for(FormData.FormValue param : parsedFormData.get(name)) {
                         if(!param.isFileItem()) {
                             parameterNames.add(name);
                             break;
                         }
                     }
                 }
             }
@@ -752,15 +749,13 @@ public String[] getParameterValues(final String name) {
                 ret.add(param);
             }
         }
         if (exchange.getRequestMethod().equals(Methods.POST)) {
             final FormData parsedFormData = parseFormData();
             if (parsedFormData != null) {
                 Deque<FormData.FormValue> res = parsedFormData.get(name);
                 if (res != null) {
                     for (FormData.FormValue value : res) {
                         if(!value.isFileItem()) {
                             ret.add(value.getValue());
                         }
                     }
                 }
             }
@@ -780,30 +775,28 @@ public Map<String, String[]> getParameterMap() {
         for (Map.Entry<String, Deque<String>> entry : queryParameters.entrySet()) {
             arrayMap.put(entry.getKey(), new ArrayList<>(entry.getValue()));
         }
         if (exchange.getRequestMethod().equals(Methods.POST)) {
 
             final FormData parsedFormData = parseFormData();
             if (parsedFormData != null) {
                 Iterator<String> it = parsedFormData.iterator();
                 while (it.hasNext()) {
                     final String name = it.next();
                     Deque<FormData.FormValue> val = parsedFormData.get(name);
                     if (arrayMap.containsKey(name)) {
                         ArrayList<String> existing = arrayMap.get(name);
                         for (final FormData.FormValue v : val) {
                             if(!v.isFileItem()) {
                                 existing.add(v.getValue());
                             }
                         }
                     } else {
                         final ArrayList<String> values = new ArrayList<>();
                         for (final FormData.FormValue v : val) {
                             if(!v.isFileItem()) {
                                 values.add(v.getValue());
                             }
                         }
                         arrayMap.put(name, values);
                     }
                 }
             }
         }
",97,,,
390,"@@ -20,6 +20,7 @@
 
 import java.io.IOException;
 import java.util.ArrayList;
 import java.util.List;
 
 import javax.servlet.ServletException;
@@ -38,6 +39,7 @@
 import org.apache.http.NameValuePair;
 import org.apache.http.client.entity.UrlEncodedFormEntity;
 import org.apache.http.client.methods.HttpPost;
 import org.apache.http.message.BasicNameValuePair;
 import io.undertow.testutils.TestHttpClient;
 import org.junit.Assert;
@@ -130,4 +132,72 @@ public void testPostBoth() throws IOException {
             client.getConnectionManager().shutdown();
         }
     }
 }
",267,,,
391,"@@ -20,6 +20,8 @@
 
 import java.io.IOException;
 import java.io.PrintWriter;
 
 import javax.servlet.ServletException;
 import javax.servlet.http.HttpServlet;
@@ -33,11 +35,57 @@ public class ParameterEchoServlet extends HttpServlet {
 
     @Override
     protected void doGet(final HttpServletRequest req, final HttpServletResponse resp) throws ServletException, IOException {
         PrintWriter writer = resp.getWriter();
         String[] param1Values = req.getParameterValues(""param1"");
         String[] param2Values = req.getParameterValues(""param2"");
         String[] param3Values = req.getParameterValues(""param3"");
         StringBuilder sb = new StringBuilder();
         if (param1Values != null) {
             sb.append(""param1=\'"");
             for (int i = 0; i < param1Values.length; i++) {
@@ -68,12 +116,18 @@ protected void doGet(final HttpServletRequest req, final HttpServletResponse res
             }
             sb.append('\'');
         }
         writer.write(sb.toString());
         writer.close();
     }
 
     @Override
     protected void doPost(final HttpServletRequest req, final HttpServletResponse resp) throws ServletException, IOException {
         doGet(req, resp);
     }
 }
",268,,,
392,"@@ -807,7 +807,7 @@ public String getRequestCharacterEncoding() {
     public void setRequestCharacterEncoding(String encoding) {
         ensureNotInitialized();
         ensureNotProgramaticListener();
         deploymentInfo.setDefaultRequestEncoding(getContextPath());
     }
 
     @Override
",93,,,
393,"@@ -35,6 +35,7 @@
 import javax.servlet.ServletContext;
 import javax.servlet.ServletException;
 import java.io.IOException;
 import java.util.regex.Matcher;
 import java.util.regex.Pattern;
 
@@ -76,6 +77,35 @@ private void testDefaultEncoding(String defaultCharacterEncoding,
         }
     }
 
     private String readParameter(String response, String parameter) {
         Pattern pattern = Pattern.compile(parameter + ""=(.*?);"");
         Matcher matcher = pattern.matcher(response);
@@ -100,4 +130,19 @@ public void testDefaultEncodingSetEqualDefault() throws IOException, ServletExce
     public void testDefaultEncodingSetNotEqualDefault() throws IOException, ServletException {
         testDefaultEncoding(""UTF-8"", ""UTF-8"", ""UTF-8"");
     }
 }
",262,,,
394,"@@ -36,7 +36,7 @@
  * <p>
  * When the number of active requests goes over the configured max requests then requests will be suspended and queued.
  * <p>
  * If the queue is full requests will be rejected with a 513.
  * <p>
  * The reason why this is abstracted out into a separate class is so that multiple handlers can share the same state. This
  * allows for fine grained control of resources.
@@ -55,7 +55,7 @@ public class RequestLimit {
     /**
      * The handler that will be invoked if the queue is full.
      */
     private volatile HttpHandler failureHandler = new ResponseCodeHandler(513);
 
     private final Queue<SuspendedRequest> queue;
 
",269,,,
395,"@@ -129,8 +129,8 @@ public String call() {
                         try {
                             HttpGet get = new HttpGet(DefaultServer.getDefaultServerURL());
                             HttpResponse result = client.execute(get);
                             if(result.getStatusLine().getStatusCode() == 513) {
                                 return ""513"";
                             }
                             Assert.assertEquals(StatusCodes.OK, result.getStatusLine().getStatusCode());
                             return HttpClientUtils.readResponse(result);
@@ -146,7 +146,7 @@ public String call() {
             latch.countDown();
             for (Future<?> future : futures) {
                 String res = (String) future.get();
                 Assert.assertTrue(res, res.equals(""1"") || res.equals(""2"") || res.equals(""513""));
             }
             futures.clear();
             for (int i = 0; i < 2; ++i) {
",70,,,
396,"@@ -34,6 +34,7 @@
 import java.util.ListIterator;
 import java.util.Set;
 import java.util.concurrent.CopyOnWriteArrayList;
 import java.util.concurrent.LinkedBlockingDeque;
 import java.util.concurrent.RejectedExecutionException;
 import java.util.concurrent.TimeUnit;
@@ -343,59 +344,58 @@ public synchronized R receive() throws IOException {
             channel.getSourceChannel().shutdownReads();
             return null;
         }
         ReferenceCountedPooled pooled = this.readData;
         boolean hasData;
         if (pooled == null) {
             pooled = allocateReferenceCountedBuffer();
             if (pooled == null) {
                 return null;
             }
             hasData = false;
         } else if(pooled.isFreed()) {
             //we attempt to re-used an existing buffer
             if(!pooled.tryUnfree()) {
                 pooled = allocateReferenceCountedBuffer();
                 if (pooled == null) {
                     return null;
                 }
             } else {
                 pooled.getBuffer().limit(pooled.getBuffer().capacity());
             }
             hasData = false;
         } else {
             hasData = pooled.getBuffer().hasRemaining();
         }
         boolean forceFree = false;
         int read = 0;
         try {
             if (!hasData) {
                 pooled.getBuffer().clear();
                 read = channel.getSourceChannel().read(pooled.getBuffer());
                 if (read == 0) {
                     //no data, we just free the buffer
                     forceFree = true;
                     return null;
                 } else if (read == -1) {
                     forceFree = true;
                     readChannelDone = true;
                     lastDataRead();
                     return null;
                 } else if(isLastFrameReceived() && frameDataRemaining == 0) {
                     //we got data, although we should have received the last frame
                     forceFree = true;
                     markReadsBroken(new ClosedChannelException());
                 }
                 pooled.getBuffer().flip();
             }
             if (frameDataRemaining > 0) {
                 if (frameDataRemaining >= pooled.getBuffer().remaining()) {
                     frameDataRemaining -= pooled.getBuffer().remaining();
                     if(receiver != null) {
                         //we still create a pooled view, this means that if the buffer is still active we can re-used it
                         //which prevents attacks based on sending lots of small fragments
                         ByteBuffer buf = pooled.getBuffer().duplicate();
                         pooled.getBuffer().position(pooled.getBuffer().limit());
                         PooledByteBuffer frameData = pooled.createView(buf);
                         receiver.dataReady(null, frameData);
                     } else {
                         //we are dropping a frame
@@ -407,11 +407,8 @@ public synchronized R receive() throws IOException {
                     }
                     return null;
                 } else {
                     ByteBuffer buf = pooled.getBuffer().duplicate();
                     buf.limit((int) (buf.position() + frameDataRemaining));
                     pooled.getBuffer().position((int) (pooled.getBuffer().position() + frameDataRemaining));
                     frameDataRemaining = 0;
                     PooledByteBuffer frameData = pooled.createView(buf);
                     if(receiver != null) {
                         receiver.dataReady(null, frameData);
                     } else{
@@ -434,13 +431,10 @@ public synchronized R receive() throws IOException {
                 PooledByteBuffer frameData;
                 if (data.getFrameLength() >= pooled.getBuffer().remaining()) {
                     frameDataRemaining = data.getFrameLength() - pooled.getBuffer().remaining();
                     frameData = pooled.createView(pooled.getBuffer().duplicate());
                     pooled.getBuffer().position(pooled.getBuffer().limit());
                 } else {
                     ByteBuffer buf = pooled.getBuffer().duplicate();
                     buf.limit((int) (buf.position() + data.getFrameLength()));
                     pooled.getBuffer().position((int) (pooled.getBuffer().position() + data.getFrameLength()));
                     frameData = pooled.createView(buf);
                 }
                 AbstractFramedStreamSourceChannel<?, ?, ?> existing = data.getExistingChannel();
                 if (existing != null) {
@@ -481,8 +475,8 @@ public synchronized R receive() throws IOException {
             //which will make readData null
             if (readData != null) {
                 if (!pooled.getBuffer().hasRemaining() || forceFree) {
                     if(pooled.getBuffer().limit() * 2 > pooled.getBuffer().capacity() || forceFree) {
                         //if we have used more than half the buffer we don't allow it to be re-aquired
                         readData = null;
                     }
                     //even though this is freed we may un-free it if we get a new packet
@@ -491,6 +485,16 @@ public synchronized R receive() throws IOException {
 
                 }
             }
         }
     }
 
@@ -979,7 +983,6 @@ private class FrameCloseListener implements ChannelListener<CloseableChannel> {
 
         @Override
         public void handleEvent(final CloseableChannel c) {
 
             if (Thread.currentThread() != c.getIoThread() && !c.getWorker().isShutdown()) {
                 runInIoThread(new Runnable() {
                     @Override
",230,,,
397,"@@ -109,7 +109,19 @@ public ByteBuffer getBuffer() throws IllegalStateException {
         return underlying.getBuffer();
     }
 
     public PooledByteBuffer createView(final ByteBuffer newValue) {
         increaseReferenceCount();
         return new PooledByteBuffer() {
 
@@ -151,6 +163,10 @@ public String toString() {
         };
     }
 
     public void increaseReferenceCount() {
         int val;
         do {
",270,,,
398,"@@ -174,8 +174,6 @@ public void testAsyncReceiveWholeBytes() {
 
     @Test
     public void testAsyncReceiveWholeBytesFailed() throws Exception {
         // TODO un-@Ignore - https://issues.jboss.org/browse/UNDERTOW-1531 - ReceiverTestCase#testAsyncReceiveWholeBytesFailed[proxy][http2] fails intermittently on Windows
         org.junit.Assume.assumeFalse(DefaultServer.isH2() && org.apache.commons.lang.SystemUtils.IS_OS_WINDOWS);
 
         EXCEPTIONS.clear();
         Socket socket = new Socket();
",271,,,
399,"@@ -23,6 +23,7 @@
 import java.io.IOException;
 import java.net.InetSocketAddress;
 import java.net.SocketAddress;
 import java.security.KeyManagementException;
 import java.security.NoSuchAlgorithmException;
 import java.security.NoSuchProviderException;
@@ -203,6 +204,16 @@ public SslConnection wrapExistingConnection(StreamConnection connection, OptionM
         return new UndertowSslConnection(connection, createSSLEngine(sslContext, optionMap, (InetSocketAddress) connection.getPeerAddress(), clientMode), bufferPool);
     }
 
     /**
      * Create a new  SSL engine, configured from an option map.
      *
",175,,,
400,"@@ -258,7 +258,7 @@ public void completed(ClientExchange response) {
                                                     StreamConnection targetConnection = connection.performUpgrade();
                                                     WebSocketLogger.REQUEST_LOGGER.debugf(""Established websocket connection to %s"", uri);
                                                     if (uri.getScheme().equals(""wss"") || uri.getScheme().equals(""https"")) {
                                                         handleConnectionWithExistingConnection(((UndertowXnioSsl) ssl).wrapExistingConnection(targetConnection, optionMap));
                                                     } else {
                                                         handleConnectionWithExistingConnection(targetConnection);
                                                     }
",272,,,
403,"@@ -217,7 +217,11 @@ private StatusCodes() {
     }
 
     public static final String getReason(final int code) {
         final Entry result = TABLE[code & SIZE];
         if (result == null || result.code != code) {
             return ""Unknown"";
         } else {
",78,,,
404,"@@ -33,4 +33,13 @@ public class NodeStatusCodesTestCase {
     public void testCodeLookup() {
         Assert.assertEquals(""OK"", StatusCodes.getReason(StatusCodes.OK));
     }
 }
",73,,,
405,"@@ -100,11 +100,7 @@ public void send(final String data, final IoCallback callback) {
         }
         writer.write(data);
 
         if (writer.checkError()) {
             callback.onException(exchange, this, new IOException());
         } else {
             invokeOnComplete(callback);
         }
     }
 
     @Override
@@ -124,11 +120,7 @@ public void send(final String data, final Charset charset, final IoCallback call
             return;
         }
         writer.write(data);
         if (writer.checkError()) {
             callback.onException(exchange, this, new IOException());
         } else {
             invokeOnComplete(callback);
         }
     }
 
     @Override
@@ -183,14 +175,19 @@ private void performTransfer(FileChannel source, IoCallback callback) {
     @Override
     public void close(final IoCallback callback) {
         writer.close();
         invokeOnComplete(callback);
     }
 
     @Override
     public void close() {
         if(exchange.getAttachment(ServletRequestContext.ATTACHMENT_KEY).getDispatcherType() != DispatcherType.INCLUDE) {
             IoUtils.safeClose(writer);
         }
     }
 
 
@@ -204,10 +201,6 @@ private boolean writeBuffer(final ByteBuffer buffer, final IoCallback callback)
         }
         String data = builder.toString();
         writer.write(data);
         if (writer.checkError()) {
             callback.onException(exchange, this, new IOException());
             return false;
         }
         return true;
     }
 
",194,,,
406,"@@ -196,7 +196,8 @@ public HeaderMap addFirst(final HttpString headerName, final String headerValue)
     }
 
     public HeaderMap addLast(final HttpString headerName, final String headerValue) {
         return add(headerName, headerValue);
     }
 
     public HeaderMap add(HttpString headerName, long headerValue) {
",6,,,
407,"@@ -129,14 +129,16 @@ public static StringBuilder renderDirectoryListing(String path, Resource resourc
         if (parent != null) {
             i++;
             builder.append(""<tr class='odd'><td><a class='icon up' href='"").append(parent).append(""'>[..]</a></td><td>"");
             builder.append(format.format(resource.getLastModified())).append(""</td><td>--</td></tr>\n"");
         }
 
         for (Resource entry : resource.list()) {
             builder.append(""<tr class='"").append((++i & 1) == 1 ? ""odd"" : ""even"").append(""'><td><a class='icon "");
             builder.append(entry.isDirectory() ? ""dir"" : ""file"");
             builder.append(""' href='"").append(path).append(entry.getName()).append(""'>"").append(entry.getName()).append(""</a></td><td>"");
             builder.append(format.format(entry.getLastModified())).append(""</td><td>"");
             if (entry.isDirectory()) {
                 builder.append(""--"");
             } else {
",273,,,
408,"@@ -57,6 +57,9 @@ public String getPath() {
     @Override
     public Date getLastModified() {
         try {
             return new Date(Files.getLastModifiedTime(file).toMillis());
         } catch (IOException e) {
             throw new RuntimeException(e);
@@ -257,6 +260,9 @@ public void onException(HttpServerExchange exchange, Sender sender, IOException
     @Override
     public Long getContentLength() {
         try {
             return Files.size(file);
         } catch (IOException e) {
             throw new RuntimeException(e);
",240,,,
409,"@@ -20,8 +20,12 @@
 
 import java.io.IOException;
 import java.net.URISyntaxException;
 import java.nio.file.Path;
 import java.nio.file.Paths;
 
 import io.undertow.server.handlers.CanonicalPathHandler;
 import io.undertow.server.handlers.PathHandler;
@@ -73,11 +77,16 @@ public void testWelcomeFile() throws IOException, URISyntaxException {
     public void testDirectoryIndex() throws IOException, URISyntaxException {
         TestHttpClient client = new TestHttpClient();
         Path rootPath = Paths.get(getClass().getResource(""page.html"").toURI()).getParent();
         try {
             DefaultServer.setRootHandler(new PathHandler()
                             .addPrefixPath(""/path"", new ResourceHandler(new PathResourceManager(rootPath, 10485760))
                                     .setDirectoryListingEnabled(true)));
 
             HttpGet get = new HttpGet(DefaultServer.getDefaultServerURL() + ""/path"");
             HttpResponse result = client.execute(get);
             Assert.assertEquals(StatusCodes.OK, result.getStatusLine().getStatusCode());
@@ -93,9 +102,15 @@ public void testDirectoryIndex() throws IOException, URISyntaxException {
             headers = result.getHeaders(""Content-Type"");
             Assert.assertEquals(""text/html; charset=UTF-8"", headers[0].getValue());
             Assert.assertTrue(response, response.contains(""page.html""));
 
         } finally {
             client.getConnectionManager().shutdown();
         }
     }
 }
",18,,,
411,"@@ -18,6 +18,7 @@
 
 package io.undertow.server.handlers;
 
 import io.undertow.server.Connectors;
 import io.undertow.server.ExchangeCompletionListener;
 import io.undertow.server.HttpHandler;
@@ -62,19 +63,24 @@ public class RequestLimit {
 
         @Override
         public void exchangeEvent(final HttpServerExchange exchange, final NextListener nextListener) {
             try {
                 synchronized (RequestLimit.this) {
                     final SuspendedRequest task = queue.poll();
                     if (task != null) {
                         task.exchange.addExchangeCompleteListener(COMPLETION_LISTENER);
                         task.exchange.dispatch(task.next);
                     } else {
                         decrementRequests();
                     }
                 }
             } finally {
                 nextListener.proceed();
             }
         }
     };
 
",269,,,
412,"@@ -177,6 +177,10 @@ private static KeyStore loadKeyStore(final String name) throws IOException {
     }
 
     private static SSLContext createSSLContext(final KeyStore keyStore, final KeyStore trustStore, boolean client) throws IOException {
         KeyManager[] keyManagers;
         try {
             KeyManagerFactory keyManagerFactory = KeyManagerFactory.getInstance(KeyManagerFactory.getDefaultAlgorithm());
@@ -200,7 +204,7 @@ private static SSLContext createSSLContext(final KeyStore keyStore, final KeySto
             if (openssl && !client) {
                 sslContext = SSLContext.getInstance(""openssl.TLS"");
             } else {
                 sslContext = SSLContext.getInstance(""TLSv1.2"");
             }
             sslContext.init(keyManagers, trustManagers, null);
         } catch (NoSuchAlgorithmException | KeyManagementException e) {
@@ -605,8 +609,12 @@ public static void startSSLServer() throws IOException {
     }
 
     public static SSLContext createClientSslContext() {
         try {
             return createSSLContext(loadKeyStore(CLIENT_KEY_STORE), loadKeyStore(CLIENT_TRUST_STORE), true);
         } catch (IOException e) {
             throw new RuntimeException(e);
         }
",41,,,
413,"@@ -0,0 +1,113 @@
",275,,,
414,"@@ -768,6 +768,14 @@ private long doUnwrap(ByteBuffer[] userBuffers, int off, int len) throws IOExcep
                 this.unwrappedData = unwrappedData;
             }
 
             if (!handleHandshakeResult(result)) {
                 if (this.dataToUnwrap.getBuffer().hasRemaining()
                         && result.getStatus() != SSLEngineResult.Status.BUFFER_UNDERFLOW
@@ -778,14 +786,6 @@ private long doUnwrap(ByteBuffer[] userBuffers, int off, int len) throws IOExcep
                 }
                 return 0;
             }
             if (result.getStatus() == SSLEngineResult.Status.CLOSED) {
                 if(dataToUnwrap != null) {
                     dataToUnwrap.close();
                     dataToUnwrap = null;
                 }
                 notifyReadClosed();
                 return -1;
             }
             if (result.getStatus() == SSLEngineResult.Status.BUFFER_UNDERFLOW) {
                 state &= ~FLAG_DATA_TO_UNWRAP;
             } else if (result.getStatus() == SSLEngineResult.Status.BUFFER_OVERFLOW) {
",132,,,
415,"@@ -328,6 +328,11 @@ protected StreamSinkConduit getSinkConduit(HttpServerExchange exchange, StreamSi
         DateUtils.addDateHeaderIfRequired(exchange);
         headers.add(STATUS, exchange.getStatusCode());
         Connectors.flattenCookies(exchange);
         return originalSinkConduit;
     }
 
",118,,,
416,"@@ -251,7 +251,7 @@ public static String encodeString(ByteBuffer source, boolean wrap) {
      * @return a new String representing the Base64url output
      */
     public static String encodeStringURL(ByteBuffer source, boolean wrap) {
         return Encoder.encodeString(source, wrap, false);
     }
 
     /**
",276,,,
417,"@@ -20,6 +20,7 @@
 
 
 import io.undertow.testutils.category.UnitTest;
 import org.junit.Assert;
 import org.junit.Test;
 import org.junit.experimental.categories.Category;
@@ -38,4 +39,11 @@ public void testReadStopsAtTerminator() throws Exception {
         Assert.assertEquals(8, decoder.getLastInputPosition());
 
     }
 }
",277,,,
418,"@@ -221,8 +221,8 @@ public static String encodeStringURL(byte[] source, int pos, int limit, boolean
      * {@link #createEncoder}, or {@link #createEncoderOutputStream} instead.</p>
      *
      * <pre><code>
      *    // Encodes ""ell""
      *    FlexBase64.ecncodeString(""hello"".getBytes(""US-ASCII""), 1, 4);
      * </code></pre>
      *
      * @param source the byte buffer to encode from
@@ -242,8 +242,8 @@ public static String encodeString(ByteBuffer source, boolean wrap) {
      * {@link #createEncoder}, or {@link #createEncoderOutputStream} instead.</p>
      *
      * <pre><code>
      *    // Encodes ""ell""
      *    FlexBase64.ecncodeStringURL(""hello"".getBytes(""US-ASCII""), 1, 4);
      * </code></pre>
      *
      * @param source the byte buffer to encode from
@@ -259,7 +259,7 @@ public static String encodeStringURL(ByteBuffer source, boolean wrap) {
      *
      * <pre><code>
      *    // Encodes ""ell""
      *    FlexBase64.ecncodeString(""hello"".getBytes(""US-ASCII""), 1, 4);
      * </code></pre>
      *
      * @param source the byte array to encode from
@@ -277,7 +277,7 @@ public static byte[] encodeBytes(byte[] source, int pos, int limit, boolean wrap
      *
      * <pre><code>
      *    // Encodes ""ell""
      *    FlexBase64.ecncodeStringURL(""hello"".getBytes(""US-ASCII""), 1, 4);
      * </code></pre>
      *
      * @param source the byte array to encode from
",276,,,
419,"@@ -101,6 +101,18 @@ public static void flattenCookies(final HttpServerExchange exchange) {
         }
     }
 
     /**
      * Attached buffered data to the exchange. The will generally be used to allow data to be re-read.
      *
",218,,,
420,"@@ -32,17 +32,20 @@
 import java.util.Locale;
 import java.util.Map;
 import java.util.Set;
 import java.util.function.Supplier;
 
 import javax.servlet.ServletException;
 import javax.servlet.ServletOutputStream;
 import javax.servlet.SessionTrackingMode;
 import javax.servlet.http.Cookie;
 import javax.servlet.http.HttpServletResponse;
 import javax.servlet.http.HttpSession;
 
 import io.undertow.UndertowLogger;
 import io.undertow.server.HttpServerExchange;
 import io.undertow.server.protocol.http.HttpAttachments;
 import io.undertow.servlet.UndertowServletMessages;
 import io.undertow.servlet.handlers.ServletRequestContext;
@@ -85,6 +88,7 @@ public final class HttpServletResponseImpl implements HttpServletResponse {
     private String contentType;
     private String charset;
     private Supplier<Map<String, String>> trailerSupplier;
 
     public HttpServletResponseImpl(final HttpServerExchange exchange, final ServletContextImpl servletContext) {
         this.exchange = exchange;
@@ -97,14 +101,41 @@ public HttpServerExchange getExchange() {
     }
 
     @Override
     public void addCookie(final Cookie cookie) {
         if (insideInclude) {
             return;
         }
         final ServletCookieAdaptor servletCookieAdaptor = new ServletCookieAdaptor(cookie);
         if (cookie.getVersion() == 0) {
             servletCookieAdaptor.setVersion(servletContext.getDeployment().getDeploymentInfo().getDefaultCookieVersion());
         }
         exchange.setResponseCookie(servletCookieAdaptor);
     }
 
@@ -815,4 +846,17 @@ public void setTrailerFields(Supplier<Map<String, String>> supplier) {
     public Supplier<Map<String, String>> getTrailerFields() {
         return trailerSupplier;
     }
 }
",231,,,
421,"@@ -0,0 +1,48 @@
",278,,,
422,"@@ -0,0 +1,49 @@
",232,,,
423,"@@ -0,0 +1,64 @@
",279,,,
424,"@@ -0,0 +1,61 @@
",233,,,
425,"@@ -0,0 +1,146 @@
",234,,,
426,"@@ -565,7 +565,7 @@ protected String testName(FrameworkMethod method) {
     public static void setRootHandler(HttpHandler handler) {
         if ((isProxy()) && !ajp) {
             //if we are testing HTTP proxy we always add the SSLHeaderHandler
             //this allows the SSL information to be propagated to be backend
             handler = new SSLHeaderHandler(new ProxyPeerAddressHandler(handler));
         }
         if (dump) {
",41,,,
427,"@@ -27,7 +27,12 @@
 import java.nio.file.Files;
 import java.nio.file.Path;
 import java.nio.file.Paths;
 import java.util.*;
 import java.util.stream.Collectors;
 import java.util.stream.Stream;
 import java.util.zip.ZipEntry;
",226,,,
428,"@@ -445,7 +445,14 @@ private void error(ServletRequestContext servletRequestContext, final ServletReq
         final ServletResponse oldResponse = servletRequestContext.getServletResponse();
         servletRequestContext.setDispatcherType(DispatcherType.ERROR);
 
         //only update if this is the first forward
         requestImpl.setAttribute(ERROR_REQUEST_URI, requestImpl.getRequestURI());
         requestImpl.setAttribute(ERROR_SERVLET_NAME, servletName);
         if (exception != null) {
",148,,,
429,"@@ -35,8 +35,10 @@
 import io.undertow.testutils.HttpClientUtils;
 import io.undertow.testutils.TestHttpClient;
 import io.undertow.util.StatusCodes;
 import org.apache.http.HttpResponse;
 import org.apache.http.client.methods.HttpGet;
 import org.jboss.logging.Logger;
 import org.junit.Assert;
 import org.junit.BeforeClass;
@@ -178,14 +180,14 @@ public void testErrorPagesWithNoDefaultErrorPage() throws IOException {
         try {
             runTest(2, client, StatusCodes.NOT_FOUND, null, ""/404"");
             runTest(2, client, StatusCodes.NOT_IMPLEMENTED, null, ""/501"");
             runTest(2, client, StatusCodes.INTERNAL_SERVER_ERROR, null, ""<html><head><title>Error</title></head><body>Internal Server Error</body></html>"");
             runTest(2, client, null, ParentException.class, ""/parentException"");
             runTest(2, client, null, ChildException.class, ""/childException"");
             runTest(2, client, null, RuntimeException.class, ""/runtimeException"");
             runTest(2, client, null, IllegalStateException.class, ""/runtimeException"");
             runTest(2, client, null, Exception.class, ""<html><head><title>Error</title></head><body>Internal Server Error</body></html>"");
             runTest(2, client, null, IOException.class, ""<html><head><title>Error</title></head><body>Internal Server Error</body></html>"");
             runTest(2, client, null, ServletException.class, ""<html><head><title>Error</title></head><body>Internal Server Error</body></html>"");
         } finally {
             client.getConnectionManager().shutdown();
         }
@@ -210,14 +212,48 @@ public void testErrorPagesWith500PageMapped() throws IOException {
             client.getConnectionManager().shutdown();
         }
     }
     private void runTest(int deploymentNo, final TestHttpClient client, Integer statusCode, Class<?> exception, String expected) throws IOException {
         final HttpGet get;
         final HttpResponse result;
         final String response;
         get = new HttpGet(DefaultServer.getDefaultServerURL() + ""/servletContext"" + deploymentNo + ""/error?"" + (statusCode != null ? ""statusCode="" + statusCode : ""exception="" + exception.getName()));
         result = client.execute(get);
         Assert.assertEquals(statusCode == null ? StatusCodes.INTERNAL_SERVER_ERROR : statusCode, result.getStatusLine().getStatusCode());
         response = HttpClientUtils.readResponse(result);
         Assert.assertEquals(expected, response);
     }
 }
",149,,,
430,"@@ -19,6 +19,8 @@
 package io.undertow.servlet.test.errorpage;
 
 import java.io.IOException;
 
 import javax.servlet.ServletException;
 import javax.servlet.http.HttpServlet;
@@ -31,6 +33,16 @@
 public class PathServlet extends HttpServlet {
     @Override
     protected void doGet(final HttpServletRequest req, final HttpServletResponse resp) throws ServletException, IOException {
         resp.getWriter().write(req.getPathInfo());
     }
 }
",280,,,
431,"@@ -41,6 +41,8 @@
 
 import javax.servlet.ServletException;
 import java.io.IOException;
 
 /**
  * @author Stuart Douglas
@@ -103,6 +105,17 @@ private void runTest(final TestHttpClient client, int statusCode, String expecte
         result = client.execute(get);
         Assert.assertEquals(statusCode, result.getStatusLine().getStatusCode());
         response = HttpClientUtils.readResponse(result);
         Assert.assertEquals(expected, response);
     }
 }
",281,,,
432,"@@ -256,11 +256,14 @@ public void write(Path target) throws IOException {
             if (file != null) {
                 try {
                     Files.move(file, target);
                 } catch (IOException e) {
                     Files.copy(getInputStream(), target);
                 }
             } else {
                 Files.copy(getInputStream(), target);
             }
         }
     }
",209,,,
433,"@@ -184,6 +184,7 @@ protected void doGet(final HttpServletRequest req, final HttpServletResponse res
                 return;
             }
             if (directoryListingEnabled) {
                 StringBuilder output = DirectoryUtils.renderDirectoryListing(req.getRequestURI(), resource);
                 resp.getWriter().write(output.toString());
             } else {
",98,,,
434,"@@ -40,6 +40,7 @@
 import io.undertow.util.DateUtils;
 import io.undertow.util.Headers;
 import io.undertow.util.StatusCodes;
 import org.apache.http.HttpResponse;
 import org.apache.http.client.methods.HttpGet;
 import org.apache.http.util.EntityUtils;
@@ -264,6 +265,9 @@ public void testDirectoryListing() throws IOException {
         try {
             HttpGet get = new HttpGet(DefaultServer.getDefaultServerURL() + ""/servletContext/path"");
             HttpResponse result = client.execute(get);
             Assert.assertEquals(StatusCodes.OK, result.getStatusLine().getStatusCode());
             HttpClientUtils.readResponse(result);
         } finally {
",282,,,
437,"@@ -29,6 +29,7 @@
 import org.xnio.Buffers;
 import io.undertow.connector.ByteBufferPool;
 import io.undertow.connector.PooledByteBuffer;
 import org.xnio.channels.Channels;
 import org.xnio.channels.StreamSinkChannel;
 
@@ -80,11 +81,9 @@ public void resetBuffer() {
         if(anyAreSet(state, FLAG_WRITE_STARTED)) {
             throw UndertowMessages.MESSAGES.cannotResetBuffer();
         }
         if(pooledBuffer != null) {
             pooledBuffer.close();
             pooledBuffer = null;
         }
 
     }
 
     public long getBytesWritten() {
@@ -302,6 +301,7 @@ private void writeBufferBlocking(final boolean writeFinal) throws IOException {
         buffer.clear();
         state |= FLAG_WRITE_STARTED;
     }
     @Override
     public void transferFrom(FileChannel source) throws IOException {
         if (anyAreSet(state, FLAG_CLOSED)) {
",284,,,
438,"@@ -0,0 +1,66 @@
",285,,,
440,"@@ -22,12 +22,14 @@
 import java.io.IOException;
 import java.lang.reflect.InvocationTargetException;
 import java.lang.reflect.Method;
 import java.net.URL;
 import java.util.ArrayList;
 import java.util.Collections;
 import java.util.HashMap;
 import java.util.List;
 import java.util.Map;
 import java.util.zip.ZipEntry;
 import java.util.zip.ZipInputStream;
 
@@ -50,24 +52,50 @@ public static void main(final String[] args) {
         final Map<String, Class> examples = new HashMap<>();
         //hackz to discover all the example classes on the class path
         ZipInputStream in = null;
         try {
             String zipPath = url.getPath().substring(0, url.getPath().indexOf(""!"")).replace(""file:"", """");
             in = new ZipInputStream(new FileInputStream(zipPath));
             ZipEntry entry = in.getNextEntry();
             while (entry != null) {
                 if (entry.getName().endsWith("".class"")) {
                     String className = entry.getName().substring(0, entry.getName().length() - 6).replace(""/"", ""."");
                     try {
                         Class<?> clazz = Class.forName(className);
                         UndertowExample example = clazz.getAnnotation(UndertowExample.class);
                         if (example != null) {
                             examples.put(example.value(), clazz);
                         }
                     } catch (Throwable e) {
                         //ignore
                     }
                 }
                 entry = in.getNextEntry();
             }
 
             final List<String> names = new ArrayList<>(examples.keySet());
@@ -91,17 +119,26 @@ public static void main(final String[] args) {
             final Method main = exampleClass.getDeclaredMethod(""main"", String[].class);
             main.invoke(null, (Object)args);
 
         } catch (IOException e) {
             throw new RuntimeException(e);
         } catch (NoSuchMethodException e) {
             throw new RuntimeException(e);
         } catch (InvocationTargetException e) {
             throw new RuntimeException(e);
         } catch (IllegalAccessException e) {
             throw new RuntimeException(e);
         } finally {
             IoUtils.safeClose(in);
         }
 
     }
 }
",226,,,
441,"@@ -269,10 +269,23 @@ private static void parseCookie(final String cookie, final Map<String, Cookie> p
                 case 3: {
                     //extract quoted value
                     if (c == '""') {
                         cookieCount = createCookie(name, cookie.substring(start, i), maxCookies, cookieCount, cookies, additional);
                         state = 0;
                         start = i + 1;
                     }
                     break;
                 }
                 case 4: {
@@ -327,6 +340,26 @@ private static int createCookie(final String name, final String value, int maxCo
         }
     }
 
     private Cookies() {
 
     }
",198,,,
442,"@@ -199,6 +199,7 @@ public void testEqualsInValueNotAllowedInQuotedValue() {
         Assert.assertNotNull(cookie);
         Assert.assertEquals(""FEDEX"", cookie.getValue());
     }
     @Test
     public void testCommaSeparatedCookies() {
         Map<String, Cookie> cookies = Cookies.parseRequestCookies(2, false, Arrays.asList(""CUSTOMER=\""WILE_E_COYOTE\"", SHIPPING=FEDEX"" ), true);
@@ -221,6 +222,27 @@ public void testCommaSeparatedCookies() {
         Assert.assertEquals(""FEDEX"", cookie.getValue());
     }
 
     @Test
     public void testSimpleJSONObjectInRequestCookies() {
         Map<String, Cookie> cookies = Cookies.parseRequestCookies(2, true, Arrays.asList(
@@ -243,6 +265,28 @@ public void testSimpleJSONObjectInRequestCookies() {
         Assert.assertEquals(""/"", cookie.getPath());
     }
 
     @Test
     public void testComplexJSONObjectInRequestCookies() {
         Map<String, Cookie> cookies = Cookies.parseRequestCookies(2, false, Arrays.asList(
",199,,,
447,"@@ -181,6 +181,7 @@ public void testIdleTimeout() throws Exception {
 
     @Test
     public void testCloseReason() throws Exception {
         MessageEndpoint.reset();
 
         Session session = deployment.connectToServer(AnnotatedClientEndpoint.class, new URI(""ws://"" + DefaultServer.getHostAddress(""default"") + "":"" + DefaultServer.getHostPort(""default"") + ""/ws/chat/Bob""));
",287,,,
448,"@@ -62,20 +62,17 @@
          -->
         <version.com.h2database>1.4.197</version.com.h2database>
         <version.easymock>3.6</version.easymock>
         <version.io.undertow.jastow>2.0.8.Final</version.io.undertow.jastow>
         <version.junit>4.12</version.junit>
         <version.netty>4.1.8.Final</version.netty>
         <version.org.apache.directory.server>2.0.0-M15</version.org.apache.directory.server>
         <version.org.apache.httpmime>4.5.6</version.org.apache.httpmime>
         <version.org.apache.httpcomponents>4.5.6</version.org.apache.httpcomponents>
         <version.org.glassfish.el>3.0.1-b08</version.org.glassfish.el>
         <version.org.jboss.classfilewriter>1.2.3.Final</version.org.jboss.classfilewriter>
         <version.org.jboss.logging>3.3.2.Final</version.org.jboss.logging>
         <version.org.jboss.logging.processor>2.1.0.Final</version.org.jboss.logging.processor>
         <version.org.jboss.logmanager>2.1.4.Final</version.org.jboss.logmanager>
         <version.org.jboss.spec.javax.annotation.jboss-annotations-api_1.2_spec>1.0.2.Final</version.org.jboss.spec.javax.annotation.jboss-annotations-api_1.2_spec>
         <version.org.jboss.spec.javax.servlet.jboss-servlet-api_4.0_spec>1.0.0.Final</version.org.jboss.spec.javax.servlet.jboss-servlet-api_4.0_spec>
         <version.org.jboss.spec.javax.servlet.jsp>1.0.3.Final</version.org.jboss.spec.javax.servlet.jsp>
         <version.org.jboss.spec.javax.websockets>1.1.3.Final</version.org.jboss.spec.javax.websockets>
         <version.xnio>3.3.8.Final</version.xnio>
 
",89,,,
449,"@@ -94,7 +94,7 @@
         <!-- Checkstyle configuration -->
         <linkXRef>false</linkXRef>
         <version.io.undertow.build.checkstyle-config>1.0.1.Final</version.io.undertow.build.checkstyle-config>
         <version.com.github.spotbugs-maven-plugin>3.1.5</version.com.github.spotbugs-maven-plugin>
         <version.org.eclipse.jetty.alpn>1.1.3.v20160715</version.org.eclipse.jetty.alpn>
 
         <version.com.twitter.hpack>1.0.2</version.com.twitter.hpack>
@@ -350,7 +350,7 @@
                 <artifactId>apacheds-all</artifactId>
                 <version>${version.org.apache.directory.server}</version>
                 <scope>test</scope>
             </dependency>            
 
             <dependency>
                 <groupId>org.apache.httpcomponents</groupId>
@@ -487,6 +487,27 @@
                 </plugins>
             </build>
         </profile>
         <profile>
             <id>jdk9</id>
             <activation>
",89,,,
450,"@@ -467,7 +467,7 @@ public static void setExchangeRequestPath(final HttpServerExchange exchange, fin
                 URLUtils.parsePathParams(encodedPath.substring(i + 1), exchange, charset, decode, maxParameters);
                 return;
             } else if(c == '%' || c == '+') {
                 requiresDecode = true;
             }
         }
 
",218,,,
451,"@@ -100,8 +100,6 @@ public void handleRequest(final HttpServerExchange exchange) throws Exception {
         }
     }
 
 
 
     @Test
     public void inMemoryMaxSessionsTest() throws IOException {
 
@@ -166,4 +164,89 @@ public void handleRequest(final HttpServerExchange exchange) throws Exception {
         }
     }
 
 }
",61,,,
455,"@@ -47,7 +47,7 @@
         <libraryPath></libraryPath>
         <java.library.path></java.library.path>
         <org.wildfly.openssl.path></org.wildfly.openssl.path>
         <dependency.karaf.version>4.2.0</dependency.karaf.version>
     </properties>
 
     <dependencies>
",290,,,
456,"@@ -436,7 +436,7 @@ public void parse(final ByteBuffer buf, final AjpRequestParseState state, final
                         exchange.setQueryString(resultAsQueryString);
                         try {
                             URLUtils.parseQueryString(resultAsQueryString, exchange, encoding, doDecode && !decodingAlreadyDone, maxParameters);
                         } catch (ParameterLimitException e) {
                             UndertowLogger.REQUEST_IO_LOGGER.failedToParseRequest(e);
                             state.badRequest = true;
                         }
",71,,,
457,"@@ -111,6 +111,7 @@ public void testCharsetHandling() throws Exception {
         HttpServerExchange result = new HttpServerExchange(null);
         AjpRequestParseState state = new AjpRequestParseState();
         AJP_REQUEST_PARSER.parse(data, state, result);
         Assert.assertEquals(""/hi"", result.getRequestPath());
         Assert.assertEquals(""/hi"", result.getRequestURI());
         Assert.assertEquals(""param=value"", result.getQueryString());
@@ -120,11 +121,22 @@ public void testCharsetHandling() throws Exception {
         result = new HttpServerExchange(null);
         state = new AjpRequestParseState();
         AJP_REQUEST_PARSER.parse(data, state, result);
         Assert.assertEquals(""/한글이름"", result.getRequestPath());
         Assert.assertEquals(""/한글이름"", result.getRequestURI());
         Assert.assertEquals(""param=한글이름"", result.getQueryString());
     }
 
     protected ByteBuffer createAjpRequest(byte[] path, byte[] query) {
         ByteBuffer data = ByteBuffer.allocate(1000);
         data.put((byte) 0x12);
",15,,,
458,"@@ -297,33 +297,13 @@ public synchronized void completeInternal(boolean forceComplete) {
                 //basically if we are doing async IO we can't do a dispatch here, as then the IO thread can be racing
                 //with the dispatch thread.
                 //at all other times the dispatch is desirable
                 onAsyncComplete();
                 HttpServletResponseImpl response = servletRequestContext.getOriginalResponse();
                 response.responseDone();
                 try {
                     servletRequestContext.getOriginalRequest().closeAndDrainRequest();
                     servletRequestContext.getOriginalRequest().clearAttributes();
                 } catch (IOException e) {
                     UndertowLogger.REQUEST_IO_LOGGER.ioException(e);
                 } catch (Throwable t) {
                     UndertowLogger.REQUEST_IO_LOGGER.handleUnexpectedFailure(t);
                 }
             } else {
                 servletRequestContext.getOriginalRequest().asyncRequestDispatched();
                 doDispatch(new Runnable() {
                     @Override
                     public void run() {
                         onAsyncComplete();
 
                         HttpServletResponseImpl response = servletRequestContext.getOriginalResponse();
                         response.responseDone();
                         try {
                             servletRequestContext.getOriginalRequest().closeAndDrainRequest();
                         } catch (IOException e) {
                             UndertowLogger.REQUEST_IO_LOGGER.ioException(e);
                         } catch (Throwable t) {
                             UndertowLogger.REQUEST_IO_LOGGER.handleUnexpectedFailure(t);
                         }
                     }
                 });
             }
@@ -608,6 +588,33 @@ public void run() {
         }
     }
 
 
     private void onAsyncComplete() {
         final boolean setupRequired = SecurityActions.currentServletRequestContext() == null;
",191,,,
459,"@@ -106,7 +106,7 @@ public static ObjectPool<Deflater> newInstanceDeflaterPool(int deflateLevel) {
     }
 
     public static ObjectPool<Deflater> simpleDeflaterPool(int poolSize, int deflateLevel) {
         return new SimpleObjectPool<Deflater>(poolSize, () -> new Deflater(deflateLevel, true), Deflater::end);
     }
 
 
",291,,,
460,"@@ -81,7 +81,7 @@ public static ObjectPool<Inflater> newInstanceInflaterPool() {
     }
 
     public static ObjectPool<Inflater> simpleInflaterPool(int poolSize) {
         return new SimpleObjectPool<Inflater>(poolSize, () -> new Inflater(true), Inflater::end);
     }
 
     @Override
",292,,,
461,"@@ -34,15 +34,20 @@
 public class SimpleObjectPool<T> implements ObjectPool {
 
     private final Supplier<T> supplier;
     private final Consumer<T> consumer;
     private final LinkedBlockingDeque<T> pool;
 
     public SimpleObjectPool(int poolSize, Supplier<T> supplier, Consumer<T> consumer) {
         this.supplier = supplier;
         this.consumer = consumer;
         pool = new LinkedBlockingDeque<T>(poolSize);
     }
 
 
     @Override
     public PooledObject allocate() {
@@ -66,6 +71,7 @@ public T getObject() {
             @Override
             public void close() {
                 closed = true;
                 if(!pool.offer(finObj)) {
                     consumer.accept(finObj);
                 }
",293,,,
462,"@@ -0,0 +1,165 @@
",294,,,
463,"@@ -18,6 +18,8 @@
 
 package io.undertow.client;
 
 import org.xnio.FutureResult;
 import org.xnio.IoFuture;
 import org.xnio.OptionMap;
@@ -29,6 +31,7 @@
 import java.io.IOException;
 import java.net.InetSocketAddress;
 import java.net.URI;
 import java.util.Collections;
 import java.util.HashMap;
 import java.util.Map;
@@ -51,7 +54,8 @@ private UndertowClient() {
     }
 
     private UndertowClient(final ClassLoader classLoader) {
         ServiceLoader<ClientProvider> providers = ServiceLoader.load(ClientProvider.class, classLoader);
         final Map<String, ClientProvider> map = new HashMap<>();
         for (ClientProvider provider : providers) {
             for (String scheme : provider.handlesSchemes()) {
",55,,,
465,"@@ -394,15 +394,7 @@ public void setCharacterEncoding(final String charset) {
 
     @Override
     public void setContentLength(final int len) {
         if (insideInclude || responseStarted()) {
             return;
         }
         if(len >= 0) {
             exchange.getResponseHeaders().put(Headers.CONTENT_LENGTH, Integer.toString(len));
         } else {
             exchange.getResponseHeaders().remove(Headers.CONTENT_LENGTH);
         }
         this.contentLength = (long) len;
     }
 
     @Override
",231,,,
466,"@@ -21,6 +21,7 @@
 import java.io.File;
 import java.io.IOException;
 import java.io.InputStream;
 import java.net.URISyntaxException;
 import java.net.URL;
 import java.net.URLConnection;
@@ -88,7 +89,13 @@ private void openConnection() {
                     contentLength = null;
                     return;
                 }
                 lastModified =  new Date(connection.getLastModified());
                 contentLength = connection.getContentLengthLong();
             } finally {
                 if (connection != null) {
",296,,,
467,"@@ -21,6 +21,7 @@
 import java.io.File;
 import java.io.IOException;
 import java.io.InputStream;
 import java.net.URISyntaxException;
 import java.net.URL;
 import java.net.URLConnection;
@@ -88,7 +89,13 @@ private void openConnection() {
                     contentLength = null;
                     return;
                 }
                 lastModified =  new Date(connection.getLastModified());
                 contentLength = connection.getContentLengthLong();
             } finally {
                 if (connection != null) {
",296,,,
468,"@@ -125,6 +125,14 @@ private void calculateChangeOverPoint() {
         calendar.add(Calendar.DATE, 1);
         SimpleDateFormat df = new SimpleDateFormat(""yyyy-MM-dd"", Locale.US);
         currentDateString = df.format(new Date());
         changeOverPoint = calendar.getTimeInMillis();
     }
 
",182,,,
469,"@@ -992,11 +992,16 @@ public String getLocalName() {
 
     @Override
     public String getLocalAddr() {
         InetSocketAddress address = exchange.getDestinationAddress();
          if (address != null) {
             return address.getAddress().getHostAddress();
         }
         return null;
     }
 
     @Override
",97,,,
470,"@@ -89,7 +89,7 @@ public interface UndertowMessages {
 //    @Message(id = 16, value = ""Could not add cookie as cookie handler was not present in the handler chain"")
 //    IllegalStateException cookieHandlerNotPresent();
 
     @Message(id = 17, value = ""Form value is a file, use getFile() instead"")
     IllegalStateException formValueIsAFile();
 
     @Message(id = 18, value = ""Form value is a String, use getValue() instead"")
@@ -594,4 +594,7 @@ public interface UndertowMessages {
 
     @Message(id = 191, value = ""Default context cannot be null"")
     IllegalStateException defaultContextCannotBeNull();
 }
",9,,,
471,"@@ -174,7 +174,7 @@ private void dumpRequestBody(HttpServerExchange exchange, StringBuilder sb) {
                     sb.append(formField)
                             .append(""="");
                     for (FormData.FormValue formValue : formValues) {
                         sb.append(formValue.isFile() ? ""[file-content]"" : formValue.getValue());
                         sb.append(""\n"");
 
                         if (formValue.getHeaders() != null) {
",24,,,
472,"@@ -18,7 +18,13 @@
 
 package io.undertow.server.handlers.form;
 
 import java.io.File;
 import java.nio.file.Path;
 import java.util.ArrayDeque;
 import java.util.Deque;
@@ -64,6 +70,17 @@ public Deque<FormValue> get(String name) {
         return values.get(name);
     }
 
     public void add(String name, String value) {
         add(name, value, null);
     }
@@ -157,17 +174,23 @@ public interface FormValue {
          *
          * @return
          */
         boolean isFile();
 
         /**
          * @return The temp file that the file data was saved to
          * @throws IllegalStateException if this is not a file
          */
         Path getPath();
 
         @Deprecated
         File getFile();
 
         /**
          * @return The filename specified in the disposition header.
          */
@@ -181,28 +204,95 @@ public interface FormValue {
 
     }
 
 
     static class FormValueImpl implements FormValue {
 
         private final String value;
         private final String fileName;
         private final Path file;
         private final HeaderMap headers;
 
         FormValueImpl(String value, HeaderMap headers) {
             this.value = value;
             this.headers = headers;
             this.file = null;
             this.fileName = null;
         }
 
         FormValueImpl(Path file, final String fileName, HeaderMap headers) {
             this.file = file;
             this.headers = headers;
             this.fileName = fileName;
             this.value = null;
         }
 
 
         @Override
         public String getValue() {
@@ -214,22 +304,38 @@ public String getValue() {
 
         @Override
         public boolean isFile() {
             return file != null;
         }
 
         @Override
         public Path getPath() {
             if (file == null) {
                 throw UndertowMessages.MESSAGES.formValueIsAString();
             }
             return file;
         }
 
         @Override
         public File getFile() {
             return getPath().toFile();
         }
 
         @Override
         public HeaderMap getHeaders() {
             return headers;
",209,,,
473,"@@ -36,6 +36,7 @@
 import org.xnio.channels.StreamSourceChannel;
 
 import java.io.ByteArrayOutputStream;
 import java.io.IOException;
 import java.io.InputStream;
 import java.io.UnsupportedEncodingException;
@@ -48,6 +49,7 @@
 import java.nio.file.Paths;
 import java.nio.file.StandardOpenOption;
 import java.util.ArrayList;
 import java.util.List;
 import java.util.concurrent.Executor;
 
@@ -66,6 +68,8 @@ public class MultiPartParserDefinition implements FormParserFactory.ParserDefini
 
     private long maxIndividualFileSize = -1;
 
     public MultiPartParserDefinition() {
         tempFileLocation = Paths.get(System.getProperty(""java.io.tmpdir""));
     }
@@ -83,7 +87,7 @@ public FormDataParser create(final HttpServerExchange exchange) {
                 UndertowLogger.REQUEST_LOGGER.debugf(""Could not find boundary in multipart request with ContentType: %s, multipart data will not be available"", mimeType);
                 return null;
             }
             final MultiPartUploadHandler parser = new MultiPartUploadHandler(exchange, boundary, maxIndividualFileSize, defaultEncoding);
             exchange.addExchangeCompleteListener(new ExchangeCompletionListener() {
                 @Override
                 public void exchangeEvent(final HttpServerExchange exchange, final NextListener nextListener) {
@@ -138,12 +142,17 @@ public void setMaxIndividualFileSize(final long maxIndividualFileSize) {
         this.maxIndividualFileSize = maxIndividualFileSize;
     }
 
     private final class MultiPartUploadHandler implements FormDataParser, MultipartParser.PartHandler {
 
         private final HttpServerExchange exchange;
         private final FormData data;
         private final List<Path> createdFiles = new ArrayList<>();
         private final long maxIndividualFileSize;
         private String defaultEncoding;
 
         private final ByteArrayOutputStream contentBytes = new ByteArrayOutputStream();
@@ -157,10 +166,11 @@ private final class MultiPartUploadHandler implements FormDataParser, MultipartP
         private final MultipartParser.ParseState parser;
 
 
         private MultiPartUploadHandler(final HttpServerExchange exchange, final String boundary, final long maxIndividualFileSize, final String defaultEncoding) {
             this.exchange = exchange;
             this.maxIndividualFileSize = maxIndividualFileSize;
             this.defaultEncoding = defaultEncoding;
             this.data = new FormData(exchange.getConnection().getUndertowOptions().get(UndertowOptions.MAX_PARAMETERS, 1000));
             String charset = defaultEncoding;
             String contentType = exchange.getRequestHeaders().getFirst(Headers.CONTENT_TYPE);
@@ -238,7 +248,7 @@ public void beginPart(final HeaderMap headers) {
                 if (disposition.startsWith(""form-data"")) {
                     currentName = Headers.extractQuotedValueFromHeader(disposition, ""name"");
                     fileName = Headers.extractQuotedValueFromHeaderWithEncoding(disposition, ""filename"");
                     if (fileName != null) {
                         try {
                             if (tempFileLocation != null) {
                                 file = Files.createTempFile(tempFileLocation, ""undertow"", ""upload"");
@@ -261,6 +271,24 @@ public void data(final ByteBuffer buffer) throws IOException {
             if (this.maxIndividualFileSize > 0 && this.currentFileSize > this.maxIndividualFileSize) {
                 throw UndertowMessages.MESSAGES.maxFileSizeExceeded(this.maxIndividualFileSize);
             }
             if (file == null) {
                 while (buffer.hasRemaining()) {
                     contentBytes.write(buffer.get());
@@ -275,12 +303,16 @@ public void endPart() {
             if (file != null) {
                 data.add(currentName, file, fileName, headers);
                 file = null;
                 try {
                     fileChannel.close();
                     fileChannel = null;
                 } catch (IOException e) {
                     throw new RuntimeException(e);
                 }
             } else {
 
 
",38,,,
474,"@@ -24,9 +24,12 @@
 import io.undertow.testutils.DefaultServer;
 import io.undertow.testutils.HttpClientUtils;
 import io.undertow.testutils.TestHttpClient;
 import io.undertow.util.Headers;
 import io.undertow.util.StatusCodes;
 import org.apache.commons.io.Charsets;
 import org.apache.http.HttpResponse;
 import org.apache.http.client.methods.HttpPost;
 import org.apache.http.entity.StringEntity;
@@ -41,8 +44,17 @@
 import org.xnio.IoUtils;
 
 import java.io.File;
 import java.nio.charset.StandardCharsets;
 import java.nio.file.Files;
 
 /**
  * @author Stuart Douglas
@@ -54,12 +66,9 @@ private static HttpHandler createHandler() {
         return new HttpHandler() {
             @Override
             public void handleRequest(final HttpServerExchange exchange) throws Exception {
                 System.out.println(""In handler"");
                 final FormDataParser parser = FormParserFactory.builder().build().createParser(exchange);
                 System.out.println(""Created parser"");
                 try {
                     FormData data = parser.parseBlocking();
                     System.out.println(""done parsing"");
                     exchange.setStatusCode(StatusCodes.INTERNAL_SERVER_ERROR);
                     if (data.getFirst(""formValue"").getValue().equals(""myValue"")) {
                         FormData.FormValue file = data.getFirst(""file"");
@@ -189,4 +198,172 @@ public void testFileUploadWithEagerParsingAndNonASCIIFilename() throws Exception
             client.getConnectionManager().shutdown();
         }
     }
 }
",19,,,
475,"@@ -112,6 +112,9 @@ public void setupMultipart(ServletContextImpl servletContext) {
             if(config.getMaxFileSize() > 0) {
                 multiPartParserDefinition.setMaxIndividualFileSize(config.getMaxFileSize());
             }
             multiPartParserDefinition.setDefaultEncoding(servletContext.getDeployment().getDefaultRequestCharset().name());
 
             formParserFactory = FormParserFactory.builder(false)
",65,,,
476,"@@ -705,7 +705,7 @@ public String getParameter(final String name) {
             final FormData parsedFormData = parseFormData();
             if (parsedFormData != null) {
                 FormData.FormValue res = parsedFormData.getFirst(name);
                 if (res == null || res.isFile()) {
                     return null;
                 } else {
                     return res.getValue();
@@ -729,7 +729,7 @@ public Enumeration<String> getParameterNames() {
                 while (it.hasNext()) {
                     String name = it.next();
                     for(FormData.FormValue param : parsedFormData.get(name)) {
                         if(!param.isFile()) {
                             parameterNames.add(name);
                             break;
                         }
@@ -758,7 +758,7 @@ public String[] getParameterValues(final String name) {
                 Deque<FormData.FormValue> res = parsedFormData.get(name);
                 if (res != null) {
                     for (FormData.FormValue value : res) {
                         if(!value.isFile()) {
                             ret.add(value.getValue());
                         }
                     }
@@ -791,14 +791,14 @@ public Map<String, String[]> getParameterMap() {
                     if (arrayMap.containsKey(name)) {
                         ArrayList<String> existing = arrayMap.get(name);
                         for (final FormData.FormValue v : val) {
                             if(!v.isFile()) {
                                 existing.add(v.getValue());
                             }
                         }
                     } else {
                         final ArrayList<String> values = new ArrayList<>();
                         for (final FormData.FormValue v : val) {
                             if(!v.isFile()) {
                                 values.add(v.getValue());
                             }
                         }
",97,,,
477,"@@ -24,12 +24,9 @@
 import io.undertow.util.Headers;
 import io.undertow.util.HttpString;
 
 import java.io.BufferedInputStream;
 import java.io.ByteArrayInputStream;
 import java.io.IOException;
 import java.io.InputStream;
 import java.nio.file.Files;
 import java.nio.file.NoSuchFileException;
 import java.nio.file.Path;
 import java.nio.file.Paths;
 import java.util.Collection;
@@ -62,8 +59,8 @@ public PartImpl(final String name, final FormData.FormValue formValue, Multipart
 
     @Override
     public InputStream getInputStream() throws IOException {
         if (formValue.isFile()) {
             return new BufferedInputStream(Files.newInputStream(formValue.getPath()));
         } else {
             String requestedCharset = servletRequest.getCharacterEncoding();
             String charset = requestedCharset != null ? requestedCharset : servletContext.getDeployment().getDefaultRequestCharset().name();
@@ -89,8 +86,8 @@ public String getSubmittedFileName() {
     @Override
     public long getSize() {
         try {
             if (formValue.isFile()) {
                 return Files.size(formValue.getPath());
             } else {
                 return formValue.getValue().length();
             }
@@ -109,20 +106,19 @@ public void write(final String fileName) throws IOException {
                 target = Paths.get(config.getLocation(), fileName);
             }
         }
         try {
             Files.move(formValue.getPath(), target);
         } catch (IOException e) {
             Files.copy(formValue.getPath(), target);
         }
     }
 
     @Override
     public void delete() throws IOException {
         try {
             Files.delete(formValue.getPath());
         } catch (NoSuchFileException e) { //already deleted
         } catch (IOException e) {
             throw UndertowServletMessages.MESSAGES.deleteFailed(formValue.getPath());
         }
     }
 
",210,,,
478,"@@ -447,8 +447,8 @@ public void run() {
                 }
             }
             final String remoteHost;
             final SocketAddress address = exchange.getConnection().getPeerAddress();
             if (address != null && address instanceof InetSocketAddress) {
                 remoteHost = ((InetSocketAddress) address).getHostString();
                 if(!((InetSocketAddress) address).isUnresolved()) {
                     request.putAttachment(ProxiedRequestAttachments.REMOTE_ADDRESS, ((InetSocketAddress) address).getAddress().getHostAddress());
",72,,,
479,"@@ -1337,6 +1337,11 @@ private Node.JspAttribute getJspAttribute(TagAttributeInfo tai,
                     result = new Node.JspAttribute(tai, qName, uri, localName,
                             value.substring(3, value.length() - 2), true, null,
                             dynamic);
                 } else {
                     if (!pageInfo.isELIgnored()) {
                     // The attribute can contain expressions but is not a
@@ -1417,6 +1422,16 @@ private Node.JspAttribute getJspAttribute(TagAttributeInfo tai,
             return result;
         }
 
 
         private static class XmlEscapeNonELVisitor extends ELParser.TextBuilder {
 
",297,,,
480,"@@ -68,7 +68,7 @@ public class Balancer {
     private final int waitWorker;
 
     /**
      * value: number of attempts to send the request to the backend server. Default: ""1""
      */
     private final int maxattempts;
 
",298,,,
481,"@@ -84,7 +84,7 @@ public int getMaxRetries() {
             if(balancer == null) {
                 return 0;
             }
             return balancer.getMaxattempts() - 1;
         }
     }
 
@@ -111,7 +111,7 @@ public int getMaxRetries() {
             if(balancer == null) {
                 return 0;
             }
             return balancer.getMaxattempts() - 1;
         }
 
         @Override
",299,,,
482,"@@ -70,7 +70,7 @@ public class Balancer {
     /**
      * Maximum number of failover attempts to send the request to the backend server. Default: ""1""
      */
     private final int maxattempts;
 
     private final int id;
     private static final AtomicInteger idGen = new AtomicInteger();
@@ -84,85 +84,50 @@ public class Balancer {
         this.stickySessionRemove = b.isStickySessionRemove();
         this.stickySessionForce = b.isStickySessionForce();
         this.waitWorker = b.getWaitWorker();
         this.maxattempts = b.getMaxattempts();
         UndertowLogger.ROOT_LOGGER.balancerCreated(this.id, this.name, this.stickySession, this.stickySessionCookie, this.stickySessionPath,
                 this.stickySessionRemove,  this.stickySessionForce, this.waitWorker, this.maxattempts);
     }
 
     public int getId() {
         return id;
     }
 
     /**
      * Getter for name
      *
      * @return the name
      */
     public String getName() {
         return this.name;
     }
 
     /**
      * Getter for stickySession
      *
      * @return the stickySession
      */
     public boolean isStickySession() {
         return this.stickySession;
     }
 
     /**
      * Getter for stickySessionCookie
      *
      * @return the stickySessionCookie
      */
     public String getStickySessionCookie() {
         return this.stickySessionCookie;
     }
 
     /**
      * Getter for stickySessionPath
      *
      * @return the stickySessionPath
      */
     public String getStickySessionPath() {
         return this.stickySessionPath;
     }
 
     /**
      * Getter for stickySessionRemove
      *
      * @return the stickySessionRemove
      */
     public boolean isStickySessionRemove() {
         return this.stickySessionRemove;
     }
 
     /**
      * Getter for stickySessionForce
      *
      * @return the stickySessionForce
      */
     public boolean isStickySessionForce() {
         return this.stickySessionForce;
     }
 
     /**
      * Getter for waitWorker
      *
      * @return the waitWorker
      */
     public int getWaitWorker() {
         return this.waitWorker;
     }
 
     /**
      * Getter for maxattempts
      *
      * @return the maxattempts
      */
     public int getMaxattempts() {
         return this.maxattempts;
     }
 
     @Override
@@ -173,10 +138,10 @@ public String toString() {
                 .append(this.stickySessionPath).append(""], remove: "")
                 .append(this.stickySessionRemove ? 1 : 0).append("", force: "")
                 .append(this.stickySessionForce ? 1 : 0).append("", Timeout: "")
                 .append(this.waitWorker).append("", Maxtry: "").append(this.maxattempts).toString();
     }
 
     static final BalancerBuilder builder() {
         return new BalancerBuilder();
     }
 
@@ -189,7 +154,7 @@ public static final class BalancerBuilder {
         private boolean stickySessionRemove = false;
         private boolean stickySessionForce = true;
         private int waitWorker = 0;
         private int maxattempts = 1;
 
         public String getName() {
             return name;
@@ -259,12 +224,34 @@ public BalancerBuilder setWaitWorker(int waitWorker) {
             return this;
         }
 
         public int getMaxattempts() {
             return maxattempts;
         }
 
         public BalancerBuilder setMaxattempts(int maxattempts) {
             this.maxattempts = maxattempts;
             return this;
         }
 
",298,,,
483,"@@ -212,9 +212,8 @@ protected void handleRequest(final HttpString method, HttpServerExchange exchang
      *
      * @param exchange the http server exchange
      * @param requestData the request data
      * @throws IOException
      */
     private void processConfig(final HttpServerExchange exchange, final RequestData requestData) throws IOException {
 
         // Get the node builder
         List<String> hosts = null;
@@ -236,7 +235,7 @@ private void processConfig(final HttpServerExchange exchange, final RequestData
                 node.setBalancer(value);
                 balancer.setName(value);
             } else if (MAXATTEMPTS.equals(name)) {
                 balancer.setMaxattempts(Integer.parseInt(value));
             } else if (STICKYSESSION.equals(name)) {
                 if (""No"".equalsIgnoreCase(value)) {
                     balancer.setStickySession(false);
",42,,,
484,"@@ -35,7 +35,7 @@ static void printDump(final Balancer balancer, final StringBuilder builder) {
                 .append("" remove: "").append(toStringOneZero(balancer.isStickySessionRemove()))
                 .append("" force: "").append(toStringOneZero(balancer.isStickySessionForce()))
                 .append("" Timeout: "").append(balancer.getWaitWorker())
                 .append("" maxAttempts: "").append(balancer.getMaxattempts())
                 .append(NEWLINE);
     }
 
",300,,,
485,"@@ -742,8 +742,14 @@ public int getWaitWorker() {
         }
 
         @Override
         public int getMaxAttempts() {
             return balancer.getMaxattempts();
         }
     }
 
",301,,,
486,"@@ -84,7 +84,7 @@ public int getMaxRetries() {
             if(balancer == null) {
                 return 0;
             }
             return balancer.getMaxattempts();
         }
     }
 
@@ -111,7 +111,7 @@ public int getMaxRetries() {
             if(balancer == null) {
                 return 0;
             }
             return balancer.getMaxattempts();
         }
 
         @Override
",299,,,
487,"@@ -40,52 +40,29 @@ interface LoadBalancer {
 
         Node getNode(String name);
 
         /**
          * Getter for stickySession
          *
          * @return the stickySession
          */
         boolean isStickySession();
 
         /**
          * Getter for stickySessionCookie
          *
          * @return the stickySessionCookie
          */
         String getStickySessionCookie();
         /**
          * Getter for stickySessionPath
          *
          * @return the stickySessionPath
          */
         String getStickySessionPath();
 
         /**
          * Getter for stickySessionRemove
          *
          * @return the stickySessionRemove
          */
         boolean isStickySessionRemove();
 
         /**
          * Getter for stickySessionForce
          *
          * @return the stickySessionForce
          */
         boolean isStickySessionForce();
 
         /**
          * Getter for waitWorker
          *
          * @return the waitWorker
          */
         int getWaitWorker();
 
         /**
          * Getter for maxattempts
          *
          * @return the maxattempts
          */
         int getMaxAttempts();
     }
 
",302,,,
488,"@@ -18,15 +18,18 @@
 
 package io.undertow.util;
 
 import io.undertow.UndertowMessages;
 import io.undertow.server.HttpServerExchange;
 
 import java.io.UnsupportedEncodingException;
 
 /**
  * Utilities for dealing with URLs
  *
  * @author Stuart Douglas
  */
 public class URLUtils {
 
@@ -310,4 +313,23 @@ public static String normalizeSlashes(final String path) {
 
         return path;
     }
 }
",219,,,
489,"@@ -26,9 +26,10 @@
 
 import java.nio.charset.Charset;
 
 import static org.junit.Assert.assertEquals;
 /**
  * @author Oleksandr Radchykov
  */
 @RunWith(Parameterized.class)
 @Category(UnitTest.class)
@@ -58,4 +59,35 @@ public void testDecodingURLMustNotMutateSpaceSymbolsCaseIfSpaceDecodingDisabled(
         assertEquals(url, result);
     }
 
 }
",257,,,
490,"@@ -51,6 +51,8 @@
 import io.undertow.util.RedirectBuilder;
 import io.undertow.util.StatusCodes;
 
 
 /**
  * @author Stuart Douglas
@@ -184,7 +186,7 @@ public void sendRedirect(final String location) throws IOException {
         resetBuffer();
         setStatus(StatusCodes.FOUND);
         String realPath;
         if (location.contains(""://"")) {//absolute url
             exchange.getResponseHeaders().put(Headers.LOCATION, location);
         } else {
             if (location.startsWith(""/"")) {
",231,,,
491,"@@ -25,7 +25,7 @@
  */
 public class SecureExchangeAttribute implements ExchangeAttribute {
 
     public static final String TOKEN = ""${SECURE}"";
     public static final ExchangeAttribute INSTANCE = new SecureExchangeAttribute();
 
     @Override
",303,,,
492,"@@ -30,7 +30,7 @@ public class SecureExchangeAttribute implements ExchangeAttribute {
 
     @Override
     public String readAttribute(HttpServerExchange exchange) {
         return Boolean.toString(exchange.getRequestScheme().toLowerCase().equals(""https""));
     }
 
     @Override
",303,,,
493,"@@ -25,7 +25,7 @@
  */
 public class SecureExchangeAttribute implements ExchangeAttribute {
 
     public static final String TOKEN = ""${SECURE}"";
     public static final ExchangeAttribute INSTANCE = new SecureExchangeAttribute();
 
     @Override
",303,,,
494,"@@ -30,7 +30,7 @@ public class SecureExchangeAttribute implements ExchangeAttribute {
 
     @Override
     public String readAttribute(HttpServerExchange exchange) {
         return Boolean.toString(exchange.getRequestScheme().toLowerCase().equals(""https""));
     }
 
     @Override
",303,,,
495,"@@ -47,7 +47,7 @@
         <libraryPath></libraryPath>
         <java.library.path></java.library.path>
         <org.wildfly.openssl.path></org.wildfly.openssl.path>
         <dependency.karaf.version>4.0.7</dependency.karaf.version>
     </properties>
 
     <dependencies>
",290,,,
496,"@@ -1005,11 +1005,7 @@ public String getLocalAddr() {
 
     @Override
     public int getLocalPort() {
         SocketAddress address = exchange.getConnection().getLocalAddress();
         if (address instanceof InetSocketAddress) {
             return ((InetSocketAddress) address).getPort();
         }
         return -1;
     }
 
     @Override
",97,,,
497,"@@ -21,6 +21,7 @@
 import io.undertow.UndertowLogger;
 import io.undertow.util.NetworkUtils;
 import org.xnio.OptionMap;
 import org.xnio.XnioWorker;
 import org.xnio.channels.MulticastMessageChannel;
 
@@ -67,26 +68,32 @@ class MCMPAdvertiseTask implements Runnable {
 
     static void advertise(final ModClusterContainer container, final MCMPConfig.AdvertiseConfig config, final XnioWorker worker) throws IOException {
         InetSocketAddress bindAddress;
         final InetAddress group = InetAddress.getByName(config.getAdvertiseAddress());
         if (group == null) {
             bindAddress = new InetSocketAddress(config.getAdvertisePort());
         } else {
             bindAddress = new InetSocketAddress(group, config.getAdvertisePort());
         }
         MulticastMessageChannel channel;
         try {
             channel = worker.createUdpServer(bindAddress, null, OptionMap.EMPTY);
         } catch (IOException e) {
             if(group != null && (linuxLike || windows)) {
                 //try again with no group
                 //see UNDERTOW-454
                 UndertowLogger.ROOT_LOGGER.potentialCrossTalking(group, (group instanceof Inet4Address) ? ""IPv4"" : ""IPv6"", e.getLocalizedMessage());
                 bindAddress = new InetSocketAddress(config.getAdvertisePort());
                 channel = worker.createUdpServer(bindAddress, null, OptionMap.EMPTY);
             } else {
                 throw e;
             }
         }
         final MCMPAdvertiseTask task = new MCMPAdvertiseTask(container, config, channel);
         //execute immediately, so there is no delay before load balancing starts working
         channel.getIoThread().execute(task);
",304,,,
498,"@@ -113,20 +113,21 @@ static class AdvertiseConfig {
         private final String advertiseGroup;
         private final String advertiseAddress;
         private final int advertisePort;
 
         private final String securityKey;
         private final String protocol;
         private final String path;
 
         private final int advertiseFrequency;
 
         private final InetSocketAddress managementSocketAddress;
 
         AdvertiseConfig(AdvertiseBuilder builder, MCMPConfig config) {
             this.advertiseGroup = builder.advertiseGroup;
             this.advertiseAddress = builder.advertiseAddress;
             this.advertiseFrequency = builder.advertiseFrequency;
             this.advertisePort = builder.advertisePort;
             this.securityKey = builder.securityKey;
             this.protocol = builder.protocol;
             this.path = builder.path;
@@ -145,6 +146,14 @@ public int getAdvertisePort() {
             return advertisePort;
         }
 
         public String getSecurityKey() {
             return securityKey;
         }
@@ -157,10 +166,6 @@ public String getPath() {
             return path;
         }
 
         public int getAdvertiseFrequency() {
             return advertiseFrequency;
         }
 
         public InetSocketAddress getManagementSocketAddress() {
             return managementSocketAddress;
         }
@@ -231,13 +236,13 @@ public static class AdvertiseBuilder {
         String advertiseGroup = ""224.0.1.105"";
         String advertiseAddress = ""127.0.0.1"";
         int advertisePort = 23364;
 
         String securityKey;
         String protocol = ""http"";
         String path = ""/"";
 
         int advertiseFrequency = 10000;
 
         private final Builder parent;
         public AdvertiseBuilder(Builder parent) {
             this.parent = parent;
@@ -258,6 +263,16 @@ public AdvertiseBuilder setAdvertisePort(int advertisePort) {
             return this;
         }
 
         public AdvertiseBuilder setSecurityKey(String securityKey) {
             this.securityKey = securityKey;
             return this;
@@ -277,11 +292,6 @@ public AdvertiseBuilder setPath(String path) {
             return this;
         }
 
         public AdvertiseBuilder setAdvertiseFrequency(int advertiseFrequency) {
             this.advertiseFrequency = advertiseFrequency;
             return this;
         }
 
         public Builder getParent() {
             return parent;
         }
",305,,,
500,"@@ -172,7 +172,7 @@ public void sendRequest(ClientRequest request, ClientCallback<ClientExchange> cl
 
         //setup the X-Forwarded-* headers
         String peer = request.getAttachment(ProxiedRequestAttachments.REMOTE_HOST);
         if(peer != null) {
             request.getRequestHeaders().put(Headers.X_FORWARDED_FOR, peer);
         }
         Boolean proto = request.getAttachment(ProxiedRequestAttachments.IS_SSL);
",116,,,
501,"@@ -457,7 +457,7 @@ public int getMaxConnections() {
 
         @Override
         public int getMaxCachedConnections() {
             return nodeConfig.getCacheConnections();
         }
 
         @Override
",307,,,
502,"@@ -419,7 +419,7 @@ private void timeoutConnections(final long currentTime, final HostThreadData dat
         int idleConnections = data.availableConnections.size();
         for (;;) {
             ConnectionHolder holder;
             if (idleConnections > 0 && idleConnections >= coreCachedConnections && (holder = data.availableConnections.peek()) != null) {
                 if (!holder.clientConnection.isOpen()) {
                     // Already closed connections decrease the available connections
                     idleConnections--;
",13,,,
503,"@@ -51,6 +51,7 @@
 import java.util.List;
 import java.util.Map;
 import java.util.Set;
 
 import static io.undertow.server.handlers.proxy.mod_cluster.MCMPConstants.ALIAS;
 import static io.undertow.server.handlers.proxy.mod_cluster.MCMPConstants.BALANCER;
@@ -277,7 +278,7 @@ private void processConfig(final HttpServerExchange exchange, final RequestData
             } else if (SMAX.equals(name)) {
                 node.setSmax(Integer.parseInt(value));
             } else if (TTL.equals(name)) {
                 node.setTtl(Integer.parseInt(value));
             } else if (TIMEOUT.equals(name)) {
                 node.setTimeout(Integer.parseInt(value));
             } else if (CONTEXT.equals(name)) {
",42,,,
504,"@@ -18,6 +18,8 @@
 
 package io.undertow.server.handlers.proxy.mod_cluster;
 
 /**
  * @author Emanuel Muckenhuber
  */
@@ -93,7 +95,7 @@ static void printInfo(final Node node, final StringBuilder builder) {
                 .append("",Flushwait: "").append(node.getNodeConfig().getFlushwait())
                 .append("",Ping: "").append(node.getNodeConfig().getPing())
                 .append("",Smax: "").append(node.getNodeConfig().getSmax())
                 .append("",Ttl: "").append(node.getNodeConfig().getTtl())
                 .append("",Elected: "").append(node.getElected())
                 .append("",Read: "").append(node.getConnectionPool().getClientStatistics().getRead())
                 .append("",Transfered: "").append(node.getConnectionPool().getClientStatistics().getWritten())
@@ -116,7 +118,7 @@ static void printDump(final Node node, final StringBuilder builder) {
                 .append("",flushwait: "").append(node.getNodeConfig().getFlushwait())
                 .append("",ping: "").append(node.getNodeConfig().getPing())
                 .append("",smax: "").append(node.getNodeConfig().getSmax())
                 .append("",ttl: "").append(node.getNodeConfig().getTtl())
                 .append("",timeout: "").append(node.getNodeConfig().getTimeout())
                 .append(NEWLINE);
     }
",300,,,
505,"@@ -34,6 +34,7 @@
 import java.util.List;
 import java.util.Map;
 import java.util.Random;
 
 /**
  * The mod cluster manager web frontend.
@@ -217,7 +218,7 @@ private void processRequest(HttpServerExchange exchange) throws IOException {
                     if (nodeConfig.isFlushPackets()) {
                         flushpackets = ""Auto"";
                     }
                     buf.append("",Flushpackets: "" + flushpackets + "",Flushwait: "" + nodeConfig.getFlushwait() + "",Ping: "" + nodeConfig.getPing() + "" ,Smax: "" + nodeConfig.getPing() + "",Ttl: "" + nodeConfig.getTtl());
                     printProxyStat(buf, node, reduceDisplay);
                 } else {
                     buf.append(""<br/>\n"");
",308,,,
506,"@@ -206,7 +206,7 @@ public static class Builder {
         private boolean queueNewRequests = false;
 
         private int maxRequestTime = -1;
         private long ttl;
         private boolean useAlias = false;
 
         private NodeHealthChecker healthChecker = NodeHealthChecker.NO_CHECK;
",309,,,
507,"@@ -243,9 +243,9 @@ public static class NodeBuilder {
         private int maxConnections;
         private int cacheConnections;
         private int requestQueueSize;
         private boolean queueNewRequests = false;
 
         private long ttl = 60000;
         private int timeout = 0;
         private int waitWorker = -1;
 
",310,,,
508,"@@ -154,6 +154,18 @@ protected Integer servePage(final HttpServerExchange exchange, final String loca
 
     @Override
     protected void storeInitialLocation(final HttpServerExchange exchange) {
         if(!saveOriginalRequest) {
             return;
         }
@@ -170,7 +182,11 @@ protected void storeInitialLocation(final HttpServerExchange exchange) {
             manager.registerSessionListener(LISTENER);
         }
         session.setAttribute(SESSION_KEY, RedirectBuilder.redirect(exchange, exchange.getRelativePath()));
         SavedRequest.trySaveRequest(exchange);
     }
 
     @Override
",311,,,
509,"@@ -68,8 +68,19 @@ public SavedRequest(byte[] data, int dataLength, HttpString method, String reque
         }
     }
 
     public static void trySaveRequest(final HttpServerExchange exchange) {
         int maxSize = exchange.getConnection().getUndertowOptions().get(UndertowOptions.MAX_BUFFERED_REQUEST_SIZE, UndertowOptions.DEFAULT_MAX_BUFFERED_REQUEST_SIZE);
         if (maxSize > 0) {
             //if this request has a body try and cache the response
             if (!exchange.isRequestComplete()) {
@@ -92,32 +103,46 @@ public static void trySaveRequest(final HttpServerExchange exchange) {
                             return;//failed to save the request, we just return
                         }
                     }
                     HeaderMap headers = new HeaderMap();
                     for(HeaderValues entry : exchange.getRequestHeaders()) {
                         if(entry.getHeaderName().equals(Headers.CONTENT_LENGTH) ||
                                 entry.getHeaderName().equals(Headers.TRANSFER_ENCODING) ||
                                 entry.getHeaderName().equals(Headers.CONNECTION)) {
                             continue;
                         }
                         headers.putAll(entry.getHeaderName(), entry);
                     }
                     SavedRequest request = new SavedRequest(buffer, read, exchange.getRequestMethod(), exchange.getRelativePath(), exchange.getRequestHeaders());
                     final ServletRequestContext sc = exchange.getAttachment(ServletRequestContext.ATTACHMENT_KEY);
                     HttpSessionImpl session = sc.getCurrentServletContext().getSession(exchange, true);
                     Session underlyingSession;
                     if(System.getSecurityManager() == null) {
                         underlyingSession = session.getSession();
                     } else {
                         underlyingSession = AccessController.doPrivileged(new HttpSessionImpl.UnwrapSessionAction(session));
                     }
                     underlyingSession.setAttribute(SESSION_KEY, request);
                 } catch (IOException e) {
                     UndertowLogger.REQUEST_IO_LOGGER.ioException(e);
                 }
             }
         }
     }
 
     public static void tryRestoreRequest(final HttpServerExchange exchange, HttpSession session) {
         if(session instanceof HttpSessionImpl) {
 
",312,,,
517,"@@ -195,6 +195,9 @@ public void run() {
                 Connectors.executeRootHandler(new HttpHandler() {
                     @Override
                     public void handleRequest(final HttpServerExchange exchange) throws Exception {
                         servletDispatcher.dispatchToPath(exchange, pathInfo, DispatcherType.ASYNC);
                     }
                 }, exchange);
",191,,,
518,"@@ -29,7 +29,7 @@ interface MCMPConstants {
     String BALANCER_STRING = ""Balancer"";
     String CONTEXT_STRING = ""Context"";
     String DOMAIN_STRING = ""Domain"";
     String FLUSH_PACKET_STRING = ""flushpacket"";
     String FLUSH_WAIT_STRING = ""flushwait"";
     String HOST_STRING = ""Host"";
     String JVMROUTE_STRING = ""JVMRoute"";
",313,,,
519,"@@ -76,7 +76,7 @@ public final class Undertow {
      * Will be true when a {@link XnioWorker} instance was NOT provided to the {@link Builder}.
      * When true, a new worker will be created during {@link Undertow#start()},
      * and shutdown when {@link Undertow#stop()} is called.
      *
      * Will be false when a {@link XnioWorker} instance was provided to the {@link Builder}.
      * When false, the provided {@link #worker} will be used instead of creating a new one in {@link Undertow#start()}.
      * Also, when false, the {@link #worker} will NOT be shutdown when {@link Undertow#stop()} is called.
@@ -153,7 +153,7 @@ public synchronized void start() {
                     openListener.setRootHandler(rootHandler);
 
                     final ChannelListener<StreamConnection> finalListener;
                     if(listener.useProxyProtocol) {
                         finalListener = new ProxyProtocolOpenListener(openListener, null, buffers, OptionMap.EMPTY);
                     } else {
                         finalListener = openListener;
@@ -170,12 +170,12 @@ public synchronized void start() {
                     if (listener.type == ListenerType.HTTP) {
                         HttpOpenListener openListener = new HttpOpenListener(buffers, undertowOptions);
                         HttpHandler handler = rootHandler;
                         if(http2) {
                             handler = new Http2UpgradeHandler(handler);
                         }
                         openListener.setRootHandler(handler);
                         final ChannelListener<StreamConnection> finalListener;
                         if(listener.useProxyProtocol) {
                             finalListener = new ProxyProtocolOpenListener(openListener, null, buffers, OptionMap.EMPTY);
                         } else {
                             finalListener = openListener;
@@ -193,9 +193,9 @@ public synchronized void start() {
                         HttpOpenListener httpOpenListener = new HttpOpenListener(buffers, undertowOptions);
                         httpOpenListener.setRootHandler(rootHandler);
 
                         if(http2) {
                             AlpnOpenListener alpn = new AlpnOpenListener(buffers, undertowOptions, httpOpenListener);
                             if(http2) {
                                 Http2OpenListener http2Listener = new Http2OpenListener(buffers, undertowOptions);
                                 http2Listener.setRootHandler(rootHandler);
                                 alpn.addProtocol(Http2OpenListener.HTTP2, http2Listener, 10);
@@ -212,15 +212,15 @@ public synchronized void start() {
                         } else {
                             OptionMap.Builder builder = OptionMap.builder();
                             builder.addAll(listener.overrideSocketOptions);
                             if(!listener.overrideSocketOptions.contains(Options.SSL_PROTOCOL)) {
                                 builder.set(Options.SSL_PROTOCOL, ""TLSv1.2"");
                             }
                             xnioSsl = new UndertowXnioSsl(xnio, OptionMap.create(Options.USE_DIRECT_BUFFERS, true), JsseSslUtils.createSSLContext(listener.keyManagers, listener.trustManagers, new SecureRandom(), builder.getMap()));
                         }
 
                         OptionMap socketOptionsWithOverrides = OptionMap.builder().addAll(socketOptions).addAll(listener.overrideSocketOptions).getMap();
                         AcceptingChannel<? extends StreamConnection> sslServer;
                         if(listener.useProxyProtocol) {
                             ChannelListener<AcceptingChannel<StreamConnection>> acceptListener = ChannelListeners.openListenerAdapter(new ProxyProtocolOpenListener(openListener, xnioSsl, buffers, socketOptionsWithOverrides));
                             sslServer = worker.createStreamConnectionServer(new InetSocketAddress(Inet4Address.getByName(listener.host), listener.port), (ChannelListener) acceptListener, socketOptionsWithOverrides);
                         } else {
@@ -270,21 +270,21 @@ public XnioWorker getWorker() {
     }
 
     public List<ListenerInfo> getListenerInfo() {
         if(listenerInfo == null) {
             throw UndertowMessages.MESSAGES.serverNotStarted();
         }
         return Collections.unmodifiableList(listenerInfo);
     }
 
 
 
     public enum ListenerType {
         HTTP,
         HTTPS,
         AJP
     }
 
     private static class ListenerConfig {
         final ListenerType type;
         final int port;
         final String host;
@@ -333,6 +333,7 @@ private ListenerConfig(final ListenerBuilder listenerBuilder) {
     }
 
     public static final class ListenerBuilder {
         ListenerType type;
         int port;
         String host;
@@ -485,6 +486,7 @@ public Builder addAjpListener(int port, String host, HttpHandler rootHandler) {
             listeners.add(new ListenerConfig(ListenerType.AJP, port, host, null, null, rootHandler));
             return this;
         }
         public Builder setBufferSize(final int bufferSize) {
             this.bufferSize = bufferSize;
             return this;
@@ -536,7 +538,7 @@ public <T> Builder setWorkerOption(final Option<T> option, final T value) {
          * when {@link Undertow#start()} is called.
          * Additionally, this newly created worker will be shutdown when {@link Undertow#stop()} is called.
          * <br/>
          *
          * When non-null, the provided {@link XnioWorker} will be reused instead of creating a new {@link XnioWorker}
          * when {@link Undertow#start()} is called.
          * Additionally, the provided {@link XnioWorker} will NOT be shutdown when {@link Undertow#stop()} is called.
",223,,,
520,"@@ -552,7 +552,7 @@ public interface UndertowMessages {
     @Message(id = 178, value = ""Buffer pool is too small, min size is %s"")
     IllegalArgumentException bufferPoolTooSmall(int minSize);
 
     @Message(id = 179, value = ""Invalid proxy header"")
     IOException invalidProxyHeader();
 
     @Message(id = 180, value = ""PROXY protocol header exceeded max size of 107 bytes"")
",9,,,
521,"@@ -35,7 +35,7 @@ class ProxyProtocolReadListener implements ChannelListener<StreamSourceChannel>
     private static final int MAX_HEADER_LENGTH = 107;
 
     private static final byte[] NAME = ""PROXY "".getBytes(StandardCharsets.US_ASCII);
     private static final String UNKOWN = ""UNKOWN"";
     private static final String TCP = ""TCP"";
     private static final String TCP_6 = ""TCP6"";
 
@@ -53,7 +53,7 @@ class ProxyProtocolReadListener implements ChannelListener<StreamSourceChannel>
     private int destPort = -1;
     private StringBuilder stringBuilder = new StringBuilder();
     private boolean carriageReturnSeen = false;
     private boolean parsingUnkown = false;
 
 
     ProxyProtocolReadListener(StreamConnection streamConnection, OpenListener openListener, UndertowXnioSsl ssl, ByteBufferPool bufferPool, OptionMap sslOptionMap) {
@@ -89,8 +89,8 @@ public void handleEvent(StreamSourceChannel streamSourceChannel) {
                                 throw UndertowMessages.MESSAGES.invalidProxyHeader();
                             }
                         } else {
                             if (parsingUnkown) {
                                 //we are parsing the UNKOWN protocol
                                 //we just ignore everything till \r\n
                                 if (c == '\r') {
                                     carriageReturnSeen = true;
@@ -124,41 +124,49 @@ public void handleEvent(StreamSourceChannel streamSourceChannel) {
                                 } else {
                                     throw UndertowMessages.MESSAGES.invalidProxyHeader();
                                 }
                             } else if (c == ' ') {
                                 //we have a space
                                 if (sourcePort != -1 || stringBuilder.length() == 0) {
                                     //header was invalid, either we are expecting a \r or a \n, or the previous character was a space
                                     throw UndertowMessages.MESSAGES.invalidProxyHeader();
                                 } else if (protocol == null) {
                                     protocol = stringBuilder.toString();
                                     stringBuilder.setLength(0);
                                     if (protocol.equals(UNKOWN)) {
                                         parsingUnkown = true;
                                     } else if (!protocol.equals(TCP) && !protocol.equals(TCP_6)) {
                                         throw UndertowMessages.MESSAGES.invalidProxyHeader();
                                     }
                                 } else if (sourceAddress == null) {
                                     sourceAddress = parseAddress(stringBuilder.toString(), protocol);
                                     stringBuilder.setLength(0);
                                 } else if (destAddress == null) {
                                     destAddress = parseAddress(stringBuilder.toString(), protocol);
                                     stringBuilder.setLength(0);
                                 } else {
                                     sourcePort = Integer.parseInt(stringBuilder.toString());
                                     stringBuilder.setLength(0);
                                 }
                             } else if (c == '\r') {
                                 if (destPort == -1 && sourcePort != -1 && !carriageReturnSeen && stringBuilder.length() > 0) {
                                     destPort = Integer.parseInt(stringBuilder.toString());
                                     stringBuilder.setLength(0);
                                     carriageReturnSeen = true;
                                 } else {
                                     throw UndertowMessages.MESSAGES.invalidProxyHeader();
                                 }
                             } else if (c == '\n') {
                                 throw UndertowMessages.MESSAGES.invalidProxyHeader();
                             } else {
                                 stringBuilder.append(c);
                             }
 
                         }
",314,,,
522,"@@ -81,4 +81,48 @@ public void handleRequest(HttpServerExchange exchange) throws Exception {
             undertow.stop();
         }
     }
 }
",254,,,
523,"@@ -59,7 +59,7 @@
  * Once the write listener has been set operations must only be invoked on this stream from the write
  * listener callback. Attempting to invoke from a different thread will result in an IllegalStateException.
  * <p>
  * Async listener tasks are queued in the {@link AsyncContextImpl}. At most one lister can be active at
  * one time, which simplifies the thread safety requirements.
  *
  * @author Stuart Douglas
",172,,,
524,"@@ -11,7 +11,7 @@ Website: http://undertow.io
 
 Issues: https://issues.jboss.org/browse/UNDERTOW
 
 Project Lead: Stuart Douglas <sdouglas@redhat.com>
 
 Mailing List: undertow-dev@lists.jboss.org
 http://lists.jboss.org/mailman/listinfo/undertow-dev
",109,,,
525,"@@ -179,6 +179,10 @@ private void forwardImpl(ServletRequest request, ServletResponse response, Servl
         request.removeAttribute(INCLUDE_PATH_INFO);
         request.removeAttribute(INCLUDE_QUERY_STRING);
 
         if (!named) {
 
             //only update if this is the first forward
@@ -249,6 +253,10 @@ private void forwardImpl(ServletRequest request, ServletResponse response, Servl
         } finally {
             servletRequestContext.setServletRequest(oldRequest);
             servletRequestContext.setServletResponse(oldResponse);
         }
     }
 
",148,,,
526,"@@ -321,6 +321,9 @@ private HttpHandler setupSecurityHandlers(HttpHandler initialHandler) {
         }
         List<AuthenticationMechanism> authenticationMechanisms = new LinkedList<>();
 
         String mechName = null;
         if (loginConfig != null || deploymentInfo.getJaspiAuthenticationMechanism() != null) {
 
@@ -361,9 +364,6 @@ private HttpHandler setupSecurityHandlers(HttpHandler initialHandler) {
                 authenticationMechanisms.add(factory.create(name, parser, properties));
             }
         }
         if(deploymentInfo.isUseCachedAuthenticationMechanism()) {
             authenticationMechanisms.add(new CachedAuthenticatedSessionMechanism(identityManager));
         }
         deployment.setAuthenticationMechanisms(authenticationMechanisms);
         //if the JASPI auth mechanism is set then it takes over
         if(deploymentInfo.getJaspiAuthenticationMechanism() == null) {
",69,,,
527,"@@ -149,10 +149,10 @@ public interface UndertowMessages {
     @Message(id = 38, value = ""Authentication failed, requested user name '%s'"")
     String authenticationFailed(final String userName);
 
     @Message(id = 39, value = ""To many query parameters, cannot have more than %s query parameters"")
     BadRequestException tooManyQueryParameters(int noParams);
 
     @Message(id = 40, value = ""To many headers, cannot have more than %s header"")
     String tooManyHeaders(int noParams);
 
     @Message(id = 41, value = ""Channel is closed"")
",9,,,
528,"@@ -199,7 +199,7 @@ protected List<WebSocketExtension> selectedExtension(List<WebSocketExtension> ex
         for (WebSocketExtension ext : extensionList) {
             for (ExtensionHandshake extHandshake : availableExtensions) {
                 WebSocketExtension negotiated = extHandshake.accept(ext);
                 if (ext != null && !extHandshake.isIncompatible(configured)) {
                     selected.add(negotiated);
                     configured.add(extHandshake);
                 }
",27,,,
529,"@@ -528,4 +528,14 @@ public interface UndertowMessages {
 
     @Message(id = 166, value = ""Pooled object is closed"")
     IllegalStateException objectIsClosed();
 }
",9,,,
530,"@@ -45,6 +45,7 @@
 import io.undertow.util.Methods;
 import io.undertow.util.NetworkUtils;
 import io.undertow.util.Protocols;
 import io.undertow.util.StatusCodes;
 import org.jboss.logging.Logger;
 import org.xnio.Buffers;
@@ -1118,6 +1119,17 @@ public Map<String, Cookie> getRequestCookies() {
      * @param cookie The cookie
      */
     public HttpServerExchange setResponseCookie(final Cookie cookie) {
         if (responseCookies == null) {
             responseCookies = new TreeMap<>(); //hashmap is slow to allocate in JDK7
         }
",77,,,
531,"@@ -0,0 +1,99 @@
",315,,,
532,"@@ -278,4 +278,62 @@ public void testSameSiteCookie() {
     public void testInvalidSameSiteCookie() {
         Cookie cookie = Cookies.parseSetCookieHeader(""CUSTOMER=WILE_E_COYOTE; path=/; SameSite=test"");
     }
 }
",199,,,
533,"@@ -181,6 +181,14 @@ public class UndertowOptions {
      */
     public static final Option<Boolean> ALLOW_EQUALS_IN_COOKIE_VALUE = Option.simple(UndertowOptions.class, ""ALLOW_EQUALS_IN_COOKIE_VALUE"", Boolean.class);
 
     /**
      * If we should attempt to use SPDY for HTTPS connections.
      *
",87,,,
534,"@@ -1119,17 +1119,17 @@ public Map<String, Cookie> getRequestCookies() {
      * @param cookie The cookie
      */
     public HttpServerExchange setResponseCookie(final Cookie cookie) {
 
         if (cookie.getValue() != null && !cookie.getValue().isEmpty()) {
             Rfc6265CookieSupport.validateCookieValue(cookie.getValue());
         }
         if (cookie.getPath() != null && !cookie.getPath().isEmpty()) {
             Rfc6265CookieSupport.validatePath(cookie.getPath());
         }
         if (cookie.getDomain() != null && !cookie.getDomain().isEmpty()) {
             Rfc6265CookieSupport.validateDomain(cookie.getDomain());
         }
 
         if (responseCookies == null) {
             responseCookies = new TreeMap<>(); //hashmap is slow to allocate in JDK7
         }
",77,,,
535,"@@ -538,4 +538,10 @@ public interface UndertowMessages {
     @Message(id = 172, value = ""An invalid path [%s] was specified for this cookie"")
     IllegalArgumentException invalidCookiePath(String value);
 
 }
",9,,,
536,"@@ -188,7 +188,6 @@ public class UndertowOptions {
      */
     public static final Option<Boolean> ENABLE_RFC6265_COOKIE_VALIDATION = Option.simple(UndertowOptions.class, ""ENABLE_RFC6265_COOKIE_VALIDATION"", Boolean.class);
 
 
     /**
      * If we should attempt to use SPDY for HTTPS connections.
      *
",87,,,
537,"@@ -27,6 +27,7 @@
 import io.undertow.util.HeaderValues;
 import io.undertow.util.Headers;
 import io.undertow.util.HttpString;
 import io.undertow.util.ParameterLimitException;
 import io.undertow.util.StatusCodes;
 import io.undertow.util.URLUtils;
@@ -92,9 +93,10 @@ public class Connectors {
      */
     public static void flattenCookies(final HttpServerExchange exchange) {
         Map<String, Cookie> cookies = exchange.getResponseCookiesInternal();
         if (cookies != null) {
             for (Map.Entry<String, Cookie> entry : cookies.entrySet()) {
                 exchange.getResponseHeaders().add(Headers.SET_COOKIE, getCookieString(entry.getValue()));
             }
         }
     }
@@ -145,32 +147,99 @@ public static void resetRequestChannel(final HttpServerExchange exchange) {
         exchange.resetRequestChannel();
     }
 
     private static String getCookieString(final Cookie cookie) {
         switch (cookie.getVersion()) {
             case 0:
                 return addVersion0ResponseCookieToExchange(cookie);
             case 1:
             default:
                 return addVersion1ResponseCookieToExchange(cookie);
         }
     }
 
     public static void setRequestStartTime(HttpServerExchange exchange) {
         exchange.setRequestStartTime(System.nanoTime());
     }
 
     private static String addVersion0ResponseCookieToExchange(final Cookie cookie) {
         final StringBuilder header = new StringBuilder(cookie.getName());
         header.append(""="");
         header.append(cookie.getValue());
 
         if (cookie.getPath() != null) {
             header.append(""; path="");
             header.append(cookie.getPath());
         }
         if (cookie.getDomain() != null) {
             header.append(""; domain="");
             header.append(cookie.getDomain());
         }
         if (cookie.isSecure()) {
             header.append(""; secure"");
@@ -214,15 +283,15 @@ private static String addVersion1ResponseCookieToExchange(final Cookie cookie) {
 
         final StringBuilder header = new StringBuilder(cookie.getName());
         header.append(""="");
         header.append(cookie.getValue());
         header.append(""; Version=1"");
         if (cookie.getPath() != null) {
             header.append(""; Path="");
             header.append(cookie.getPath());
         }
         if (cookie.getDomain() != null) {
             header.append(""; Domain="");
             header.append(cookie.getDomain());
         }
         if (cookie.isDiscard()) {
             header.append(""; Discard"");
@@ -238,14 +307,31 @@ private static String addVersion1ResponseCookieToExchange(final Cookie cookie) {
                 header.append(""; Max-Age="");
                 header.append(cookie.getMaxAge());
             }
         }
         if (cookie.getExpires() != null) {
             header.append(""; Expires="");
             header.append(DateUtils.toDateString(cookie.getExpires()));
         }
         if (cookie.getComment() != null && !cookie.getComment().isEmpty()) {
             header.append(""; Comment="");
             header.append(cookie.getComment());
         }
         if (cookie.isSameSite()) {
             if (cookie.getSameSiteMode() != null && !cookie.getSameSiteMode().isEmpty()) {
",218,,,
538,"@@ -0,0 +1,389 @@
",266,,,
539,"@@ -74,10 +74,8 @@ public void run() {
 
     private static final String OLD_COOKIE_PATTERN = ""EEE, dd-MMM-yyyy HH:mm:ss z"";
 
 
     private static final String COMMON_LOG_PATTERN = ""[dd/MMM/yyyy:HH:mm:ss Z]"";
 
 
     private static final ThreadLocal<SimpleDateFormat> COMMON_LOG_PATTERN_FORMAT = new ThreadLocal<SimpleDateFormat>() {
         @Override
         protected SimpleDateFormat initialValue() {
@@ -86,6 +84,15 @@ protected SimpleDateFormat initialValue() {
         }
     };
 
     /**
      * Converts a date to a format suitable for use in a HTTP request
      *
@@ -103,9 +110,7 @@ public static String toDateString(final Date date) {
 
 
     public static String toOldCookieDateString(final Date date) {
         SimpleDateFormat dateFormat = new SimpleDateFormat(OLD_COOKIE_PATTERN, LOCALE_US);
         dateFormat.setTimeZone(GMT_ZONE);
         return dateFormat.format(date);
     }
 
     public static String toCommonLogFormat(final Date date) {
",316,,,
540,"@@ -188,6 +188,8 @@ public class UndertowOptions {
      */
     public static final Option<Boolean> ENABLE_RFC6265_COOKIE_VALIDATION = Option.simple(UndertowOptions.class, ""ENABLE_RFC6265_COOKIE_VALIDATION"", Boolean.class);
 
     /**
      * If we should attempt to use SPDY for HTTPS connections.
      *
",87,,,
541,"@@ -93,7 +93,7 @@ public class Connectors {
      */
     public static void flattenCookies(final HttpServerExchange exchange) {
         Map<String, Cookie> cookies = exchange.getResponseCookiesInternal();
         boolean enableRfc6265Validation = exchange.getConnection().getUndertowOptions().get(UndertowOptions.ENABLE_RFC6265_COOKIE_VALIDATION, false);
         if (cookies != null) {
             for (Map.Entry<String, Cookie> entry : cookies.entrySet()) {
                 exchange.getResponseHeaders().add(Headers.SET_COOKIE, getCookieString(entry.getValue(), enableRfc6265Validation));
",218,,,
542,"@@ -1119,7 +1119,7 @@ public Map<String, Cookie> getRequestCookies() {
      * @param cookie The cookie
      */
     public HttpServerExchange setResponseCookie(final Cookie cookie) {
         if(getConnection().getUndertowOptions().get(UndertowOptions.ENABLE_RFC6265_COOKIE_VALIDATION, false)) {
             if (cookie.getValue() != null && !cookie.getValue().isEmpty()) {
                 Rfc6265CookieSupport.validateCookieValue(cookie.getValue());
             }
",77,,,
543,"@@ -603,7 +603,7 @@ private String extractCharset(HeaderMap headers) {
      */
     public String getHostName() {
         String host = requestHeaders.getFirst(Headers.HOST);
         if (host == null) {
             host = getDestinationAddress().getHostString();
         } else {
             if (host.startsWith(""["")) {
",77,,,
544,"@@ -85,7 +85,7 @@ public void handleEvent(SpdyChannel channel) {
     }
 
     @Override
     public synchronized void sendRequest(ClientRequest request, ClientCallback<ClientExchange> clientCallback) {
         request.getRequestHeaders().put(PATH, request.getPath());
         request.getRequestHeaders().put(SCHEME, ""https"");
         request.getRequestHeaders().put(VERSION, request.getProtocol().toString());
",317,,,
545,"@@ -119,7 +119,7 @@ public class SpdyChannel extends AbstractFramedChannel<SpdyChannel, SpdyStreamSo
     private final Map<AttachmentKey<?>, Object> attachments = Collections.synchronizedMap(new HashMap<AttachmentKey<?>, Object>());
 
     public SpdyChannel(StreamConnection connectedStreamChannel, ByteBufferPool bufferPool, PooledByteBuffer data, ByteBufferPool heapBufferPool, boolean clientSide, OptionMap options) {
         super(connectedStreamChannel, bufferPool, SpdyFramePriority.INSTANCE, data, options);
         this.heapBufferPool = heapBufferPool;
         this.deflater.setDictionary(SpdyProtocolUtils.SPDY_DICT);
         streamIdCounter = clientSide ? 1 : 2;
",39,,,
546,"@@ -32,26 +32,48 @@
  */
 class SpdyFramePriority implements FramePriority<SpdyChannel, SpdyStreamSourceChannel,SpdyStreamSinkChannel>{
 
     public static SpdyFramePriority INSTANCE = new SpdyFramePriority();
 
     @Override
     public boolean insertFrame(SpdyStreamSinkChannel newFrame, List<SpdyStreamSinkChannel> pendingFrames) {
         //first deal with flow control
         if(newFrame instanceof SpdyStreamStreamSinkChannel) {
             if(newFrame.isBroken() || !newFrame.isOpen()) {
                 //drop the frame
                 return true;
             }
             SendFrameHeader header = ((SpdyStreamStreamSinkChannel) newFrame).generateSendFrameHeader();
             //if no header is generated then flow control means we can't send anything
             if(header.getByteBuffer() == null) {
                 //we clear the header, as we want to generate a new real header when the flow control window is updated
                 ((SpdyStreamStreamSinkChannel) newFrame).clearHeader();
                 return false;
             }
         }
 
         pendingFrames.add(newFrame);
         return true;
     }
 
@@ -60,13 +82,30 @@ public void frameAdded(SpdyStreamSinkChannel addedFrame, List<SpdyStreamSinkChan
         Iterator<SpdyStreamSinkChannel> it = holdFrames.iterator();
         while (it.hasNext()){
             SpdyStreamSinkChannel pending = it.next();
             if(pending instanceof SpdyStreamStreamSinkChannel) {
                 SendFrameHeader header = ((SpdyStreamStreamSinkChannel) pending).generateSendFrameHeader();
                 if(header.getByteBuffer() != null) {
                     pendingFrames.add(pending);
                     it.remove();
                 } else {
                     //we clear the header, as we want to generate a new real header when the flow control window is updated
                     ((SpdyStreamStreamSinkChannel) pending).clearHeader();
                 }
             }
",26,,,
547,"@@ -20,20 +20,42 @@
 
 import io.undertow.Undertow;
 import io.undertow.UndertowOptions;
 import io.undertow.protocols.ssl.UndertowXnioSsl;
 import io.undertow.server.HttpHandler;
 import io.undertow.server.HttpServerExchange;
 import io.undertow.server.handlers.ResponseCodeHandler;
 import io.undertow.server.session.SessionCookieConfig;
 import io.undertow.testutils.DefaultServer;
 import org.junit.Before;
 import org.junit.BeforeClass;
 import org.junit.runner.RunWith;
 import org.xnio.OptionMap;
 import org.xnio.Options;
 
 import java.net.URI;
 import java.net.URISyntaxException;
 
 /**
  * Tests the load balancing proxy
@@ -90,4 +112,75 @@ public void handleRequest(HttpServerExchange exchange) throws Exception {
     public void requireAlpn() {
         DefaultServer.assumeAlpnEnabled();
     }
 }
",318,,,
548,"@@ -789,6 +789,23 @@
                 </dependency>
             </dependencies>
         </profile>
         <profile>
             <id>jdk7</id>
             <activation>
",89,,,
549,"@@ -413,17 +413,17 @@ protected ExchangeAttribute getXParameterElement(PatternTokenizer tokenizer)
             return null;
         }
         if (""A"".equals(token)) {
             parser.parse(""%{sc,"" + parameter + ""}"");
         } else if (""C"".equals(token)) {
             return new QuotingExchangeAttribute(new CookieAttribute(parameter));
         } else if (""R"".equals(token)) {
             parser.parse(""%{r,"" + parameter + ""}"");
         } else if (""S"".equals(token)) {
             parser.parse(""%{s,"" + parameter + ""}"");
         } else if (""H"".equals(token)) {
             return getServletRequestElement(parameter);
         } else if (""P"".equals(token)) {
             parser.parse(""%{rp,"" + parameter + ""}"");
         } else if (""O"".equals(token)) {
             return new QuotingExchangeAttribute(new ExchangeAttribute() {
                 @Override
",319,,,
550,"@@ -702,8 +702,11 @@ private void parseExpression(Node parent) throws JasperException {
                             new Node.TemplateText(cleanTextToken(token),
                                     start, parent);
                         } else {
                             new Node.Expression(parseScriptText(cleanExprToken(token)),
                                     start, parent);
                         }
                     }
                 } else {
@@ -733,7 +736,7 @@ private String cleanTextToken(String token) {
     }
 
     private String cleanExprToken(String token) {
         return token.trim().replaceAll(""^\\+|\\+$"","""").trim();
     }
 
     /*
",320,,,
551,"@@ -100,7 +100,8 @@
         <version.org.mortbay.jetty.alpn.jdk8.71>8.1.7.v20160121</version.org.mortbay.jetty.alpn.jdk8.71>
         <version.org.mortbay.jetty.alpn.jdk8.92>8.1.8.v20160420</version.org.mortbay.jetty.alpn.jdk8.92>
         <version.org.mortbay.jetty.alpn.jdk8.101>8.1.9.v20160720</version.org.mortbay.jetty.alpn.jdk8.101>
         <version.org.mortbay.jetty.alpn.jdk8.121>8.1.10.v20161026</version.org.mortbay.jetty.alpn.jdk8.121>
         <version.org.mortbay.jetty.alpn>${version.org.mortbay.jetty.alpn.jdk7}</version.org.mortbay.jetty.alpn>
         <version.org.eclipse.jetty.alpn>1.0.0</version.org.eclipse.jetty.alpn>
         <alpn-boot-string></alpn-boot-string>
@@ -760,7 +761,7 @@
                 <jdk>1.8.0_112</jdk>
             </activation>
             <properties>
                 <version.org.mortbay.jetty.alpn>${version.org.mortbay.jetty.alpn.jdk8.101}</version.org.mortbay.jetty.alpn>
                 <alpn-boot-string>-Xbootclasspath/p:${org.mortbay.jetty.alpn:alpn-boot:jar}</alpn-boot-string>
             </properties>
             <dependencies>
",89,,,
552,"@@ -32,6 +32,7 @@
 
 import javax.net.ssl.SSLPeerUnverifiedException;
 import io.undertow.util.ParameterLimitException;
 
 /**
  * @author Stuart Douglas
@@ -147,7 +148,7 @@ public interface UndertowMessages {
     String authenticationFailed(final String userName);
 
     @Message(id = 39, value = ""To many query parameters, cannot have more than %s query parameters"")
     RuntimeException tooManyQueryParameters(int noParams);
 
     @Message(id = 40, value = ""To many headers, cannot have more than %s header"")
     String tooManyHeaders(int noParams);
@@ -271,7 +272,7 @@ public interface UndertowMessages {
     IllegalArgumentException notAValidRegularExpressionPattern(String pattern);
 
     @Message(id = 81, value = ""Bad request"")
     RuntimeException badRequest();
 
     @Message(id = 82, value = ""Host %s already registered"")
     RuntimeException hostAlreadyRegistered(Object host);
",9,,,
553,"@@ -58,6 +58,7 @@
 import io.undertow.util.Headers;
 import io.undertow.util.HttpString;
 import io.undertow.util.ParameterLimitException;
 import io.undertow.util.URLUtils;
 
 /**
@@ -575,9 +576,4 @@ enum StringType {
         OTHER
     }
 
     public static class BadRequestException extends Exception {
         public BadRequestException(String msg) {
             super(msg);
         }
     }
 }
",71,,,
554,"@@ -35,6 +35,7 @@
 import io.undertow.util.Methods;
 import io.undertow.util.Protocols;
 import io.undertow.util.URLUtils;
 import org.xnio.OptionMap;
 
 import static io.undertow.util.Headers.ACCEPT_CHARSET_STRING;
@@ -337,7 +338,7 @@ private void handleStateful(ByteBuffer buffer, ParseState currentState, HttpServ
      * @return The number of bytes remaining
      */
     @SuppressWarnings(""unused"")
     final void handlePath(ByteBuffer buffer, ParseState state, HttpServerExchange exchange) {
         StringBuilder stringBuilder = state.stringBuilder;
         int parseState = state.parseState;
         int canonicalPathStart = state.pos;
@@ -428,7 +429,7 @@ private void beginPathParameters(ParseState state, HttpServerExchange exchange,
         state.urlDecodeRequired = false;
     }
 
     private void beginQueryParameters(ByteBuffer buffer, ParseState state, HttpServerExchange exchange, StringBuilder stringBuilder, int parseState, int canonicalPathStart, boolean urlDecodeRequired) {
         final String path = stringBuilder.toString();
         if (parseState == SECOND_SLASH) {
             exchange.setRequestPath(""/"");
@@ -467,7 +468,7 @@ private void handleFullUrl(ParseState state, HttpServerExchange exchange, int ca
      * @return The number of bytes remaining
      */
     @SuppressWarnings(""unused"")
     final void handleQueryParameters(ByteBuffer buffer, ParseState state, HttpServerExchange exchange) {
         StringBuilder stringBuilder = state.stringBuilder;
         int queryParamPos = state.pos;
         int mapCount = state.mapCount;
@@ -547,7 +548,7 @@ private String decode(final String value, boolean urlDecodeRequired, ParseState
     }
 
 
     final void handlePathParameters(ByteBuffer buffer, ParseState state, HttpServerExchange exchange) {
         StringBuilder stringBuilder = state.stringBuilder;
         int queryParamPos = state.pos;
         int mapCount = state.mapCount;
@@ -795,7 +796,7 @@ protected boolean handleCachedHeader(String existing, ByteBuffer buffer, ParseSt
         return true;
     }
 
     protected void handleAfterVersion(ByteBuffer buffer, ParseState state) {
         boolean newLine = state.leftOver == '\n';
         while (buffer.hasRemaining()) {
             final byte next = buffer.get();
@@ -854,10 +855,4 @@ protected static Map<String, HttpString> httpStrings() {
 
     }
 
     public static class BadRequestException extends Exception {
         public BadRequestException(String msg) {
             super(msg);
         }
     }
 
 }
",56,,,
555,"@@ -0,0 +1,40 @@
",48,,,
556,"@@ -30,6 +30,7 @@
 import io.undertow.util.Headers;
 import io.undertow.util.Methods;
 import io.undertow.util.Protocols;
 
 /**
  * @author Stuart Douglas
@@ -59,7 +60,7 @@ public class AjpParsingUnitTestCase {
 
 
     @Test
     public void testAjpParsing() throws IOException, AjpRequestParser.BadRequestException {
         final ByteBuffer buffer = AjpParsingUnitTestCase.buffer.duplicate();
         HttpServerExchange result = new HttpServerExchange(null);
         final AjpRequestParseState state = new AjpRequestParseState();
@@ -72,7 +73,7 @@ public void testAjpParsing() throws IOException, AjpRequestParser.BadRequestExce
     }
 
     @Test
     public void testByteByByteAjpParsing() throws IOException, AjpRequestParser.BadRequestException {
         final ByteBuffer buffer = AjpParsingUnitTestCase.buffer.duplicate();
 
         HttpServerExchange result = new HttpServerExchange(null);
",15,,,
557,"@@ -25,6 +25,7 @@
 import io.undertow.util.HttpString;
 import io.undertow.util.Methods;
 import io.undertow.util.Protocols;
 import org.junit.Assert;
 import org.junit.Test;
 import org.xnio.OptionMap;
@@ -53,7 +54,7 @@ public void testMethodSplit() {
     }
 
     @Test
     public void testOneCharacterAtATime() throws HttpRequestParser.BadRequestException {
         context.reset();
         byte[] in = DATA.getBytes();
         HttpServerExchange result = new HttpServerExchange(null);
@@ -70,7 +71,7 @@ public void testOneCharacterAtATime() throws HttpRequestParser.BadRequestExcepti
         runAssertions(result);
     }
 
     private void testResume(final int split, byte[] in) throws HttpRequestParser.BadRequestException {
         context.reset();
         HttpServerExchange result = new HttpServerExchange(null);
         ByteBuffer buffer = ByteBuffer.wrap(in);
",59,,,
558,"@@ -27,6 +27,7 @@
 import io.undertow.util.HttpString;
 import io.undertow.util.Methods;
 import io.undertow.util.Protocols;
 import org.junit.Assert;
 import org.junit.Test;
 import org.xnio.OptionMap;
@@ -46,7 +47,7 @@ public class SimpleParserTestCase {
     private final ParseState parseState = new ParseState();
 
     @Test
     public void testEncodedSlashDisallowed() throws HttpRequestParser.BadRequestException {
         byte[] in = ""GET /somepath%2FotherPath HTTP/1.1\r\n\r\n"".getBytes();
 
         final ParseState context = new ParseState();
@@ -58,7 +59,7 @@ public void testEncodedSlashDisallowed() throws HttpRequestParser.BadRequestExce
     }
 
     @Test
     public void testEncodedSlashAllowed() throws HttpRequestParser.BadRequestException {
         byte[] in = ""GET /somepath%2fotherPath HTTP/1.1\r\n\r\n"".getBytes();
 
         final ParseState context = new ParseState();
@@ -70,7 +71,7 @@ public void testEncodedSlashAllowed() throws HttpRequestParser.BadRequestExcepti
     }
 
     @Test
     public void testColonSlashInURL() throws HttpRequestParser.BadRequestException {
         byte[] in = ""GET /a/http://myurl.com/b/c HTTP/1.1\r\n\r\n"".getBytes();
 
         final ParseState context = new ParseState();
@@ -82,7 +83,7 @@ public void testColonSlashInURL() throws HttpRequestParser.BadRequestException {
     }
 
     @Test
     public void testColonSlashInFullURL() throws HttpRequestParser.BadRequestException {
         byte[] in = ""GET http://foo.com/a/http://myurl.com/b/c HTTP/1.1\r\n\r\n"".getBytes();
 
         final ParseState context = new ParseState();
@@ -95,7 +96,7 @@ public void testColonSlashInFullURL() throws HttpRequestParser.BadRequestExcepti
 
 
     @Test
     public void testPathParameters() throws HttpRequestParser.BadRequestException {
         byte[] in = ""GET /somepath;p1 HTTP/1.1\r\n\r\n"".getBytes();
         ParseState context = new ParseState();
         HttpServerExchange result = new HttpServerExchange(null);
@@ -119,7 +120,7 @@ public void testPathParameters() throws HttpRequestParser.BadRequestException {
     }
 
     @Test
     public void testFullUrlRootPath() throws HttpRequestParser.BadRequestException {
         byte[] in = ""GET http://myurl.com HTTP/1.1\r\n\r\n"".getBytes();
 
         final ParseState context = new ParseState();
@@ -130,15 +131,15 @@ public void testFullUrlRootPath() throws HttpRequestParser.BadRequestException {
         Assert.assertEquals(""http://myurl.com"", result.getRequestURI());
     }
     @Test
     public void testSimpleRequest() throws HttpRequestParser.BadRequestException {
         byte[] in = ""GET /somepath HTTP/1.1\r\nHost:   www.somehost.net\r\nOtherHeader: some\r\n    value\r\n\r\n"".getBytes();
         runTest(in);
     }
 
 
 
     @Test
     public void testSimpleRequestWithHeaderCaching() throws HttpRequestParser.BadRequestException {
         byte[] in = ""GET /somepath HTTP/1.1\r\nHost:   www.somehost.net\r\nOtherHeader: foo\r\n\r\n"".getBytes();
         runTest(in, ""foo"");
         in = ""GET /somepath HTTP/1.1\r\nHost:   www.somehost.net\r\nOtherHeader:       foo\r\n\r\n"".getBytes();
@@ -151,26 +152,26 @@ public void testSimpleRequestWithHeaderCaching() throws HttpRequestParser.BadReq
 
 
     @Test
     public void testCarriageReturnLineEnds() throws HttpRequestParser.BadRequestException {
 
         byte[] in = ""GET /somepath HTTP/1.1\rHost:   www.somehost.net\rOtherHeader: some\r    value\r\r\n"".getBytes();
         runTest(in);
     }
 
     @Test
     public void testLineFeedsLineEnds() throws HttpRequestParser.BadRequestException {
         byte[] in = ""GET /somepath HTTP/1.1\nHost:   www.somehost.net\nOtherHeader: some\n    value\n\n"".getBytes();
         runTest(in);
     }
 
     @Test
     public void testTabWhitespace() throws HttpRequestParser.BadRequestException {
         byte[] in = ""GET\t/somepath\tHTTP/1.1\nHost: \t www.somehost.net\nOtherHeader:\tsome\n \t  value\n\r\n"".getBytes();
         runTest(in);
     }
 
     @Test
     public void testCanonicalPath() throws HttpRequestParser.BadRequestException {
         byte[] in = ""GET\thttp://www.somehost.net/somepath\tHTTP/1.1\nHost: \t www.somehost.net\nOtherHeader:\tsome\n \t  value\n\r\n"".getBytes();
 
         final ParseState context = new ParseState();
@@ -181,7 +182,7 @@ public void testCanonicalPath() throws HttpRequestParser.BadRequestException {
     }
 
     @Test
     public void testNoHeaders() throws HttpRequestParser.BadRequestException {
         byte[] in = ""GET\t/aa\tHTTP/1.1\n\n\n"".getBytes();
 
         final ParseState context = new ParseState();
@@ -192,7 +193,7 @@ public void testNoHeaders() throws HttpRequestParser.BadRequestException {
     }
 
     @Test
     public void testQueryParams() throws HttpRequestParser.BadRequestException {
         byte[] in = ""GET\thttp://www.somehost.net/somepath?a=b&b=c&d&e&f=\tHTTP/1.1\nHost: \t www.somehost.net\nOtherHeader:\tsome\n \t  value\n\r\n"".getBytes();
 
         final ParseState context = new ParseState();
@@ -210,7 +211,7 @@ public void testQueryParams() throws HttpRequestParser.BadRequestException {
     }
 
     @Test
     public void testSameHttpStringReturned() throws HttpRequestParser.BadRequestException {
         byte[] in = ""GET\thttp://www.somehost.net/somepath\tHTTP/1.1\nHost: \t www.somehost.net\nAccept-Charset:\tsome\n \t  value\n\r\n"".getBytes();
 
         final ParseState context1 = new ParseState();
@@ -241,7 +242,7 @@ public void testSameHttpStringReturned() throws HttpRequestParser.BadRequestExce
 
 
     @Test
     public void testEmptyQueryParams() throws HttpRequestParser.BadRequestException {
         byte[] in = ""GET /clusterbench/requestinfo//?;?=44&test=OK;devil=3&&&&&&&&&&&&&&&&&&&&&&&&&&&&777=666 HTTP/1.1\r\n\r\n"".getBytes();
 
         final ParseState context = new ParseState();
@@ -256,7 +257,7 @@ public void testEmptyQueryParams() throws HttpRequestParser.BadRequestException
         Assert.assertEquals(""44"", result.getQueryParameters().get("";?"").getFirst());
     }
     @Test
     public void testNonEncodedAsciiCharacters() throws UnsupportedEncodingException, HttpRequestParser.BadRequestException {
         byte[] in = ""GET /bÃ¥r HTTP/1.1\r\n\r\n"".getBytes(""ISO-8859-1"");
 
         final ParseState context = new ParseState();
@@ -267,10 +268,10 @@ public void testNonEncodedAsciiCharacters() throws UnsupportedEncodingException,
         Assert.assertEquals(""/bÃ¥r"", result.getRequestURI()); //not decoded
     }
 
     private void runTest(final byte[] in) throws HttpRequestParser.BadRequestException {
         runTest(in, ""some value"");
     }
     private void runTest(final byte[] in, String lastHeader) throws HttpRequestParser.BadRequestException {
         parseState.reset();
         HttpServerExchange result = new HttpServerExchange(null);
         HttpRequestParser.instance(OptionMap.EMPTY).handle(ByteBuffer.wrap(in), parseState, result);
",62,,,
559,"@@ -114,7 +114,7 @@ public interface UndertowLogger extends BasicLogger {
     void ioException(@Cause IOException e);
 
     @LogMessage(level = DEBUG)
     @Message(id = 5014, value = ""Failed to parse HTTP request"")
     void failedToParseRequest(@Cause Exception e);
 
     @LogMessage(level = ERROR)
",14,,,
560,"@@ -52,6 +52,7 @@
 import java.nio.ByteBuffer;
 import java.util.TreeMap;
 
 import io.undertow.UndertowMessages;
 import io.undertow.security.impl.ExternalAuthenticationMechanism;
 import io.undertow.server.HttpServerExchange;
@@ -259,6 +260,7 @@ public void parse(final ByteBuffer buf, final AjpRequestParseState state, final
                         try {
                             URLUtils.parsePathParms(result.value.substring(colon + 1), exchange, encoding, doDecode && result.containsUrlCharacters, maxParameters);
                         } catch (ParameterLimitException e) {
                             state.badRequest = true;
                         }
                     }
@@ -324,6 +326,7 @@ public void parse(final ByteBuffer buf, final AjpRequestParseState state, final
                 } else {
                     state.numHeaders = result.value;
                     if(state.numHeaders > maxHeaders) {
                         state.badRequest = true;
                     }
                 }
@@ -412,6 +415,7 @@ public void parse(final ByteBuffer buf, final AjpRequestParseState state, final
                         try {
                             URLUtils.parseQueryString(resultAsQueryString, exchange, encoding, doDecode, maxParameters);
                         } catch (ParameterLimitException e) {
                             state.badRequest = true;
                         }
                     } else if (state.currentAttribute.equals(REMOTE_USER)) {
",71,,,
561,"@@ -35,6 +35,7 @@
 import org.xnio.ChannelListener;
 import io.undertow.connector.PooledByteBuffer;
 import io.undertow.util.StatusCodes;
 import org.xnio.StreamConnection;
 import org.xnio.channels.StreamSinkChannel;
 import org.xnio.channels.StreamSourceChannel;
@@ -241,6 +242,7 @@ public void handleEvent(AjpServerResponseConduit channel) {
                 if(oldState.badRequest) {
                     httpServerExchange.setStatusCode(StatusCodes.BAD_REQUEST);
                     httpServerExchange.endExchange();
                 } else {
                     Connectors.executeRootHandler(connection.getRootHandler(), httpServerExchange);
                 }
@@ -250,6 +252,11 @@ public void handleEvent(AjpServerResponseConduit channel) {
                 UndertowLogger.REQUEST_LOGGER.exceptionProcessingRequest(t);
                 safeClose(connection);
             }
         } catch (Exception e) {
             UndertowLogger.REQUEST_LOGGER.exceptionProcessingRequest(e);
             safeClose(connection);
@@ -309,7 +316,7 @@ public void exchangeComplete(final HttpServerExchange exchange) {
         }
     }
 
     private StreamSourceConduit createSourceConduit(StreamSourceConduit underlyingConduit, AjpServerResponseConduit responseConduit, final HttpServerExchange exchange) {
 
         ReadDataStreamSourceConduit conduit = new ReadDataStreamSourceConduit(underlyingConduit, (AbstractServerConnection) exchange.getConnection());
 
@@ -325,14 +332,18 @@ private StreamSourceConduit createSourceConduit(StreamSourceConduit underlyingCo
         if (hasTransferEncoding && !transferEncoding.equals(Headers.IDENTITY)) {
             length = null; //unknown length
         } else if (requestContentLength != null) {
             final long contentLength = Long.parseLong(requestContentLength);
             if (contentLength == 0L) {
                 UndertowLogger.REQUEST_LOGGER.trace(""No content, starting next request"");
                 // no content - immediately start the next request, returning an empty stream for this one
                 Connectors.terminateRequest(httpServerExchange);
                 return new EmptyStreamSourceConduit(conduit.getReadThread());
             } else {
                 length = contentLength;
             }
         } else {
             UndertowLogger.REQUEST_LOGGER.trace(""No content length or transfer coding, starting next request"");
",43,,,
562,"@@ -193,7 +193,7 @@ public void parse(final ByteBuffer buf, final AjpRequestParseState state, final
                     return;
                 } else {
                     if (result.value != 0x1234) {
                         throw UndertowMessages.MESSAGES.wrongMagicNumber(result.value);
                     }
                 }
             }
@@ -228,7 +228,7 @@ public void parse(final ByteBuffer buf, final AjpRequestParseState state, final
                     if (method > 0 && method < 28) {
                         exchange.setRequestMethod(HTTP_METHODS[method]);
                     } else if((method & 0xFF) != 0xFF) {
                         throw new IllegalArgumentException(""Unknown method type "" + method);
                     }
                 }
             }
",71,,,
563,"@@ -32,6 +32,7 @@
 
 import javax.net.ssl.SSLPeerUnverifiedException;
 import io.undertow.util.ParameterLimitException;
 
 /**
  * @author Stuart Douglas
@@ -147,7 +148,7 @@ public interface UndertowMessages {
     String authenticationFailed(final String userName);
 
     @Message(id = 39, value = ""To many query parameters, cannot have more than %s query parameters"")
     RuntimeException tooManyQueryParameters(int noParams);
 
     @Message(id = 40, value = ""To many headers, cannot have more than %s header"")
     String tooManyHeaders(int noParams);
@@ -271,7 +272,7 @@ public interface UndertowMessages {
     IllegalArgumentException notAValidRegularExpressionPattern(String pattern);
 
     @Message(id = 81, value = ""Bad request"")
     RuntimeException badRequest();
 
     @Message(id = 82, value = ""Host %s already registered"")
     RuntimeException hostAlreadyRegistered(Object host);
",9,,,
564,"@@ -58,6 +58,7 @@
 import io.undertow.util.Headers;
 import io.undertow.util.HttpString;
 import io.undertow.util.ParameterLimitException;
 import io.undertow.util.URLUtils;
 
 /**
@@ -575,9 +576,4 @@ enum StringType {
         OTHER
     }
 
     public static class BadRequestException extends Exception {
         public BadRequestException(String msg) {
             super(msg);
         }
     }
 }
",71,,,
565,"@@ -35,6 +35,7 @@
 import io.undertow.util.Methods;
 import io.undertow.util.Protocols;
 import io.undertow.util.URLUtils;
 import org.xnio.OptionMap;
 
 import static io.undertow.util.Headers.ACCEPT_CHARSET_STRING;
@@ -337,7 +338,7 @@ private void handleStateful(ByteBuffer buffer, ParseState currentState, HttpServ
      * @return The number of bytes remaining
      */
     @SuppressWarnings(""unused"")
     final void handlePath(ByteBuffer buffer, ParseState state, HttpServerExchange exchange) {
         StringBuilder stringBuilder = state.stringBuilder;
         int parseState = state.parseState;
         int canonicalPathStart = state.pos;
@@ -428,7 +429,7 @@ private void beginPathParameters(ParseState state, HttpServerExchange exchange,
         state.urlDecodeRequired = false;
     }
 
     private void beginQueryParameters(ByteBuffer buffer, ParseState state, HttpServerExchange exchange, StringBuilder stringBuilder, int parseState, int canonicalPathStart, boolean urlDecodeRequired) {
         final String path = stringBuilder.toString();
         if (parseState == SECOND_SLASH) {
             exchange.setRequestPath(""/"");
@@ -467,7 +468,7 @@ private void handleFullUrl(ParseState state, HttpServerExchange exchange, int ca
      * @return The number of bytes remaining
      */
     @SuppressWarnings(""unused"")
     final void handleQueryParameters(ByteBuffer buffer, ParseState state, HttpServerExchange exchange) {
         StringBuilder stringBuilder = state.stringBuilder;
         int queryParamPos = state.pos;
         int mapCount = state.mapCount;
@@ -547,7 +548,7 @@ private String decode(final String value, boolean urlDecodeRequired, ParseState
     }
 
 
     final void handlePathParameters(ByteBuffer buffer, ParseState state, HttpServerExchange exchange) {
         StringBuilder stringBuilder = state.stringBuilder;
         int queryParamPos = state.pos;
         int mapCount = state.mapCount;
@@ -795,7 +796,7 @@ protected boolean handleCachedHeader(String existing, ByteBuffer buffer, ParseSt
         return true;
     }
 
     protected void handleAfterVersion(ByteBuffer buffer, ParseState state) {
         boolean newLine = state.leftOver == '\n';
         while (buffer.hasRemaining()) {
             final byte next = buffer.get();
@@ -854,10 +855,4 @@ protected static Map<String, HttpString> httpStrings() {
 
     }
 
     public static class BadRequestException extends Exception {
         public BadRequestException(String msg) {
             super(msg);
         }
     }
 
 }
",56,,,
566,"@@ -0,0 +1,40 @@
",48,,,
567,"@@ -30,6 +30,7 @@
 import io.undertow.util.Headers;
 import io.undertow.util.Methods;
 import io.undertow.util.Protocols;
 
 /**
  * @author Stuart Douglas
@@ -59,7 +60,7 @@ public class AjpParsingUnitTestCase {
 
 
     @Test
     public void testAjpParsing() throws IOException, AjpRequestParser.BadRequestException {
         final ByteBuffer buffer = AjpParsingUnitTestCase.buffer.duplicate();
         HttpServerExchange result = new HttpServerExchange(null);
         final AjpRequestParseState state = new AjpRequestParseState();
@@ -72,7 +73,7 @@ public void testAjpParsing() throws IOException, AjpRequestParser.BadRequestExce
     }
 
     @Test
     public void testByteByByteAjpParsing() throws IOException, AjpRequestParser.BadRequestException {
         final ByteBuffer buffer = AjpParsingUnitTestCase.buffer.duplicate();
 
         HttpServerExchange result = new HttpServerExchange(null);
",15,,,
568,"@@ -25,6 +25,7 @@
 import io.undertow.util.HttpString;
 import io.undertow.util.Methods;
 import io.undertow.util.Protocols;
 import org.junit.Assert;
 import org.junit.Test;
 import org.xnio.OptionMap;
@@ -53,7 +54,7 @@ public void testMethodSplit() {
     }
 
     @Test
     public void testOneCharacterAtATime() throws HttpRequestParser.BadRequestException {
         context.reset();
         byte[] in = DATA.getBytes();
         HttpServerExchange result = new HttpServerExchange(null);
@@ -70,7 +71,7 @@ public void testOneCharacterAtATime() throws HttpRequestParser.BadRequestExcepti
         runAssertions(result);
     }
 
     private void testResume(final int split, byte[] in) throws HttpRequestParser.BadRequestException {
         context.reset();
         HttpServerExchange result = new HttpServerExchange(null);
         ByteBuffer buffer = ByteBuffer.wrap(in);
",59,,,
569,"@@ -27,6 +27,7 @@
 import io.undertow.util.HttpString;
 import io.undertow.util.Methods;
 import io.undertow.util.Protocols;
 import org.junit.Assert;
 import org.junit.Test;
 import org.xnio.OptionMap;
@@ -46,7 +47,7 @@ public class SimpleParserTestCase {
     private final ParseState parseState = new ParseState();
 
     @Test
     public void testEncodedSlashDisallowed() throws HttpRequestParser.BadRequestException {
         byte[] in = ""GET /somepath%2FotherPath HTTP/1.1\r\n\r\n"".getBytes();
 
         final ParseState context = new ParseState();
@@ -58,7 +59,7 @@ public void testEncodedSlashDisallowed() throws HttpRequestParser.BadRequestExce
     }
 
     @Test
     public void testEncodedSlashAllowed() throws HttpRequestParser.BadRequestException {
         byte[] in = ""GET /somepath%2fotherPath HTTP/1.1\r\n\r\n"".getBytes();
 
         final ParseState context = new ParseState();
@@ -70,7 +71,7 @@ public void testEncodedSlashAllowed() throws HttpRequestParser.BadRequestExcepti
     }
 
     @Test
     public void testColonSlashInURL() throws HttpRequestParser.BadRequestException {
         byte[] in = ""GET /a/http://myurl.com/b/c HTTP/1.1\r\n\r\n"".getBytes();
 
         final ParseState context = new ParseState();
@@ -82,7 +83,7 @@ public void testColonSlashInURL() throws HttpRequestParser.BadRequestException {
     }
 
     @Test
     public void testColonSlashInFullURL() throws HttpRequestParser.BadRequestException {
         byte[] in = ""GET http://foo.com/a/http://myurl.com/b/c HTTP/1.1\r\n\r\n"".getBytes();
 
         final ParseState context = new ParseState();
@@ -95,7 +96,7 @@ public void testColonSlashInFullURL() throws HttpRequestParser.BadRequestExcepti
 
 
     @Test
     public void testPathParameters() throws HttpRequestParser.BadRequestException {
         byte[] in = ""GET /somepath;p1 HTTP/1.1\r\n\r\n"".getBytes();
         ParseState context = new ParseState();
         HttpServerExchange result = new HttpServerExchange(null);
@@ -119,7 +120,7 @@ public void testPathParameters() throws HttpRequestParser.BadRequestException {
     }
 
     @Test
     public void testFullUrlRootPath() throws HttpRequestParser.BadRequestException {
         byte[] in = ""GET http://myurl.com HTTP/1.1\r\n\r\n"".getBytes();
 
         final ParseState context = new ParseState();
@@ -130,15 +131,15 @@ public void testFullUrlRootPath() throws HttpRequestParser.BadRequestException {
         Assert.assertEquals(""http://myurl.com"", result.getRequestURI());
     }
     @Test
     public void testSimpleRequest() throws HttpRequestParser.BadRequestException {
         byte[] in = ""GET /somepath HTTP/1.1\r\nHost:   www.somehost.net\r\nOtherHeader: some\r\n    value\r\n\r\n"".getBytes();
         runTest(in);
     }
 
 
 
     @Test
     public void testSimpleRequestWithHeaderCaching() throws HttpRequestParser.BadRequestException {
         byte[] in = ""GET /somepath HTTP/1.1\r\nHost:   www.somehost.net\r\nOtherHeader: foo\r\n\r\n"".getBytes();
         runTest(in, ""foo"");
         in = ""GET /somepath HTTP/1.1\r\nHost:   www.somehost.net\r\nOtherHeader:       foo\r\n\r\n"".getBytes();
@@ -151,26 +152,26 @@ public void testSimpleRequestWithHeaderCaching() throws HttpRequestParser.BadReq
 
 
     @Test
     public void testCarriageReturnLineEnds() throws HttpRequestParser.BadRequestException {
 
         byte[] in = ""GET /somepath HTTP/1.1\rHost:   www.somehost.net\rOtherHeader: some\r    value\r\r\n"".getBytes();
         runTest(in);
     }
 
     @Test
     public void testLineFeedsLineEnds() throws HttpRequestParser.BadRequestException {
         byte[] in = ""GET /somepath HTTP/1.1\nHost:   www.somehost.net\nOtherHeader: some\n    value\n\n"".getBytes();
         runTest(in);
     }
 
     @Test
     public void testTabWhitespace() throws HttpRequestParser.BadRequestException {
         byte[] in = ""GET\t/somepath\tHTTP/1.1\nHost: \t www.somehost.net\nOtherHeader:\tsome\n \t  value\n\r\n"".getBytes();
         runTest(in);
     }
 
     @Test
     public void testCanonicalPath() throws HttpRequestParser.BadRequestException {
         byte[] in = ""GET\thttp://www.somehost.net/somepath\tHTTP/1.1\nHost: \t www.somehost.net\nOtherHeader:\tsome\n \t  value\n\r\n"".getBytes();
 
         final ParseState context = new ParseState();
@@ -181,7 +182,7 @@ public void testCanonicalPath() throws HttpRequestParser.BadRequestException {
     }
 
     @Test
     public void testNoHeaders() throws HttpRequestParser.BadRequestException {
         byte[] in = ""GET\t/aa\tHTTP/1.1\n\n\n"".getBytes();
 
         final ParseState context = new ParseState();
@@ -192,7 +193,7 @@ public void testNoHeaders() throws HttpRequestParser.BadRequestException {
     }
 
     @Test
     public void testQueryParams() throws HttpRequestParser.BadRequestException {
         byte[] in = ""GET\thttp://www.somehost.net/somepath?a=b&b=c&d&e&f=\tHTTP/1.1\nHost: \t www.somehost.net\nOtherHeader:\tsome\n \t  value\n\r\n"".getBytes();
 
         final ParseState context = new ParseState();
@@ -210,7 +211,7 @@ public void testQueryParams() throws HttpRequestParser.BadRequestException {
     }
 
     @Test
     public void testSameHttpStringReturned() throws HttpRequestParser.BadRequestException {
         byte[] in = ""GET\thttp://www.somehost.net/somepath\tHTTP/1.1\nHost: \t www.somehost.net\nAccept-Charset:\tsome\n \t  value\n\r\n"".getBytes();
 
         final ParseState context1 = new ParseState();
@@ -241,7 +242,7 @@ public void testSameHttpStringReturned() throws HttpRequestParser.BadRequestExce
 
 
     @Test
     public void testEmptyQueryParams() throws HttpRequestParser.BadRequestException {
         byte[] in = ""GET /clusterbench/requestinfo//?;?=44&test=OK;devil=3&&&&&&&&&&&&&&&&&&&&&&&&&&&&777=666 HTTP/1.1\r\n\r\n"".getBytes();
 
         final ParseState context = new ParseState();
@@ -256,7 +257,7 @@ public void testEmptyQueryParams() throws HttpRequestParser.BadRequestException
         Assert.assertEquals(""44"", result.getQueryParameters().get("";?"").getFirst());
     }
     @Test
     public void testNonEncodedAsciiCharacters() throws UnsupportedEncodingException, HttpRequestParser.BadRequestException {
         byte[] in = ""GET /bÃ¥r HTTP/1.1\r\n\r\n"".getBytes(""ISO-8859-1"");
 
         final ParseState context = new ParseState();
@@ -267,10 +268,10 @@ public void testNonEncodedAsciiCharacters() throws UnsupportedEncodingException,
         Assert.assertEquals(""/bÃ¥r"", result.getRequestURI()); //not decoded
     }
 
     private void runTest(final byte[] in) throws HttpRequestParser.BadRequestException {
         runTest(in, ""some value"");
     }
     private void runTest(final byte[] in, String lastHeader) throws HttpRequestParser.BadRequestException {
         parseState.reset();
         HttpServerExchange result = new HttpServerExchange(null);
         HttpRequestParser.instance(OptionMap.EMPTY).handle(ByteBuffer.wrap(in), parseState, result);
",62,,,
570,"@@ -114,7 +114,7 @@ public interface UndertowLogger extends BasicLogger {
     void ioException(@Cause IOException e);
 
     @LogMessage(level = DEBUG)
     @Message(id = 5014, value = ""Failed to parse HTTP request"")
     void failedToParseRequest(@Cause Exception e);
 
     @LogMessage(level = ERROR)
",14,,,
571,"@@ -52,6 +52,7 @@
 import java.nio.ByteBuffer;
 import java.util.TreeMap;
 
 import io.undertow.UndertowMessages;
 import io.undertow.security.impl.ExternalAuthenticationMechanism;
 import io.undertow.server.HttpServerExchange;
@@ -259,6 +260,7 @@ public void parse(final ByteBuffer buf, final AjpRequestParseState state, final
                         try {
                             URLUtils.parsePathParms(result.value.substring(colon + 1), exchange, encoding, doDecode && result.containsUrlCharacters, maxParameters);
                         } catch (ParameterLimitException e) {
                             state.badRequest = true;
                         }
                     }
@@ -324,6 +326,7 @@ public void parse(final ByteBuffer buf, final AjpRequestParseState state, final
                 } else {
                     state.numHeaders = result.value;
                     if(state.numHeaders > maxHeaders) {
                         state.badRequest = true;
                     }
                 }
@@ -412,6 +415,7 @@ public void parse(final ByteBuffer buf, final AjpRequestParseState state, final
                         try {
                             URLUtils.parseQueryString(resultAsQueryString, exchange, encoding, doDecode, maxParameters);
                         } catch (ParameterLimitException e) {
                             state.badRequest = true;
                         }
                     } else if (state.currentAttribute.equals(REMOTE_USER)) {
",71,,,
572,"@@ -35,6 +35,7 @@
 import org.xnio.ChannelListener;
 import io.undertow.connector.PooledByteBuffer;
 import io.undertow.util.StatusCodes;
 import org.xnio.StreamConnection;
 import org.xnio.channels.StreamSinkChannel;
 import org.xnio.channels.StreamSourceChannel;
@@ -241,6 +242,7 @@ public void handleEvent(AjpServerResponseConduit channel) {
                 if(oldState.badRequest) {
                     httpServerExchange.setStatusCode(StatusCodes.BAD_REQUEST);
                     httpServerExchange.endExchange();
                 } else {
                     Connectors.executeRootHandler(connection.getRootHandler(), httpServerExchange);
                 }
@@ -250,6 +252,11 @@ public void handleEvent(AjpServerResponseConduit channel) {
                 UndertowLogger.REQUEST_LOGGER.exceptionProcessingRequest(t);
                 safeClose(connection);
             }
         } catch (Exception e) {
             UndertowLogger.REQUEST_LOGGER.exceptionProcessingRequest(e);
             safeClose(connection);
@@ -309,7 +316,7 @@ public void exchangeComplete(final HttpServerExchange exchange) {
         }
     }
 
     private StreamSourceConduit createSourceConduit(StreamSourceConduit underlyingConduit, AjpServerResponseConduit responseConduit, final HttpServerExchange exchange) {
 
         ReadDataStreamSourceConduit conduit = new ReadDataStreamSourceConduit(underlyingConduit, (AbstractServerConnection) exchange.getConnection());
 
@@ -325,14 +332,18 @@ private StreamSourceConduit createSourceConduit(StreamSourceConduit underlyingCo
         if (hasTransferEncoding && !transferEncoding.equals(Headers.IDENTITY)) {
             length = null; //unknown length
         } else if (requestContentLength != null) {
             final long contentLength = Long.parseLong(requestContentLength);
             if (contentLength == 0L) {
                 UndertowLogger.REQUEST_LOGGER.trace(""No content, starting next request"");
                 // no content - immediately start the next request, returning an empty stream for this one
                 Connectors.terminateRequest(httpServerExchange);
                 return new EmptyStreamSourceConduit(conduit.getReadThread());
             } else {
                 length = contentLength;
             }
         } else {
             UndertowLogger.REQUEST_LOGGER.trace(""No content length or transfer coding, starting next request"");
",43,,,
573,"@@ -193,7 +193,7 @@ public void parse(final ByteBuffer buf, final AjpRequestParseState state, final
                     return;
                 } else {
                     if (result.value != 0x1234) {
                         throw UndertowMessages.MESSAGES.wrongMagicNumber(result.value);
                     }
                 }
             }
@@ -228,7 +228,7 @@ public void parse(final ByteBuffer buf, final AjpRequestParseState state, final
                     if (method > 0 && method < 28) {
                         exchange.setRequestMethod(HTTP_METHODS[method]);
                     } else if((method & 0xFF) != 0xFF) {
                         throw new IllegalArgumentException(""Unknown method type "" + method);
                     }
                 }
             }
",71,,,
574,"@@ -43,12 +43,12 @@ public static WebBuilder webBuilder() {
 
     public MCMPConfig(Builder builder) {
         this.managementSocketAddress = new InetSocketAddress(builder.managementHost, builder.managementPort);
         if (managementSocketAddress.getAddress().isAnyLocalAddress()) {
             throw UndertowLogger.PROXY_REQUEST_LOGGER.cannotUseWildcardAddressAsModClusterManagementHost(builder.managementHost);
         }
         if (managementSocketAddress.isUnresolved()) {
             throw UndertowLogger.PROXY_REQUEST_LOGGER.unableToResolveModClusterManagementHost(builder.managementHost);
         }
         if (builder.advertiseBuilder != null) {
             this.advertiseConfig = new AdvertiseConfig(builder.advertiseBuilder, this);
         } else {
",305,,,
575,"@@ -132,10 +132,10 @@ private void registerSessionIfRequired(SingleSignOn sso, Session session) {
                 log.tracef(""SSO_SESSION_ATTRIBUTE not found. Creating it with SSO ID %s as value."", sso.getId());
             }
             session.setAttribute(SSO_SESSION_ATTRIBUTE, sso.getId());
             SessionManager manager = session.getSessionManager();
             if (seenSessionManagers.add(manager)) {
                 manager.registerSessionListener(listener);
             }
         }
     }
 
",321,,,
576,"@@ -52,7 +52,7 @@
  */
 public class ServletFormAuthenticationMechanism extends FormAuthenticationMechanism {
 
     private static final String SESSION_KEY = ""io.undertow.servlet.form.auth.redirect.location"";
 
     public static final String SAVE_ORIGINAL_REQUEST = ""save-original-request"";
 
",311,,,
577,"@@ -36,6 +36,7 @@
 import io.undertow.servlet.handlers.ServletChain;
 import io.undertow.servlet.handlers.ServletPathMatch;
 import io.undertow.servlet.handlers.ServletRequestContext;
 import io.undertow.servlet.util.EmptyEnumeration;
 import io.undertow.servlet.util.IteratorEnumeration;
 import io.undertow.util.AttachmentKey;
@@ -328,6 +329,11 @@ public String changeSessionId() {
         }
         String newId = underlyingSession.changeSessionId(exchange, originalServletContext.getSessionConfig());
         servletContext.getDeployment().getApplicationListeners().httpSessionIdChanged(session, oldId);
         return newId;
     }
 
",97,,,
578,"@@ -591,7 +591,7 @@ public void failed() {
     /**
      * Process <tt>INFO</tt> request
      *
      * @throws Exception
      */
     protected void processInfo(HttpServerExchange exchange) throws IOException {
         final String data = processInfoString();
@@ -634,7 +634,7 @@ protected String processInfoString() {
      * Process <tt>DUMP</tt> request
      *
      * @param exchange
      * @throws java.io.IOException
      */
     protected void processDump(HttpServerExchange exchange) throws IOException {
         final String data = processDumpString();
@@ -714,7 +714,7 @@ static void sendResponse(final HttpServerExchange exchange, final String respons
     /**
      * If the process is OK, then add 200 HTTP status and its ""OK"" phrase
      *
      * @throws Exception
      */
     static void processOK(HttpServerExchange exchange) throws IOException {
         exchange.setStatusCode(StatusCodes.OK);
",42,,,
579,"@@ -394,8 +394,8 @@ Context findNewNode(final VirtualHost.HostEntry entry) {
      *
      * @param domain   the load balancing domain, if known
      * @param jvmRoute the original jvmRoute
      * @return the context, {@code null} if not found
      * @oaram entry      the resolved virtual host entry
      */
     Context findFailoverNode(final VirtualHost.HostEntry entry, final String domain, final String jvmRoute, final boolean forceStickySession) {
         String failOverDomain = null;
",301,,,
580,"@@ -264,12 +264,9 @@ public Builder setUseAlias(boolean useAlias) {
             return this;
         }
 
         public void setMaxRetries(int maxRetries) {
             this.maxRetries = maxRetries;
         }
 
         public long getTtl() {
             return ttl;
         }
 
         public Builder setTtl(long ttl) {
",309,,,
581,"@@ -213,4 +213,10 @@ void requestDone() {
         }
     }
 
 }
",31,,,
582,"@@ -54,6 +54,7 @@ public class ModCluster {
     private final XnioWorker xnioWorker;
     private final ModClusterContainer container;
     private final int maxRetries;
 
     private final String serverID = UUID.randomUUID().toString(); // TODO
 
@@ -65,6 +66,7 @@ public class ModCluster {
         this.queueNewRequests = builder.queueNewRequests;
         this.healthCheckInterval = builder.healthCheckInterval;
         this.removeBrokenNodes = builder.removeBrokenNodes;
         this.healthChecker = builder.healthChecker;
         this.maxRequestTime = builder.maxRequestTime;
         this.ttl = builder.ttl;
@@ -121,6 +123,10 @@ public boolean isUseAlias() {
         return useAlias;
     }
 
     /**
      * Get the handler proxying the requests.
      *
@@ -206,8 +212,9 @@ public static class Builder {
         private NodeHealthChecker healthChecker = NodeHealthChecker.NO_CHECK;
         private long healthCheckInterval = TimeUnit.SECONDS.toMillis(10);
         private long removeBrokenNodes = TimeUnit.MINUTES.toMillis(1);
         public OptionMap clientOptions = OptionMap.EMPTY;
         public int maxRetries;
 
         private Builder(XnioWorker xnioWorker, UndertowClient client, XnioSsl xnioSsl) {
             this.xnioSsl = xnioSsl;
@@ -269,6 +276,11 @@ public Builder setMaxRetries(int maxRetries) {
             return this;
         }
 
         public Builder setTtl(long ttl) {
             this.ttl = ttl;
             return this;
",309,,,
583,"@@ -132,16 +132,17 @@ public ModClusterProxyTarget findTarget(final HttpServerExchange exchange) {
             final Map<String, Cookie> cookies = exchange.getRequestCookies();
             if (balancer.isStickySession()) {
                 if (cookies.containsKey(balancer.getStickySessionCookie())) {
                     final String jvmRoute = getJVMRoute(cookies.get(balancer.getStickySessionCookie()).getValue());
                     if (jvmRoute != null) {
                         return new ModClusterProxyTarget.ExistingSessionTarget(jvmRoute, entry.getValue(), this, balancer.isStickySessionForce());
                     }
                 }
                 if (exchange.getPathParameters().containsKey(balancer.getStickySessionPath())) {
                     final String id = exchange.getPathParameters().get(balancer.getStickySessionPath()).getFirst();
                     final String jvmRoute = getJVMRoute(id);
                     if (jvmRoute != null) {
                         return new ModClusterProxyTarget.ExistingSessionTarget(jvmRoute, entry.getValue(), this, balancer.isStickySessionForce());
                     }
                 }
             }
@@ -392,12 +393,47 @@ Context findNewNode(final VirtualHost.HostEntry entry) {
     /**
      * Try to find a failover node within the same load balancing group.
      *
      * @param domain   the load balancing domain, if known
      * @param jvmRoute the original jvmRoute
      * @param entry    the resolved virtual host entry
      * @return the context, {@code null} if not found
      */
     Context findFailoverNode(final VirtualHost.HostEntry entry, final String domain, final String jvmRoute, final boolean forceStickySession) {
         String failOverDomain = null;
         if (domain == null) {
             final Node node = nodes.get(jvmRoute);
@@ -428,7 +464,6 @@ Context findFailoverNode(final VirtualHost.HostEntry entry, final String domain,
      * Map a request to virtual host.
      *
      * @param exchange the http exchange
      * @return
      */
     private PathMatcher.PathMatch<VirtualHost.HostEntry> mapVirtualHost(final HttpServerExchange exchange) {
         final String context = exchange.getRelativePath();
",301,,,
584,"@@ -36,14 +36,16 @@ public interface ModClusterProxyTarget extends ProxyClient.ProxyTarget, ProxyCli
 
     class ExistingSessionTarget implements ModClusterProxyTarget {
 
         private final String jvmRoute;
         private final VirtualHost.HostEntry entry;
         private final boolean forceStickySession;
         private final ModClusterContainer container;
 
         private Context resolved;
 
         public ExistingSessionTarget(String jvmRoute, VirtualHost.HostEntry entry, ModClusterContainer container, boolean forceStickySession) {
             this.jvmRoute = jvmRoute;
             this.entry = entry;
             this.container = container;
@@ -59,7 +61,6 @@ public Context resolveContext(HttpServerExchange exchange) {
         }
 
         void resolveNode() {
 
             final Context context = entry.getContextForNode(jvmRoute);
             if (context != null && context.checkAvailable(true)) {
                 final Node node = context.getNode();
@@ -68,7 +69,7 @@ void resolveNode() {
                 return;
             }
             final String domain = context != null ? context.getNode().getNodeConfig().getDomain() : null;
             this.resolved = container.findFailoverNode(entry, domain, jvmRoute, forceStickySession);
         }
 
         @Override
",299,,,
585,"@@ -508,4 +508,11 @@ Node getNode() {
         }
     }
 
 }
",307,,,
586,"@@ -171,16 +171,20 @@ protected String getContextPath() {
          * Get a context for a jvmRoute.
          *
          * @param jvmRoute    the jvm route
          * @return
          */
         protected Context getContextForNode(final String jvmRoute) {
             return contexts.get(jvmRoute);
         }
 
         /**
          * Get all registered contexts.
          *
          * @return
          */
         protected Collection<Context> getContexts() {
             return Collections.unmodifiableCollection(contexts.values());
",322,,,
587,"@@ -335,7 +335,7 @@ protected void hotStandby() {
         int oldState, newState;
         for (;;) {
             oldState = this.state;
             newState = oldState | HOT_STANDBY;
             if (stateUpdater.compareAndSet(this, oldState, newState)) {
                 lbStatus.updateLoad(0);
                 return;
",307,,,
588,"@@ -132,7 +132,7 @@ public synchronized void removeProtocol(String productString, ChannelListener<?
         while (it.hasNext()) {
             Holder holder = it.next();
             if (holder.channelListener == openListener) {
                 it.remove();
                 break;
             }
         }
@@ -157,7 +157,7 @@ public synchronized void removeProtocol(String productString, HttpUpgradeListene
         while (it.hasNext()) {
             Holder holder = it.next();
             if (holder.listener == upgradeListener) {
                 it.remove();
                 break;
             }
         }
",323,,,
589,"@@ -90,6 +90,7 @@ public class DeploymentInfo implements Cloneable {
     private int defaultCookieVersion = 0;
     private SessionPersistenceManager sessionPersistenceManager;
     private String defaultEncoding = ""ISO-8859-1"";
     private String urlEncoding = null;
     private boolean ignoreFlush = false;
     private AuthorizationManager authorizationManager = DefaultAuthorizationManager.INSTANCE;
@@ -315,9 +316,19 @@ public String getDefaultEncoding() {
      */
     public DeploymentInfo setDefaultEncoding(String defaultEncoding) {
         this.defaultEncoding = defaultEncoding;
         return this;
     }
 
     public String getUrlEncoding() {
         return urlEncoding;
     }
@@ -1315,6 +1326,7 @@ public DeploymentInfo clone() {
         info.identityManager = identityManager;
         info.confidentialPortManager = confidentialPortManager;
         info.defaultEncoding = defaultEncoding;
         info.urlEncoding = urlEncoding;
         info.securityConstraints.addAll(securityConstraints);
         info.outerHandlerChainWrappers.addAll(outerHandlerChainWrappers);
",96,,,
590,"@@ -545,10 +545,26 @@ public String getCharacterEncoding() {
         if (characterEncoding != null) {
             return characterEncoding.name();
         }
         String contentType = exchange.getRequestHeaders().getFirst(Headers.CONTENT_TYPE);
         if (contentType == null) {
             return null;
         }
         return Headers.extractQuotedValueFromHeader(contentType, ""charset"");
     }
 
@@ -797,15 +813,12 @@ public BufferedReader getReader() throws IOException {
             if (characterEncoding != null) {
                 charSet = characterEncoding;
             } else {
                 String contentType = exchange.getRequestHeaders().getFirst(Headers.CONTENT_TYPE);
                 if (contentType != null) {
                     String c = Headers.extractQuotedValueFromHeader(contentType, ""charset"");
                     if (c != null) {
                         try {
                             charSet = Charset.forName(c);
                         } catch (UnsupportedCharsetException e) {
                             throw new UnsupportedEncodingException();
                         }
                     }
                 }
             }
",97,,,
591,"@@ -0,0 +1,43 @@
\ No newline at end of file
",261,,,
592,"@@ -0,0 +1,104 @@
",262,,,
593,"@@ -89,8 +89,7 @@ public class DeploymentInfo implements Cloneable {
     private boolean invalidateSessionOnLogout = false;
     private int defaultCookieVersion = 0;
     private SessionPersistenceManager sessionPersistenceManager;
     private String defaultEncoding = ""ISO-8859-1"";
     private boolean defaultEncodingExplicitlySet = false;
     private String urlEncoding = null;
     private boolean ignoreFlush = false;
     private AuthorizationManager authorizationManager = DefaultAuthorizationManager.INSTANCE;
@@ -204,9 +203,6 @@ public void validate() {
         if (classIntrospecter == null) {
             throw UndertowServletMessages.MESSAGES.paramCannotBeNull(""classIntrospecter"");
         }
         if (defaultEncoding == null) {
             throw UndertowServletMessages.MESSAGES.paramCannotBeNull(""defaultEncoding"");
         }
 
         for (final ServletInfo servlet : this.servlets.values()) {
             servlet.validate();
@@ -316,19 +312,9 @@ public String getDefaultEncoding() {
      */
     public DeploymentInfo setDefaultEncoding(String defaultEncoding) {
         this.defaultEncoding = defaultEncoding;
         this.defaultEncodingExplicitlySet = true;
         return this;
     }
 
     /**
      * Determine whether default encoding was explicitly set
      *
      * @return true if default encoding was explicitly set
      */
     public boolean isDefaultEncodingExplicitlySet() {
         return defaultEncodingExplicitlySet;
     }
 
     public String getUrlEncoding() {
         return urlEncoding;
     }
@@ -1326,7 +1312,6 @@ public DeploymentInfo clone() {
         info.identityManager = identityManager;
         info.confidentialPortManager = confidentialPortManager;
         info.defaultEncoding = defaultEncoding;
         info.defaultEncodingExplicitlySet = defaultEncodingExplicitlySet;
         info.urlEncoding = urlEncoding;
         info.securityConstraints.addAll(securityConstraints);
         info.outerHandlerChainWrappers.addAll(outerHandlerChainWrappers);
",96,,,
594,"@@ -19,6 +19,7 @@
 package io.undertow.servlet.core;
 
 import java.nio.charset.Charset;
 import java.util.ArrayList;
 import java.util.Arrays;
 import java.util.Collection;
@@ -70,7 +71,7 @@ public class DeploymentImpl implements Deployment {
     private volatile ErrorPages errorPages;
     private volatile Map<String, String> mimeExtensionMappings;
     private volatile SessionManager sessionManager;
     private volatile Charset defaultCharset;
     private volatile List<AuthenticationMechanism> authenticationMechanisms;
     private volatile List<ThreadSetupHandler> threadSetupActions;
 
",324,,,
595,"@@ -160,7 +160,9 @@ public void deploy() {
 
         deployment.getServletPaths().setWelcomePages(deploymentInfo.getWelcomePages());
 
         deployment.setDefaultCharset(Charset.forName(deploymentInfo.getDefaultEncoding()));
 
         handleDeploymentSessionConfig(deploymentInfo, servletContext);
 
@@ -341,9 +343,13 @@ private HttpHandler setupSecurityHandlers(HttpHandler initialHandler) {
             }
             if (loginConfig != null || deploymentInfo.getJaspiAuthenticationMechanism() != null) {
 
                 //we don't allow multipart requests, and always use the default encoding
                 FormParserFactory parser = FormParserFactory.builder(false)
                         .addParser(new FormEncodedDataDefinition().setDefaultEncoding(deploymentInfo.getDefaultEncoding()))
                         .build();
 
                 List<AuthMethodConfig> authMethods = Collections.<AuthMethodConfig>emptyList();
",69,,,
596,"@@ -74,7 +74,7 @@ public ManagedServlet(final ServletInfo servletInfo, final ServletContextImpl se
 
     public void setupMultipart(ServletContextImpl servletContext) {
         FormEncodedDataDefinition formDataParser = new FormEncodedDataDefinition()
                 .setDefaultEncoding(servletContext.getDeployment().getDeploymentInfo().getDefaultEncoding());
         MultipartConfigElement multipartConfig = servletInfo.getMultipartConfig();
         if(multipartConfig == null) {
             multipartConfig = servletContext.getDeployment().getDeploymentInfo().getDefaultMultipartConfig();
@@ -105,7 +105,7 @@ public void setupMultipart(ServletContextImpl servletContext) {
             if(config.getMaxFileSize() > 0) {
                 multiPartParserDefinition.setMaxIndividualFileSize(config.getMaxFileSize());
             }
             multiPartParserDefinition.setDefaultEncoding(servletContext.getDeployment().getDeploymentInfo().getDefaultEncoding());
 
             formParserFactory = FormParserFactory.builder(false)
                     .addParser(formDataParser)
",65,,,
597,"@@ -547,12 +547,11 @@ public String getCharacterEncoding() {
         }
 
         String characterEncodingFromHeader = getCharacterEncodingFromHeader();
 
         if (characterEncodingFromHeader != null) {
             return characterEncodingFromHeader;
         }
 
         if (servletContext.getDeployment().getDeploymentInfo().isDefaultEncodingExplicitlySet()) {
             return servletContext.getDeployment().getDefaultCharset().name();
         }
 
",97,,,
598,"@@ -318,7 +318,7 @@ public Collection<String> getHeaderNames() {
     @Override
     public String getCharacterEncoding() {
         if (charset == null) {
             return servletContext.getDeployment().getDeploymentInfo().getDefaultEncoding();
         }
         return charset;
     }
",231,,,
599,"@@ -66,7 +66,7 @@ public InputStream getInputStream() throws IOException {
             return new BufferedInputStream(Files.newInputStream(formValue.getPath()));
         } else {
             String requestedCharset = servletRequest.getCharacterEncoding();
             String charset = requestedCharset != null ? requestedCharset : servletContext.getDeployment().getDeploymentInfo().getDefaultEncoding();
             return new ByteArrayInputStream(formValue.getValue().getBytes(charset));
         }
     }
",210,,,
600,"@@ -40,4 +40,4 @@ protected void service(final HttpServletRequest req, final HttpServletResponse r
                 requestCharacterEncoding, responseCharacterEncoding));
         writer.close();
     }
 }
\ No newline at end of file
",261,,,
601,"@@ -93,8 +93,7 @@ public void testDefaultEncodingNotSet() throws IOException, ServletException {
 
     @Test
     public void testDefaultEncodingSetEqualDefault() throws IOException, ServletException {
         String defaultEncoding = new DeploymentInfo().getDefaultEncoding();
         testDefaultEncoding(defaultEncoding, defaultEncoding, defaultEncoding);
     }
 
     @Test
",262,,,
602,"@@ -294,6 +294,7 @@ public void service (HttpServletRequest request, HttpServletResponse response)
             // against verb tampering
             response.sendError(HttpServletResponse.SC_METHOD_NOT_ALLOWED,
                     MESSAGES.forbiddenHttpMethod());
         }
 
         String jspFileAttr = (String) request.getAttribute(Constants.JSP_FILE);
",325,,,
603,"@@ -0,0 +1,3 @@
\ No newline at end of file
",326,,,
604,"@@ -18,11 +18,6 @@
 
 package io.undertow.test.jsp.basic;
 
 import java.io.IOException;
 import java.util.HashMap;
 
 import javax.servlet.ServletException;
 
 import io.undertow.jsp.HackInstanceManager;
 import io.undertow.jsp.JspFileHandler;
 import io.undertow.jsp.JspServletBuilder;
@@ -35,9 +30,12 @@
 import io.undertow.servlet.test.util.TestResourceLoader;
 import io.undertow.testutils.DefaultServer;
 import io.undertow.testutils.HttpClientUtils;
 import org.apache.http.HttpResponse;
 import org.apache.http.client.methods.HttpGet;
 import io.undertow.testutils.TestHttpClient;
 import org.apache.jasper.deploy.JspPropertyGroup;
 import org.apache.jasper.deploy.TagLibraryInfo;
 import org.apache.jasper.servlet.JspServlet;
@@ -47,6 +45,10 @@
 import org.junit.Test;
 import org.junit.runner.RunWith;
 
 /**
  * @author Stuart Douglas
  */
@@ -62,7 +64,6 @@ public static void setup() throws ServletException {
         final ServletContainer container = ServletContainer.Factory.newInstance();
 
 
 
         DeploymentInfo builder = new DeploymentInfo()
                 .setClassLoader(SimpleJspTestCase.class.getClassLoader())
                 .setContextPath(""/servletContext"")
@@ -86,7 +87,7 @@ public static void setup() throws ServletException {
     }
 
     @AfterClass
     public static void after(){
         System.getProperties().remove(KEY);
     }
 
@@ -118,4 +119,30 @@ public void testServletJSPFile() throws IOException {
         }
     }
 
 }
",327,,,
605,"@@ -591,7 +591,7 @@ public void failed() {
     /**
      * Process <tt>INFO</tt> request
      *
      * @throws Exception
      */
     protected void processInfo(HttpServerExchange exchange) throws IOException {
         final String data = processInfoString();
@@ -634,7 +634,7 @@ protected String processInfoString() {
      * Process <tt>DUMP</tt> request
      *
      * @param exchange
      * @throws java.io.IOException
      */
     protected void processDump(HttpServerExchange exchange) throws IOException {
         final String data = processDumpString();
@@ -714,7 +714,7 @@ static void sendResponse(final HttpServerExchange exchange, final String respons
     /**
      * If the process is OK, then add 200 HTTP status and its ""OK"" phrase
      *
      * @throws Exception
      */
     static void processOK(HttpServerExchange exchange) throws IOException {
         exchange.setStatusCode(StatusCodes.OK);
",42,,,
606,"@@ -394,8 +394,8 @@ Context findNewNode(final VirtualHost.HostEntry entry) {
      *
      * @param domain   the load balancing domain, if known
      * @param jvmRoute the original jvmRoute
      * @return the context, {@code null} if not found
      * @oaram entry      the resolved virtual host entry
      */
     Context findFailoverNode(final VirtualHost.HostEntry entry, final String domain, final String jvmRoute, final boolean forceStickySession) {
         String failOverDomain = null;
",301,,,
607,"@@ -264,12 +264,9 @@ public Builder setUseAlias(boolean useAlias) {
             return this;
         }
 
         public void setMaxRetries(int maxRetries) {
             this.maxRetries = maxRetries;
         }
 
         public long getTtl() {
             return ttl;
         }
 
         public Builder setTtl(long ttl) {
",309,,,
608,"@@ -213,4 +213,10 @@ void requestDone() {
         }
     }
 
 }
",31,,,
609,"@@ -54,6 +54,7 @@ public class ModCluster {
     private final XnioWorker xnioWorker;
     private final ModClusterContainer container;
     private final int maxRetries;
 
     private final String serverID = UUID.randomUUID().toString(); // TODO
 
@@ -65,6 +66,7 @@ public class ModCluster {
         this.queueNewRequests = builder.queueNewRequests;
         this.healthCheckInterval = builder.healthCheckInterval;
         this.removeBrokenNodes = builder.removeBrokenNodes;
         this.healthChecker = builder.healthChecker;
         this.maxRequestTime = builder.maxRequestTime;
         this.ttl = builder.ttl;
@@ -121,6 +123,10 @@ public boolean isUseAlias() {
         return useAlias;
     }
 
     /**
      * Get the handler proxying the requests.
      *
@@ -206,8 +212,9 @@ public static class Builder {
         private NodeHealthChecker healthChecker = NodeHealthChecker.NO_CHECK;
         private long healthCheckInterval = TimeUnit.SECONDS.toMillis(10);
         private long removeBrokenNodes = TimeUnit.MINUTES.toMillis(1);
         public OptionMap clientOptions = OptionMap.EMPTY;
         public int maxRetries;
 
         private Builder(XnioWorker xnioWorker, UndertowClient client, XnioSsl xnioSsl) {
             this.xnioSsl = xnioSsl;
@@ -269,6 +276,11 @@ public Builder setMaxRetries(int maxRetries) {
             return this;
         }
 
         public Builder setTtl(long ttl) {
             this.ttl = ttl;
             return this;
",309,,,
610,"@@ -132,16 +132,17 @@ public ModClusterProxyTarget findTarget(final HttpServerExchange exchange) {
             final Map<String, Cookie> cookies = exchange.getRequestCookies();
             if (balancer.isStickySession()) {
                 if (cookies.containsKey(balancer.getStickySessionCookie())) {
                     final String jvmRoute = getJVMRoute(cookies.get(balancer.getStickySessionCookie()).getValue());
                     if (jvmRoute != null) {
                         return new ModClusterProxyTarget.ExistingSessionTarget(jvmRoute, entry.getValue(), this, balancer.isStickySessionForce());
                     }
                 }
                 if (exchange.getPathParameters().containsKey(balancer.getStickySessionPath())) {
                     final String id = exchange.getPathParameters().get(balancer.getStickySessionPath()).getFirst();
                     final String jvmRoute = getJVMRoute(id);
                     if (jvmRoute != null) {
                         return new ModClusterProxyTarget.ExistingSessionTarget(jvmRoute, entry.getValue(), this, balancer.isStickySessionForce());
                     }
                 }
             }
@@ -392,12 +393,47 @@ Context findNewNode(final VirtualHost.HostEntry entry) {
     /**
      * Try to find a failover node within the same load balancing group.
      *
      * @param domain   the load balancing domain, if known
      * @param jvmRoute the original jvmRoute
      * @param entry    the resolved virtual host entry
      * @return the context, {@code null} if not found
      */
     Context findFailoverNode(final VirtualHost.HostEntry entry, final String domain, final String jvmRoute, final boolean forceStickySession) {
         String failOverDomain = null;
         if (domain == null) {
             final Node node = nodes.get(jvmRoute);
@@ -428,7 +464,6 @@ Context findFailoverNode(final VirtualHost.HostEntry entry, final String domain,
      * Map a request to virtual host.
      *
      * @param exchange the http exchange
      * @return
      */
     private PathMatcher.PathMatch<VirtualHost.HostEntry> mapVirtualHost(final HttpServerExchange exchange) {
         final String context = exchange.getRelativePath();
",301,,,
611,"@@ -36,14 +36,16 @@ public interface ModClusterProxyTarget extends ProxyClient.ProxyTarget, ProxyCli
 
     class ExistingSessionTarget implements ModClusterProxyTarget {
 
         private final String jvmRoute;
         private final VirtualHost.HostEntry entry;
         private final boolean forceStickySession;
         private final ModClusterContainer container;
 
         private Context resolved;
 
         public ExistingSessionTarget(String jvmRoute, VirtualHost.HostEntry entry, ModClusterContainer container, boolean forceStickySession) {
             this.jvmRoute = jvmRoute;
             this.entry = entry;
             this.container = container;
@@ -59,7 +61,6 @@ public Context resolveContext(HttpServerExchange exchange) {
         }
 
         void resolveNode() {
 
             final Context context = entry.getContextForNode(jvmRoute);
             if (context != null && context.checkAvailable(true)) {
                 final Node node = context.getNode();
@@ -68,7 +69,7 @@ void resolveNode() {
                 return;
             }
             final String domain = context != null ? context.getNode().getNodeConfig().getDomain() : null;
             this.resolved = container.findFailoverNode(entry, domain, jvmRoute, forceStickySession);
         }
 
         @Override
",299,,,
612,"@@ -508,4 +508,11 @@ Node getNode() {
         }
     }
 
 }
",307,,,
613,"@@ -171,16 +171,20 @@ protected String getContextPath() {
          * Get a context for a jvmRoute.
          *
          * @param jvmRoute    the jvm route
          * @return
          */
         protected Context getContextForNode(final String jvmRoute) {
             return contexts.get(jvmRoute);
         }
 
         /**
          * Get all registered contexts.
          *
          * @return
          */
         protected Collection<Context> getContexts() {
             return Collections.unmodifiableCollection(contexts.values());
",322,,,
614,"@@ -335,7 +335,7 @@ protected void hotStandby() {
         int oldState, newState;
         for (;;) {
             oldState = this.state;
             newState = oldState | HOT_STANDBY;
             if (stateUpdater.compareAndSet(this, oldState, newState)) {
                 lbStatus.updateLoad(0);
                 return;
",307,,,
615,"@@ -25,6 +25,7 @@
 import java.util.Collections;
 import java.util.Date;
 import java.util.HashMap;
 import java.util.List;
 import java.util.Map;
 import java.util.Set;
@@ -49,6 +50,7 @@
 import io.undertow.util.ETag;
 import io.undertow.util.ETagUtils;
 import io.undertow.util.Headers;
 import io.undertow.util.Methods;
 import io.undertow.util.MimeMappings;
 import io.undertow.util.RedirectBuilder;
@@ -59,6 +61,23 @@
  */
 public class ResourceHandler implements HttpHandler {
 
     private final List<String> welcomeFiles = new CopyOnWriteArrayList<>(new String[]{""index.html"", ""index.htm"", ""default.html"", ""default.htm""});
     /**
      * If directory listing is enabled.
@@ -122,7 +141,13 @@ public void handleRequest(final HttpServerExchange exchange) throws Exception {
         } else if (exchange.getRequestMethod().equals(Methods.HEAD)) {
             serveResource(exchange, false);
         } else {
             exchange.setStatusCode(StatusCodes.METHOD_NOT_ALLOWED);
             exchange.endExchange();
         }
     }
",328,,,
616,"@@ -25,6 +25,7 @@
 import java.util.Collections;
 import java.util.Date;
 import java.util.HashMap;
 import java.util.List;
 import java.util.Map;
 import java.util.Set;
@@ -49,6 +50,7 @@
 import io.undertow.util.ETag;
 import io.undertow.util.ETagUtils;
 import io.undertow.util.Headers;
 import io.undertow.util.Methods;
 import io.undertow.util.MimeMappings;
 import io.undertow.util.RedirectBuilder;
@@ -59,6 +61,23 @@
  */
 public class ResourceHandler implements HttpHandler {
 
     private final List<String> welcomeFiles = new CopyOnWriteArrayList<>(new String[]{""index.html"", ""index.htm"", ""default.html"", ""default.htm""});
     /**
      * If directory listing is enabled.
@@ -122,7 +141,13 @@ public void handleRequest(final HttpServerExchange exchange) throws Exception {
         } else if (exchange.getRequestMethod().equals(Methods.HEAD)) {
             serveResource(exchange, false);
         } else {
             exchange.setStatusCode(StatusCodes.METHOD_NOT_ALLOWED);
             exchange.endExchange();
         }
     }
",328,,,
617,"@@ -223,14 +223,15 @@ public void handleEvent(Http2DataStreamSinkChannel channel) {
      * @return true if check was successful, false otherwise
      */
     private boolean checkRequestHeaders(HeaderMap headers) {
         // :method pseudo-header must be present always exactly one time.
         if (headers.count(METHOD) != 1) {
             return false;
         }
 
         // if CONNECT type is used, then we expect :method and :authority to be present only;
         // :scheme and :path must not be present
         if (headers.get(METHOD).equals(Methods.CONNECT)) {
             if (headers.contains(SCHEME) || headers.contains(PATH) || headers.count(AUTHORITY) != 1) {
                 return false;
             }
@@ -240,6 +241,15 @@ private boolean checkRequestHeaders(HeaderMap headers) {
             return false;
         }
 
         return true;
     }
 }
",113,,,
618,"@@ -121,15 +121,13 @@ private void handleRequests(Http2Channel channel, Http2StreamSourceChannel frame
         final Http2StreamSourceChannel dataChannel = frame;
         final Http2ServerConnection connection = new Http2ServerConnection(channel, dataChannel, undertowOptions, bufferSize, rootHandler);
 
         if(!dataChannel.getHeaders().contains(SCHEME) ||
                 !dataChannel.getHeaders().contains(METHOD) ||
                 !dataChannel.getHeaders().contains(AUTHORITY) ||
                 !dataChannel.getHeaders().contains(PATH)) {
             channel.sendRstStream(frame.getStreamId(), Http2Channel.ERROR_PROTOCOL_ERROR);
             try {
                 Channels.drain(frame, Long.MAX_VALUE);
             } catch (IOException e) {
                 //ignore, this is expected because of the RST
             }
             return;
         }
@@ -218,4 +216,30 @@ public void handleEvent(Http2DataStreamSinkChannel channel) {
         Connectors.executeRootHandler(rootHandler, exchange);
     }
 
 }
",113,,,
619,"@@ -24,7 +24,7 @@
 import io.undertow.server.protocol.framed.FrameHeaderData;
 
 /**
  * SPDY stream source channel
  *
  * @author Stuart Douglas
  */
",329,,,
620,"@@ -53,7 +53,7 @@
 import java.util.concurrent.ConcurrentHashMap;
 
 /**
  * SPDY channel.
  *
  * @author Stuart Douglas
  */
",117,,,
621,"@@ -21,7 +21,7 @@
 import java.nio.ByteBuffer;
 
 /**
  * Parser for SPDY ping frames.
  *
  * @author Stuart Douglas
  */
",330,,,
622,"@@ -559,12 +559,24 @@ public int getInitialReceiveWindowSize() {
 
     public synchronized void handleWindowUpdate(int streamId, int deltaWindowSize) throws IOException {
         if (streamId == 0) {
             boolean exhausted = sendWindowSize == 0;
             sendWindowSize += deltaWindowSize;
             if (exhausted) {
                 notifyFlowControlAllowed();
             }
         } else {
             Http2StreamSinkChannel stream = outgoingStreams.get(streamId);
             if (stream == null) {
                 //TODO: error handling
",117,,,
623,"@@ -174,6 +174,10 @@ private static String addVersion1ResponseCookieToExchange(final Cookie cookie) {
             header.append(""; Domain="");
             header.append(cookie.getDomain());
         }
         if (cookie.isDiscard()) {
             header.append(""; Discard"");
         }
",218,,,
624,"@@ -791,7 +791,7 @@ private long doUnwrap(ByteBuffer[] userBuffers, int off, int len) throws IOExcep
         } finally {
             boolean requiresListenerInvocation = false; //if there is data in the buffer and reads are resumed we should re-run the listener
             //we always need to re-invoke if bytes have been produced, as the engine may have buffered some data
             if (bytesProduced || (unwrappedData != null && unwrappedData.getBuffer().hasRemaining())) {
                 requiresListenerInvocation = true;
             }
             if (dataToUnwrap != null) {
",132,,,
625,"@@ -380,4 +380,7 @@ void nodeConfigCreated(URI connectionURI, String balancer, String domain, String
     @LogMessage(level = ERROR)
     @Message(id = 5080, value = ""HttpServerExchange cannot have both async IO resumed and dispatch() called in the same cycle"")
     void resumedAndDispatched();
 }
",14,,,
626,"@@ -43,6 +43,9 @@ public static WebBuilder webBuilder() {
 
     public MCMPConfig(Builder builder) {
         this.managementSocketAddress = new InetSocketAddress(builder.managementHost, builder.managementPort);
         if (managementSocketAddress.isUnresolved()) {
             throw UndertowLogger.PROXY_REQUEST_LOGGER.unableToResolveModClusterManagementHost(builder.managementHost);
         }
",305,,,
627,"@@ -49,7 +49,7 @@ public String readAttribute(HttpServerExchange exchange) {
         final long nanos = System.nanoTime() - requestStartTime;
         if(timeUnit == TimeUnit.SECONDS) {
             StringBuilder buf = new StringBuilder();
             long milis = timeUnit.convert(nanos, TimeUnit.NANOSECONDS);
             buf.append(Long.toString(milis / 1000));
             buf.append('.');
             int remains = (int) (milis % 1000);
",331,,,
628,"@@ -65,8 +65,8 @@ public interface UndertowMessages {
     @Message(id = 9, value = ""Path must be specified"")
     IllegalArgumentException pathMustBeSpecified();
 
     @Message(id = 10, value = ""Session not found %s"")
     IllegalStateException sessionNotFound(final String session);
 
     @Message(id = 11, value = ""Session manager must not be null"")
     IllegalStateException sessionManagerMustNotBeNull();
",9,,,
629,"@@ -428,23 +428,23 @@ public void requestDone(final HttpServerExchange serverExchange) {
         @Override
         public long getCreationTime() {
             if (invalid) {
                 throw UndertowMessages.MESSAGES.sessionNotFound(sessionId);
             }
             return creationTime;
         }
 
         @Override
         public long getLastAccessedTime() {
             if (invalid) {
                 throw UndertowMessages.MESSAGES.sessionNotFound(sessionId);
             }
             return lastAccessed;
         }
 
         @Override
         public void setMaxInactiveInterval(final int interval) {
             if (invalid) {
                 throw UndertowMessages.MESSAGES.sessionNotFound(sessionId);
             }
             maxInactiveInterval = interval;
             bumpTimeout();
@@ -453,15 +453,15 @@ public void setMaxInactiveInterval(final int interval) {
         @Override
         public int getMaxInactiveInterval() {
             if (invalid) {
                 throw UndertowMessages.MESSAGES.sessionNotFound(sessionId);
             }
             return maxInactiveInterval;
         }
 
         @Override
         public Object getAttribute(final String name) {
             if (invalid) {
                 throw UndertowMessages.MESSAGES.sessionNotFound(sessionId);
             }
             bumpTimeout();
             return attributes.get(name);
@@ -470,7 +470,7 @@ public Object getAttribute(final String name) {
         @Override
         public Set<String> getAttributeNames() {
             if (invalid) {
                 throw UndertowMessages.MESSAGES.sessionNotFound(sessionId);
             }
             bumpTimeout();
             return attributes.keySet();
@@ -482,7 +482,7 @@ public Object setAttribute(final String name, final Object value) {
                 return removeAttribute(name);
             }
             if (invalid) {
                 throw UndertowMessages.MESSAGES.sessionNotFound(sessionId);
             }
             final Object existing = attributes.put(name, value);
             if (existing == null) {
@@ -497,7 +497,7 @@ public Object setAttribute(final String name, final Object value) {
         @Override
         public Object removeAttribute(final String name) {
             if (invalid) {
                 throw UndertowMessages.MESSAGES.sessionNotFound(sessionId);
             }
             final Object existing = attributes.remove(name);
             sessionManager.sessionListeners.attributeRemoved(this, name, existing);
",22,,,
630,"@@ -139,7 +139,7 @@ private void handleRequests(Http2Channel channel, Http2StreamSourceChannel frame
         connection.setExchange(exchange);
         dataChannel.setMaxStreamSize(maxEntitySize);
         exchange.setRequestScheme(exchange.getRequestHeaders().getFirst(SCHEME));
         exchange.setProtocol(Protocols.HTTP_1_1);
         exchange.setRequestMethod(Methods.fromString(exchange.getRequestHeaders().getFirst(METHOD)));
         exchange.getRequestHeaders().put(Headers.HOST, exchange.getRequestHeaders().getFirst(AUTHORITY));
 
",113,,,
631,"@@ -478,6 +478,9 @@ public Set<String> getAttributeNames() {
 
         @Override
         public Object setAttribute(final String name, final Object value) {
             if (invalid) {
                 throw UndertowMessages.MESSAGES.sessionNotFound(sessionId);
             }
",22,,,
632,"@@ -22,6 +22,7 @@
 import io.undertow.connector.ByteBufferPool;
 import io.undertow.connector.PooledByteBuffer;
 
 import java.nio.ByteBuffer;
 import java.util.ArrayDeque;
 import java.util.ArrayList;
@@ -40,7 +41,7 @@
 public class DefaultByteBufferPool implements ByteBufferPool {
 
     private final ThreadLocal<ThreadLocalData> threadLocalCache = new ThreadLocal<>();
     private final List<ThreadLocalData> threadLocalDataList = Collections.synchronizedList(new ArrayList<ThreadLocalData>());
     private final ConcurrentLinkedQueue<ByteBuffer> queue = new ConcurrentLinkedQueue<>();
 
     private final boolean direct;
@@ -111,7 +112,7 @@ public PooledByteBuffer allocate() {
             } else {
                 local = new ThreadLocalData();
                 threadLocalCache.set(local);
                 threadLocalDataList.add(local);
             }
         }
         if (buffer == null) {
@@ -162,8 +163,13 @@ public void close() {
         }
         closed = true;
         queue.clear();
         for(ThreadLocalData local : threadLocalDataList) {
             local.buffers.clear();
         }
     }
 
",332,,,
633,"@@ -36,6 +36,7 @@
 import javax.servlet.ServletContextListener;
 import javax.websocket.DeploymentException;
 import javax.websocket.Extension;
 import javax.websocket.server.ServerContainer;
 import javax.websocket.server.ServerEndpointConfig;
 import java.net.InetSocketAddress;
@@ -88,7 +89,7 @@ public void handleDeployment(DeploymentInfo deploymentInfo, ServletContext servl
         }
         List<Extension> extensions = new ArrayList<>();
         for(ExtensionHandshake e: info.getExtensions()) {
             extensions.add(new ExtensionImpl(e.getName(), Collections.emptyList()));
         }
         ServerWebSocketContainer container = new ServerWebSocketContainer(deploymentInfo.getClassIntrospecter(), servletContext.getClassLoader(), worker, buffers, threadSetupAction, info.isDispatchToWorkerThread(), bind, info.getReconnectHandler(), extensions);
         try {
",333,,,
634,"@@ -138,7 +138,7 @@ public ServerWebSocketContainer(final ClassIntrospecter classIntrospecter, final
     }
 
     public ServerWebSocketContainer(final ClassIntrospecter classIntrospecter, final ClassLoader classLoader, XnioWorker xnioWorker, ByteBufferPool bufferPool, ThreadSetupAction threadSetupAction, boolean dispatchToWorker, InetSocketAddress clientBindAddress, WebSocketReconnectHandler reconnectHandler) {
         this(classIntrospecter, classLoader, xnioWorker, bufferPool, threadSetupAction, dispatchToWorker, clientBindAddress, reconnectHandler, Collections.emptyList());
     }
 
     public ServerWebSocketContainer(final ClassIntrospecter classIntrospecter, final ClassLoader classLoader, XnioWorker xnioWorker, ByteBufferPool bufferPool, ThreadSetupAction threadSetupAction, boolean dispatchToWorker, InetSocketAddress clientBindAddress, WebSocketReconnectHandler reconnectHandler, List<Extension> installedExtensions) {
",255,,,
635,"@@ -121,7 +121,7 @@ private void calculateChangeOverPoint() {
         Calendar calendar = Calendar.getInstance();
         calendar.set(Calendar.SECOND, 0);
         calendar.set(Calendar.MINUTE, 0);
         calendar.set(Calendar.HOUR, 0);
         calendar.add(Calendar.DATE, 1);
         SimpleDateFormat df = new SimpleDateFormat(""yyyy-MM-dd"", Locale.US);
         currentDateString = df.format(new Date());
",182,,,
636,"@@ -96,10 +96,10 @@ static void advertise(final ModClusterContainer container, final MCMPConfig.Adve
         this.container = container;
         this.protocol = config.getProtocol();
         // MODCLUSTER-483 mod_cluster client does not yet support ipv6 addresses with zone indices so skip it
         String host = config.getManagementHost();
         int zoneIndex = host.indexOf(""%"");
         this.host = (zoneIndex < 0) ? host : host.substring(0, zoneIndex);
         this.port = config.getManagementPort();
         this.path = config.getPath();
         this.channel = channel;
 
",304,,,
637,"@@ -18,13 +18,14 @@
 
 package io.undertow.server.handlers.proxy.mod_cluster;
 
 import java.net.InetAddress;
 import java.net.UnknownHostException;
 
 import io.undertow.server.HttpHandler;
 
 /**
  * @author Emanuel Muckenhuber
  */
 public class MCMPConfig {
 
@@ -36,41 +37,23 @@ public static WebBuilder webBuilder() {
         return new WebBuilder();
     }
 
     private final String managementHost;
     private final String managementHostIp;
     private final int managementPort;
     private final AdvertiseConfig advertiseConfig;
 
     public MCMPConfig(Builder builder) {
         this.managementHost = builder.managementHost;
         this.managementPort = builder.managementPort;
         if (builder.advertiseBuilder != null) {
             this.advertiseConfig = new AdvertiseConfig(builder.advertiseBuilder, this);
         } else {
             this.advertiseConfig = null;
         }
         String mhip = managementHost;
         try {
             mhip = InetAddress.getByName(managementHost).getHostAddress();
         } catch (UnknownHostException e) {
 
         }
         this.managementHostIp = mhip;
     }
 
     public String getManagementHost() {
         return managementHost;
     }
 
     public int getManagementPort() {
         return managementPort;
     }
 
     public String getManagementHostIp() {
         return managementHostIp;
     }
 
     AdvertiseConfig getAdvertiseConfig() {
         return advertiseConfig;
     }
 
@@ -121,8 +104,7 @@ static class AdvertiseConfig {
 
         private final int advertiseFrequency;
 
         private final String managementHost;
         private final int managementPort;
 
         AdvertiseConfig(AdvertiseBuilder builder, MCMPConfig config) {
             this.advertiseGroup = builder.advertiseGroup;
@@ -132,8 +114,7 @@ static class AdvertiseConfig {
             this.securityKey = builder.securityKey;
             this.protocol = builder.protocol;
             this.path = builder.path;
             this.managementHost = config.getManagementHost();
             this.managementPort = config.getManagementPort();
         }
 
         public String getAdvertiseGroup() {
@@ -164,20 +145,16 @@ public int getAdvertiseFrequency() {
             return advertiseFrequency;
         }
 
         public String getManagementHost() {
             return managementHost;
         }
 
         public int getManagementPort() {
             return managementPort;
         }
     }
 
     public static class Builder {
 
         private String managementHost;
         private int managementPort;
         private AdvertiseBuilder advertiseBuilder;
 
         public Builder setManagementHost(String managementHost) {
             this.managementHost = managementHost;
",305,,,
638,"@@ -144,8 +144,7 @@ public void handleRequest(HttpServerExchange exchange) throws Exception {
          */
         // TODO maybe this should be handled outside here?
         final InetSocketAddress addr = exchange.getDestinationAddress();
         //we use getHostString to avoid a reverse lookup
         if (addr.getPort() != config.getManagementPort() || (!addr.getHostString().equals(config.getManagementHost()) &&  !addr.getHostString().equals(config.getManagementHostIp()))) {
             next.handleRequest(exchange);
             return;
         }
",42,,,
639,"@@ -32,6 +32,7 @@
 import java.util.concurrent.TimeUnit;
 
 import io.undertow.UndertowLogger;
 import org.xnio.OptionMap;
 import org.xnio.XnioWorker;
 import org.xnio.channels.MulticastMessageChannel;
@@ -94,7 +95,10 @@ static void advertise(final ModClusterContainer container, final MCMPConfig.Adve
 
         this.container = container;
         this.protocol = config.getProtocol();
         this.host = config.getManagementHost();
         this.port = config.getManagementPort();
         this.path = config.getPath();
         this.channel = channel;
@@ -166,7 +170,7 @@ public void run() {
                     .append(""Sequence: "").append(seq).append(CRLF)
                     .append(""Digest: "").append(digestString).append(CRLF)
                     .append(""Server: "").append(server).append(CRLF)
                     .append(""X-Manager-Address: "").append(host).append("":"").append(port).append(CRLF)
                     .append(""X-Manager-Url: "").append(path).append(CRLF)
                     .append(""X-Manager-Protocol: "").append(protocol).append(CRLF)
                     .append(""X-Manager-Host: "").append(host).append(CRLF);
",304,,,
640,"@@ -25,7 +25,7 @@ public class NetworkUtils {
 
     public static String formatPossibleIpv6Address(String address) {
         if (address == null) {
             return address;
         }
         if (!address.contains("":"")) {
             return address;
",121,,,
641,"@@ -840,7 +840,6 @@ protected static Map<String, HttpString> httpStrings() {
         for (Class<?> c : classs) {
             for (Field field : c.getDeclaredFields()) {
                 if (field.getType().equals(HttpString.class)) {
                     field.setAccessible(true);
                     HttpString result = null;
                     try {
                         result = (HttpString) field.get(null);
",56,,,
642,"@@ -76,6 +76,8 @@ public class BasicAuthenticationMechanism implements AuthenticationMechanism {
     private static final int PREFIX_LENGTH = BASIC_PREFIX.length();
     private static final String COLON = "":"";
 
     /**
      * If silent is true then this mechanism will only take effect if there is an Authorization header.
      *
@@ -101,7 +103,7 @@ public BasicAuthenticationMechanism(final String realmName, final String mechani
         this(realmName, mechanismName, silent, null);
     }
     public BasicAuthenticationMechanism(final String realmName, final String mechanismName, final boolean silent, final IdentityManager identityManager) {
         this(realmName, mechanismName, silent, identityManager, StandardCharsets.UTF_8, Collections.emptyMap());
     }
 
     public BasicAuthenticationMechanism(final String realmName, final String mechanismName, final boolean silent, final IdentityManager identityManager, Charset charset, Map<Pattern, Charset> userAgentCharsets) {
",63,,,
643,"@@ -474,12 +474,7 @@ static String getJVMRoute(final String sessionId) {
         if (index == -1) {
             return null;
         }
         String route = sessionId.substring(index + 1);
         index = route.indexOf('.');
         if (index != -1) {
             route = route.substring(0, index);
         }
         return route;
     }
 
     static Context electNode(final Iterable<Context> contexts, final boolean existingSession, final String domain) {
",301,,,
644,"@@ -112,7 +112,6 @@ public HttpHandler create(ModCluster modCluster, HttpHandler next) {
     static class AdvertiseConfig {
 
         private final String advertiseGroup;
         private final String advertiseAddress;
         private final int advertisePort;
 
         private final String securityKey;
@@ -126,7 +125,6 @@ static class AdvertiseConfig {
 
         AdvertiseConfig(AdvertiseBuilder builder, MCMPConfig config) {
             this.advertiseGroup = builder.advertiseGroup;
             this.advertiseAddress = builder.advertiseAddress;
             this.advertiseFrequency = builder.advertiseFrequency;
             this.advertisePort = builder.advertisePort;
             this.securityKey = builder.securityKey;
@@ -140,10 +138,6 @@ public String getAdvertiseGroup() {
             return advertiseGroup;
         }
 
         public String getAdvertiseAddress() {
             return advertiseAddress;
         }
 
         public int getAdvertisePort() {
             return advertisePort;
         }
@@ -236,7 +230,6 @@ public MCMPConfig build() {
     public static class AdvertiseBuilder {
 
         String advertiseGroup = ""224.0.1.105"";
         String advertiseAddress = ""127.0.0.1"";
         int advertisePort = 23364;
 
         String securityKey;
@@ -255,11 +248,6 @@ public AdvertiseBuilder setAdvertiseGroup(String advertiseGroup) {
             return this;
         }
 
         public AdvertiseBuilder setAdvertiseAddress(String advertiseAddress) {
             this.advertiseAddress = advertiseAddress;
             return this;
         }
 
         public AdvertiseBuilder setAdvertisePort(int advertisePort) {
             this.advertisePort = advertisePort;
             return this;
",305,,,
645,"@@ -244,7 +244,7 @@ private SymlinkResult getSymlinkBase(final String base, final Path file) throws
      */
     private boolean isFileSameCase(final Path file) throws IOException {
         String canonicalName = file.toRealPath().toString();
         return canonicalName.equals(file.toString());
     }
 
     /**
",92,,,
646,"@@ -0,0 +1,27 @@
",334,,,
647,"@@ -35,6 +35,9 @@ public static Locale getLocaleFromString(String localeString) {
             return null;
         }
         final String[] parts = localeString.split(""-"");
         if (parts.length == 1) {
             return new Locale(localeString, """");
         } else if (parts.length == 2) {
",335,,,
648,"@@ -0,0 +1,13 @@
",336,,,
649,"@@ -187,9 +187,11 @@ public Session createSession(final HttpServerExchange serverExchange, final Sess
 
     @Override
     public Session getSession(final HttpServerExchange serverExchange, final SessionConfig config) {
         SessionImpl newSession = serverExchange.getAttachment(NEW_SESSION);
         if(newSession != null) {
             return newSession;
         }
         String sessionId = config.findSessionId(serverExchange);
         return getSession(sessionId);
",22,,,
650,"@@ -30,17 +30,23 @@
 public class InMemorySessionManagerFactory implements SessionManagerFactory {
 
     private final int maxSessions;
 
     public InMemorySessionManagerFactory() {
         this(-1);
     }
 
     public InMemorySessionManagerFactory(int maxSessions) {
         this.maxSessions = maxSessions;
     }
 
     @Override
     public SessionManager createSessionManager(Deployment deployment) {
         return new InMemorySessionManager(deployment.getDeploymentInfo().getSessionIdGenerator(), deployment.getDeploymentInfo().getDeploymentName(), maxSessions, deployment.getDeploymentInfo().getMetricsCollector() != null);
     }
 }
",337,,,
651,"@@ -53,12 +53,14 @@ public interface ConnectorStatistics {
     /**
      *
      * @return The total amount of time spent processing all requests on this connector
      */
     long getProcessingTime();
 
     /**
      *
      * @return The time taken by the slowest request
      */
     long getMaxProcessingTime();
 
",338,,,
652,"@@ -52,7 +52,7 @@ public void exchangeEvent(HttpServerExchange exchange, NextListener nextListener
                 }
                 long start = exchange.getRequestStartTime();
                 if (start > 0) {
                     long elapsed = System.currentTimeMillis() - start;
                     processingTimeUpdater.addAndGet(ConnectorStatisticsImpl.this, elapsed);
                     long oldMax;
                     do {
",339,,,
653,"@@ -37,6 +37,8 @@
 import org.xnio.conduits.StreamSinkConduit;
 
 import java.util.Collections;
 import java.util.Set;
 import java.util.WeakHashMap;
 
@@ -161,13 +163,14 @@ public void sessionCreated(Session session, HttpServerExchange exchange) {
         public void sessionDestroyed(Session session, HttpServerExchange exchange, SessionDestroyedReason reason) {
             String ssoId = (String) session.getAttribute(SSO_SESSION_ATTRIBUTE);
             if (ssoId != null) {
                 try (final SingleSignOn sso = singleSignOnManager.findSingleSignOn(ssoId)) {
                     if (sso != null) {
                         sso.remove(session);
                         if (reason == SessionDestroyedReason.INVALIDATED) {
                             for (Session associatedSession : sso) {
                                 associatedSession.invalidate(null);
                                 sso.remove(associatedSession);
                             }
                         }
                         // If there are no more associated sessions, remove the SSO altogether
@@ -176,6 +179,11 @@ public void sessionDestroyed(Session session, HttpServerExchange exchange, Sessi
                         }
                     }
                 }
             }
         }
 
",321,,,
654,"@@ -32,6 +32,7 @@ public class HeaderTokenParser<E extends HeaderToken> {
     private static final char EQUALS = '=';
     private static final char COMMA = ',';
     private static final char QUOTE = '""';
 
     private final Map<String, E> expectedTokens;
 
@@ -49,6 +50,8 @@ public Map<E, String> parseHeader(final String header) {
         int nameStart = 0;
         E currentToken = null;
         int valueStart = 0;
         boolean containsEscapes = false;
 
         for (int i = 0; i < headerChars.length; i++) {
@@ -82,28 +85,32 @@ public Map<E, String> parseHeader(final String header) {
                     }
                     break;
                 case LAST_QUOTE:
                     boolean backslash = headerChars[i - 1] != '\\';
                     if (headerChars[i] == QUOTE && backslash) {
                         String value = String.valueOf(headerChars, valueStart, i - valueStart);
                         if(containsEscapes) {
                             StringBuilder sb = new StringBuilder();
                             boolean lastEscape = false;
                             for(int j = 0; j < value.length(); ++j) {
                                 char c = value.charAt(j);
                                 if(c == '\\' && !lastEscape) {
                                     lastEscape = true;
                                 } else {
                                     lastEscape = false;
                                     sb.append(c);
                                 }
                             }
                             value = sb.toString();
                         }
                         response.put(currentToken, value);
 
                         searchingFor = SearchingFor.START_OF_NAME;
                     } else if(backslash) {
                         containsEscapes = true;
                     }
                     break;
                 case END_OF_VALUE:
",51,,,
655,"@@ -290,7 +290,7 @@ private AuthenticationState transition() {
 
                 if (result.isChallengeSent()) {
                     Integer desiredCode = result.getDesiredResponseCode();
                     if (desiredCode != null && chosenStatusCode == null || chosenStatusCode.equals(StatusCodes.OK)) {
                         chosenStatusCode = desiredCode;
                         if (chosenStatusCode.equals(StatusCodes.OK) == false) {
                             if(!exchange.isResponseStarted()) {
",7,,,
656,"@@ -276,6 +276,7 @@ private class ChallengeSender {
         private final HttpServerExchange exchange;
 
         private Integer chosenStatusCode = null;
 
         private ChallengeSender(Node<AuthenticationMechanism> currentMethod, final HttpServerExchange exchange) {
             this.exchange = exchange;
@@ -289,6 +290,7 @@ private AuthenticationState transition() {
                 ChallengeResult result = mechanism.sendChallenge(exchange, SecurityContextImpl.this);
 
                 if (result.isChallengeSent()) {
                     Integer desiredCode = result.getDesiredResponseCode();
                     if (desiredCode != null && (chosenStatusCode == null || chosenStatusCode.equals(StatusCodes.OK))) {
                         chosenStatusCode = desiredCode;
@@ -307,8 +309,10 @@ private AuthenticationState transition() {
                 if(!exchange.isResponseStarted()) {
                     // Iterated all mechanisms, if OK it will not be set yet.
                     if (chosenStatusCode == null) {
                         // No mechanism generated a challenge so send a 403 as our challenge - i.e. just rejecting the request.
                         exchange.setStatusCode(StatusCodes.FORBIDDEN);
                     } else if (chosenStatusCode.equals(StatusCodes.OK)) {
                         exchange.setStatusCode(chosenStatusCode);
                     }
",7,,,
657,"@@ -104,9 +104,9 @@ public static boolean startServer() throws Exception {
         if (initialised) {
             return false;
         }
         startLdapServer();
         startKDC();
         setupEnvironment();
 
         initialised = true;
         return true;
",340,,,
658,"@@ -18,13 +18,6 @@
 
 package io.undertow.server.security;
 
 import static io.undertow.server.security.KerberosKDCUtil.login;
 import static io.undertow.util.Headers.AUTHORIZATION;
 import static io.undertow.util.Headers.NEGOTIATE;
 import static io.undertow.util.Headers.WWW_AUTHENTICATE;
 import static org.junit.Assert.assertEquals;
 import static org.junit.Assert.assertTrue;
 import static org.junit.Assert.fail;
 import io.undertow.security.api.AuthenticationMechanism;
 import io.undertow.security.api.GSSAPIServerSubjectFactory;
 import io.undertow.security.api.SecurityNotification.EventType;
@@ -35,14 +28,7 @@
 import io.undertow.testutils.TestHttpClient;
 import io.undertow.util.FlexBase64;
 import io.undertow.util.StatusCodes;
 
 import java.security.GeneralSecurityException;
 import java.security.PrivilegedExceptionAction;
 import java.util.Collections;
 import java.util.List;
 
 import javax.security.auth.Subject;
 
 import org.apache.http.Header;
 import org.apache.http.HttpResponse;
 import org.apache.http.client.methods.HttpGet;
@@ -55,6 +41,22 @@
 import org.junit.Test;
 import org.junit.runner.RunWith;
 
 /**
  * A test case to test the SPNEGO authentication mechanism.
  *
@@ -123,8 +125,11 @@ public Void run() throws Exception {
                         if (headers.length > 0) {
                             String header = getAuthHeader(NEGOTIATE, headers);
 
                             byte[] headerBytes = header.getBytes(""UTF-8"");
                             token = FlexBase64.decode(headerBytes, NEGOTIATE.toString().length() + 1, headerBytes.length).array();
                         }
 
                         if (result.getStatusLine().getStatusCode() == StatusCodes.OK) {
",341,,,
659,"@@ -1,7 +1,7 @@
 [libdefaults]
 	default_realm = UNDERTOW.IO
 	default_tgs_enctypes = des-cbc-md5,des3-cbc-sha1-kd
 	default_tkt_enctypes = des-cbc-md5,des3-cbc-sha1-kd
 	kdc_timeout = 5000
 	dns_lookup_realm = false
 	dns_lookup_kdc = false
",342,,,
660,"@@ -28,6 +28,7 @@
 import java.security.NoSuchAlgorithmException;
 import java.text.SimpleDateFormat;
 import java.util.Date;
 import java.util.concurrent.TimeUnit;
 
 import io.undertow.UndertowLogger;
@@ -41,7 +42,7 @@
 class MCMPAdvertiseTask implements Runnable {
 
     public static final String RFC_822_FMT = ""EEE, d MMM yyyy HH:mm:ss Z"";
     private static final SimpleDateFormat DATE_FORMAT = new SimpleDateFormat(RFC_822_FMT);
     private static final boolean linuxLike;
     private static final boolean windows;
 
",304,,,
661,"@@ -209,7 +209,9 @@ public AuthenticationMechanismOutcome runGSSAPI(final HttpServerExchange exchang
     private String getHostName(final HttpServerExchange exchange) {
         String hostName = exchange.getRequestHeaders().getFirst(HOST);
         if (hostName != null) {
             if (hostName.contains("":"")) {
                 hostName = hostName.substring(0, hostName.indexOf("":""));
             }
             return hostName;
",25,,,
662,"@@ -219,7 +219,7 @@ public SessionCookieSource sessionCookieSource(HttpServerExchange exchange) {
         }
 
         @Override
         public String rewriteUrl(String originalUrl, String sessionId) {
             throw new UnsupportedOperationException();
         }
     }
",343,,,
663,"@@ -70,7 +70,7 @@ public SessionCookieSource sessionCookieSource(HttpServerExchange exchange) {
     }
 
     @Override
     public String rewriteUrl(String originalUrl, String sessionId) {
         return this.config.rewriteUrl(originalUrl, this.codec.encode(sessionId));
     }
 }
",344,,,
664,"@@ -109,9 +109,9 @@ public void rewriteUrl() {
         String sessionId = ""session"";
 
         when(this.codec.encode(sessionId)).thenReturn(encodedSessionId);
         when(this.config.rewriteUrl(url, encodedSessionId)).thenReturn(encodedUrl);
 
         String result = this.subject.rewriteUrl(url, sessionId);
 
         assertSame(encodedUrl, result);
     }
",345,,,
665,"@@ -109,7 +109,8 @@ public class ServletContextImpl implements ServletContext {
     private volatile Set<SessionTrackingMode> defaultSessionTrackingModes = new HashSet<>(Arrays.asList(new SessionTrackingMode[]{SessionTrackingMode.COOKIE, SessionTrackingMode.URL}));
     private volatile SessionConfig sessionConfig;
     private volatile boolean initialized = false;
     private int filterMappingInsertPosition = 0;
 
     public ServletContextImpl(final ServletContainer servletContainer, final Deployment deployment) {
         this.servletContainer = servletContainer;
@@ -842,10 +843,10 @@ void addMappingForServletNames(FilterInfo filterInfo, final EnumSet<DispatcherTy
                 }
             } else {
                 if (dispatcherTypes == null || dispatcherTypes.isEmpty()) {
                     deploymentInfo.insertFilterServletNameMapping(filterMappingInsertPosition++, filterInfo.getName(), servlet, DispatcherType.REQUEST);
                 } else {
                     for (final DispatcherType dispatcher : dispatcherTypes) {
                         deploymentInfo.insertFilterServletNameMapping(filterMappingInsertPosition++, filterInfo.getName(), servlet, dispatcher);
                     }
                 }
             }
@@ -866,14 +867,14 @@ void addMappingForUrlPatterns(FilterInfo filterInfo, final EnumSet<DispatcherTyp
                 }
             } else {
                 if (dispatcherTypes == null || dispatcherTypes.isEmpty()) {
                     deploymentInfo.insertFilterUrlMapping(filterMappingInsertPosition++, filterInfo.getName(), url, DispatcherType.REQUEST);
                 } else {
                     for (final DispatcherType dispatcher : dispatcherTypes) {
                         deploymentInfo.insertFilterUrlMapping(filterMappingInsertPosition++, filterInfo.getName(), url, dispatcher);
                     }
                 }
             }
         }
         deployment.getServletPaths().invalidate();
     }
 }
\ No newline at end of file
",93,,,
666,"@@ -0,0 +1,95 @@
\ No newline at end of file
",346,,,
667,"@@ -39,10 +39,12 @@
 import io.undertow.server.handlers.proxy.ExclusivityChecker;
 import io.undertow.util.AttachmentKey;
 import io.undertow.util.FlexBase64;
 import org.ietf.jgss.GSSContext;
 import org.ietf.jgss.GSSCredential;
 import org.ietf.jgss.GSSException;
 import org.ietf.jgss.GSSManager;
 
 import static io.undertow.util.Headers.AUTHORIZATION;
 import static io.undertow.util.Headers.HOST;
@@ -82,12 +84,31 @@ public boolean isExclusivityRequired(HttpServerExchange exchange) {
 
     private static final String NEGOTIATION_PLAIN = NEGOTIATE.toString();
     private static final String NEGOTIATE_PREFIX = NEGOTIATE + "" "";
     private final String name = ""SPNEGO"";
 
     private final GSSAPIServerSubjectFactory subjectFactory;
 
     public GSSAPIAuthenticationMechanism(final GSSAPIServerSubjectFactory subjectFactory) {
         this.subjectFactory = subjectFactory;
     }
 
     @Override
@@ -213,7 +234,10 @@ public AuthenticationMechanismOutcome run() throws GSSException {
             GSSContext gssContext = negContext.getGssContext();
             if (gssContext == null) {
                 GSSManager manager = GSSManager.getInstance();
                 gssContext = manager.createContext((GSSCredential) null);
 
                 negContext.setGssContext(gssContext);
             }
",25,,,
668,"@@ -18,6 +18,22 @@
 
 package io.undertow.servlet.spec;
 
 import io.undertow.security.api.SecurityContext;
 import io.undertow.security.idm.Account;
 import io.undertow.server.HttpServerExchange;
@@ -38,53 +54,7 @@
 import io.undertow.servlet.handlers.ServletRequestContext;
 import io.undertow.servlet.util.EmptyEnumeration;
 import io.undertow.servlet.util.IteratorEnumeration;
 import io.undertow.util.CanonicalPathUtils;
 import io.undertow.util.DateUtils;
 import io.undertow.util.HeaderMap;
 import io.undertow.util.Headers;
 import io.undertow.util.HttpString;
 import io.undertow.util.LocaleUtils;
 import io.undertow.util.Methods;
 import org.xnio.LocalSocketAddress;
 
 import javax.servlet.AsyncContext;
 import javax.servlet.DispatcherType;
 import javax.servlet.RequestDispatcher;
 import javax.servlet.ServletException;
 import javax.servlet.ServletInputStream;
 import javax.servlet.ServletRequest;
 import javax.servlet.ServletRequestWrapper;
 import javax.servlet.ServletResponse;
 import javax.servlet.ServletResponseWrapper;
 import javax.servlet.http.Cookie;
 import javax.servlet.http.HttpServletRequest;
 import javax.servlet.http.HttpServletResponse;
 import javax.servlet.http.HttpSession;
 import javax.servlet.http.HttpUpgradeHandler;
 import javax.servlet.http.Part;
 import java.io.BufferedReader;
 import java.io.IOException;
 import java.io.InputStreamReader;
 import java.io.UnsupportedEncodingException;
 import java.net.InetAddress;
 import java.net.InetSocketAddress;
 import java.net.SocketAddress;
 import java.nio.charset.Charset;
 import java.nio.charset.UnsupportedCharsetException;
 import java.security.AccessController;
 import java.security.Principal;
 import java.util.ArrayList;
 import java.util.Collection;
 import java.util.Date;
 import java.util.Deque;
 import java.util.Enumeration;
 import java.util.HashMap;
 import java.util.HashSet;
 import java.util.Iterator;
 import java.util.List;
 import java.util.Locale;
 import java.util.Map;
 import java.util.Set;
 
 /**
  * The http servlet request implementation. This class is not thread safe
@@ -138,24 +108,34 @@ public Cookie[] getCookies() {
             if (cookies.isEmpty()) {
                 return null;
             }
             Cookie[] value = new Cookie[cookies.size()];
             int i = 0;
             for (Map.Entry<String, io.undertow.server.handlers.Cookie> entry : cookies.entrySet()) {
                 io.undertow.server.handlers.Cookie cookie = entry.getValue();
                 Cookie c = new Cookie(cookie.getName(), cookie.getValue());
                 if (cookie.getDomain() != null) {
                     c.setDomain(cookie.getDomain());
                 }
                 c.setHttpOnly(cookie.isHttpOnly());
                 if (cookie.getMaxAge() != null) {
                     c.setMaxAge(cookie.getMaxAge());
                 }
                 if (cookie.getPath() != null) {
                     c.setPath(cookie.getPath());
                 }
                 c.setSecure(cookie.isSecure());
                 c.setVersion(cookie.getVersion());
                 value[i++] = c;
             }
             this.cookies = value;
         }
",97,,,
669,"@@ -0,0 +1,121 @@
",347,,,
670,"@@ -0,0 +1,30 @@
",348,,,
671,"@@ -18,22 +18,6 @@
 
 package io.undertow.servlet.spec;
 
 import javax.servlet.*;
 import javax.servlet.http.*;
 import java.io.BufferedReader;
 import java.io.IOException;
 import java.io.InputStreamReader;
 import java.io.UnsupportedEncodingException;
 import java.net.InetAddress;
 import java.net.InetSocketAddress;
 import java.net.SocketAddress;
 import java.nio.charset.Charset;
 import java.nio.charset.UnsupportedCharsetException;
 import java.security.AccessController;
 import java.security.Principal;
 import java.util.*;
 import org.xnio.LocalSocketAddress;
 
 import io.undertow.security.api.SecurityContext;
 import io.undertow.security.idm.Account;
 import io.undertow.server.HttpServerExchange;
@@ -54,7 +38,54 @@
 import io.undertow.servlet.handlers.ServletRequestContext;
 import io.undertow.servlet.util.EmptyEnumeration;
 import io.undertow.servlet.util.IteratorEnumeration;
 import io.undertow.util.*;
 
 /**
  * The http servlet request implementation. This class is not thread safe
@@ -128,7 +159,7 @@ public Cookie[] getCookies() {
                     c.setSecure(cookie.isSecure());
                     c.setVersion(cookie.getVersion());
                     value[i++] = c;
                 } catch (Exception e) {
                     // Ignore bad cookie
                 }
             }
",97,,,
672,"@@ -75,7 +75,6 @@
 import java.security.Principal;
 import java.util.ArrayList;
 import java.util.Collection;
 import java.util.Collections;
 import java.util.Date;
 import java.util.Deque;
 import java.util.Enumeration;
",97,,,
673,"@@ -49,7 +49,7 @@ public void handleRequest(HttpServerExchange exchange) throws Exception {
 
                 exchange.setResponseCode(302);
                 exchange.getResponseHeaders().put(Headers.LOCATION, redirectUri.toString());
             } catch (URISyntaxException e) {
                 UndertowLogger.REQUEST_LOGGER.exceptionProcessingRequest(e);
                 exchange.setResponseCode(500);
             }
",349,,,
674,"@@ -202,4 +202,8 @@ public interface UndertowServletMessages {
 
     @Message(id = 10052, value = ""Header name was null"")
     NullPointerException headerNameWasNull();
 }
",95,,,
675,"@@ -27,6 +27,12 @@
  */
 public interface ConfidentialPortManager {
 
     int getConfidentialPort(final HttpServerExchange exchange);
 
 }
",350,,,
676,"@@ -17,6 +17,8 @@
  */
 package io.undertow.servlet.handlers.security;
 
 import io.undertow.security.handlers.SinglePortConfidentialityHandler;
 import io.undertow.server.HttpHandler;
 import io.undertow.server.HttpServerExchange;
@@ -72,7 +74,12 @@ protected boolean confidentialityRequired(HttpServerExchange exchange) {
 
     @Override
     protected URI getRedirectURI(HttpServerExchange exchange) throws URISyntaxException {
         return super.getRedirectURI(exchange, portManager.getConfidentialPort(exchange));
     }
 
 }
",351,,,
677,"@@ -75,7 +75,7 @@ public void sessionDestroyed(final Session session, final HttpServerExchange exc
                 handle.tearDown();
             }
             ServletRequestContext current = SecurityActions.currentServletRequestContext();
             if (current != null && current.getSession().getSession() == session) {
                 current.setSession(null);
             }
         }
",352,,,
678,"@@ -18,7 +18,10 @@
 
 package io.undertow.server.session;
 
 import java.util.List;
 import java.util.concurrent.CopyOnWriteArrayList;
 
 import io.undertow.server.HttpServerExchange;
@@ -52,10 +55,12 @@ public void sessionCreated(final Session session, final HttpServerExchange excha
     }
 
     public void sessionDestroyed(final Session session, final HttpServerExchange exchange, SessionListener.SessionDestroyedReason reason) {
         for (SessionListener listener : sessionListeners) {
             listener.sessionDestroyed(session, exchange, reason);
         }
 
     }
 
     public void attributeAdded(final Session session, final String name, final Object value) {
",16,,,
679,"@@ -166,7 +166,7 @@ private void writeMessage(final List<String> messages) {
         }
         try {
             if (writer == null) {
                 writer = new BufferedWriter(new FileWriter(defaultLogFile));
             }
             for (String message : messages) {
                 writer.write(message);
",182,,,
680,"@@ -91,8 +91,17 @@ public Resource getResource(final String p) {
                 //security check for case insensitive file systems
                 //we make sure the case of the filename matches the case of the request
                 //TODO: we should be able to avoid this if we can tell a FS is case sensitive
                 if (file.getCanonicalFile().getName().equals(file.getName())) {
                     return new FileResource(file, this, path);
                 }
             }
             return null;
",2,,,
681,"@@ -169,7 +169,11 @@ public void sessionDestroyed(Session session, HttpServerExchange exchange, Sessi
                         if (reason == SessionDestroyedReason.INVALIDATED) {
                             for (Session associatedSession : sso) {
                                 associatedSession.invalidate(null);
                             }
                             manager.removeSingleSignOn(ssoId);
                         }
                     } finally {
",321,,,
682,"@@ -23,9 +23,6 @@
 import io.undertow.server.HttpServerExchange;
 import io.undertow.util.ConcurrentDirectDeque;
 
 import org.xnio.XnioExecutor;
 import org.xnio.XnioWorker;
 
 import java.util.HashSet;
 import java.util.Map;
 import java.util.Set;
@@ -34,6 +31,9 @@
 import java.util.concurrent.TimeUnit;
 import java.util.concurrent.atomic.AtomicReferenceFieldUpdater;
 
 /**
  * The default in memory session manager. This basically just stores sessions in an in memory hash map.
  * <p/>
@@ -252,7 +252,15 @@ private SessionImpl(InMemorySessionManager sessionManager, final String sessionI
         synchronized void bumpTimeout() {
             final int maxInactiveInterval = getMaxInactiveInterval();
             if (maxInactiveInterval > 0) {
                 expireTime = System.currentTimeMillis() + (maxInactiveInterval * 1000);
                 if(timerCancelKey == null) {
                     //+1 second, to make sure that the time has actually expired
                     //we don't re-schedule every time, as it is expensive
",22,,,
683,"@@ -0,0 +1,45 @@
",353,,,
684,"@@ -0,0 +1,50 @@
",354,,,
685,"@@ -0,0 +1,133 @@
\ No newline at end of file
",355,,,
686,"@@ -52,7 +52,7 @@ public static IoFuture<WebSocketChannel> connect(XnioWorker worker, XnioSsl ssl,
             clientNegotiation.beforeRequest(headers);
         }
         IoFuture<? extends StreamConnection> result;
         if (ssl == null) {
             result = HttpUpgrade.performUpgrade(worker, ssl, null, newUri, headers, new ChannelListener<StreamConnection>() {
                 @Override
                 public void handleEvent(StreamConnection channel) {
",272,,,
687,"@@ -73,15 +73,15 @@ public class DefaultServlet extends HttpServlet {
     public static final String DISALLOWED_EXTENSIONS = ""disallowed-extensions"";
     public static final String RESOLVE_AGAINST_CONTEXT_ROOT = ""resolve-against-context-root"";
 
     private static final Set<String> DEFAULT_ALLOWED_EXTENSIONS = Collections.unmodifiableSet(new HashSet<String>(Arrays.asList(""js"", ""css"", ""png"", ""jpg"", ""gif"", ""html"", ""htm"", ""txt"", ""pdf"")));
     private static final Set<String> DEFAULT_DISALLOWED_EXTENSIONS = Collections.unmodifiableSet(new HashSet<String>(Arrays.asList(""class"", ""jar"", ""war"", ""zip"", ""xml"")));
 
 
     private Deployment deployment;
     private ResourceManager resourceManager;
     private boolean directoryListingEnabled = false;
 
     private boolean defaultAllowed;
     private Set<String> allowed = DEFAULT_ALLOWED_EXTENSIONS;
     private Set<String> disallowed = DEFAULT_DISALLOWED_EXTENSIONS;
     private boolean resolveAgainstContextRoot;
",98,,,
688,"@@ -100,7 +100,7 @@ public void testDisallowedResource() throws IOException {
         try {
             HttpGet get = new HttpGet(DefaultServer.getDefaultServerURL() + ""/servletContext/disallowed.sh"");
             HttpResponse result = client.execute(get);
             Assert.assertEquals(404, result.getStatusLine().getStatusCode());
             HttpClientUtils.readResponse(result);
         } finally {
             client.getConnectionManager().shutdown();
",282,,,
689,"@@ -62,7 +62,7 @@ public PathMatcher() {
      */
     public PathMatch<T> match(String path){
         if (!exactPathMatches.isEmpty()) {
             T match = exactPathMatches.get(path);
             if (match != null) {
                 return new PathMatch<T>("""", match);
             }
@@ -134,7 +134,7 @@ public synchronized PathMatcher addExactPath(final String path, final T handler)
     }
 
     public T getExactPath(final String path) {
         if (path.charAt(0) != '/') {
             return exactPathMatches.get(""/"" + path);
         } else {
             return exactPathMatches.get(path);
",356,,,
690,"@@ -57,7 +57,7 @@ public FormDataParser create(final HttpServerExchange exchange)  {
             String charset = defaultEncoding;
             String contentType = exchange.getRequestHeaders().getFirst(Headers.CONTENT_TYPE);
             if (contentType != null) {
                 String cs = Headers.extractTokenFromHeader(contentType, ""charset"");
                 if (cs != null) {
                     charset = cs;
                 }
",34,,,
691,"@@ -272,7 +272,7 @@ public void endPart() {
                     String charset = defaultEncoding;
                     String contentType = headers.getFirst(Headers.CONTENT_TYPE);
                     if (contentType != null) {
                         String cs = Headers.extractTokenFromHeader(contentType, ""charset"");
                         if (cs != null) {
                             charset = cs;
                         }
",38,,,
692,"@@ -497,7 +497,7 @@ public String getCharacterEncoding() {
         if (contentType == null) {
             return null;
         }
         return Headers.extractTokenFromHeader(contentType, ""charset"");
     }
 
     @Override
@@ -737,7 +737,7 @@ public BufferedReader getReader() throws IOException {
             } else {
                 String contentType = exchange.getRequestHeaders().getFirst(Headers.CONTENT_TYPE);
                 if (contentType != null) {
                     String c = Headers.extractTokenFromHeader(contentType, ""charset"");
                     if (c != null) {
                         try {
                             charSet = Charset.forName(c);
",97,,,
693,"@@ -271,7 +271,6 @@ public static String extractQuotedValueFromHeader(final String header, final Str
 
         int end;
         int start = pos + key.length() + 1;
         boolean quotes = false;
         if (header.charAt(start) == '""') {
             start++;
             for (end = start; end < header.length(); ++end) {
",33,,,
694,"@@ -62,7 +62,7 @@
  */
 @RunWith(DefaultServer.class)
 @AjpIgnore
 @Ignore(""UNDERTOW-151 Fails when run with -Pproxy"")
 public class SpnegoAuthenticationTestCase extends AuthenticationTestBase {
 
     private static Oid SPNEGO;
",341,,,
695,"@@ -27,7 +27,6 @@
 import java.util.ArrayList;
 import java.util.List;
 
 import org.junit.Ignore;
 import org.junit.Test;
 import org.junit.runner.RunWith;
 
@@ -37,7 +36,6 @@
  * @author <a href=""mailto:darran.lofthouse@jboss.com"">Darran Lofthouse</a>
  */
 @RunWith(DefaultServer.class)
 @Ignore(""UNDERTOW-151 Fails when run with -Pproxy"")
 public class SpnegoBasicAuthenticationTestCase extends SpnegoAuthenticationTestCase {
 
     @Override
",357,,,
696,"@@ -28,7 +28,6 @@
 import java.util.ArrayList;
 import java.util.List;
 
 import org.junit.Ignore;
 import org.junit.Test;
 import org.junit.runner.RunWith;
 
@@ -38,7 +37,6 @@
  * @author <a href=""mailto:darran.lofthouse@jboss.com"">Darran Lofthouse</a>
  */
 @RunWith(DefaultServer.class)
 @Ignore(""UNDERTOW-151 Fails when run with -Pproxy"")
 public class SpnegoDigestAuthenticationTestCase extends SpnegoAuthenticationTestCase {
 
     @Override
",358,,,
697,"@@ -51,7 +51,6 @@
 import org.ietf.jgss.Oid;
 import org.junit.AfterClass;
 import org.junit.BeforeClass;
 import org.junit.Ignore;
 import org.junit.Test;
 import org.junit.runner.RunWith;
 
@@ -62,7 +61,6 @@
  */
 @RunWith(DefaultServer.class)
 @AjpIgnore
 @Ignore(""Fails when run with -Pproxy"")
 public class SpnegoAuthenticationTestCase extends AuthenticationTestBase {
 
     private static Oid SPNEGO;
",341,,,
698,"@@ -27,6 +27,7 @@
 import java.util.ArrayList;
 import java.util.List;
 
 import org.junit.Test;
 import org.junit.runner.RunWith;
 
@@ -36,6 +37,7 @@
  * @author <a href=""mailto:darran.lofthouse@jboss.com"">Darran Lofthouse</a>
  */
 @RunWith(DefaultServer.class)
 public class SpnegoBasicAuthenticationTestCase extends SpnegoAuthenticationTestCase {
 
     @Override
",357,,,
699,"@@ -36,6 +36,7 @@
 import io.undertow.security.idm.IdentityManager;
 import io.undertow.server.HttpServerExchange;
 import io.undertow.server.ServerConnection;
 import io.undertow.util.AttachmentKey;
 import io.undertow.util.FlexBase64;
 import org.ietf.jgss.GSSContext;
@@ -267,4 +268,24 @@ Principal getPrincipal() {
 
     }
 
 }
",25,,,
700,"@@ -95,7 +95,8 @@ void returnConnection(final ClientConnection connection) {
                 if (callback.getTimeoutKey() != null) {
                     callback.getTimeoutKey().remove();
                 }
                 connectionReady(connection, callback.getCallback(), callback.getExchange());
             } else {
                 hostData.availbleConnections.add(connection);
             }
@@ -118,29 +119,35 @@ private void handleClosedConnection(HostThreadData hostData, final ClientConnect
                 task = hostData.awaitingConnections.poll();
             }
             if (task != null) {
                 openConnection(task.exchange, task.callback, hostData);
             }
         }
     }
 
     private void openConnection(final HttpServerExchange exchange, final ProxyCallback<ProxyConnection> callback, final HostThreadData data) {
         data.connections++;
         client.connect(new ClientCallback<ClientConnection>() {
             @Override
             public void completed(final ClientConnection result) {
                 problem = false;
                 result.getCloseSetter().set(new ChannelListener<ClientConnection>() {
                     @Override
                     public void handleEvent(ClientConnection channel) {
                         handleClosedConnection(data, channel);
                     }
                 });
                 connectionReady(result, callback, exchange);
             }
 
             @Override
             public void failed(IOException e) {
                 data.connections--;
                 problem = true;
                 redistributeQueued(getData());
                 scheduleFailedHostRetry(exchange);
@@ -168,11 +175,13 @@ private void redistributeQueued(HostThreadData hostData) {
         }
     }
 
     private void connectionReady(final ClientConnection result, final ProxyCallback<ProxyConnection> callback, final HttpServerExchange exchange) {
         exchange.addExchangeCompleteListener(new ExchangeCompletionListener() {
             @Override
             public void exchangeEvent(HttpServerExchange exchange, NextListener nextListener) {
                 returnConnection(result);
                 nextListener.proceed();
             }
         });
@@ -252,16 +261,23 @@ private HostThreadData getData() {
         return data;
     }
 
     public void connect(ProxyClient.ProxyTarget proxyTarget, HttpServerExchange exchange, ProxyCallback<ProxyConnection> callback, final long timeout, final TimeUnit timeUnit) {
         HostThreadData data = getData();
         ClientConnection conn = data.availbleConnections.poll();
         while (conn != null && !conn.isOpen()) {
             conn = data.availbleConnections.poll();
         }
         if (conn != null) {
             connectionReady(conn, callback, exchange);
         } else if (data.connections < loadBalancingProxyClient.getConnectionsPerThread()) {
             openConnection(exchange, callback, data);
         } else {
             CallbackHolder holder;
             if (timeout > 0) {
",13,,,
701,"@@ -139,7 +139,7 @@ public void getConnection(ProxyTarget target, HttpServerExchange exchange, Proxy
         if (host == null) {
             callback.failed(exchange);
         } else {
             host.connect(target, exchange, callback, timeout, timeUnit);
         }
     }
 
",359,,,
702,"@@ -0,0 +1,110 @@
",360,,,
703,"@@ -45,7 +45,6 @@ public void getConnection(ProxyTarget target, HttpServerExchange exchange, Proxy
         if (existing != null) {
             if (existing.isOpen()) {
                 //this connection already has a client, re-use it
 
                 callback.completed(exchange, new ProxyConnection(existing, uri.getPath() == null ? ""/"" : uri.getPath()));
                 return;
             } else {
",361,,,
704,"@@ -18,20 +18,44 @@
 
 package io.undertow.testutils;
 
 import io.undertow.UndertowOptions;
 import io.undertow.server.HttpHandler;
 import io.undertow.server.HttpServerExchange;
 import io.undertow.server.OpenListener;
 import io.undertow.server.handlers.RequestDumplingHandler;
 import io.undertow.server.handlers.SSLHeaderHandler;
 import io.undertow.server.handlers.proxy.LoadBalancingProxyClient;
 import io.undertow.server.handlers.proxy.ProxyHandler;
 import io.undertow.server.protocol.ajp.AjpOpenListener;
 import io.undertow.server.protocol.http.HttpOpenListener;
 import io.undertow.util.Headers;
 import io.undertow.util.NetworkUtils;
 import io.undertow.util.SingleByteStreamSinkConduit;
 import io.undertow.util.SingleByteStreamSourceConduit;
 import org.junit.runner.Description;
 import org.junit.runner.Result;
 import org.junit.runner.notification.RunListener;
@@ -54,28 +78,6 @@
 import org.xnio.ssl.JsseXnioSsl;
 import org.xnio.ssl.XnioSsl;
 
 import javax.net.ssl.KeyManager;
 import javax.net.ssl.KeyManagerFactory;
 import javax.net.ssl.SSLContext;
 import javax.net.ssl.TrustManager;
 import javax.net.ssl.TrustManagerFactory;
 import java.io.IOException;
 import java.io.InputStream;
 import java.net.Inet4Address;
 import java.net.InetSocketAddress;
 import java.net.URI;
 import java.nio.ByteBuffer;
 import java.security.KeyManagementException;
 import java.security.KeyStore;
 import java.security.KeyStoreException;
 import java.security.NoSuchAlgorithmException;
 import java.security.UnrecoverableKeyException;
 import java.security.cert.CertificateException;
 
 import static io.undertow.server.handlers.ResponseCodeHandler.HANDLE_404;
 import static org.xnio.Options.SSL_CLIENT_AUTH_MODE;
 import static org.xnio.SslClientAuthMode.REQUESTED;
 
 /**
  * A class that starts a server before the test suite. By swapping out the root handler
  * tests can test various server functionality without continually starting and stopping the server.
@@ -247,7 +249,7 @@ private static void runInternal(final RunNotifier notifier) {
                         proxyOpenListener = new HttpOpenListener(new ByteBufferSlicePool(BufferAllocator.DIRECT_BYTE_BUFFER_ALLOCATOR, 8192, 100 * 8192), OptionMap.create(UndertowOptions.BUFFER_PIPELINED_DATA, true), 8192);
                         proxyAcceptListener = ChannelListeners.openListenerAdapter(wrapOpenListener(proxyOpenListener));
                         proxyServer = worker.createStreamConnectionServer(new InetSocketAddress(Inet4Address.getByName(getHostAddress(DEFAULT)), getHostPort(DEFAULT)), proxyAcceptListener, serverOptions);
                         proxyOpenListener.setRootHandler(new ProxyHandler(new LoadBalancingProxyClient().addHost(new URI(""ajp"", null, getHostAddress(DEFAULT), getHostPort(DEFAULT) + PROXY_OFFSET, ""/"", null, null)), 120000, HANDLE_404));
                         proxyServer.resumeAccepts();
 
                     }
@@ -263,7 +265,7 @@ private static void runInternal(final RunNotifier notifier) {
                         proxyOpenListener = new HttpOpenListener(new ByteBufferSlicePool(BufferAllocator.DIRECT_BYTE_BUFFER_ALLOCATOR, 8192, 100 * 8192), OptionMap.create(UndertowOptions.BUFFER_PIPELINED_DATA, true), 8192);
                         proxyAcceptListener = ChannelListeners.openListenerAdapter(wrapOpenListener(proxyOpenListener));
                         proxyServer = worker.createStreamConnectionServer(new InetSocketAddress(Inet4Address.getByName(getHostAddress(DEFAULT)), getHostPort(DEFAULT)), proxyAcceptListener, serverOptions);
                         ProxyHandler proxyHandler = new ProxyHandler(new LoadBalancingProxyClient().addHost(new URI(""http"", null, getHostAddress(DEFAULT), getHostPort(DEFAULT) + PROXY_OFFSET, ""/"", null, null)), 30000, HANDLE_404);
                         setupProxyHandlerForSSL(proxyHandler);
                         proxyOpenListener.setRootHandler(proxyHandler);
                         proxyServer.resumeAccepts();
",41,,,
705,"@@ -1,3 +1,21 @@
 package io.undertow.servlet;
 
 import io.undertow.servlet.api.DeploymentInfo;
",362,,,
706,"@@ -29,7 +29,6 @@
 import io.undertow.security.api.GSSAPIServerSubjectFactory;
 import io.undertow.security.api.SecurityNotification.EventType;
 import io.undertow.security.impl.GSSAPIAuthenticationMechanism;
 import io.undertow.testutils.AjpIgnore;
 import io.undertow.testutils.DefaultServer;
 import io.undertow.testutils.HttpClientUtils;
 import io.undertow.testutils.TestHttpClient;
@@ -60,7 +59,6 @@
  * @author <a href=""mailto:darran.lofthouse@jboss.com"">Darran Lofthouse</a>
  */
 @RunWith(DefaultServer.class)
 @AjpIgnore
 public class SpnegoAuthenticationTestCase extends AuthenticationTestBase {
 
     private static Oid SPNEGO;
",341,,,
707,"@@ -283,7 +283,9 @@ public void terminateWrites() throws IOException {
     private void createLastChunk() throws UnsupportedEncodingException {
         lastChunkBuffer = bufferPool.allocate();
         ByteBuffer lastChunkBuffer = this.lastChunkBuffer.getResource();
         lastChunkBuffer.put(CRLF);
         lastChunkBuffer.put(LAST_CHUNK);
         //we just assume it will fit
         HeaderMap trailers = attachable.getAttachment(TRAILERS);
",363,,,
708,"@@ -39,6 +39,8 @@
 import java.io.StringReader;
 import java.nio.ByteBuffer;
 import java.util.HashSet;
 import java.util.Set;
 import java.util.concurrent.ConcurrentHashMap;
 import java.util.concurrent.ConcurrentMap;
@@ -316,40 +318,52 @@ protected static byte[] toArray(ByteBuffer... payload) {
     }
 
     public final void addHandler(MessageHandler handler) {
         Class<?> type = ClassUtils.getHandlerType(handler.getClass());
         verify(type, handler);
 
 
         HandlerWrapper handlerWrapper = createHandlerWrapper(type, handler);
 
 
         if (handlers.containsKey(handlerWrapper.getFrameType())) {
             throw JsrWebSocketMessages.MESSAGES.handlerAlreadyRegistered(handlerWrapper.getFrameType());
         } else {
             if (handlers.putIfAbsent(handlerWrapper.getFrameType(), handlerWrapper) != null) {
                 throw JsrWebSocketMessages.MESSAGES.handlerAlreadyRegistered(handlerWrapper.getFrameType());
             }
         }
     }
 
     /**
      * Return the {@link FrameType} for the given {@link Class}.
      */
     protected HandlerWrapper createHandlerWrapper(Class<?> type, MessageHandler handler) {
         if (type == byte[].class || type == ByteBuffer.class || type == InputStream.class) {
             return new HandlerWrapper(FrameType.BYTE, handler, type, false);
         }
         if (type == String.class || type == Reader.class) {
             return new HandlerWrapper(FrameType.TEXT, handler, type, false);
         }
         if (type == PongMessage.class) {
             return new HandlerWrapper(FrameType.PONG, handler, type, false);
         }
         Encoding encoding = session.getEncoding();
         if (encoding.canDecodeText(type)) {
             return new HandlerWrapper(FrameType.TEXT, handler, type, true);
         } else if (encoding.canDecodeBinary(type)) {
             return new HandlerWrapper(FrameType.BYTE, handler, type, true);
         }
         throw JsrWebSocketMessages.MESSAGES.unsupportedFrameType(type);
     }
@@ -362,11 +376,15 @@ protected void verify(Class<?> type, MessageHandler handler) {
     }
 
     public final void removeHandler(MessageHandler handler) {
         Class<?> type = ClassUtils.getHandlerType(handler.getClass());
         FrameType frameType = createHandlerWrapper(type, handler).getFrameType();
         HandlerWrapper wrapper = handlers.get(frameType);
         if (wrapper != null && wrapper.getMessageType() == type) {
             handlers.remove(frameType, wrapper);
         }
     }
 
@@ -405,13 +423,13 @@ static final class HandlerWrapper {
         private final boolean decodingNeeded;
         private final boolean partialHandler;
 
         private HandlerWrapper(final FrameType frameType, MessageHandler handler, final Class<?> msgType, final boolean decodingNeeded) {
             this.frameType = frameType;
             this.handler = handler;
 
             this.msgType = msgType;
             this.decodingNeeded = decodingNeeded;
             this.partialHandler = handler instanceof MessageHandler.Partial;
         }
 
         /**
",364,,,
709,"@@ -18,6 +18,10 @@
 package io.undertow.websockets.jsr.util;
 
 import java.lang.reflect.Method;
 
 import javax.websocket.Decoder;
 import javax.websocket.Encoder;
@@ -33,16 +37,33 @@ private ClassUtils() {
     }
 
     /**
      * Returns the frame type the {@link MessageHandler} handles.
      */
     public static Class<?> getHandlerType(Class<? extends MessageHandler> clazz) {
         Method[] methods = clazz.getMethods();
         for (Method m : methods) {
             if (""onMessage"".equals(m.getName()) && !m.isBridge()) {
                 return m.getParameterTypes()[0];
             }
         }
         throw JsrWebSocketMessages.MESSAGES.unknownHandlerType(clazz);
     }
 
     /**
@@ -70,4 +91,5 @@ public static Class<?> getDecoderType(Class<? extends Decoder> clazz) {
         }
         throw JsrWebSocketMessages.MESSAGES.couldNotDetermineDecoderTypeFor(clazz);
     }
 }
",12,,,
710,"@@ -29,6 +29,7 @@
 import java.io.OutputStream;
 import java.io.Writer;
 import java.nio.ByteBuffer;
 
 /**
  * @author <a href=""mailto:nmaurer@redhat.com"">Norman Maurer</a>
@@ -37,11 +38,23 @@ public class ClassUtilsTest {
 
     @Test
     public void testExtractHandlerType() {
         Class<?> clazz = ClassUtils.getHandlerType(MessageHandlerImpl.class);
         Assert.assertEquals(ByteBuffer.class, clazz);
 
         Class<?> clazz2 = ClassUtils.getHandlerType(MessageHandlerImpl.class);
         Assert.assertEquals(ByteBuffer.class, clazz2);
     }
 
     @Test
@@ -59,10 +72,10 @@ public void testExtractEncoderType() {
         Assert.assertEquals(String.class, clazz4);
     }
 
     private static final class MessageHandlerImpl implements MessageHandler.Whole<ByteBuffer> {
         @Override
         public void onMessage(ByteBuffer message) {
             // NOOP
         }
     }
 
@@ -74,6 +87,23 @@ public void onMessage(final ByteBuffer partialMessage, final boolean last) {
         }
     }
 
     private static final class BinaryEncoder implements Encoder.Binary<String> {
         @Override
         public ByteBuffer encode(String object) throws EncodeException {
",35,,,
711,"@@ -523,6 +523,20 @@ public String getHostAndPort() {
         return host;
     }
 
     /**
      * Get the underlying HTTP connection.
      *
",77,,,
712,"@@ -726,7 +726,7 @@ public String getServerName() {
 
     @Override
     public int getServerPort() {
         return exchange.getDestinationAddress().getPort();
     }
 
     @Override
",97,,,
713,"@@ -136,7 +136,7 @@ public void print(final char[] s) {
     }
 
     public void print(final String s) {
         final CharBuffer cb = CharBuffer.wrap(s);
         write(cb);
     }
 
",68,,,
714,"@@ -155,18 +155,22 @@ public void sendRedirect(final String location) throws IOException {
         resetBuffer();
         setStatus(302);
         String realPath;
         if (location.startsWith(""/"")) {
             realPath = location;
         } else {
             String current = exchange.getRelativePath();
             int lastSlash = current.lastIndexOf(""/"");
             if (lastSlash != -1) {
                 current = current.substring(0, lastSlash + 1);
             }
             realPath = servletContext.getContextPath() + CanonicalPathUtils.canonicalize(current + location);
         }
         String loc = exchange.getRequestScheme() + ""://"" + exchange.getHostAndPort() + realPath;
         exchange.getResponseHeaders().put(Headers.LOCATION, loc);
         responseDone();
     }
 
",231,,,
715,"@@ -32,11 +32,11 @@ public class ServletRequestContext {
 
     private static final ThreadLocal<ServletRequestContext> CURRENT = new ThreadLocal<ServletRequestContext>();
 
     static void setCurrentRequestContext(ServletRequestContext servletRequestContext) {
         CURRENT.set(servletRequestContext);
     }
 
     static void clearCurrentServletAttachments() {
         CURRENT.remove();
     }
 
",67,,,
716,"@@ -495,9 +495,7 @@ private void onAsyncComplete() {
         }
         try {
             //now run request listeners
             if (setupRequired) {
                 servletRequestContext.getDeployment().getApplicationListeners().requestInitialized(servletRequest);
             }
             try {
                 for (final BoundAsyncListener listener : asyncListeners) {
                     AsyncEvent event = new AsyncEvent(this, listener.servletRequest, listener.servletResponse);
@@ -508,9 +506,7 @@ private void onAsyncComplete() {
                     }
                 }
             } finally {
                 if (setupRequired) {
                     servletRequestContext.getDeployment().getApplicationListeners().requestDestroyed(servletRequest);
                 }
             }
         } finally {
             if (setupRequired) {
@@ -520,10 +516,14 @@ private void onAsyncComplete() {
     }
 
     private void onAsyncTimeout() {
         final ThreadSetupAction.Handle handle = servletRequestContext.getDeployment().getThreadSetupAction().setup(exchange);
         try {
             //now run request listeners
             servletRequestContext.getDeployment().getApplicationListeners().requestInitialized(servletRequest);
             try {
                 for (final BoundAsyncListener listener : asyncListeners) {
                     AsyncEvent event = new AsyncEvent(this, listener.servletRequest, listener.servletResponse);
@@ -534,18 +534,24 @@ private void onAsyncTimeout() {
                     }
                 }
             } finally {
                 servletRequestContext.getDeployment().getApplicationListeners().requestDestroyed(servletRequest);
             }
         } finally {
             handle.tearDown();
         }
     }
 
     private void onAsyncStart(AsyncContext newAsyncContext) {
         final ThreadSetupAction.Handle handle = servletRequestContext.getDeployment().getThreadSetupAction().setup(exchange);
         try {
             //now run request listeners
             servletRequestContext.getDeployment().getApplicationListeners().requestInitialized(servletRequest);
             try {
                 for (final BoundAsyncListener listener : asyncListeners) {
                     //make sure we use the new async context
@@ -557,10 +563,12 @@ private void onAsyncStart(AsyncContext newAsyncContext) {
                     }
                 }
             } finally {
                 servletRequestContext.getDeployment().getApplicationListeners().requestDestroyed(servletRequest);
             }
         } finally {
             handle.tearDown();
         }
     }
 
@@ -572,9 +580,7 @@ private void onAsyncError(Throwable t) {
         }
         try {
             //now run request listeners
             if (setupRequired) {
                 servletRequestContext.getDeployment().getApplicationListeners().requestInitialized(servletRequest);
             }
             try {
                 for (final BoundAsyncListener listener : asyncListeners) {
                     AsyncEvent event = new AsyncEvent(this, listener.servletRequest, listener.servletResponse, t);
@@ -585,9 +591,7 @@ private void onAsyncError(Throwable t) {
                     }
                 }
             } finally {
                 if (setupRequired) {
                     servletRequestContext.getDeployment().getApplicationListeners().requestDestroyed(servletRequest);
                 }
             }
         } finally {
             if (setupRequired) {
@@ -596,6 +600,20 @@ private void onAsyncError(Throwable t) {
         }
     }
 
     private final class BoundAsyncListener {
         final AsyncListener asyncListener;
         final ServletRequest servletRequest;
",191,,,
717,"@@ -0,0 +1,51 @@
",365,,,
718,"@@ -0,0 +1,87 @@
",366,,,
719,"@@ -0,0 +1,46 @@
",367,,,
720,"@@ -0,0 +1,46 @@
",368,,,
721,"@@ -7,6 +7,7 @@
 import java.nio.charset.Charset;
 import java.nio.charset.CharsetEncoder;
 import java.nio.charset.CoderResult;
 import java.util.Locale;
 
 /**
@@ -172,8 +173,9 @@ public void println(final double d) {
     }
 
     public void println(final char[] s) {
         final CharBuffer cb = CharBuffer.wrap(s + ""\n"");
         write(cb);
     }
 
     public void println(final String s) {
",68,,,
722,"@@ -219,6 +219,7 @@ private V doPut(K key, V value, boolean ifAbsent, Table<K, V> table) {
                     resize(table);
                     return nonexistent();
                 }
             }
             // Success.
             return nonexistent();
",30,,,
723,"@@ -961,7 +961,7 @@ public void onAsyncError(Throwable t) {
         for (final BoundAsyncListener listener : asyncListeners) {
             AsyncEvent event = new AsyncEvent(asyncContext, listener.servletRequest, listener.servletResponse, t);
             try {
                 listener.asyncListener.onStartAsync(event);
             } catch (IOException e) {
                 UndertowServletLogger.REQUEST_LOGGER.ioExceptionDispatchingAsyncEvent(e);
             }
",97,,,
724,"@@ -0,0 +1,113 @@
",173,,,
725,"@@ -0,0 +1,36 @@
",369,,,
726,"@@ -0,0 +1,36 @@
",370,,,
727,"@@ -0,0 +1,33 @@
",371,,,
728,"@@ -0,0 +1,32 @@
",372,,,
729,"@@ -0,0 +1,70 @@
",373,,,
730,"@@ -80,18 +80,28 @@ public void complexSSLTestCase() throws IOException, GeneralSecurityException, U
         TestHttpClient client = new TestHttpClient();
         client.setSSLContext(DefaultServer.getClientSSLContext());
         try {
             HttpGet get = new HttpGet(DefaultServer.getDefaultServerURL() + """");
             HttpResponse result = client.execute(get);
             Assert.assertEquals(200, result.getStatusLine().getStatusCode());
             final String response = HttpClientUtils.readResponse(result);
             Header[] headers = result.getHeaders(""Content-Type"");
             Assert.assertEquals(""text/html"", headers[0].getValue());
             Assert.assertTrue(response, response.contains(""page.html""));
         } finally {
             client.getConnectionManager().shutdown();
             DefaultServer.stopSSLServer();
         }
     }
 
 
 }
",23,,,
731,"@@ -2,6 +2,7 @@
 
 import javax.net.ssl.SSLContext;
 
 import org.apache.http.client.HttpRequestRetryHandler;
 import org.apache.http.conn.scheme.Scheme;
 import org.apache.http.conn.scheme.SchemeRegistry;
@@ -23,6 +24,7 @@ public void setSSLContext(final SSLContext sslContext) {
         SchemeRegistry registry = getConnectionManager().getSchemeRegistry();
         registry.unregister(""https"");
         registry.register(new Scheme(""https"", 443, new SSLSocketFactory(sslContext)));
 
     }
 }
",29,,,
732,"@@ -48,7 +48,7 @@
 import org.xnio.XnioWorker;
 import org.xnio.channels.AcceptingChannel;
 import org.xnio.channels.SslConnection;
 import org.xnio.ssl.JsseXnioSsl;
 
 /**
  * Convenience class used to build an Undertow server.
@@ -154,8 +154,8 @@ public synchronized void start() {
                     HttpOpenListener openListener = new HttpOpenListener(buffers, OptionMap.create(UndertowOptions.BUFFER_PIPELINED_DATA, true), bufferSize);
                     openListener.setRootHandler(rootHandler);
                     ChannelListener<AcceptingChannel<StreamConnection>> acceptListener = ChannelListeners.openListenerAdapter(openListener);
                     JsseXnioSsl xnioSsl = new JsseXnioSsl(worker.getXnio(),OptionMap.EMPTY);
                     AcceptingChannel<SslConnection> sslServer = xnioSsl.createSslConnectionServer(worker, new InetSocketAddress(Inet4Address.getByName(listener.host), listener.port), (ChannelListener) acceptListener, serverOptions);
                     sslServer.resumeAccepts();
                     channels.add(sslServer);
                 }
",223,,,
733,"@@ -281,7 +281,9 @@ public static void startSSLServer() throws IOException {
      *        applicable.
      */
     public static void  startSSLServer(final SSLContext context, final OptionMap options) throws IOException {
         OptionMap combined = OptionMap.builder().addAll(serverOptions).addAll(options).getMap();
 
         XnioSsl xnioSsl = new JsseXnioSsl(xnio, combined, context);
         sslServer = xnioSsl.createSslConnectionServer(worker, new InetSocketAddress(Inet4Address.getByName(getHostAddress(DEFAULT)),
",41,,,
734,"@@ -69,7 +69,7 @@
         <version.junit>4.11</version.junit>
         <version.easymock>3.1</version.easymock>
         <version.netty>3.6.2.Final</version.netty>
         <version.xnio>3.1.0.CR1</version.xnio>
         <version.io.undertow.jastow>1.0.0.Alpha1</version.io.undertow.jastow>
         <version.org.jboss.logging>3.1.2.GA</version.org.jboss.logging>
         <version.org.jboss.logmanager>1.4.0.Final</version.org.jboss.logmanager>
",89,,,
735,"@@ -65,6 +65,7 @@
 import io.undertow.servlet.handlers.ServletInitialHandler;
 import io.undertow.servlet.handlers.ServletPathMatches;
 import io.undertow.servlet.handlers.security.CachedAuthenticatedSessionHandler;
 import io.undertow.servlet.handlers.security.SecurityPathMatches;
 import io.undertow.servlet.handlers.security.ServletAuthenticationConstraintHandler;
 import io.undertow.servlet.handlers.security.ServletConfidentialityConstraintHandler;
@@ -512,6 +513,7 @@ private ApplicationListeners createListeners() {
 
     private ServletChain servletChain(HttpHandler next, final ManagedServlet managedServlet) {
         HttpHandler servletHandler = new ServletSecurityRoleHandler(next);
         servletHandler = wrapHandlers(servletHandler, managedServlet.getServletInfo().getHandlerChainWrappers());
         servletHandler = wrapHandlers(servletHandler, deployment.getDeploymentInfo().getDispatchedHandlerChainWrappers());
         return new ServletChain(servletHandler, managedServlet);
",69,,,
736,"@@ -0,0 +1,82 @@
",163,,,
737,"@@ -779,7 +779,7 @@ public Enumeration<Locale> getLocales() {
 
     @Override
     public boolean isSecure() {
         return false;
     }
 
     @Override
",97,,,
738,"@@ -0,0 +1,30 @@
",169,,,
739,"@@ -0,0 +1,124 @@
",171,,,
740,"@@ -0,0 +1,86 @@
",374,,,
741,"@@ -0,0 +1,39 @@
",375,,,
742,"@@ -169,4 +169,8 @@ public boolean isNew() {
     public Session getSession() {
         return session;
     }
 }
",376,,,
743,"@@ -477,6 +477,10 @@ public void declareRoles(final String... roleNames) {
     public HttpSessionImpl getSession(final HttpServerExchange exchange, boolean create) {
         final SessionCookieConfigImpl c = getSessionCookieConfig();
         HttpSessionImpl httpSession = exchange.getAttachment(sessionAttachmentKey);
         if (httpSession == null) {
             final SessionManager sessionManager = deploymentInfo.getSessionManager();
             Session session = sessionManager.getSession(exchange, c);
",93,,,
